{
    "gpsHeading": 302, 
    "gpsLatitude": 51.46995758890815, 
    "gpsLongitude": 6.865044900068639, 
    "outsideTemperature": 19.5, 
    "speed": 12.5685, 
    "yawRate": -0.03155527242419152
}