{
    "gpsHeading": 53, 
    "gpsLatitude": 51.481554203407875, 
    "gpsLongitude": 6.851044104281233, 
    "outsideTemperature": 20.5, 
    "speed": 14.7546875, 
    "yawRate": -0.009059548756750281
}