{
    "gpsHeading": 120, 
    "gpsLatitude": 51.458705051533784, 
    "gpsLongitude": 6.861240186579426, 
    "outsideTemperature": 24.5, 
    "speed": 0.0, 
    "yawRate": -0.00041855038141849744
}