{
    "gpsHeading": 311, 
    "gpsLatitude": 51.478199514300144, 
    "gpsLongitude": 6.8504027210502825, 
    "outsideTemperature": 17.0, 
    "speed": 12.967500000000001, 
    "yawRate": -0.008785412367599676
}