{
    "gpsHeading": 97, 
    "gpsLatitude": 51.46755810148625, 
    "gpsLongitude": 6.845462427318923, 
    "outsideTemperature": 15.5, 
    "speed": 13.840312500000001, 
    "yawRate": -0.03342757638650416
}