{
    "gpsHeading": 310, 
    "gpsLatitude": 51.48104533806612, 
    "gpsLongitude": 6.844835209504366, 
    "outsideTemperature": 20.5, 
    "speed": 10.80625, 
    "yawRate": 0.006970484467776672
}