{
    "gpsHeading": 62, 
    "gpsLatitude": 51.48038316771529, 
    "gpsLongitude": 6.847807683827314, 
    "outsideTemperature": 24.0, 
    "speed": 13.865250000000001, 
    "yawRate": -0.0031254292999691054
}