{
    "gpsHeading": 327, 
    "gpsLatitude": 51.472189773542695, 
    "gpsLongitude": 6.85524653907607, 
    "outsideTemperature": 19.0, 
    "speed": 8.703187500000002, 
    "yawRate": 0.009650211275525964
}