{
    "gpsHeading": 46, 
    "gpsLatitude": 51.48870421827325, 
    "gpsLongitude": 6.884103503869871, 
    "outsideTemperature": 18.5, 
    "speed": 5.901875, 
    "yawRate": -0.0040339353157402575
}