{
    "gpsHeading": 308, 
    "gpsLatitude": 51.4723286616783, 
    "gpsLongitude": 6.858786887339154, 
    "outsideTemperature": 18.5, 
    "speed": 12.2941875, 
    "yawRate": 0.0034684592133829937
}