{
    "gpsHeading": 94, 
    "gpsLatitude": 51.4595025896209, 
    "gpsLongitude": 6.863213202767803, 
    "outsideTemperature": 20.0, 
    "speed": 2.709875, 
    "yawRate": 0.023514080819390083
}