{
    "gpsHeading": 84, 
    "gpsLatitude": 51.48146837271935, 
    "gpsLongitude": 6.841091264813177, 
    "outsideTemperature": 26.5, 
    "speed": 10.324125, 
    "yawRate": -0.010641875259049905
}