{
    "gpsHeading": 10, 
    "gpsLatitude": 51.48273839868843, 
    "gpsLongitude": 6.852468524906801, 
    "outsideTemperature": 19.5, 
    "speed": 15.99325, 
    "yawRate": 0.047489119007865205
}