{
    "gpsHeading": 25, 
    "gpsLatitude": 51.48219893940009, 
    "gpsLongitude": 6.8522396151310865, 
    "outsideTemperature": 19.5, 
    "speed": 14.804562500000001, 
    "yawRate": 0.09356581126051448
}