{
    "gpsHeading": 257, 
    "gpsLatitude": 51.47372232071921, 
    "gpsLongitude": 6.863356868588195, 
    "outsideTemperature": 21.5, 
    "speed": 11.928437500000001, 
    "yawRate": 0.0058119253942216145
}