{
    "gpsHeading": 189, 
    "gpsLatitude": 51.465176718975194, 
    "gpsLongitude": 6.848063248055114, 
    "outsideTemperature": 22.0, 
    "speed": 4.4970625, 
    "yawRate": -0.03472201226875529
}