{
    "gpsHeading": 312, 
    "gpsLatitude": 51.47848952815, 
    "gpsLongitude": 6.8498284768637685, 
    "outsideTemperature": 17.0, 
    "speed": 11.903500000000001, 
    "yawRate": 0.039211142062243576
}