{
    "gpsHeading": 308, 
    "gpsLatitude": 51.48110811852089, 
    "gpsLongitude": 6.844713755727343, 
    "outsideTemperature": 20.0, 
    "speed": 11.122125, 
    "yawRate": -0.006119484922180577
}