{
    "gpsHeading": 55, 
    "gpsLatitude": 51.479324784801385, 
    "gpsLongitude": 6.844855996624232, 
    "outsideTemperature": 24.5, 
    "speed": 6.68325, 
    "yawRate": -0.0012325630165970136
}