{
    "gpsHeading": 0, 
    "gpsLatitude": 51.47098705425611, 
    "gpsLongitude": 6.862259928919706, 
    "outsideTemperature": 21.5, 
    "speed": 14.8876875, 
    "yawRate": -0.004036456570192615
}