{
    "gpsHeading": 14, 
    "gpsLatitude": 51.482325087042874, 
    "gpsLongitude": 6.852306335080365, 
    "outsideTemperature": 19.5, 
    "speed": 15.602562500000001, 
    "yawRate": 0.0317811557399169
}