{
    "gpsHeading": 104, 
    "gpsLatitude": 51.487089528445615, 
    "gpsLongitude": 6.874432128710447, 
    "outsideTemperature": 17.5, 
    "speed": 12.884375, 
    "yawRate": -0.0017110668297972281
}