{
    "gpsHeading": 0, 
    "gpsLatitude": 51.47667342118907, 
    "gpsLongitude": 6.854044322703678, 
    "outsideTemperature": 17.5, 
    "speed": 13.258437500000001, 
    "yawRate": -0.004422089237613926
}