{
    "gpsHeading": 276, 
    "gpsLatitude": 51.46547536618534, 
    "gpsLongitude": 6.845569883317649, 
    "outsideTemperature": 17.5, 
    "speed": 12.0115625, 
    "yawRate": 0.024095583523452698
}