{
    "gpsHeading": 271, 
    "gpsLatitude": 51.462114558288285, 
    "gpsLongitude": 6.865663819799059, 
    "outsideTemperature": 17.0, 
    "speed": 9.775500000000001, 
    "yawRate": -0.002491325035325148
}