{
    "gpsHeading": 9, 
    "gpsLatitude": 51.45936948499846, 
    "gpsLongitude": 6.862592439018652, 
    "outsideTemperature": 22.0, 
    "speed": 2.8428750000000003, 
    "yawRate": -0.09289938028863001
}