{
    "gpsHeading": 3, 
    "gpsLatitude": 51.4672359011282, 
    "gpsLongitude": 6.837352935997115, 
    "outsideTemperature": 19.0, 
    "speed": 12.202750000000002, 
    "yawRate": 0.004271535456572169
}