{
    "gpsHeading": 232, 
    "gpsLatitude": 51.45865316755312, 
    "gpsLongitude": 6.861528524048659, 
    "outsideTemperature": 16.0, 
    "speed": 4.8129375, 
    "yawRate": -0.2127321475393492
}