{
    "gpsHeading": 97, 
    "gpsLatitude": 51.466472058291856, 
    "gpsLongitude": 6.863577145003642, 
    "outsideTemperature": 16.5, 
    "speed": 6.242687500000001, 
    "yawRate": 0.009273733314325263
}