{
    "gpsHeading": 16, 
    "gpsLatitude": 51.464330062935495, 
    "gpsLongitude": 6.8639343817169785, 
    "outsideTemperature": 16.0, 
    "speed": 12.901000000000002, 
    "yawRate": 0.0009993334686632534
}