{
    "gpsHeading": 47, 
    "gpsLatitude": 51.48806727745097, 
    "gpsLongitude": 6.882915201456745, 
    "outsideTemperature": 18.5, 
    "speed": 12.46875, 
    "yawRate": -0.007000995044130846
}