{
    "gpsHeading": 97, 
    "gpsLatitude": 51.45893622442335, 
    "gpsLongitude": 6.859049660003682, 
    "outsideTemperature": 17.5, 
    "speed": 9.002437500000001, 
    "yawRate": -0.00730689457962039
}