{
    "gpsHeading": 95, 
    "gpsLatitude": 51.470230084580386, 
    "gpsLongitude": 6.851378793675005, 
    "outsideTemperature": 17.0, 
    "speed": 10.374, 
    "yawRate": -0.012515470224802322
}