{
    "gpsHeading": 51, 
    "gpsLatitude": 51.486227030608894, 
    "gpsLongitude": 6.855951038037936, 
    "outsideTemperature": 18.0, 
    "speed": 11.687375000000001, 
    "yawRate": -0.007314219504755584
}