{
    "gpsHeading": 226, 
    "gpsLatitude": 51.48183927193485, 
    "gpsLongitude": 6.842721544980704, 
    "outsideTemperature": 19.0, 
    "speed": 9.4513125, 
    "yawRate": -0.10071633038027192
}