{
    "gpsHeading": 0, 
    "gpsLatitude": 51.48946621709088, 
    "gpsLongitude": 6.880237099573313, 
    "outsideTemperature": 23.0, 
    "speed": 2.3690625, 
    "yawRate": 0.05434986656109613
}