{
    "gpsHeading": 280, 
    "gpsLatitude": 51.4715506534256, 
    "gpsLongitude": 6.8580654569328825, 
    "outsideTemperature": 18.0, 
    "speed": 10.9974375, 
    "yawRate": 0.014879153545651627
}