{
    "gpsHeading": 79, 
    "gpsLatitude": 51.48619476028168, 
    "gpsLongitude": 6.879567972242865, 
    "outsideTemperature": 19.0, 
    "speed": 11.97, 
    "yawRate": 0.0846287906855699
}