{
    "gpsHeading": 6, 
    "gpsLatitude": 51.46663952871731, 
    "gpsLongitude": 6.83725461627288, 
    "outsideTemperature": 20.5, 
    "speed": 13.699000000000002, 
    "yawRate": 0.006540463484164679
}