{
    "gpsHeading": 57, 
    "gpsLatitude": 51.48726948790677, 
    "gpsLongitude": 6.858663505724404, 
    "outsideTemperature": 19.5, 
    "speed": 15.984937500000001, 
    "yawRate": 0.0007323941229945537
}