{
    "gpsHeading": 258, 
    "gpsLatitude": 51.47338981062026, 
    "gpsLongitude": 6.857652648201485, 
    "outsideTemperature": 18.0, 
    "speed": 2.7348125, 
    "yawRate": 0.06288419193443491
}