{
    "gpsHeading": 307, 
    "gpsLatitude": 51.48091977715656, 
    "gpsLongitude": 6.845078200877408, 
    "outsideTemperature": 20.5, 
    "speed": 10.9309375, 
    "yawRate": 0.001036365010995497
}