{
    "gpsHeading": 353, 
    "gpsLatitude": 51.480015872718155, 
    "gpsLongitude": 6.846834377230604, 
    "outsideTemperature": 19.5, 
    "speed": 0.0, 
    "yawRate": 4.4660561415591285e-05
}