{
    "gpsHeading": 76, 
    "gpsLatitude": 51.487765109841504, 
    "gpsLongitude": 6.8655501611920196, 
    "outsideTemperature": 18.0, 
    "speed": 17.273375, 
    "yawRate": 0.0017795916741911734
}