{
    "gpsHeading": 51, 
    "gpsLatitude": 51.48064728148434, 
    "gpsLongitude": 6.848551326276991, 
    "outsideTemperature": 22.5, 
    "speed": 15.477875000000001, 
    "yawRate": 0.0010633609048163813
}