{
    "gpsHeading": 96, 
    "gpsLatitude": 51.46722198716894, 
    "gpsLongitude": 6.850978222522271, 
    "outsideTemperature": 17.5, 
    "speed": 11.371500000000001, 
    "yawRate": 0.01997982637298304
}