{
    "gpsHeading": 4, 
    "gpsLatitude": 51.46688587285162, 
    "gpsLongitude": 6.837295184684262, 
    "outsideTemperature": 20.0, 
    "speed": 13.2750625, 
    "yawRate": -0.005851374204994495
}