{
    "gpsHeading": 95, 
    "gpsLatitude": 51.46664120509795, 
    "gpsLongitude": 6.860983784161309, 
    "outsideTemperature": 16.5, 
    "speed": 10.540250000000002, 
    "yawRate": 0.005084943109538782
}