{
    "gpsHeading": 297, 
    "gpsLatitude": 51.469171198752285, 
    "gpsLongitude": 6.867084384749167, 
    "outsideTemperature": 23.5, 
    "speed": 12.443812500000002, 
    "yawRate": 0.0003842528873048874
}