{
    "gpsHeading": 254, 
    "gpsLatitude": 51.481560070740095, 
    "gpsLongitude": 6.842004640802144, 
    "outsideTemperature": 18.5, 
    "speed": 10.540250000000002, 
    "yawRate": -0.05830482955681031
}