{
    "gpsHeading": 99, 
    "gpsLatitude": 51.45889842204004, 
    "gpsLongitude": 6.85929491449058, 
    "outsideTemperature": 17.5, 
    "speed": 8.354062500000001, 
    "yawRate": 0.01642958324750233
}