{
    "gpsHeading": 152, 
    "gpsLatitude": 51.48152645930836, 
    "gpsLongitude": 6.840362961246305, 
    "outsideTemperature": 24.5, 
    "speed": 0.0, 
    "yawRate": 5.1783347739994476e-05
}