{
    "gpsHeading": 21, 
    "gpsLatitude": 51.46097453563744, 
    "gpsLongitude": 6.867009366715748, 
    "outsideTemperature": 17.0, 
    "speed": 8.9359375, 
    "yawRate": 0.08355340708799396
}