{
    "gpsHeading": 49, 
    "gpsLatitude": 51.48770978928056, 
    "gpsLongitude": 6.882230735243493, 
    "outsideTemperature": 18.5, 
    "speed": 12.13625, 
    "yawRate": -0.004383001166139792
}