{
    "gpsHeading": 90, 
    "gpsLatitude": 51.48785094053004, 
    "gpsLongitude": 6.862355482615894, 
    "outsideTemperature": 17.5, 
    "speed": 10.265937500000001, 
    "yawRate": 0.012426100111356642
}