{
    "gpsHeading": 95, 
    "gpsLatitude": 51.466551434914926, 
    "gpsLongitude": 6.862385489829249, 
    "outsideTemperature": 16.5, 
    "speed": 9.093875, 
    "yawRate": -0.00817955920561774
}