{
    "gpsHeading": 276, 
    "gpsLatitude": 51.47024198688288, 
    "gpsLongitude": 6.851141585815151, 
    "outsideTemperature": 18.0, 
    "speed": 9.87525, 
    "yawRate": -0.010421075122409081
}