{
    "gpsHeading": 1, 
    "gpsLatitude": 51.473768169729574, 
    "gpsLongitude": 6.856692417373756, 
    "outsideTemperature": 19.0, 
    "speed": 12.6931875, 
    "yawRate": 0.023852244644693817
}