{
    "gpsHeading": 181, 
    "gpsLatitude": 51.46207675590497, 
    "gpsLongitude": 6.8629315708211065, 
    "outsideTemperature": 15.5, 
    "speed": 14.862750000000002, 
    "yawRate": -0.01463727743799673
}