{
    "gpsHeading": 357, 
    "gpsLatitude": 51.471387290132725, 
    "gpsLongitude": 6.864039071687626, 
    "outsideTemperature": 17.5, 
    "speed": 14.6549375, 
    "yawRate": -0.002408273915886429
}