{
    "gpsHeading": 293, 
    "gpsLatitude": 51.47363699294489, 
    "gpsLongitude": 6.855717434396445, 
    "outsideTemperature": 18.0, 
    "speed": 10.7314375, 
    "yawRate": -0.020093485688540455
}