{
    "gpsHeading": 0, 
    "gpsLatitude": 51.47716426543899, 
    "gpsLongitude": 6.852722999487188, 
    "outsideTemperature": 17.0, 
    "speed": 8.354062500000001, 
    "yawRate": -0.09465561156571853
}