{
    "gpsHeading": 78, 
    "gpsLatitude": 51.48164841599955, 
    "gpsLongitude": 6.84262381198969, 
    "outsideTemperature": 22.0, 
    "speed": 9.21025, 
    "yawRate": 0.08116244339585012
}