{
    "gpsHeading": 201, 
    "gpsLatitude": 51.46349095060865, 
    "gpsLongitude": 6.863262991272641, 
    "outsideTemperature": 15.5, 
    "speed": 14.231, 
    "yawRate": 0.03283567821624871
}