{
    "gpsHeading": 131, 
    "gpsLatitude": 51.473376148118085, 
    "gpsLongitude": 6.857005481457346, 
    "outsideTemperature": 19.5, 
    "speed": 7.248500000000001, 
    "yawRate": 0.017225294441149303
}