{
    "gpsHeading": 102, 
    "gpsLatitude": 51.48699648932036, 
    "gpsLongitude": 6.874954656554361, 
    "outsideTemperature": 17.5, 
    "speed": 11.7705, 
    "yawRate": -0.0004893363534013372
}