{
    "gpsHeading": 15, 
    "gpsLatitude": 51.46364006466614, 
    "gpsLongitude": 6.863567421995965, 
    "outsideTemperature": 16.0, 
    "speed": 12.7929375, 
    "yawRate": -0.0038875884369203107
}