{
    "gpsHeading": 98, 
    "gpsLatitude": 51.46692836910072, 
    "gpsLongitude": 6.856037120183541, 
    "outsideTemperature": 18.0, 
    "speed": 9.750562500000001, 
    "yawRate": 0.012938924743513925
}