{
    "gpsHeading": 257, 
    "gpsLatitude": 51.48143953897244, 
    "gpsLongitude": 6.840810471056798, 
    "outsideTemperature": 18.0, 
    "speed": 4.0648125, 
    "yawRate": 0.07346752896875955
}