{
    "gpsHeading": 116, 
    "gpsLatitude": 51.473883420898225, 
    "gpsLongitude": 6.855141597648329, 
    "outsideTemperature": 19.0, 
    "speed": 10.8395, 
    "yawRate": -0.007178049223782475
}