{
    "gpsHeading": 296, 
    "gpsLatitude": 51.47274088367646, 
    "gpsLongitude": 6.854144318808581, 
    "outsideTemperature": 18.0, 
    "speed": 8.096375, 
    "yawRate": -0.10850857908448883
}