{
    "gpsHeading": 96, 
    "gpsLatitude": 51.46760478868694, 
    "gpsLongitude": 6.844903270558118, 
    "outsideTemperature": 16.0, 
    "speed": 12.651625000000001, 
    "yawRate": 0.005318733007768788
}