{
    "gpsHeading": 52, 
    "gpsLatitude": 51.458876209996625, 
    "gpsLongitude": 6.862139648609127, 
    "outsideTemperature": 22.5, 
    "speed": 10.2160625, 
    "yawRate": 0.06103728077327915
}