{
    "gpsHeading": 101, 
    "gpsLatitude": 51.48001511834687, 
    "gpsLongitude": 6.846836053611271, 
    "outsideTemperature": 26.0, 
    "speed": 5.5610625, 
    "yawRate": 0.26076835360156814
}