{
    "gpsHeading": 107, 
    "gpsLatitude": 51.47343951530609, 
    "gpsLongitude": 6.856193275039693, 
    "outsideTemperature": 17.5, 
    "speed": 2.1529375, 
    "yawRate": 0.02912479921769869
}