{
    "gpsHeading": 91, 
    "gpsLatitude": 51.45948951385193, 
    "gpsLongitude": 6.863466252424651, 
    "outsideTemperature": 20.5, 
    "speed": 7.921812500000001, 
    "yawRate": -0.027449533338843757
}