{
    "gpsHeading": 92, 
    "gpsLatitude": 51.487723703239816, 
    "gpsLongitude": 6.866721867436832, 
    "outsideTemperature": 17.5, 
    "speed": 14.5718125, 
    "yawRate": 0.04803081685203973
}