{
    "gpsHeading": 14, 
    "gpsLatitude": 51.46802229128409, 
    "gpsLongitude": 6.837483274591498, 
    "outsideTemperature": 18.0, 
    "speed": 4.8877500000000005, 
    "yawRate": -0.49035477455861204
}