{
    "gpsHeading": 1, 
    "gpsLatitude": 51.479246497825734, 
    "gpsLongitude": 6.8446413360839085, 
    "outsideTemperature": 23.0, 
    "speed": 0.0, 
    "yawRate": -0.0005219299918694316
}