{
    "gpsHeading": 273, 
    "gpsLatitude": 51.47021315313597, 
    "gpsLongitude": 6.851676602694822, 
    "outsideTemperature": 18.5, 
    "speed": 9.060625, 
    "yawRate": -0.00919934464601319
}