{
    "gpsHeading": 106, 
    "gpsLatitude": 51.47017199799138, 
    "gpsLongitude": 6.85233542028437, 
    "outsideTemperature": 17.0, 
    "speed": 5.120500000000001, 
    "yawRate": 0.024485509917476916
}