{
    "gpsHeading": 329, 
    "gpsLatitude": 51.48192032493856, 
    "gpsLongitude": 6.843313558801975, 
    "outsideTemperature": 19.0, 
    "speed": 5.9517500000000005, 
    "yawRate": 0.30769071458639385
}