{
    "gpsHeading": 259, 
    "gpsLatitude": 51.48149921812304, 
    "gpsLongitude": 6.841410699143178, 
    "outsideTemperature": 18.5, 
    "speed": 9.260125, 
    "yawRate": -0.009261077575770438
}