{
    "gpsHeading": 94, 
    "gpsLatitude": 51.46775566294408, 
    "gpsLongitude": 6.8422640607054355, 
    "outsideTemperature": 16.0, 
    "speed": 6.8079375, 
    "yawRate": 0.0013044757281825722
}