{
    "gpsHeading": 96, 
    "gpsLatitude": 51.46820233456429, 
    "gpsLongitude": 6.864722951167689, 
    "outsideTemperature": 16.0, 
    "speed": 8.628375, 
    "yawRate": -0.037746975925609695
}