{
    "gpsHeading": 20, 
    "gpsLatitude": 51.46187089636299, 
    "gpsLongitude": 6.8675163042197624, 
    "outsideTemperature": 17.0, 
    "speed": 5.9766875, 
    "yawRate": -0.030940191842832157
}