{
    "gpsHeading": 96, 
    "gpsLatitude": 51.46706423975118, 
    "gpsLongitude": 6.8536912769419605, 
    "outsideTemperature": 19.5, 
    "speed": 5.9600625, 
    "yawRate": -0.003641703150432718
}