{
    "gpsHeading": 305, 
    "gpsLatitude": 51.48066505111906, 
    "gpsLongitude": 6.845573236078918, 
    "outsideTemperature": 21.0, 
    "speed": 11.063937500000002, 
    "yawRate": -0.001058030091397742
}