{
    "gpsHeading": 307, 
    "gpsLatitude": 51.47985225796818, 
    "gpsLongitude": 6.8471616067305865, 
    "outsideTemperature": 18.5, 
    "speed": 3.6575, 
    "yawRate": -0.010129783492300233
}