{
    "gpsHeading": 3, 
    "gpsLatitude": 51.48008703507612, 
    "gpsLongitude": 6.846696830199527, 
    "outsideTemperature": 22.5, 
    "speed": 6.109687500000001, 
    "yawRate": 0.2562035016525622
}