{
    "gpsHeading": 199, 
    "gpsLatitude": 51.46609478882996, 
    "gpsLongitude": 6.848231556670864, 
    "outsideTemperature": 18.5, 
    "speed": 6.9076875, 
    "yawRate": 0.009014412593477888
}