{
    "gpsHeading": 188, 
    "gpsLatitude": 51.45989176138529, 
    "gpsLongitude": 6.862512140386237, 
    "outsideTemperature": 16.0, 
    "speed": 14.979125000000002, 
    "yawRate": 2.3488278755947256e-05
}