{
    "gpsHeading": 47, 
    "gpsLatitude": 51.48881837979448, 
    "gpsLongitude": 6.884302154975136, 
    "outsideTemperature": 19.0, 
    "speed": 7.389812500000001, 
    "yawRate": -0.0040339353157402575
}