{
    "gpsHeading": 270, 
    "gpsLatitude": 51.47338201545032, 
    "gpsLongitude": 6.857279318234093, 
    "outsideTemperature": 19.5, 
    "speed": 5.843687500000001, 
    "yawRate": -0.025191507336346057
}