{
    "gpsHeading": 325, 
    "gpsLatitude": 51.47332342594711, 
    "gpsLongitude": 6.8533854212950995, 
    "outsideTemperature": 18.0, 
    "speed": 5.203625000000001, 
    "yawRate": 0.0182023246102972
}