{
    "gpsHeading": 200, 
    "gpsLatitude": 51.47375618360804, 
    "gpsLongitude": 6.86384712610493, 
    "outsideTemperature": 22.0, 
    "speed": 7.265125, 
    "yawRate": 0.22816687209829561
}