{
    "gpsHeading": 85, 
    "gpsLatitude": 51.48617673918986, 
    "gpsLongitude": 6.879310480177303, 
    "outsideTemperature": 19.5, 
    "speed": 8.503687500000002, 
    "yawRate": 0.06804816279162425
}