{
    "gpsHeading": 299, 
    "gpsLatitude": 51.46956254981151, 
    "gpsLongitude": 6.86597160328365, 
    "outsideTemperature": 21.0, 
    "speed": 12.718125000000002, 
    "yawRate": -0.0071206628962707215
}