{
    "gpsHeading": 0, 
    "gpsLatitude": 51.46760093301149, 
    "gpsLongitude": 6.848468261616528, 
    "outsideTemperature": 18.5, 
    "speed": 8.9026875, 
    "yawRate": 0.02437331001102765
}