{
    "gpsHeading": 285, 
    "gpsLatitude": 51.47153204560056, 
    "gpsLongitude": 6.858376006445487, 
    "outsideTemperature": 18.0, 
    "speed": 10.756375, 
    "yawRate": 0.012610225518059116
}