{
    "gpsHeading": 238, 
    "gpsLatitude": 51.473415878339146, 
    "gpsLongitude": 6.85854573998481, 
    "outsideTemperature": 18.5, 
    "speed": 4.721500000000001, 
    "yawRate": -0.014084828078514161
}