{
    "gpsHeading": 12, 
    "gpsLatitude": 51.4604831046543, 
    "gpsLongitude": 6.866736535767416, 
    "outsideTemperature": 17.5, 
    "speed": 10.1329375, 
    "yawRate": -0.01348689932288916
}