{
    "gpsHeading": 301, 
    "gpsLatitude": 51.47113147444783, 
    "gpsLongitude": 6.86189489703642, 
    "outsideTemperature": 21.0, 
    "speed": 14.7713125, 
    "yawRate": -0.002465660243398182
}