{
    "gpsHeading": 88, 
    "gpsLatitude": 51.47030837155603, 
    "gpsLongitude": 6.8500165667710045, 
    "outsideTemperature": 17.0, 
    "speed": 6.259312500000001, 
    "yawRate": -0.005708686142023797
}