{
    "gpsHeading": 122, 
    "gpsLatitude": 51.47226646795674, 
    "gpsLongitude": 6.858957375249729, 
    "outsideTemperature": 18.0, 
    "speed": 12.302500000000002, 
    "yawRate": -0.0016242614803888597
}