{
    "gpsHeading": 287, 
    "gpsLatitude": 51.470182056275185, 
    "gpsLongitude": 6.852174655381474, 
    "outsideTemperature": 19.5, 
    "speed": 6.0265625, 
    "yawRate": 0.003192493043146974
}