{
    "gpsHeading": 91, 
    "gpsLatitude": 51.48739035495056, 
    "gpsLongitude": 6.872471601557797, 
    "outsideTemperature": 18.0, 
    "speed": 15.96, 
    "yawRate": -0.014451970369355936
}