{
    "gpsHeading": 183, 
    "gpsLatitude": 51.46504118360087, 
    "gpsLongitude": 6.864056254589126, 
    "outsideTemperature": 16.5, 
    "speed": 8.2875625, 
    "yawRate": -0.04430787472189963
}