{
    "gpsHeading": 94, 
    "gpsLatitude": 51.46789337761326, 
    "gpsLongitude": 6.839853760628402, 
    "outsideTemperature": 17.0, 
    "speed": 8.5369375, 
    "yawRate": -0.018068678968954394
}