{
    "gpsHeading": 95, 
    "gpsLatitude": 51.46716892972184, 
    "gpsLongitude": 6.8518454980437955, 
    "outsideTemperature": 17.0, 
    "speed": 11.6375, 
    "yawRate": 0.010904114262612997
}