{
    "gpsHeading": 200, 
    "gpsLatitude": 51.46435839376824, 
    "gpsLongitude": 6.863711003997359, 
    "outsideTemperature": 16.0, 
    "speed": 13.9566875, 
    "yawRate": -0.009575822607212903
}