{
    "gpsHeading": 293, 
    "gpsLatitude": 51.48952539332729, 
    "gpsLongitude": 6.88469493095792, 
    "outsideTemperature": 19.0, 
    "speed": 7.331625000000001, 
    "yawRate": 0.008357902373418916
}