{
    "gpsHeading": 279, 
    "gpsLatitude": 51.4659322637274, 
    "gpsLongitude": 6.837831291211313, 
    "outsideTemperature": 18.5, 
    "speed": 4.4139375, 
    "yawRate": 0.009434817806701017
}