{
    "gpsHeading": 97, 
    "gpsLatitude": 51.46738870322308, 
    "gpsLongitude": 6.847849341886076, 
    "outsideTemperature": 15.5, 
    "speed": 8.47875, 
    "yawRate": 0.013696313417341744
}