{
    "gpsHeading": 52, 
    "gpsLatitude": 51.4814381140489, 
    "gpsLongitude": 6.840790186851123, 
    "outsideTemperature": 27.5, 
    "speed": 10.7148125, 
    "yawRate": -0.0034860253258738308
}