{
    "gpsHeading": 240, 
    "gpsLatitude": 51.47374344311522, 
    "gpsLongitude": 6.863639087268114, 
    "outsideTemperature": 21.5, 
    "speed": 10.265937500000001, 
    "yawRate": -0.006230846444539017
}