{
    "gpsHeading": 96, 
    "gpsLatitude": 51.45883254028109, 
    "gpsLongitude": 6.859902434832685, 
    "outsideTemperature": 17.0, 
    "speed": 9.87525, 
    "yawRate": -0.013066481111201303
}