{
    "gpsHeading": 307, 
    "gpsLatitude": 51.47788007997014, 
    "gpsLongitude": 6.851034381273554, 
    "outsideTemperature": 17.0, 
    "speed": 14.397250000000001, 
    "yawRate": -0.007563681891203785
}