{
    "gpsHeading": 279, 
    "gpsLatitude": 51.462041216635505, 
    "gpsLongitude": 6.867428545693522, 
    "outsideTemperature": 17.5, 
    "speed": 6.7248125000000005, 
    "yawRate": -0.0019677262597273346
}