{
    "gpsHeading": 200, 
    "gpsLatitude": 51.47905228912916, 
    "gpsLongitude": 6.844094668358829, 
    "outsideTemperature": 27.0, 
    "speed": 1.7871875000000002, 
    "yawRate": -0.0007057981310071412
}