{
    "gpsHeading": 301, 
    "gpsLatitude": 51.472670643327845, 
    "gpsLongitude": 6.857896813040972, 
    "outsideTemperature": 19.0, 
    "speed": 6.882750000000001, 
    "yawRate": -0.014857497932557355
}