{
    "gpsHeading": 268, 
    "gpsLatitude": 51.470339803692944, 
    "gpsLongitude": 6.84963016103463, 
    "outsideTemperature": 17.5, 
    "speed": 8.462125, 
    "yawRate": -0.019496787232779127
}