{
    "gpsHeading": 293, 
    "gpsLatitude": 51.473597262723835, 
    "gpsLongitude": 6.861476556248963, 
    "outsideTemperature": 19.5, 
    "speed": 6.9908125000000005, 
    "yawRate": -0.00204205623975353
}