{
    "gpsHeading": 290, 
    "gpsLatitude": 51.476498658507865, 
    "gpsLongitude": 6.854540447552633, 
    "outsideTemperature": 17.5, 
    "speed": 12.7929375, 
    "yawRate": -0.006865550190405708
}