{
    "gpsHeading": 250, 
    "gpsLatitude": 51.47850922562246, 
    "gpsLongitude": 6.8426129993346, 
    "outsideTemperature": 32.0, 
    "speed": 1.1388125, 
    "yawRate": 0.2425899334870072
}