{
    "gpsHeading": 182, 
    "gpsLatitude": 51.46595816380822, 
    "gpsLongitude": 6.837581007582512, 
    "outsideTemperature": 21.0, 
    "speed": 0.0, 
    "yawRate": 0.00041965840936538106
}