{
    "gpsHeading": 207, 
    "gpsLatitude": 51.458938655175274, 
    "gpsLongitude": 6.861963796280523, 
    "outsideTemperature": 16.0, 
    "speed": 12.942562500000001, 
    "yawRate": -0.08375231581697065
}