{
    "gpsHeading": 92, 
    "gpsLatitude": 51.459404269896645, 
    "gpsLongitude": 6.865139112660321, 
    "outsideTemperature": 19.0, 
    "speed": 10.407250000000001, 
    "yawRate": 0.0009993334686632534
}