{
    "gpsHeading": 105, 
    "gpsLatitude": 51.48666674524946, 
    "gpsLongitude": 6.876376311151882, 
    "outsideTemperature": 21.5, 
    "speed": 13.682375, 
    "yawRate": -0.003335803614943173
}