{
    "gpsHeading": 96, 
    "gpsLatitude": 51.48745087229148, 
    "gpsLongitude": 6.871793254133859, 
    "outsideTemperature": 18.0, 
    "speed": 15.544375, 
    "yawRate": -0.014451970369355936
}