{
    "gpsHeading": 304, 
    "gpsLatitude": 51.47007091223909, 
    "gpsLongitude": 6.8647260524718625, 
    "outsideTemperature": 19.0, 
    "speed": 11.5294375, 
    "yawRate": -0.04883403201893525
}