{
    "gpsHeading": 177, 
    "gpsLatitude": 51.46583981133539, 
    "gpsLongitude": 6.864120459967453, 
    "outsideTemperature": 16.5, 
    "speed": 10.0165625, 
    "yawRate": -0.0235384566231675
}