{
    "gpsHeading": 210, 
    "gpsLatitude": 51.4669800854433, 
    "gpsLongitude": 6.84838989082184, 
    "outsideTemperature": 18.0, 
    "speed": 5.652500000000001, 
    "yawRate": -0.009486077477661732
}