{
    "gpsHeading": 101, 
    "gpsLatitude": 51.4868286836188, 
    "gpsLongitude": 6.875893513529003, 
    "outsideTemperature": 21.5, 
    "speed": 8.67825, 
    "yawRate": -0.016774838855298964
}