{
    "gpsHeading": 321, 
    "gpsLatitude": 51.47287004880438, 
    "gpsLongitude": 6.854025714878638, 
    "outsideTemperature": 18.0, 
    "speed": 8.9359375, 
    "yawRate": 0.03600468298063974
}