{
    "gpsHeading": 112, 
    "gpsLatitude": 51.48034368895133, 
    "gpsLongitude": 6.846202130274143, 
    "outsideTemperature": 23.5, 
    "speed": 1.3133750000000002, 
    "yawRate": 0.0014124267552159163
}