{
    "gpsHeading": 254, 
    "gpsLatitude": 51.47339559413345, 
    "gpsLongitude": 6.857938219642672, 
    "outsideTemperature": 18.0, 
    "speed": 5.852, 
    "yawRate": -0.023335073114083477
}