{
    "gpsHeading": 60, 
    "gpsLatitude": 51.48071618072844, 
    "gpsLongitude": 6.848745451154509, 
    "outsideTemperature": 22.5, 
    "speed": 14.9541875, 
    "yawRate": -0.0019036988235732143
}