{
    "gpsHeading": 142, 
    "gpsLatitude": 51.48108146406881, 
    "gpsLongitude": 6.8447652206128495, 
    "outsideTemperature": 23.5, 
    "speed": 8.162875000000001, 
    "yawRate": -0.002252764673972749
}