{
    "gpsHeading": 268, 
    "gpsLatitude": 51.470168980506244, 
    "gpsLongitude": 6.852383197132481, 
    "outsideTemperature": 19.5, 
    "speed": 1.4048125, 
    "yawRate": -0.0015198959372383107
}