{
    "gpsHeading": 188, 
    "gpsLatitude": 51.467157278876414, 
    "gpsLongitude": 6.848423753710653, 
    "outsideTemperature": 18.0, 
    "speed": 7.0573125, 
    "yawRate": -0.030953627277190948
}