{
    "gpsHeading": 268, 
    "gpsLatitude": 51.46550948053124, 
    "gpsLongitude": 6.843449597090482, 
    "outsideTemperature": 16.5, 
    "speed": 11.0971875, 
    "yawRate": -0.018664983150407453
}