{
    "gpsHeading": 57, 
    "gpsLatitude": 51.481413974167744, 
    "gpsLongitude": 6.840550715877414, 
    "outsideTemperature": 28.5, 
    "speed": 8.911000000000001, 
    "yawRate": 0.014316333044468704
}