{
    "gpsHeading": 224, 
    "gpsLatitude": 51.472527564240636, 
    "gpsLongitude": 6.851182154226534, 
    "outsideTemperature": 17.0, 
    "speed": 13.1254375, 
    "yawRate": 0.0033670259683462453
}