{
    "gpsHeading": 303, 
    "gpsLatitude": 51.47661617279037, 
    "gpsLongitude": 6.854219588299096, 
    "outsideTemperature": 17.5, 
    "speed": 13.624187500000001, 
    "yawRate": 0.0002902997427713587
}