{
    "gpsHeading": 96, 
    "gpsLatitude": 51.4667137085604, 
    "gpsLongitude": 6.859732366017267, 
    "outsideTemperature": 17.0, 
    "speed": 10.581812500000002, 
    "yawRate": 0.004561344333940969
}