{
    "gpsHeading": 92, 
    "gpsLatitude": 51.48773954503684, 
    "gpsLongitude": 6.8662768721972895, 
    "outsideTemperature": 18.0, 
    "speed": 15.236812500000001, 
    "yawRate": 0.0026522563001885216
}