{
    "gpsHeading": 288, 
    "gpsLatitude": 51.47159868173079, 
    "gpsLongitude": 6.857424073701931, 
    "outsideTemperature": 17.5, 
    "speed": 11.354875, 
    "yawRate": -0.024739820474618666
}