{
    "gpsHeading": 70, 
    "gpsLatitude": 51.48013531483841, 
    "gpsLongitude": 6.847109052197667, 
    "outsideTemperature": 25.5, 
    "speed": 9.368187500000001, 
    "yawRate": -0.023720314473501966
}