{
    "gpsHeading": 88, 
    "gpsLatitude": 51.487829231400795, 
    "gpsLongitude": 6.861387121342088, 
    "outsideTemperature": 18.0, 
    "speed": 9.3515625, 
    "yawRate": 0.034417248686484665
}