{
    "gpsHeading": 5, 
    "gpsLatitude": 51.46775289691603, 
    "gpsLongitude": 6.837438263771435, 
    "outsideTemperature": 18.5, 
    "speed": 8.8361875, 
    "yawRate": 0.0033988708305748194
}