{
    "gpsHeading": 194, 
    "gpsLatitude": 51.46793394602462, 
    "gpsLongitude": 6.848535149203871, 
    "outsideTemperature": 19.0, 
    "speed": 9.725625, 
    "yawRate": 0.010410675995074043
}