{
    "gpsHeading": 100, 
    "gpsLatitude": 51.473393414838625, 
    "gpsLongitude": 6.856526539509925, 
    "outsideTemperature": 20.0, 
    "speed": 3.807125, 
    "yawRate": 0.03223512600830052
}