{
    "gpsHeading": 13, 
    "gpsLatitude": 51.460123688646156, 
    "gpsLongitude": 6.866581889653834, 
    "outsideTemperature": 17.5, 
    "speed": 10.20775, 
    "yawRate": -0.0037130555117210395
}