{
    "gpsHeading": 192, 
    "gpsLatitude": 51.462988706970414, 
    "gpsLongitude": 6.863090491705305, 
    "outsideTemperature": 15.5, 
    "speed": 14.438812500000001, 
    "yawRate": 0.04365671957861345
}