{
    "gpsHeading": 110, 
    "gpsLatitude": 51.46768257274841, 
    "gpsLongitude": 6.867151859069731, 
    "outsideTemperature": 16.0, 
    "speed": 7.0573125, 
    "yawRate": 0.06522744994205361
}