{
    "gpsHeading": 308, 
    "gpsLatitude": 51.479548162520985, 
    "gpsLongitude": 6.847757140951155, 
    "outsideTemperature": 16.5, 
    "speed": 10.2160625, 
    "yawRate": -0.0035494246116165775
}