{
    "gpsHeading": 290, 
    "gpsLatitude": 51.48971842855741, 
    "gpsLongitude": 6.884035694273179, 
    "outsideTemperature": 26.0, 
    "speed": 6.151250000000001, 
    "yawRate": 0.007008172183712441
}