{
    "gpsHeading": 103, 
    "gpsLatitude": 51.46789924494547, 
    "gpsLongitude": 6.866130775624943, 
    "outsideTemperature": 16.0, 
    "speed": 9.14375, 
    "yawRate": -0.029020329665638195
}