{
    "gpsHeading": 93, 
    "gpsLatitude": 51.466606755475894, 
    "gpsLongitude": 6.861556016691061, 
    "outsideTemperature": 16.5, 
    "speed": 10.20775, 
    "yawRate": 0.005957607735536131
}