{
    "gpsHeading": 277, 
    "gpsLatitude": 51.465616433615764, 
    "gpsLongitude": 6.840889093308581, 
    "outsideTemperature": 16.5, 
    "speed": 11.5959375, 
    "yawRate": 0.009958416582298832
}