{
    "gpsHeading": 57, 
    "gpsLatitude": 51.48587004535268, 
    "gpsLongitude": 6.8550265979367815, 
    "outsideTemperature": 18.5, 
    "speed": 15.004062500000002, 
    "yawRate": -0.0038235610007671824
}