{
    "gpsHeading": 345, 
    "gpsLatitude": 51.46616368807407, 
    "gpsLongitude": 6.837177418944636, 
    "outsideTemperature": 21.5, 
    "speed": 7.6059375000000005, 
    "yawRate": 0.004097002531372898
}