{
    "gpsHeading": 278, 
    "gpsLatitude": 51.465799829657236, 
    "gpsLongitude": 6.839116320787072, 
    "outsideTemperature": 16.5, 
    "speed": 10.864437500000001, 
    "yawRate": 0.012576410460290876
}