{
    "gpsHeading": 248, 
    "gpsLatitude": 51.47624091498524, 
    "gpsLongitude": 6.8558960527530965, 
    "outsideTemperature": 17.5, 
    "speed": 11.088875, 
    "yawRate": -0.009134478217998218
}