{
    "gpsHeading": 56, 
    "gpsLatitude": 51.48675400086151, 
    "gpsLongitude": 6.85731737207449, 
    "outsideTemperature": 21.5, 
    "speed": 16.0846875, 
    "yawRate": 0.024817937800515815
}