{
    "gpsHeading": 68, 
    "gpsLatitude": 51.48768397301877, 
    "gpsLongitude": 6.859874942190283, 
    "outsideTemperature": 18.5, 
    "speed": 14.646625, 
    "yawRate": -0.04935855540924194
}