{
    "gpsHeading": 95, 
    "gpsLatitude": 51.46665981292299, 
    "gpsLongitude": 6.860662673450674, 
    "outsideTemperature": 17.0, 
    "speed": 11.105500000000001, 
    "yawRate": 0.0068302723615334794
}