{
    "gpsHeading": 37, 
    "gpsLatitude": 51.48733092725705, 
    "gpsLongitude": 6.881607959837582, 
    "outsideTemperature": 18.5, 
    "speed": 11.953375, 
    "yawRate": -0.029864808245256214
}