{
    "gpsHeading": 43, 
    "gpsLatitude": 51.48851788856565, 
    "gpsLongitude": 6.883779040397967, 
    "outsideTemperature": 18.5, 
    "speed": 10.0498125, 
    "yawRate": -0.03544986185163786
}