{
    "gpsHeading": 323, 
    "gpsLatitude": 51.48983426645929, 
    "gpsLongitude": 6.881351557419465, 
    "outsideTemperature": 20.0, 
    "speed": 5.9185, 
    "yawRate": 0.22499979575780069
}