{
    "gpsHeading": 273, 
    "gpsLatitude": 51.46222394212471, 
    "gpsLongitude": 6.863626011499167, 
    "outsideTemperature": 16.5, 
    "speed": 5.9517500000000005, 
    "yawRate": 0.024735811295785975
}