{
    "gpsHeading": 25, 
    "gpsLatitude": 51.46827953189252, 
    "gpsLongitude": 6.864327157699763, 
    "outsideTemperature": 16.0, 
    "speed": 5.586, 
    "yawRate": -0.11838118736774643
}