{
    "gpsHeading": 23, 
    "gpsLatitude": 51.48493755862445, 
    "gpsLongitude": 6.85267488736295, 
    "outsideTemperature": 18.5, 
    "speed": 10.1828125, 
    "yawRate": -0.08777389802169305
}