{
    "gpsHeading": 353, 
    "gpsLatitude": 51.46798784166203, 
    "gpsLongitude": 6.864192376696699, 
    "outsideTemperature": 16.5, 
    "speed": 6.9076875, 
    "yawRate": -0.0033639896613224967
}