{
    "gpsHeading": 205, 
    "gpsLatitude": 51.47123038090528, 
    "gpsLongitude": 6.84911660182711, 
    "outsideTemperature": 17.0, 
    "speed": 8.3873125, 
    "yawRate": 0.07684538747730592
}