{
    "gpsHeading": 273, 
    "gpsLatitude": 51.462129813352064, 
    "gpsLongitude": 6.865378499815, 
    "outsideTemperature": 17.0, 
    "speed": 9.9999375, 
    "yawRate": -0.0016186604093277998
}