{
    "gpsHeading": 13, 
    "gpsLatitude": 51.459778102778245, 
    "gpsLongitude": 6.866432440320219, 
    "outsideTemperature": 17.5, 
    "speed": 9.80875, 
    "yawRate": 0.009551446803435483
}