{
    "gpsHeading": 109, 
    "gpsLatitude": 51.46803142755854, 
    "gpsLongitude": 6.865512442627715, 
    "outsideTemperature": 16.0, 
    "speed": 9.07725, 
    "yawRate": 0.020721554016198768
}