{
    "gpsHeading": 94, 
    "gpsLatitude": 51.46717898800565, 
    "gpsLongitude": 6.851669310439063, 
    "outsideTemperature": 17.0, 
    "speed": 12.2276875, 
    "yawRate": 0.00601719235702844
}