{
    "gpsHeading": 285, 
    "gpsLatitude": 51.4721472772936, 
    "gpsLongitude": 6.85927630666554, 
    "outsideTemperature": 19.0, 
    "speed": 13.142062500000002, 
    "yawRate": -0.004385522420591158
}