{
    "gpsHeading": 32, 
    "gpsLatitude": 51.48701090619384, 
    "gpsLongitude": 6.881284586013091, 
    "outsideTemperature": 18.5, 
    "speed": 10.1163125, 
    "yawRate": -0.015902174229301617
}