{
    "gpsHeading": 87, 
    "gpsLatitude": 51.48785337128194, 
    "gpsLongitude": 6.862066055499249, 
    "outsideTemperature": 17.5, 
    "speed": 9.80875, 
    "yawRate": -0.012532108192161967
}