{
    "gpsHeading": 110, 
    "gpsLatitude": 51.4801231610788, 
    "gpsLongitude": 6.846627679498328, 
    "outsideTemperature": 26.0, 
    "speed": 4.2643125, 
    "yawRate": 0.22621083441208167
}