{
    "gpsHeading": 188, 
    "gpsLatitude": 51.46018923512899, 
    "gpsLongitude": 6.862580704354213, 
    "outsideTemperature": 16.0, 
    "speed": 16.3174375, 
    "yawRate": -0.00730689457962039
}