{
    "gpsHeading": 110, 
    "gpsLatitude": 51.47365845061703, 
    "gpsLongitude": 6.855670160462557, 
    "outsideTemperature": 18.5, 
    "speed": 10.955875, 
    "yawRate": -0.04068837086207332
}