{
    "gpsHeading": 98, 
    "gpsLatitude": 51.48735037327241, 
    "gpsLongitude": 6.872815175768931, 
    "outsideTemperature": 17.5, 
    "speed": 15.4695625, 
    "yawRate": -0.004503593632988545
}