{
    "gpsHeading": 302, 
    "gpsLatitude": 51.46939340300544, 
    "gpsLongitude": 6.866452137792672, 
    "outsideTemperature": 22.0, 
    "speed": 12.6931875, 
    "yawRate": 0.013474222277262138
}