{
    "gpsHeading": 96, 
    "gpsLatitude": 51.46733480758567, 
    "gpsLongitude": 6.848913508313165, 
    "outsideTemperature": 20.0, 
    "speed": 9.700687499999999, 
    "yawRate": 0.045636166377299725
}