{
    "gpsHeading": 356, 
    "gpsLatitude": 51.468117258247055, 
    "gpsLongitude": 6.8677873749684615, 
    "outsideTemperature": 18.0, 
    "speed": 9.94175, 
    "yawRate": -0.0017520778122187706
}