{
    "gpsHeading": 90, 
    "gpsLatitude": 51.486179505217905, 
    "gpsLongitude": 6.879061537653008, 
    "outsideTemperature": 19.5, 
    "speed": 4.9293125, 
    "yawRate": 0.032967044826538984
}