{
    "gpsHeading": 311, 
    "gpsLatitude": 51.47997924380128, 
    "gpsLongitude": 6.846907718883388, 
    "outsideTemperature": 18.5, 
    "speed": 2.3191875, 
    "yawRate": 0.09197197774936672
}