{
    "gpsHeading": 274, 
    "gpsLatitude": 51.465515096406385, 
    "gpsLongitude": 6.843119098648296, 
    "outsideTemperature": 16.5, 
    "speed": 12.4355, 
    "yawRate": -0.00522594791005166
}