{
    "gpsHeading": 0, 
    "gpsLatitude": 51.48149452425726, 
    "gpsLongitude": 6.843965503230923, 
    "outsideTemperature": 19.5, 
    "speed": 10.091375000000001, 
    "yawRate": 0.01325366977495639
}