{
    "gpsHeading": 357, 
    "gpsLatitude": 51.46651924840675, 
    "gpsLongitude": 6.837235170257522, 
    "outsideTemperature": 21.0, 
    "speed": 13.457937500000002, 
    "yawRate": 0.005842331783367594
}