{
    "gpsHeading": 56, 
    "gpsLatitude": 51.48632174611477, 
    "gpsLongitude": 6.856196041067738, 
    "outsideTemperature": 17.5, 
    "speed": 5.3698749999999995, 
    "yawRate": 0.01624772539716687
}