{
    "gpsHeading": 54, 
    "gpsLatitude": 51.48542563684634, 
    "gpsLongitude": 6.853875762630833, 
    "outsideTemperature": 19.0, 
    "speed": 4.1479375, 
    "yawRate": 0.0057757498852016665
}