{
    "gpsHeading": 304, 
    "gpsLatitude": 51.47127648137275, 
    "gpsLongitude": 6.861527685858341, 
    "outsideTemperature": 20.5, 
    "speed": 14.746375, 
    "yawRate": 0.013765901800148927
}