{
    "gpsHeading": 187, 
    "gpsLatitude": 51.46900289013654, 
    "gpsLongitude": 6.848730196090738, 
    "outsideTemperature": 21.0, 
    "speed": 8.34575, 
    "yawRate": -0.006868083599669686
}