{
    "gpsHeading": 73, 
    "gpsLatitude": 51.47997731596356, 
    "gpsLongitude": 6.846665733338726, 
    "outsideTemperature": 22.5, 
    "speed": 4.305875, 
    "yawRate": 0.2719114649205115
}