{
    "gpsHeading": 188, 
    "gpsLatitude": 51.46865344859316, 
    "gpsLongitude": 6.848666325988537, 
    "outsideTemperature": 20.0, 
    "speed": 7.331625000000001, 
    "yawRate": 0.04776072198775183
}