{
    "gpsHeading": 351, 
    "gpsLatitude": 51.483810611742584, 
    "gpsLongitude": 6.852444385025633, 
    "outsideTemperature": 19.0, 
    "speed": 16.6831875, 
    "yawRate": 0.0017614926056144587
}