{
    "gpsHeading": 64, 
    "gpsLatitude": 51.48763150230489, 
    "gpsLongitude": 6.859670172295736, 
    "outsideTemperature": 18.5, 
    "speed": 15.12875, 
    "yawRate": -0.056863471192817545
}