{
    "gpsHeading": 96, 
    "gpsLatitude": 51.46799144588039, 
    "gpsLongitude": 6.838383826268613, 
    "outsideTemperature": 17.5, 
    "speed": 7.9550625, 
    "yawRate": -0.016148816791760428
}