{
    "gpsHeading": 260, 
    "gpsLatitude": 51.47343565963063, 
    "gpsLongitude": 6.8588660125051275, 
    "outsideTemperature": 18.5, 
    "speed": 5.3865, 
    "yawRate": 0.0012740693390365923
}