{
    "gpsHeading": 301, 
    "gpsLatitude": 51.46911755457196, 
    "gpsLongitude": 6.867236264834701, 
    "outsideTemperature": 24.0, 
    "speed": 12.13625, 
    "yawRate": -0.012007584801855278
}