{
    "gpsHeading": 236, 
    "gpsLatitude": 51.4792617528895, 
    "gpsLongitude": 6.844683832333021, 
    "outsideTemperature": 20.0, 
    "speed": 1.49625, 
    "yawRate": 0.00024218355182657053
}