{
    "gpsHeading": 273, 
    "gpsLatitude": 51.46551727570121, 
    "gpsLongitude": 6.842939055368105, 
    "outsideTemperature": 16.5, 
    "speed": 12.2276875, 
    "yawRate": -0.02145750995359877
}