{
    "gpsHeading": 299, 
    "gpsLatitude": 51.48041367784285, 
    "gpsLongitude": 6.8460649185191595, 
    "outsideTemperature": 21.5, 
    "speed": 11.255125, 
    "yawRate": -0.020256651863334446
}