{
    "gpsHeading": 264, 
    "gpsLatitude": 51.47369977339967, 
    "gpsLongitude": 6.86301765296671, 
    "outsideTemperature": 21.0, 
    "speed": 12.585125000000001, 
    "yawRate": -0.00204205623975353
}