{
    "gpsHeading": 93, 
    "gpsLatitude": 51.46797233514117, 
    "gpsLongitude": 6.838722706613971, 
    "outsideTemperature": 17.5, 
    "speed": 8.894375, 
    "yawRate": 0.002875272054977006
}