{
    "gpsHeading": 0, 
    "gpsLatitude": 51.47684868678445, 
    "gpsLongitude": 6.853549874235391, 
    "outsideTemperature": 17.5, 
    "speed": 11.986625, 
    "yawRate": -0.00389849046201512
}