{
    "gpsHeading": 355, 
    "gpsLatitude": 51.47249177351409, 
    "gpsLongitude": 6.863992133029831, 
    "outsideTemperature": 17.5, 
    "speed": 12.086375, 
    "yawRate": 0.011030761324469365
}