{
    "gpsHeading": 186, 
    "gpsLatitude": 51.469364485439506, 
    "gpsLongitude": 6.848797921868396, 
    "outsideTemperature": 22.0, 
    "speed": 6.7580625, 
    "yawRate": 0.027514902664617508
}