{
    "gpsHeading": 106, 
    "gpsLatitude": 51.45898198961469, 
    "gpsLongitude": 6.8587421279761855, 
    "outsideTemperature": 17.5, 
    "speed": 6.6250625, 
    "yawRate": 0.05116163536218906
}