{
    "gpsHeading": 98, 
    "gpsLatitude": 51.46791978060826, 
    "gpsLongitude": 6.839518233044313, 
    "outsideTemperature": 17.5, 
    "speed": 7.6890625, 
    "yawRate": 0.033593066890076524
}