{
    "gpsHeading": 97, 
    "gpsLatitude": 51.467083937223656, 
    "gpsLongitude": 6.853366310555868, 
    "outsideTemperature": 19.5, 
    "speed": 7.74725, 
    "yawRate": 0.01101906256631996
}