{
    "gpsHeading": 284, 
    "gpsLatitude": 51.462063680136005, 
    "gpsLongitude": 6.866840722823871, 
    "outsideTemperature": 17.5, 
    "speed": 8.1711875, 
    "yawRate": 0.01915075768940433
}