{
    "gpsHeading": 123, 
    "gpsLatitude": 51.48060285739751, 
    "gpsLongitude": 6.845695192770098, 
    "outsideTemperature": 24.5, 
    "speed": 7.863625000000001, 
    "yawRate": -0.12337861476237713
}