{
    "gpsHeading": 324, 
    "gpsLatitude": 51.47046754389732, 
    "gpsLongitude": 6.864239902087714, 
    "outsideTemperature": 18.5, 
    "speed": 11.230187500000001, 
    "yawRate": -0.15128485911099976
}