{
    "gpsHeading": 0, 
    "gpsLatitude": 51.48152754895577, 
    "gpsLongitude": 6.843901549309691, 
    "outsideTemperature": 25.0, 
    "speed": 4.522, 
    "yawRate": -0.010866620330286916
}