{
    "gpsHeading": 320, 
    "gpsLatitude": 51.47343448616418, 
    "gpsLongitude": 6.856613795121974, 
    "outsideTemperature": 18.0, 
    "speed": 7.3233125, 
    "yawRate": -0.08990665576831244
}