{
    "gpsHeading": 307, 
    "gpsLatitude": 51.47974178448433, 
    "gpsLongitude": 6.847379033298922, 
    "outsideTemperature": 16.5, 
    "speed": 5.5444375, 
    "yawRate": -0.01786112447796972
}