{
    "gpsHeading": 91, 
    "gpsLatitude": 51.46763337097676, 
    "gpsLongitude": 6.844510159299241, 
    "outsideTemperature": 16.0, 
    "speed": 13.748875, 
    "yawRate": 0.003747936680974354
}