{
    "gpsHeading": 308, 
    "gpsLatitude": 51.47930978119471, 
    "gpsLongitude": 6.848222923310598, 
    "outsideTemperature": 17.0, 
    "speed": 10.324125, 
    "yawRate": -0.0025022270604199578
}