{
    "gpsHeading": 44, 
    "gpsLatitude": 51.48187615230883, 
    "gpsLongitude": 6.842973253533046, 
    "outsideTemperature": 29.0, 
    "speed": 0.0, 
    "yawRate": 0.00019213682495808912
}