{
    "gpsHeading": 183, 
    "gpsLatitude": 51.46591315298815, 
    "gpsLongitude": 6.8481976937820175, 
    "outsideTemperature": 18.5, 
    "speed": 5.985, 
    "yawRate": -0.008613412851664382
}