{
    "gpsHeading": 96, 
    "gpsLatitude": 51.46783453665296, 
    "gpsLongitude": 6.840729920967288, 
    "outsideTemperature": 17.0, 
    "speed": 11.961687500000002, 
    "yawRate": 0.013521780492142473
}