{
    "gpsHeading": 277, 
    "gpsLatitude": 51.465750879342686, 
    "gpsLongitude": 6.83959517891546, 
    "outsideTemperature": 16.5, 
    "speed": 11.4130625, 
    "yawRate": -0.01395259417002316
}