{
    "gpsHeading": 246, 
    "gpsLatitude": 51.47869672879647, 
    "gpsLongitude": 6.843124043971168, 
    "outsideTemperature": 30.5, 
    "speed": 5.9933125, 
    "yawRate": 0.012004526249386775
}