{
    "gpsHeading": 254, 
    "gpsLatitude": 51.47059561937783, 
    "gpsLongitude": 6.863769593500561, 
    "outsideTemperature": 23.5, 
    "speed": 8.329125, 
    "yawRate": -0.2684538382473287
}