{
    "gpsHeading": 96, 
    "gpsLatitude": 51.4665070108281, 
    "gpsLongitude": 6.863052940779096, 
    "outsideTemperature": 16.5, 
    "speed": 9.534437500000001, 
    "yawRate": -0.01027395430801098
}