{
    "gpsHeading": 184, 
    "gpsLatitude": 51.461522293009935, 
    "gpsLongitude": 6.862848757617738, 
    "outsideTemperature": 15.5, 
    "speed": 15.735562500000002, 
    "yawRate": 0.005259476034739046
}