{
    "gpsHeading": 0, 
    "gpsLatitude": 51.481293442400094, 
    "gpsLongitude": 6.850339102405177, 
    "outsideTemperature": 21.0, 
    "speed": 13.931750000000001, 
    "yawRate": -0.001729165898373943
}