{
    "gpsHeading": 98, 
    "gpsLatitude": 51.467508648257514, 
    "gpsLongitude": 6.846043544666071, 
    "outsideTemperature": 15.5, 
    "speed": 12.66825, 
    "yawRate": 0.041970647299649486
}