{
    "gpsHeading": 319, 
    "gpsLatitude": 51.472327572030885, 
    "gpsLongitude": 6.855114607920116, 
    "outsideTemperature": 18.5, 
    "speed": 9.3349375, 
    "yawRate": 0.057297699854969686
}