{
    "gpsHeading": 75, 
    "gpsLatitude": 51.4792461625496, 
    "gpsLongitude": 6.8446401626174636, 
    "outsideTemperature": 25.0, 
    "speed": 0.6650000000000001, 
    "yawRate": 0.0038026666120484233
}