{
    "gpsHeading": 103, 
    "gpsLatitude": 51.487189273093385, 
    "gpsLongitude": 6.873866601703233, 
    "outsideTemperature": 17.5, 
    "speed": 13.8735625, 
    "yawRate": -0.007994252136976946
}