{
    "gpsHeading": 95, 
    "gpsLatitude": 51.46694647401157, 
    "gpsLongitude": 6.855729085241853, 
    "outsideTemperature": 18.0, 
    "speed": 8.7364375, 
    "yawRate": 0.003863212633142892
}