{
    "gpsHeading": 186, 
    "gpsLatitude": 51.46489450029531, 
    "gpsLongitude": 6.863982996755374, 
    "outsideTemperature": 16.5, 
    "speed": 11.188625, 
    "yawRate": -0.036279360162726204
}