{
    "gpsHeading": 4, 
    "gpsLatitude": 51.468463095572055, 
    "gpsLongitude": 6.867838756034905, 
    "outsideTemperature": 17.5, 
    "speed": 6.6998750000000005, 
    "yawRate": -0.009955125296592458
}