{
    "gpsHeading": 296, 
    "gpsLatitude": 51.47316559471033, 
    "gpsLongitude": 6.853635453466807, 
    "outsideTemperature": 18.0, 
    "speed": 6.68325, 
    "yawRate": 0.04106613781142257
}