{
    "gpsHeading": 185, 
    "gpsLatitude": 51.47875615649, 
    "gpsLongitude": 6.8432859823405074, 
    "outsideTemperature": 26.5, 
    "speed": 0.0, 
    "yawRate": -0.0003207531671439376
}