{
    "gpsHeading": 106, 
    "gpsLatitude": 51.48662701502841, 
    "gpsLongitude": 6.876561886488165, 
    "outsideTemperature": 21.0, 
    "speed": 14.1894375, 
    "yawRate": -0.0075245938197286595
}