{
    "gpsHeading": 58, 
    "gpsLatitude": 51.48742229000166, 
    "gpsLongitude": 6.859060472658773, 
    "outsideTemperature": 19.0, 
    "speed": 16.1179375, 
    "yawRate": -0.06890624303157818
}