{
    "gpsHeading": 64, 
    "gpsLatitude": 51.4818909044584, 
    "gpsLongitude": 6.851925209942989, 
    "outsideTemperature": 20.0, 
    "speed": 13.349875, 
    "yawRate": 0.14068970106436038
}