{
    "gpsHeading": 197, 
    "gpsLatitude": 51.46811843171349, 
    "gpsLongitude": 6.848568760635588, 
    "outsideTemperature": 19.0, 
    "speed": 10.3490625, 
    "yawRate": -0.01699099326123734
}