{
    "gpsHeading": 282, 
    "gpsLatitude": 51.470362853926666, 
    "gpsLongitude": 6.849271834673915, 
    "outsideTemperature": 17.5, 
    "speed": 6.1928125000000005, 
    "yawRate": 0.35051301419001224
}