{
    "gpsHeading": 48, 
    "gpsLatitude": 51.48821253583301, 
    "gpsLongitude": 6.883194067375395, 
    "outsideTemperature": 18.5, 
    "speed": 13.3249375, 
    "yawRate": 0.000678453664644035
}