{
    "gpsHeading": 295, 
    "gpsLatitude": 51.46542893044174, 
    "gpsLongitude": 6.846694315628574, 
    "outsideTemperature": 18.5, 
    "speed": 9.9334375, 
    "yawRate": 0.05830403686254162
}