{
    "gpsHeading": 92, 
    "gpsLatitude": 51.48771565661277, 
    "gpsLongitude": 6.866933761949109, 
    "outsideTemperature": 17.5, 
    "speed": 14.779625000000001, 
    "yawRate": -0.002932797306193119
}