{
    "gpsHeading": 87, 
    "gpsLatitude": 51.48776955225021, 
    "gpsLongitude": 6.864356578179895, 
    "outsideTemperature": 18.0, 
    "speed": 14.812875, 
    "yawRate": 0.027959530454105673
}