{
    "gpsHeading": 252, 
    "gpsLatitude": 51.47341981783363, 
    "gpsLongitude": 6.852695171568658, 
    "outsideTemperature": 18.0, 
    "speed": 8.8528125, 
    "yawRate": 0.164809981777819
}