{
    "gpsHeading": 128, 
    "gpsLatitude": 51.48051451213805, 
    "gpsLongitude": 6.845868279070655, 
    "outsideTemperature": 24.0, 
    "speed": 7.7056875, 
    "yawRate": -0.0027763634495705626
}