{
    "gpsHeading": 311, 
    "gpsLatitude": 51.47359365850547, 
    "gpsLongitude": 6.856651010772088, 
    "outsideTemperature": 19.5, 
    "speed": 9.783812500000002, 
    "yawRate": -0.007214616040804251
}