{
    "gpsHeading": 0, 
    "gpsLatitude": 51.48757090114496, 
    "gpsLongitude": 6.859464899486965, 
    "outsideTemperature": 19.0, 
    "speed": 15.6856875, 
    "yawRate": -0.05302374683842961
}