{
    "gpsHeading": 78, 
    "gpsLatitude": 51.48784037933203, 
    "gpsLongitude": 6.860869622640047, 
    "outsideTemperature": 18.0, 
    "speed": 13.158687500000001, 
    "yawRate": -0.030683532412903048
}