{
    "gpsHeading": 303, 
    "gpsLatitude": 51.477795925662264, 
    "gpsLongitude": 6.85120101350867, 
    "outsideTemperature": 17.0, 
    "speed": 14.837812500000002, 
    "yawRate": -0.019431920804765142
}