{
    "gpsHeading": 95, 
    "gpsLatitude": 51.468723437484684, 
    "gpsLongitude": 6.8678682603341015, 
    "outsideTemperature": 24.0, 
    "speed": 0.0, 
    "yawRate": 0.00038994296363346285
}