{
    "gpsHeading": 92, 
    "gpsLatitude": 51.48748616010385, 
    "gpsLongitude": 6.87144465078079, 
    "outsideTemperature": 18.0, 
    "speed": 16.2925, 
    "yawRate": -0.0062489228849822494
}