{
    "gpsHeading": 357, 
    "gpsLatitude": 51.467454249705916, 
    "gpsLongitude": 6.864236884602539, 
    "outsideTemperature": 15.5, 
    "speed": 1.0806250000000002, 
    "yawRate": 0.018627158913805522
}