{
    "gpsHeading": 151, 
    "gpsLatitude": 51.458705051533784, 
    "gpsLongitude": 6.861240186579426, 
    "outsideTemperature": 20.0, 
    "speed": 0.0, 
    "yawRate": 0.0005411736744928321
}