{
    "gpsHeading": 221, 
    "gpsLatitude": 51.472083407191406, 
    "gpsLongitude": 6.850495760175519, 
    "outsideTemperature": 17.0, 
    "speed": 14.26425, 
    "yawRate": -0.002392560563234667
}