{
    "gpsHeading": 278, 
    "gpsLatitude": 51.45884393966939, 
    "gpsLongitude": 6.859788776225646, 
    "outsideTemperature": 16.0, 
    "speed": 10.265937500000001, 
    "yawRate": -0.009052223831615087
}