{
    "gpsHeading": 105, 
    "gpsLatitude": 51.486329206008605, 
    "gpsLongitude": 6.8781137958610055, 
    "outsideTemperature": 20.0, 
    "speed": 12.061437500000002, 
    "yawRate": 0.02511306319256384
}