{
    "gpsHeading": 94, 
    "gpsLatitude": 51.466677834014824, 
    "gpsLongitude": 6.860352375395132, 
    "outsideTemperature": 17.0, 
    "speed": 10.7148125, 
    "yawRate": -0.012019283560004684
}