{
    "gpsHeading": 226, 
    "gpsLatitude": 51.47269092753352, 
    "gpsLongitude": 6.851449620756838, 
    "outsideTemperature": 17.0, 
    "speed": 12.867750000000001, 
    "yawRate": -0.005359620291625255
}