{
    "gpsHeading": 311, 
    "gpsLatitude": 51.480201448054466, 
    "gpsLongitude": 6.846477978707618, 
    "outsideTemperature": 22.0, 
    "speed": 8.2875625, 
    "yawRate": -0.016416927508947503
}