{
    "gpsHeading": 282, 
    "gpsLatitude": 51.471735642028676, 
    "gpsLongitude": 6.8563159861021905, 
    "outsideTemperature": 17.5, 
    "speed": 9.925125000000001, 
    "yawRate": -0.011475318159462145
}