{
    "gpsHeading": 55, 
    "gpsLatitude": 51.48697788149532, 
    "gpsLongitude": 6.857903770020637, 
    "outsideTemperature": 20.5, 
    "speed": 15.112125, 
    "yawRate": -0.028065538534911002
}