{
    "gpsHeading": 354, 
    "gpsLatitude": 51.48437731221624, 
    "gpsLongitude": 6.852362996745804, 
    "outsideTemperature": 19.0, 
    "speed": 12.360687500000001, 
    "yawRate": -0.11238304047481312
}