{
    "gpsHeading": 107, 
    "gpsLatitude": 51.467845936041286, 
    "gpsLongitude": 6.86638131071084, 
    "outsideTemperature": 16.0, 
    "speed": 9.3515625, 
    "yawRate": 0.018103560138207714
}