{
    "gpsHeading": 184, 
    "gpsLatitude": 51.4625950927973, 
    "gpsLongitude": 6.863015976586076, 
    "outsideTemperature": 15.5, 
    "speed": 14.53025, 
    "yawRate": -0.0010237092724406723
}