{
    "gpsHeading": 16, 
    "gpsLatitude": 51.461497566395565, 
    "gpsLongitude": 6.867305164078805, 
    "outsideTemperature": 17.0, 
    "speed": 9.40975, 
    "yawRate": 0.0030937285710564925
}