{
    "gpsHeading": 228, 
    "gpsLatitude": 51.48911090821529, 
    "gpsLongitude": 6.882127134920259, 
    "outsideTemperature": 21.5, 
    "speed": 4.937625, 
    "yawRate": -0.08130548796719918
}