{
    "gpsHeading": 90, 
    "gpsLatitude": 51.459353727020506, 
    "gpsLongitude": 6.866132954919768, 
    "outsideTemperature": 18.0, 
    "speed": 7.589312500000001, 
    "yawRate": 0.033986056331355284
}