{
    "gpsHeading": 304, 
    "gpsLatitude": 51.473363659082345, 
    "gpsLongitude": 6.856612705474562, 
    "outsideTemperature": 18.0, 
    "speed": 5.7771875, 
    "yawRate": 0.2757398225244932
}