{
    "gpsHeading": 264, 
    "gpsLatitude": 51.47349483586705, 
    "gpsLongitude": 6.859817442334493, 
    "outsideTemperature": 18.5, 
    "speed": 9.783812500000002, 
    "yawRate": 0.001623135189435135
}