{
    "gpsHeading": 329, 
    "gpsLatitude": 51.465039255763145, 
    "gpsLongitude": 6.847809946941171, 
    "outsideTemperature": 21.5, 
    "speed": 4.4970625, 
    "yawRate": 0.0007081715467295163
}