{
    "gpsHeading": 270, 
    "gpsLatitude": 51.46549950606647, 
    "gpsLongitude": 6.844889105141759, 
    "outsideTemperature": 17.5, 
    "speed": 11.454625, 
    "yawRate": 0.030204235905433148
}