{
    "gpsHeading": 175, 
    "gpsLatitude": 51.47209732115068, 
    "gpsLongitude": 6.863822399490542, 
    "outsideTemperature": 29.0, 
    "speed": 11.8120625, 
    "yawRate": 0.0015485970361890256
}