{
    "gpsHeading": 150, 
    "gpsLatitude": 51.46814869038396, 
    "gpsLongitude": 6.864969043844905, 
    "outsideTemperature": 16.0, 
    "speed": 10.058125, 
    "yawRate": -0.04437922708318895
}