{
    "gpsHeading": 299, 
    "gpsLatitude": 51.47134755991167, 
    "gpsLongitude": 6.861347139663928, 
    "outsideTemperature": 20.5, 
    "speed": 14.713125, 
    "yawRate": 0.020747218808126723
}