{
    "gpsHeading": 125, 
    "gpsLatitude": 51.48171337574916, 
    "gpsLongitude": 6.843517993420396, 
    "outsideTemperature": 27.0, 
    "speed": 4.9875, 
    "yawRate": -0.0031871716215120345
}