{
    "gpsHeading": 60, 
    "gpsLatitude": 51.48642509498092, 
    "gpsLongitude": 6.856463507598075, 
    "outsideTemperature": 23.0, 
    "speed": 7.032375, 
    "yawRate": -0.0010129351290001432
}