{
    "gpsHeading": 93, 
    "gpsLatitude": 51.46683256394742, 
    "gpsLongitude": 6.857672680950097, 
    "outsideTemperature": 17.5, 
    "speed": 9.301687500000002, 
    "yawRate": -0.005910631178025229
}