{
    "gpsHeading": 83, 
    "gpsLatitude": 51.487803163681924, 
    "gpsLongitude": 6.861044888235463, 
    "outsideTemperature": 18.0, 
    "speed": 11.8951875, 
    "yawRate": -0.008168785062176219
}