{
    "gpsHeading": 271, 
    "gpsLatitude": 51.4655214666528, 
    "gpsLongitude": 6.8425843332257195, 
    "outsideTemperature": 16.5, 
    "speed": 12.784625, 
    "yawRate": -0.05566596329268669
}