{
    "gpsHeading": 67, 
    "gpsLatitude": 51.47901951588774, 
    "gpsLongitude": 6.844005149632924, 
    "outsideTemperature": 27.0, 
    "speed": 11.537749999999999, 
    "yawRate": -0.0012325630165970136
}