{
    "gpsHeading": 300, 
    "gpsLatitude": 51.47244315847567, 
    "gpsLongitude": 6.858477678931024, 
    "outsideTemperature": 18.5, 
    "speed": 10.5651875, 
    "yawRate": -2.2199290605407884e-05
}