{
    "gpsHeading": 131, 
    "gpsLatitude": 51.458705051533784, 
    "gpsLongitude": 6.861240186579426, 
    "outsideTemperature": 22.5, 
    "speed": 0.0, 
    "yawRate": -0.0008713566812218732
}