{
    "gpsHeading": 90, 
    "gpsLatitude": 51.48784783922584, 
    "gpsLongitude": 6.8626554709305365, 
    "outsideTemperature": 17.5, 
    "speed": 10.498687499999999, 
    "yawRate": -0.021607820302532013
}