{
    "gpsHeading": 274, 
    "gpsLatitude": 51.46208622745555, 
    "gpsLongitude": 6.866253821963568, 
    "outsideTemperature": 17.0, 
    "speed": 7.439687500000001, 
    "yawRate": 0.0420145708905297
}