{
    "gpsHeading": 178, 
    "gpsLatitude": 51.46924395367185, 
    "gpsLongitude": 6.84877462017758, 
    "outsideTemperature": 21.5, 
    "speed": 9.21025, 
    "yawRate": -0.026066705371607383
}