{
    "gpsHeading": 184, 
    "gpsLatitude": 51.4613775375421, 
    "gpsLongitude": 6.8628232766320965, 
    "outsideTemperature": 15.5, 
    "speed": 16.458750000000002, 
    "yawRate": -0.0031181043748339118
}