{
    "gpsHeading": 276, 
    "gpsLatitude": 51.47306031800645, 
    "gpsLongitude": 6.853790183399419, 
    "outsideTemperature": 18.0, 
    "speed": 8.1379375, 
    "yawRate": 0.04996731699659434
}