{
    "gpsHeading": 91, 
    "gpsLatitude": 51.48762060583078, 
    "gpsLongitude": 6.869053209985958, 
    "outsideTemperature": 17.5, 
    "speed": 16.3340625, 
    "yawRate": -0.0013620009793986858
}