{
    "gpsHeading": 58, 
    "gpsLatitude": 51.48169007405834, 
    "gpsLongitude": 6.851411818373535, 
    "outsideTemperature": 20.5, 
    "speed": 14.280875000000002, 
    "yawRate": 0.0527251067638483
}