{
    "gpsHeading": 273, 
    "gpsLatitude": 51.462178093114346, 
    "gpsLongitude": 6.864479875975581, 
    "outsideTemperature": 16.5, 
    "speed": 10.681562500000002, 
    "yawRate": 0.010773177279831373
}