{
    "gpsHeading": 180, 
    "gpsLatitude": 51.462463161641324, 
    "gpsLongitude": 6.862993261628482, 
    "outsideTemperature": 15.5, 
    "speed": 14.5053125, 
    "yawRate": 0.00578307481033686
}