{
    "gpsHeading": 100, 
    "gpsLatitude": 51.473377321584536, 
    "gpsLongitude": 6.856803477590846, 
    "outsideTemperature": 19.5, 
    "speed": 5.910187500000001, 
    "yawRate": -0.338472807115289
}