{
    "gpsHeading": 320, 
    "gpsLatitude": 51.47338670931609, 
    "gpsLongitude": 6.857509317657218, 
    "outsideTemperature": 19.5, 
    "speed": 0.0, 
    "yawRate": 0.00026137557242664113
}