{
    "gpsHeading": 0, 
    "gpsLatitude": 51.47728647358729, 
    "gpsLongitude": 6.852402978423966, 
    "outsideTemperature": 17.0, 
    "speed": 9.609250000000001, 
    "yawRate": -0.0025022270604199578
}