{
    "gpsHeading": 276, 
    "gpsLatitude": 51.470282052380064, 
    "gpsLongitude": 6.850420490685005, 
    "outsideTemperature": 18.0, 
    "speed": 9.783812500000002, 
    "yawRate": 0.011744606377919204
}