{
    "gpsHeading": 277, 
    "gpsLatitude": 51.46565121851395, 
    "gpsLongitude": 6.840556834666728, 
    "outsideTemperature": 16.5, 
    "speed": 11.479562500000002, 
    "yawRate": 0.0005336386215302451
}