{
    "gpsHeading": 306, 
    "gpsLatitude": 51.479051702395935, 
    "gpsLongitude": 6.848737991260687, 
    "outsideTemperature": 17.0, 
    "speed": 12.0365, 
    "yawRate": -0.004771155088012468
}