{
    "gpsHeading": 0, 
    "gpsLatitude": 51.466275921757585, 
    "gpsLongitude": 6.848262653531631, 
    "outsideTemperature": 18.0, 
    "speed": 6.61675, 
    "yawRate": 0.01250507109746629
}