{
    "gpsHeading": 280, 
    "gpsLatitude": 51.46571785464419, 
    "gpsLongitude": 6.839918804197047, 
    "outsideTemperature": 16.5, 
    "speed": 11.2468125, 
    "yawRate": 0.009958416582298832
}