{
    "gpsHeading": 225, 
    "gpsLatitude": 51.471688116637665, 
    "gpsLongitude": 6.849727139654391, 
    "outsideTemperature": 17.0, 
    "speed": 12.443812500000002, 
    "yawRate": -0.06068655757984484
}