{
    "gpsHeading": 358, 
    "gpsLatitude": 51.489663694729686, 
    "gpsLongitude": 6.884222945990132, 
    "outsideTemperature": 24.0, 
    "speed": 0.0, 
    "yawRate": -0.0006052264604559515
}