{
    "gpsHeading": 86, 
    "gpsLatitude": 51.45951784468467, 
    "gpsLongitude": 6.862912376262844, 
    "outsideTemperature": 21.0, 
    "speed": 6.051500000000001, 
    "yawRate": -0.011916102996094725
}