{
    "gpsHeading": 279, 
    "gpsLatitude": 51.46207281641047, 
    "gpsLongitude": 6.866600497478876, 
    "outsideTemperature": 17.0, 
    "speed": 8.0465, 
    "yawRate": -0.03547804789801718
}