{
    "gpsHeading": 92, 
    "gpsLatitude": 51.45946285939984, 
    "gpsLongitude": 6.863989869915975, 
    "outsideTemperature": 20.0, 
    "speed": 9.7173125, 
    "yawRate": -0.013835965173288695
}