{
    "gpsHeading": 356, 
    "gpsLatitude": 51.46779673426963, 
    "gpsLongitude": 6.864208218493693, 
    "outsideTemperature": 16.5, 
    "speed": 4.605125, 
    "yawRate": 0.006758920000244166
}