{
    "gpsHeading": 97, 
    "gpsLatitude": 51.487822022964075, 
    "gpsLongitude": 6.863140699305336, 
    "outsideTemperature": 18.0, 
    "speed": 13.158687500000001, 
    "yawRate": 0.013996896438151074
}