{
    "gpsHeading": 59, 
    "gpsLatitude": 51.47884894415813, 
    "gpsLongitude": 6.843539031997357, 
    "outsideTemperature": 29.5, 
    "speed": 12.2941875, 
    "yawRate": -0.002279760567793633
}