{
    "gpsHeading": 260, 
    "gpsLatitude": 51.481528135689, 
    "gpsLongitude": 6.841703479021091, 
    "outsideTemperature": 18.5, 
    "speed": 10.307500000000001, 
    "yawRate": -0.014846131182152078
}