{
    "gpsHeading": 90, 
    "gpsLatitude": 51.48784172043653, 
    "gpsLongitude": 6.86280877593961, 
    "outsideTemperature": 17.5, 
    "speed": 11.554375, 
    "yawRate": 0.012775165961755186
}