{
    "gpsHeading": 226, 
    "gpsLatitude": 51.489715913986466, 
    "gpsLongitude": 6.883331027673284, 
    "outsideTemperature": 23.5, 
    "speed": 10.0830625, 
    "yawRate": -0.016553772718211006
}