{
    "gpsHeading": 183, 
    "gpsLatitude": 51.46220005370067, 
    "gpsLongitude": 6.862949927189052, 
    "outsideTemperature": 15.0, 
    "speed": 14.6050625, 
    "yawRate": 0.013113457668713198
}