{
    "gpsHeading": 110, 
    "gpsLatitude": 51.46808892741433, 
    "gpsLongitude": 6.865245981925791, 
    "outsideTemperature": 16.0, 
    "speed": 9.8669375, 
    "yawRate": 0.03555685265815071
}