{
    "gpsHeading": 88, 
    "gpsLatitude": 51.48768900216068, 
    "gpsLongitude": 6.867360484639737, 
    "outsideTemperature": 17.5, 
    "speed": 15.0539375, 
    "yawRate": -0.04708962738164942
}