{
    "gpsHeading": 16, 
    "gpsLatitude": 51.464101739893, 
    "gpsLongitude": 6.863812927939958, 
    "outsideTemperature": 16.0, 
    "speed": 13.33325, 
    "yawRate": -0.009996240818900758
}