{
    "gpsHeading": 297, 
    "gpsLatitude": 51.465505038122565, 
    "gpsLongitude": 6.844394908130566, 
    "outsideTemperature": 17.0, 
    "speed": 10.681562500000002, 
    "yawRate": 0.020604925019464298
}