{
    "gpsHeading": 179, 
    "gpsLatitude": 51.47114094599841, 
    "gpsLongitude": 6.863873780557016, 
    "outsideTemperature": 25.0, 
    "speed": 10.606750000000002, 
    "yawRate": -0.007178049223782475
}