{
    "gpsHeading": 213, 
    "gpsLatitude": 51.4657028510375, 
    "gpsLongitude": 6.848157376827762, 
    "outsideTemperature": 18.5, 
    "speed": 5.436375, 
    "yawRate": -0.010882340879256894
}