{
    "gpsHeading": 95, 
    "gpsLatitude": 51.46656845017838, 
    "gpsLongitude": 6.862132104896274, 
    "outsideTemperature": 16.5, 
    "speed": 9.060625, 
    "yawRate": 0.0024669492315477293
}