{
    "gpsHeading": 0, 
    "gpsLatitude": 51.48139067247692, 
    "gpsLongitude": 6.844166333630978, 
    "outsideTemperature": 25.5, 
    "speed": 0.0, 
    "yawRate": 0.00048919058340471
}