{
    "gpsHeading": 132, 
    "gpsLatitude": 51.47342283531877, 
    "gpsLongitude": 6.856276591157251, 
    "outsideTemperature": 20.0, 
    "speed": 0.0, 
    "yawRate": -0.00018882713065596405
}