{
    "gpsHeading": 19, 
    "gpsLatitude": 51.46204339593032, 
    "gpsLongitude": 6.867614037210809, 
    "outsideTemperature": 17.5, 
    "speed": 3.009125, 
    "yawRate": 0.2500578177282496
}