{
    "gpsHeading": 282, 
    "gpsLatitude": 51.47358427077393, 
    "gpsLongitude": 6.861262650079925, 
    "outsideTemperature": 19.5, 
    "speed": 9.9666875, 
    "yawRate": 0.0037175302918283745
}