{
    "gpsHeading": 321, 
    "gpsLatitude": 51.47954648614036, 
    "gpsLongitude": 6.845463516966336, 
    "outsideTemperature": 19.0, 
    "speed": 0.0, 
    "yawRate": 8.792957541680886e-05
}