{
    "gpsHeading": 93, 
    "gpsLatitude": 51.46709927610646, 
    "gpsLongitude": 6.853117368031574, 
    "outsideTemperature": 20.0, 
    "speed": 8.6200625, 
    "yawRate": -0.003816236075631989
}