{
    "gpsHeading": 272, 
    "gpsLatitude": 51.46221011198448, 
    "gpsLongitude": 6.863886604868869, 
    "outsideTemperature": 16.5, 
    "speed": 9.6341875, 
    "yawRate": -0.010170773744100029
}