{
    "gpsHeading": 102, 
    "gpsLatitude": 51.48640061982364, 
    "gpsLongitude": 6.877737113132344, 
    "outsideTemperature": 20.5, 
    "speed": 13.557687500000002, 
    "yawRate": -0.0019395402133470182
}