{
    "gpsHeading": 308, 
    "gpsLatitude": 51.47021759554465, 
    "gpsLongitude": 6.864497645610339, 
    "outsideTemperature": 19.0, 
    "speed": 10.989125000000001, 
    "yawRate": -0.11061868753953283
}