{
    "gpsHeading": 357, 
    "gpsLatitude": 51.47600094109734, 
    "gpsLongitude": 6.857024592196609, 
    "outsideTemperature": 17.5, 
    "speed": 7.065625, 
    "yawRate": 0.11618016207519265
}