{
    "gpsHeading": 94, 
    "gpsLatitude": 51.487538379360636, 
    "gpsLongitude": 6.87073931362864, 
    "outsideTemperature": 18.0, 
    "speed": 16.309125, 
    "yawRate": -0.004678126558187817
}