{
    "gpsHeading": 222, 
    "gpsLatitude": 51.47314170628628, 
    "gpsLongitude": 6.85226325209803, 
    "outsideTemperature": 18.0, 
    "speed": 12.5269375, 
    "yawRate": -0.03223769077233783
}