{
    "gpsHeading": 279, 
    "gpsLatitude": 51.46224372341621, 
    "gpsLongitude": 6.863262153082324, 
    "outsideTemperature": 16.5, 
    "speed": 4.1396250000000006, 
    "yawRate": -0.16183988574240465
}