{
    "gpsHeading": 300, 
    "gpsLatitude": 51.47177646189714, 
    "gpsLongitude": 6.860278279371062, 
    "outsideTemperature": 19.5, 
    "speed": 13.740562500000001, 
    "yawRate": -0.04540075984245761
}