{
    "gpsHeading": 60, 
    "gpsLatitude": 51.48110199973157, 
    "gpsLongitude": 6.849822106617357, 
    "outsideTemperature": 21.5, 
    "speed": 13.599250000000001, 
    "yawRate": 0.002110558456013001
}