{
    "gpsHeading": 132, 
    "gpsLatitude": 51.47355032406607, 
    "gpsLongitude": 6.855928490718405, 
    "outsideTemperature": 18.0, 
    "speed": 9.534437500000001, 
    "yawRate": 0.04745075636363904
}