{
    "gpsHeading": 274, 
    "gpsLatitude": 51.46560143000909, 
    "gpsLongitude": 6.841058491571744, 
    "outsideTemperature": 16.0, 
    "speed": 11.820375000000002, 
    "yawRate": -0.0008626247800659092
}