{
    "gpsHeading": 183, 
    "gpsLatitude": 51.47886813871641, 
    "gpsLongitude": 6.843592424720592, 
    "outsideTemperature": 25.0, 
    "speed": 3.7073750000000003, 
    "yawRate": -0.005016374723103565
}