{
    "gpsHeading": 185, 
    "gpsLatitude": 51.466788391317685, 
    "gpsLongitude": 6.848353513362043, 
    "outsideTemperature": 18.0, 
    "speed": 4.1146875000000005, 
    "yawRate": 0.00011323340830711741
}