{
    "gpsHeading": 111, 
    "gpsLatitude": 51.47193311966748, 
    "gpsLongitude": 6.85985239487075, 
    "outsideTemperature": 20.5, 
    "speed": 5.1786875, 
    "yawRate": -0.07465623708165589
}