{
    "gpsHeading": 93, 
    "gpsLatitude": 51.459477611549424, 
    "gpsLongitude": 6.8636962518477755, 
    "outsideTemperature": 20.5, 
    "speed": 10.4654375, 
    "yawRate": 0.013565704083022689
}