{
    "gpsHeading": 69, 
    "gpsLatitude": 51.47921758025977, 
    "gpsLongitude": 6.8445621270989045, 
    "outsideTemperature": 25.5, 
    "speed": 8.2376875, 
    "yawRate": -0.002279760567793633
}