{
    "gpsHeading": 57, 
    "gpsLatitude": 51.47988369010509, 
    "gpsLongitude": 6.846405726702246, 
    "outsideTemperature": 22.0, 
    "speed": 5.569375, 
    "yawRate": -0.004723221520585415
}