{
    "gpsHeading": 124, 
    "gpsLatitude": 51.472806178702186, 
    "gpsLongitude": 6.857573523035513, 
    "outsideTemperature": 19.0, 
    "speed": 11.762187500000001, 
    "yawRate": 0.016701695665551488
}