{
    "gpsHeading": 298, 
    "gpsLatitude": 51.47755620323146, 
    "gpsLongitude": 6.851708202469779, 
    "outsideTemperature": 17.0, 
    "speed": 14.214375, 
    "yawRate": -0.02222444760795547
}