{
    "gpsHeading": 275, 
    "gpsLatitude": 51.471573116926116, 
    "gpsLongitude": 6.857748537173833, 
    "outsideTemperature": 18.0, 
    "speed": 11.2468125, 
    "yawRate": -0.014616910813052005
}