{
    "gpsHeading": 336, 
    "gpsLatitude": 51.470654208881044, 
    "gpsLongitude": 6.864115430825551, 
    "outsideTemperature": 18.0, 
    "speed": 12.119625000000001, 
    "yawRate": -0.08129715610602847
}