{
    "gpsHeading": 8, 
    "gpsLatitude": 51.46829646333694, 
    "gpsLongitude": 6.867813777963452, 
    "outsideTemperature": 17.5, 
    "speed": 9.226875000000001, 
    "yawRate": 0.019890004912509716
}