{
    "gpsHeading": 63, 
    "gpsLatitude": 51.48148731582054, 
    "gpsLongitude": 6.850862719896535, 
    "outsideTemperature": 20.5, 
    "speed": 14.638312500000001, 
    "yawRate": 0.014327863219973893
}