{
    "gpsHeading": 16, 
    "gpsLatitude": 51.463750370511924, 
    "gpsLongitude": 6.863626011499167, 
    "outsideTemperature": 16.0, 
    "speed": 13.881875, 
    "yawRate": 0.002046531019859873
}