{
    "gpsHeading": 184, 
    "gpsLatitude": 51.46109422921478, 
    "gpsLongitude": 6.862774074860447, 
    "outsideTemperature": 15.5, 
    "speed": 16.2841875, 
    "yawRate": -0.020745929819976184
}