{
    "gpsHeading": 94, 
    "gpsLatitude": 51.467264483418035, 
    "gpsLongitude": 6.850208763810827, 
    "outsideTemperature": 18.0, 
    "speed": 10.67325, 
    "yawRate": 0.01020598256181492
}