{
    "gpsHeading": 273, 
    "gpsLatitude": 51.47151452742292, 
    "gpsLongitude": 6.858669037780496, 
    "outsideTemperature": 18.5, 
    "speed": 10.0996875, 
    "yawRate": -0.02823047897860707
}