{
    "gpsHeading": 197, 
    "gpsLatitude": 51.46311510607029, 
    "gpsLongitude": 6.863114883043534, 
    "outsideTemperature": 15.5, 
    "speed": 14.039812500000002, 
    "yawRate": 0.06390253890174677
}