{
    "gpsHeading": 186, 
    "gpsLatitude": 51.46551727570121, 
    "gpsLongitude": 6.848122424291538, 
    "outsideTemperature": 18.5, 
    "speed": 4.4139375, 
    "yawRate": 0.029434764841811477
}