{
    "gpsHeading": 93, 
    "gpsLatitude": 51.46713037296724, 
    "gpsLongitude": 6.852549661729534, 
    "outsideTemperature": 17.0, 
    "speed": 3.5161875, 
    "yawRate": 0.002526533853040038
}