{
    "gpsHeading": 94, 
    "gpsLatitude": 51.4673470451643, 
    "gpsLongitude": 6.84863958771742, 
    "outsideTemperature": 21.0, 
    "speed": 9.501187500000002, 
    "yawRate": 0.02626301168016276
}