{
    "gpsHeading": 0, 
    "gpsLatitude": 51.47105897098536, 
    "gpsLongitude": 6.862078544535008, 
    "outsideTemperature": 21.5, 
    "speed": 14.937562500000002, 
    "yawRate": -0.0014184626922015622
}