{
    "gpsHeading": 58, 
    "gpsLatitude": 51.47873729720784, 
    "gpsLongitude": 6.843234098359876, 
    "outsideTemperature": 30.5, 
    "speed": 12.053125, 
    "yawRate": 0.005923286916580053
}