{
    "gpsHeading": 353, 
    "gpsLatitude": 51.46671094253235, 
    "gpsLongitude": 6.86429882686701, 
    "outsideTemperature": 16.0, 
    "speed": 8.8528125, 
    "yawRate": -0.016279426126080476
}