{
    "gpsHeading": 175, 
    "gpsLatitude": 51.46601759150172, 
    "gpsLongitude": 6.864108222388823, 
    "outsideTemperature": 16.5, 
    "speed": 10.091375000000001, 
    "yawRate": -0.014462744512797457
}