{
    "gpsHeading": 234, 
    "gpsLatitude": 51.47366423413021, 
    "gpsLongitude": 6.86248347427739, 
    "outsideTemperature": 20.0, 
    "speed": 11.321625000000001, 
    "yawRate": -0.002565655015351344
}