{
    "gpsHeading": 322, 
    "gpsLatitude": 51.48951508358639, 
    "gpsLongitude": 6.881633273185161, 
    "outsideTemperature": 20.5, 
    "speed": 9.21025, 
    "yawRate": -0.03121453843496269
}