{
    "gpsHeading": 225, 
    "gpsLatitude": 51.472928722126596, 
    "gpsLongitude": 6.8518593281840285, 
    "outsideTemperature": 17.5, 
    "speed": 12.726437500000001, 
    "yawRate": -0.008850278795613656
}