{
    "gpsHeading": 326, 
    "gpsLatitude": 51.47869178347361, 
    "gpsLongitude": 6.849429917367796, 
    "outsideTemperature": 17.0, 
    "speed": 11.9949375, 
    "yawRate": -0.011228873320391458
}