{
    "gpsHeading": 308, 
    "gpsLatitude": 51.47966341368965, 
    "gpsLongitude": 6.847531583936711, 
    "outsideTemperature": 16.5, 
    "speed": 9.526125, 
    "yawRate": 0.0065734850499500844
}