{
    "gpsHeading": 92, 
    "gpsLatitude": 51.46746757693196, 
    "gpsLongitude": 6.846581579030851, 
    "outsideTemperature": 15.5, 
    "speed": 12.543562500000002, 
    "yawRate": -0.006724038830991843
}