{
    "gpsHeading": 228, 
    "gpsLatitude": 51.471545372826604, 
    "gpsLongitude": 6.849452380868295, 
    "outsideTemperature": 17.0, 
    "speed": 11.645812500000002, 
    "yawRate": 0.13583751619471318
}