{
    "gpsHeading": 355, 
    "gpsLatitude": 51.472137554285915, 
    "gpsLongitude": 6.864007136636541, 
    "outsideTemperature": 17.5, 
    "speed": 13.20025, 
    "yawRate": 0.025342461190822507
}