{
    "gpsHeading": 16, 
    "gpsLatitude": 51.4644412069716, 
    "gpsLongitude": 6.863993474134339, 
    "outsideTemperature": 16.0, 
    "speed": 12.510312500000001, 
    "yawRate": -0.0639269147055242
}