{
    "gpsHeading": 229, 
    "gpsLatitude": 51.48936479606246, 
    "gpsLongitude": 6.882613788218597, 
    "outsideTemperature": 22.0, 
    "speed": 9.709000000000001, 
    "yawRate": 0.0008995198017319943
}