{
    "gpsHeading": 129, 
    "gpsLatitude": 51.47036955944922, 
    "gpsLongitude": 6.849152644010749, 
    "outsideTemperature": 17.0, 
    "speed": 6.1845, 
    "yawRate": 0.17929621456937142
}