{
    "gpsHeading": 357, 
    "gpsLatitude": 51.473693989886485, 
    "gpsLongitude": 6.8639399137730726, 
    "outsideTemperature": 22.0, 
    "speed": 0.016625, 
    "yawRate": -0.00029672698775883325
}