{
    "gpsHeading": 271, 
    "gpsLatitude": 51.465503445560955, 
    "gpsLongitude": 6.844722724363737, 
    "outsideTemperature": 17.0, 
    "speed": 11.2385, 
    "yawRate": -0.014999791721219779
}