{
    "gpsHeading": 92, 
    "gpsLatitude": 51.467782820310376, 
    "gpsLongitude": 6.841678500949607, 
    "outsideTemperature": 16.5, 
    "speed": 9.27675, 
    "yawRate": 0.0215502950513159
}