{
    "gpsHeading": 234, 
    "gpsLatitude": 51.48194454863872, 
    "gpsLongitude": 6.842911814182798, 
    "outsideTemperature": 19.0, 
    "speed": 8.3706875, 
    "yawRate": 0.017093394129343336
}