{
    "gpsHeading": 302, 
    "gpsLatitude": 51.47226864725157, 
    "gpsLongitude": 6.858948490432367, 
    "outsideTemperature": 18.5, 
    "speed": 12.942562500000001, 
    "yawRate": -0.016951893034950594
}