{
    "gpsHeading": 263, 
    "gpsLatitude": 51.47351201876855, 
    "gpsLongitude": 6.860094631872507, 
    "outsideTemperature": 18.5, 
    "speed": 9.559375, 
    "yawRate": -0.004136451342145777
}