{
    "gpsHeading": 21, 
    "gpsLatitude": 51.46487010895705, 
    "gpsLongitude": 6.864203273170822, 
    "outsideTemperature": 15.5, 
    "speed": 12.319125000000001, 
    "yawRate": 0.06540198286725288
}