{
    "gpsHeading": 270, 
    "gpsLatitude": 51.476303443982935, 
    "gpsLongitude": 6.855092395876679, 
    "outsideTemperature": 17.5, 
    "speed": 10.822875000000002, 
    "yawRate": -0.1093163772824712
}