{
    "gpsHeading": 94, 
    "gpsLatitude": 51.46785448558252, 
    "gpsLongitude": 6.840395147754482, 
    "outsideTemperature": 17.0, 
    "speed": 11.5959375, 
    "yawRate": -0.003756979102601255
}