{
    "gpsHeading": 193, 
    "gpsLatitude": 51.4645911592194, 
    "gpsLongitude": 6.863831535764998, 
    "outsideTemperature": 16.0, 
    "speed": 13.433, 
    "yawRate": 0.003863212633142892
}