{
    "gpsHeading": 357, 
    "gpsLatitude": 51.46309063091301, 
    "gpsLongitude": 6.8633307170503, 
    "outsideTemperature": 16.0, 
    "speed": 11.521125000000001, 
    "yawRate": -0.048917083138373965
}