{
    "gpsHeading": 0, 
    "gpsLatitude": 51.48136812515738, 
    "gpsLongitude": 6.844209919527504, 
    "outsideTemperature": 20.0, 
    "speed": 11.07225, 
    "yawRate": 0.0029562271881894654
}