{
    "gpsHeading": 197, 
    "gpsLatitude": 51.46374643101742, 
    "gpsLongitude": 6.863394922428627, 
    "outsideTemperature": 15.5, 
    "speed": 14.33075, 
    "yawRate": 0.012764391818313663
}