{
    "gpsHeading": 60, 
    "gpsLatitude": 51.48175645873149, 
    "gpsLongitude": 6.85159161019663, 
    "outsideTemperature": 20.0, 
    "speed": 13.649125, 
    "yawRate": 0.10246699044568525
}