{
    "gpsHeading": 353, 
    "gpsLatitude": 51.46625479936157, 
    "gpsLongitude": 6.864330426642001, 
    "outsideTemperature": 16.0, 
    "speed": 10.689875, 
    "yawRate": 0.027004739323378484
}