{
    "gpsHeading": 118, 
    "gpsLatitude": 51.47250677712077, 
    "gpsLongitude": 6.858307442477544, 
    "outsideTemperature": 18.5, 
    "speed": 12.576812499999999, 
    "yawRate": 0.0006446665472036511
}