{
    "gpsHeading": 235, 
    "gpsLatitude": 51.481725613327804, 
    "gpsLongitude": 6.84250906373524, 
    "outsideTemperature": 19.0, 
    "speed": 9.9168125, 
    "yawRate": -0.07087120017116974
}