{
    "gpsHeading": 215, 
    "gpsLatitude": 51.47143733009467, 
    "gpsLongitude": 6.859613762087358, 
    "outsideTemperature": 19.0, 
    "speed": 5.1620625, 
    "yawRate": -0.2816522863681791
}