{
    "gpsHeading": 184, 
    "gpsLatitude": 51.46736976012192, 
    "gpsLongitude": 6.848187132584022, 
    "outsideTemperature": 19.5, 
    "speed": 0.0, 
    "yawRate": -0.0009514132263383535
}