{
    "gpsHeading": 236, 
    "gpsLatitude": 51.47992476143065, 
    "gpsLongitude": 6.846519636766414, 
    "outsideTemperature": 19.5, 
    "speed": 8.212750000000002, 
    "yawRate": 0.013889319333179103
}