{
    "gpsHeading": 357, 
    "gpsLatitude": 51.47619003683297, 
    "gpsLongitude": 6.8570577007141384, 
    "outsideTemperature": 17.5, 
    "speed": 7.0739375, 
    "yawRate": 0.3647150475591811
}