{
    "gpsHeading": 354, 
    "gpsLatitude": 51.47309451617141, 
    "gpsLongitude": 6.863966316768063, 
    "outsideTemperature": 17.5, 
    "speed": 9.093875, 
    "yawRate": -0.00694612997107145
}