{
    "gpsHeading": 273, 
    "gpsLatitude": 51.489788165991826, 
    "gpsLongitude": 6.883488523633943, 
    "outsideTemperature": 24.0, 
    "speed": 6.691562500000001, 
    "yawRate": 0.12795948934691756
}