{
    "gpsHeading": 57, 
    "gpsLatitude": 51.4786814737327, 
    "gpsLongitude": 6.843082134455309, 
    "outsideTemperature": 31.5, 
    "speed": 12.1944375, 
    "yawRate": -0.0007089642409982074
}