{
    "gpsHeading": 95, 
    "gpsLatitude": 51.46774200044191, 
    "gpsLongitude": 6.842564635753267, 
    "outsideTemperature": 16.0, 
    "speed": 7.54775, 
    "yawRate": -0.003407913252202712
}