{
    "gpsHeading": 93, 
    "gpsLatitude": 51.4672997712304, 
    "gpsLongitude": 6.849612391399907, 
    "outsideTemperature": 19.0, 
    "speed": 10.1994375, 
    "yawRate": -0.07374435445911096
}