{
    "gpsHeading": 94, 
    "gpsLatitude": 51.470245088187056, 
    "gpsLongitude": 6.851097664642532, 
    "outsideTemperature": 17.0, 
    "speed": 9.567687500000002, 
    "yawRate": 0.003192493043146974
}