{
    "gpsHeading": 3, 
    "gpsLatitude": 51.46777561187365, 
    "gpsLongitude": 6.8677435376148415, 
    "outsideTemperature": 18.5, 
    "speed": 8.786312500000001, 
    "yawRate": -0.0047191375406093585
}