{
    "gpsHeading": 30, 
    "gpsLatitude": 51.486767328087566, 
    "gpsLongitude": 6.8810151916450595, 
    "outsideTemperature": 18.5, 
    "speed": 7.2401875, 
    "yawRate": -0.0047320670165383345
}