{
    "gpsHeading": 52, 
    "gpsLatitude": 51.48533670485366, 
    "gpsLongitude": 6.85364492501739, 
    "outsideTemperature": 19.0, 
    "speed": 5.9185, 
    "yawRate": 0.0010633609048163813
}