{
    "gpsHeading": 60, 
    "gpsLatitude": 51.480851464645674, 
    "gpsLongitude": 6.849124061720934, 
    "outsideTemperature": 22.0, 
    "speed": 14.447125000000002, 
    "yawRate": -0.001729165898373943
}