{
    "gpsHeading": 122, 
    "gpsLatitude": 51.47014006294028, 
    "gpsLongitude": 6.852622165192001, 
    "outsideTemperature": 19.5, 
    "speed": 0.8229375000000001, 
    "yawRate": -0.09594220847012938
}