{
    "gpsHeading": 183, 
    "gpsLatitude": 51.46829143419504, 
    "gpsLongitude": 6.848600192772514, 
    "outsideTemperature": 19.5, 
    "speed": 9.750562500000001, 
    "yawRate": 0.018439190554247465
}