{
    "gpsHeading": 176, 
    "gpsLatitude": 51.46516146391143, 
    "gpsLongitude": 6.864103277065952, 
    "outsideTemperature": 16.5, 
    "speed": 0.8894375, 
    "yawRate": -0.0010237092724406723
}