{
    "gpsHeading": 96, 
    "gpsLatitude": 51.459374262683276, 
    "gpsLongitude": 6.865732719043162, 
    "outsideTemperature": 18.5, 
    "speed": 9.368187500000001, 
    "yawRate": -0.004760253062917659
}