{
    "gpsHeading": 44, 
    "gpsLatitude": 51.47949619472131, 
    "gpsLongitude": 6.845326053754289, 
    "outsideTemperature": 23.5, 
    "speed": 9.467937500000001, 
    "yawRate": -0.011006406827765134
}