{
    "gpsHeading": 48, 
    "gpsLatitude": 51.48122789591726, 
    "gpsLongitude": 6.850162663343349, 
    "outsideTemperature": 21.0, 
    "speed": 14.1645, 
    "yawRate": -0.005568890252761879
}