{
    "gpsHeading": 92, 
    "gpsLatitude": 51.46676089867529, 
    "gpsLongitude": 6.858921584523154, 
    "outsideTemperature": 17.0, 
    "speed": 8.5369375, 
    "yawRate": -0.002594505599236098
}