{
    "gpsHeading": 90, 
    "gpsLatitude": 51.4593975643741, 
    "gpsLongitude": 6.866266813913485, 
    "outsideTemperature": 18.0, 
    "speed": 6.81625, 
    "yawRate": 0.4263360721796743
}