{
    "gpsHeading": 354, 
    "gpsLatitude": 51.48365311578192, 
    "gpsLongitude": 6.8524668485261655, 
    "outsideTemperature": 19.0, 
    "speed": 17.38975, 
    "yawRate": 0.015375060771169523
}