{
    "gpsHeading": 60, 
    "gpsLatitude": 51.481975896956605, 
    "gpsLongitude": 6.852059907127023, 
    "outsideTemperature": 20.0, 
    "speed": 13.823687500000002, 
    "yawRate": 0.14313316201715315
}