{
    "gpsHeading": 265, 
    "gpsLatitude": 51.47147060625028, 
    "gpsLongitude": 6.859199863708582, 
    "outsideTemperature": 18.5, 
    "speed": 8.603437500000002, 
    "yawRate": -0.022296359521826885
}