{
    "gpsHeading": 123, 
    "gpsLatitude": 51.474114007054574, 
    "gpsLongitude": 6.8547193173663805, 
    "outsideTemperature": 19.0, 
    "speed": 6.3923125, 
    "yawRate": 0.0162093627529417
}