{
    "gpsHeading": 74, 
    "gpsLatitude": 51.486206494946124, 
    "gpsLongitude": 6.879735191211203, 
    "outsideTemperature": 19.0, 
    "speed": 14.081375000000001, 
    "yawRate": 0.09475170034713656
}