{
    "gpsHeading": 7, 
    "gpsLatitude": 51.4633026092443, 
    "gpsLongitude": 6.8633877139919, 
    "outsideTemperature": 16.0, 
    "speed": 13.1254375, 
    "yawRate": -0.05066241239036767
}