{
    "gpsHeading": 92, 
    "gpsLatitude": 51.4876108828231, 
    "gpsLongitude": 6.869287987093858, 
    "outsideTemperature": 17.5, 
    "speed": 16.458750000000002, 
    "yawRate": -0.008866916762974296
}