{
    "gpsHeading": 122, 
    "gpsLatitude": 51.48024394430355, 
    "gpsLongitude": 6.846396003694568, 
    "outsideTemperature": 24.5, 
    "speed": 3.4164375000000002, 
    "yawRate": -0.013248338961536758
}