{
    "gpsHeading": 0, 
    "gpsLatitude": 51.48957258344216, 
    "gpsLongitude": 6.880511271626154, 
    "outsideTemperature": 23.5, 
    "speed": 4.638375, 
    "yawRate": 0.05941132139187996
}