{
    "gpsHeading": 183, 
    "gpsLatitude": 51.48212341845249, 
    "gpsLongitude": 6.840049897162715, 
    "outsideTemperature": 22.0, 
    "speed": 6.001625000000001, 
    "yawRate": 0.1308888613593714
}