{
    "gpsHeading": 182, 
    "gpsLatitude": 51.46977871909441, 
    "gpsLongitude": 6.848877969043719, 
    "outsideTemperature": 17.5, 
    "speed": 7.3565625, 
    "yawRate": 0.007381283247933453
}