{
    "gpsHeading": 106, 
    "gpsLatitude": 51.48654872805276, 
    "gpsLongitude": 6.876950220062268, 
    "outsideTemperature": 21.0, 
    "speed": 14.181125000000002, 
    "yawRate": 0.006438040196224947
}