{
    "gpsHeading": 316, 
    "gpsLatitude": 51.47397453218574, 
    "gpsLongitude": 6.85494990352273, 
    "outsideTemperature": 17.5, 
    "speed": 3.807125, 
    "yawRate": -0.0021165943929986474
}