{
    "gpsHeading": 188, 
    "gpsLatitude": 51.46885344080292, 
    "gpsLongitude": 6.8487027034483345, 
    "outsideTemperature": 20.5, 
    "speed": 7.597625, 
    "yawRate": -0.05085038074992672
}