{
    "gpsHeading": 102, 
    "gpsLatitude": 51.48679004304516, 
    "gpsLongitude": 6.876114879591862, 
    "outsideTemperature": 21.5, 
    "speed": 12.726437500000001, 
    "yawRate": 0.002947381692236546
}