{
    "gpsHeading": 3, 
    "gpsLatitude": 51.46552255630021, 
    "gpsLongitude": 6.864363535159527, 
    "outsideTemperature": 15.5, 
    "speed": 11.753875, 
    "yawRate": 0.024910344220985245
}