{
    "gpsHeading": 166, 
    "gpsLatitude": 51.472014507947314, 
    "gpsLongitude": 6.859635471216572, 
    "outsideTemperature": 20.5, 
    "speed": 0.0, 
    "yawRate": -0.000742404301378898
}