{
    "gpsHeading": 142, 
    "gpsLatitude": 51.48175226777988, 
    "gpsLongitude": 6.8402240731106865, 
    "outsideTemperature": 20.5, 
    "speed": 5.6857500000000005, 
    "yawRate": -0.005072287370983958
}