{
    "gpsHeading": 92, 
    "gpsLatitude": 51.46724755197362, 
    "gpsLongitude": 6.850516547295384, 
    "outsideTemperature": 18.0, 
    "speed": 10.332437500000001, 
    "yawRate": -0.035172577990037285
}