{
    "gpsHeading": 96, 
    "gpsLatitude": 51.4672823368718, 
    "gpsLongitude": 6.8499082725819935, 
    "outsideTemperature": 18.5, 
    "speed": 10.2160625, 
    "yawRate": 0.03464059208973472
}