{
    "gpsHeading": 242, 
    "gpsLatitude": 51.48161564275814, 
    "gpsLongitude": 6.842280740692748, 
    "outsideTemperature": 18.5, 
    "speed": 10.024875000000002, 
    "yawRate": -0.035615549280884215
}