{
    "gpsHeading": 51, 
    "gpsLatitude": 51.47976567290839, 
    "gpsLongitude": 6.846073803336521, 
    "outsideTemperature": 22.5, 
    "speed": 9.0689375, 
    "yawRate": -0.02392184329252311
}