{
    "gpsHeading": 276, 
    "gpsLatitude": 51.47026453420243, 
    "gpsLongitude": 6.85071184563938, 
    "outsideTemperature": 18.0, 
    "speed": 10.1495625, 
    "yawRate": -0.007628548319217766
}