{
    "gpsHeading": 189, 
    "gpsLatitude": 51.459617002599224, 
    "gpsLongitude": 6.862448521741132, 
    "outsideTemperature": 16.0, 
    "speed": 14.3058125, 
    "yawRate": -0.02476018709956339
}