{
    "gpsHeading": 176, 
    "gpsLatitude": 51.471661713642675, 
    "gpsLongitude": 6.863845701181392, 
    "outsideTemperature": 27.5, 
    "speed": 11.9783125, 
    "yawRate": 0.002072195811787831
}