{
    "gpsHeading": 175, 
    "gpsLatitude": 51.47010955281272, 
    "gpsLongitude": 6.848941587688824, 
    "outsideTemperature": 17.5, 
    "speed": 6.3258125000000005, 
    "yawRate": 0.004239690594343593
}