{
    "gpsHeading": 276, 
    "gpsLatitude": 51.458754840038644, 
    "gpsLongitude": 6.860635180808272, 
    "outsideTemperature": 16.0, 
    "speed": 9.6674375, 
    "yawRate": 0.011368128416718502
}