{
    "gpsHeading": 0, 
    "gpsLatitude": 51.47412339478613, 
    "gpsLongitude": 6.856751845067276, 
    "outsideTemperature": 18.5, 
    "speed": 13.624187500000001, 
    "yawRate": 0.0002902997427713587
}