{
    "gpsHeading": 0, 
    "gpsLatitude": 51.47678951054804, 
    "gpsLongitude": 6.853707705472178, 
    "outsideTemperature": 17.5, 
    "speed": 12.651625000000001, 
    "yawRate": 0.0030828265459616837
}