{
    "gpsHeading": 298, 
    "gpsLatitude": 51.46928066640774, 
    "gpsLongitude": 6.866773248503307, 
    "outsideTemperature": 22.5, 
    "speed": 12.718125000000002, 
    "yawRate": -0.0045026690182796685
}