{
    "gpsHeading": 92, 
    "gpsLatitude": 51.467493141736654, 
    "gpsLongitude": 6.846226018698182, 
    "outsideTemperature": 15.5, 
    "speed": 12.302500000000002, 
    "yawRate": -0.017021481417757778
}