{
    "gpsHeading": 106, 
    "gpsLatitude": 51.48643758401664, 
    "gpsLongitude": 6.8775413118741575, 
    "outsideTemperature": 20.5, 
    "speed": 14.006562500000001, 
    "yawRate": -0.002288606063746553
}