{
    "gpsHeading": 48, 
    "gpsLatitude": 51.48906145498657, 
    "gpsLongitude": 6.884724938171274, 
    "outsideTemperature": 19.0, 
    "speed": 8.1711875, 
    "yawRate": 0.0031219146174358173
}