{
    "gpsHeading": 92, 
    "gpsLatitude": 51.46768089636777, 
    "gpsLongitude": 6.8436962765009195, 
    "outsideTemperature": 16.0, 
    "speed": 14.0564375, 
    "yawRate": -0.028889720331319136
}