{
    "gpsHeading": 54, 
    "gpsLatitude": 51.48784121752234, 
    "gpsLongitude": 6.861664059422976, 
    "outsideTemperature": 17.5, 
    "speed": 9.1520625, 
    "yawRate": -0.03242886166489675
}