{
    "gpsHeading": 94, 
    "gpsLatitude": 51.466862822617884, 
    "gpsLongitude": 6.857180998509824, 
    "outsideTemperature": 17.5, 
    "speed": 7.94675, 
    "yawRate": -0.0017218409732387497
}