{
    "gpsHeading": 109, 
    "gpsLatitude": 51.481647577809234, 
    "gpsLongitude": 6.843669370591739, 
    "outsideTemperature": 26.0, 
    "speed": 5.1786875, 
    "yawRate": 0.005015875862861651
}