{
    "gpsHeading": 273, 
    "gpsLatitude": 51.462053705671224, 
    "gpsLongitude": 6.867098550165527, 
    "outsideTemperature": 17.5, 
    "speed": 9.426375, 
    "yawRate": -0.01470862979928505
}