{
    "gpsHeading": 356, 
    "gpsLatitude": 51.46594676441988, 
    "gpsLongitude": 6.864344927334487, 
    "outsideTemperature": 15.5, 
    "speed": 11.562687500000001, 
    "yawRate": -0.013661432248088431
}