{
    "gpsHeading": 51, 
    "gpsLatitude": 51.485047864470246, 
    "gpsLongitude": 6.852898767996761, 
    "outsideTemperature": 18.5, 
    "speed": 9.27675, 
    "yawRate": -0.027036440052291097
}