{
    "gpsHeading": 84, 
    "gpsLatitude": 51.487759242509284, 
    "gpsLongitude": 6.864571322539249, 
    "outsideTemperature": 18.0, 
    "speed": 15.311625000000001, 
    "yawRate": 0.03110112310769553
}