{
    "gpsHeading": 179, 
    "gpsLatitude": 51.47104371592157, 
    "gpsLongitude": 6.849085756423441, 
    "outsideTemperature": 17.0, 
    "speed": 4.5303125, 
    "yawRate": 0.014013534405511714
}