{
    "gpsHeading": 225, 
    "gpsLatitude": 51.4724398057144, 
    "gpsLongitude": 6.851051564175055, 
    "outsideTemperature": 17.0, 
    "speed": 13.416375, 
    "yawRate": 0.0035415588935455164
}