{
    "gpsHeading": 302, 
    "gpsLatitude": 51.47352232850945, 
    "gpsLongitude": 6.855992444639636, 
    "outsideTemperature": 18.0, 
    "speed": 11.07225, 
    "yawRate": -0.028820131948511955
}