{
    "gpsHeading": 312, 
    "gpsLatitude": 51.478557589203774, 
    "gpsLongitude": 6.84969403113683, 
    "outsideTemperature": 17.0, 
    "speed": 11.620875000000002, 
    "yawRate": 0.030484495802272076
}