{
    "gpsHeading": 89, 
    "gpsLatitude": 51.46669619038277, 
    "gpsLongitude": 6.860036880559623, 
    "outsideTemperature": 17.0, 
    "speed": 10.9808125, 
    "yawRate": 0.001768817530749652
}