{
    "gpsHeading": 78, 
    "gpsLatitude": 51.48155093446562, 
    "gpsLongitude": 6.84193322698709, 
    "outsideTemperature": 23.5, 
    "speed": 9.775500000000001, 
    "yawRate": 0.03648201454479599
}