{
    "gpsHeading": 357, 
    "gpsLatitude": 51.47152173585964, 
    "gpsLongitude": 6.864033204355404, 
    "outsideTemperature": 17.5, 
    "speed": 13.998250000000002, 
    "yawRate": 0.008936366222076126
}