{
    "gpsHeading": 16, 
    "gpsLatitude": 51.463986153448225, 
    "gpsLongitude": 6.863751572408709, 
    "outsideTemperature": 16.0, 
    "speed": 13.4413125, 
    "yawRate": 0.0023955968702584155
}