{
    "gpsHeading": 76, 
    "gpsLatitude": 51.48608898066361, 
    "gpsLongitude": 6.855593801324632, 
    "outsideTemperature": 18.0, 
    "speed": 14.8876875, 
    "yawRate": -0.017262596241122974
}