{
    "gpsHeading": 201, 
    "gpsLatitude": 50.81668295192279, 
    "gpsLongitude": 7.154736801022689, 
    "outsideTemperature": 22.0, 
    "speed": 7.6890625, 
    "yawRate": -0.008748462902374646
}