{
    "gpsHeading": 33, 
    "gpsLatitude": 50.81812874640145, 
    "gpsLongitude": 7.150823206611243, 
    "outsideTemperature": 21.5, 
    "speed": 8.295875, 
    "yawRate": -0.10142544618327201
}