{
    "gpsHeading": 200, 
    "gpsLatitude": 50.81482376197953, 
    "gpsLongitude": 7.1542353955747355, 
    "outsideTemperature": 26.5, 
    "speed": 5.9766875, 
    "yawRate": 0.1288258316457615
}