{
    "gpsHeading": 57, 
    "gpsLatitude": 50.817568751450324, 
    "gpsLongitude": 7.150025165609948, 
    "outsideTemperature": 22.0, 
    "speed": 11.571, 
    "yawRate": 0.03924809152746861
}