{
    "gpsHeading": 293, 
    "gpsLatitude": 50.81720011534869, 
    "gpsLongitude": 7.150014855869047, 
    "outsideTemperature": 21.5, 
    "speed": 2.6516875000000004, 
    "yawRate": -0.002426445740909185
}