{
    "gpsHeading": 296, 
    "gpsLatitude": 50.81435705761076, 
    "gpsLongitude": 7.151093187712497, 
    "outsideTemperature": 23.5, 
    "speed": 9.858625, 
    "yawRate": -0.013767568242172103
}