{
    "gpsHeading": 296, 
    "gpsLatitude": 50.81424264463243, 
    "gpsLongitude": 7.15146241054737, 
    "outsideTemperature": 23.5, 
    "speed": 9.359875, 
    "yawRate": 0.025327807002499387
}