{
    "gpsHeading": 300, 
    "gpsLatitude": 50.81338961834631, 
    "gpsLongitude": 7.153306261607805, 
    "outsideTemperature": 25.5, 
    "speed": 11.720625000000002, 
    "yawRate": -0.05792439831762841
}