{
    "gpsHeading": 296, 
    "gpsLatitude": 50.816438200350085, 
    "gpsLongitude": 7.152629842021565, 
    "outsideTemperature": 21.5, 
    "speed": 6.3258125000000005, 
    "yawRate": 0.0026350090898746422
}