{
    "gpsHeading": 298, 
    "gpsLatitude": 50.81416125635259, 
    "gpsLongitude": 7.151724847935769, 
    "outsideTemperature": 24.0, 
    "speed": 10.166187500000001, 
    "yawRate": -0.0024229281042095494
}