{
    "gpsHeading": 202, 
    "gpsLatitude": 50.815165156895866, 
    "gpsLongitude": 7.1543790613951606, 
    "outsideTemperature": 27.0, 
    "speed": 6.9908125000000005, 
    "yawRate": 0.013983166864536833
}