{
    "gpsHeading": 307, 
    "gpsLatitude": 50.81389370600325, 
    "gpsLongitude": 7.152336559229492, 
    "outsideTemperature": 24.0, 
    "speed": 10.2991875, 
    "yawRate": 0.024978741152100845
}