{
    "gpsHeading": 45, 
    "gpsLatitude": 50.814292936051466, 
    "gpsLongitude": 7.152380983316302, 
    "outsideTemperature": 23.5, 
    "speed": 8.628375, 
    "yawRate": 0.0014132786134787513
}