{
    "gpsHeading": 291, 
    "gpsLatitude": 50.815387109691926, 
    "gpsLongitude": 7.147722405350671, 
    "outsideTemperature": 23.0, 
    "speed": 8.262625000000002, 
    "yawRate": 0.033879920337271614
}