{
    "gpsHeading": 21, 
    "gpsLatitude": 50.81732517334406, 
    "gpsLongitude": 7.149584026045832, 
    "outsideTemperature": 25.5, 
    "speed": 4.8129375, 
    "yawRate": 0.6119016426402173
}