{
    "gpsHeading": 290, 
    "gpsLatitude": 50.814517654875594, 
    "gpsLongitude": 7.150568480573759, 
    "outsideTemperature": 23.5, 
    "speed": 4.339125, 
    "yawRate": 0.06721570905036318
}