{
    "gpsHeading": 110, 
    "gpsLatitude": 50.815896813224, 
    "gpsLongitude": 7.154459862941768, 
    "outsideTemperature": 26.0, 
    "speed": 2.0531875000000004, 
    "yawRate": -0.002248395179010278
}