{
    "gpsHeading": 34, 
    "gpsLatitude": 50.81683684366509, 
    "gpsLongitude": 7.149034340835611, 
    "outsideTemperature": 22.5, 
    "speed": 9.642500000000002, 
    "yawRate": 0.04382829707363901
}