{
    "gpsHeading": 41, 
    "gpsLatitude": 50.81669711733915, 
    "gpsLongitude": 7.14884013213906, 
    "outsideTemperature": 23.0, 
    "speed": 10.3158125, 
    "yawRate": 0.04836615312882502
}