{
    "gpsHeading": 290, 
    "gpsLatitude": 50.817473449211214, 
    "gpsLongitude": 7.149068455181552, 
    "outsideTemperature": 25.5, 
    "speed": 9.925125000000001, 
    "yawRate": -0.0022797211365768936
}