{
    "gpsHeading": 191, 
    "gpsLatitude": 50.81732098239248, 
    "gpsLongitude": 7.155615392113494, 
    "outsideTemperature": 21.5, 
    "speed": 6.932625000000001, 
    "yawRate": -0.061457406312602186
}