{
    "gpsHeading": 310, 
    "gpsLatitude": 50.81370989086662, 
    "gpsLongitude": 7.152632356592515, 
    "outsideTemperature": 22.0, 
    "speed": 6.6583125, 
    "yawRate": 0.005407897646838264
}