{
    "gpsHeading": 105, 
    "gpsLatitude": 50.81766933428842, 
    "gpsLongitude": 7.155100407982402, 
    "outsideTemperature": 21.5, 
    "speed": 9.792125, 
    "yawRate": -0.010842858004767884
}