{
    "gpsHeading": 292, 
    "gpsLatitude": 50.81547847243655, 
    "gpsLongitude": 7.147425685978266, 
    "outsideTemperature": 23.0, 
    "speed": 6.367375, 
    "yawRate": -0.26282605250175944
}