{
    "gpsHeading": 295, 
    "gpsLatitude": 50.81658371018919, 
    "gpsLongitude": 7.15213849485745, 
    "outsideTemperature": 21.5, 
    "speed": 7.714, 
    "yawRate": -0.011851223701678761
}