{
    "gpsHeading": 308, 
    "gpsLatitude": 50.81582322011413, 
    "gpsLongitude": 7.154679301166898, 
    "outsideTemperature": 23.0, 
    "speed": 5.9766875, 
    "yawRate": -0.005917104244897586
}