{
    "gpsHeading": 112, 
    "gpsLatitude": 50.81807376111661, 
    "gpsLongitude": 7.153761818045345, 
    "outsideTemperature": 21.0, 
    "speed": 9.3848125, 
    "yawRate": -0.018522306713542765
}