{
    "gpsHeading": 323, 
    "gpsLatitude": 50.81566622706765, 
    "gpsLongitude": 7.147266262179878, 
    "outsideTemperature": 23.5, 
    "speed": 6.600125, 
    "yawRate": -0.4038486560628986
}