{
    "gpsHeading": 126, 
    "gpsLatitude": 50.815970406333875, 
    "gpsLongitude": 7.154199856305287, 
    "outsideTemperature": 25.5, 
    "speed": 4.4804375, 
    "yawRate": 0.05272947625881077
}