{
    "gpsHeading": 297, 
    "gpsLatitude": 50.814956531325834, 
    "gpsLongitude": 7.149132660559879, 
    "outsideTemperature": 24.0, 
    "speed": 11.172, 
    "yawRate": 0.006652784006160493
}