{
    "gpsHeading": 284, 
    "gpsLatitude": 50.814589320147725, 
    "gpsLongitude": 7.150335128389365, 
    "outsideTemperature": 23.5, 
    "speed": 5.6109375, 
    "yawRate": -0.0666510445775999
}