{
    "gpsHeading": 308, 
    "gpsLatitude": 50.813625149825505, 
    "gpsLongitude": 7.152781554469035, 
    "outsideTemperature": 24.5, 
    "speed": 11.0306875, 
    "yawRate": -0.01341850239177356
}