{
    "gpsHeading": 290, 
    "gpsLatitude": 50.817034321303886, 
    "gpsLongitude": 7.150587339855895, 
    "outsideTemperature": 22.0, 
    "speed": 7.7223125, 
    "yawRate": -0.0017283140401111077
}