{
    "gpsHeading": 46, 
    "gpsLatitude": 50.817644272397935, 
    "gpsLongitude": 7.150132370151546, 
    "outsideTemperature": 22.0, 
    "speed": 11.521125000000001, 
    "yawRate": 0.019525870979933094
}