{
    "gpsHeading": 352, 
    "gpsLatitude": 50.81745626630971, 
    "gpsLongitude": 7.149865155078338, 
    "outsideTemperature": 22.0, 
    "speed": 7.8220625, 
    "yawRate": -0.13441216904596404
}