{
    "gpsHeading": 194, 
    "gpsLatitude": 50.813531272509955, 
    "gpsLongitude": 7.154188456916975, 
    "outsideTemperature": 24.5, 
    "speed": 6.159562500000001, 
    "yawRate": 0.05569653598720037
}