{
    "gpsHeading": 295, 
    "gpsLatitude": 50.81328316817598, 
    "gpsLongitude": 7.153559562721749, 
    "outsideTemperature": 25.5, 
    "speed": 10.756375, 
    "yawRate": -0.007135317084593842
}