{
    "gpsHeading": 118, 
    "gpsLatitude": 50.81759347806469, 
    "gpsLongitude": 7.1553517812586165, 
    "outsideTemperature": 21.5, 
    "speed": 8.063125000000001, 
    "yawRate": 0.009577494243565705
}