{
    "gpsHeading": 89, 
    "gpsLatitude": 50.81826654488964, 
    "gpsLongitude": 7.151862646423975, 
    "outsideTemperature": 21.5, 
    "speed": 10.989125000000001, 
    "yawRate": -0.010144726303969807
}