{
    "gpsHeading": 112, 
    "gpsLatitude": 50.817973429735616, 
    "gpsLongitude": 7.154093741411102, 
    "outsideTemperature": 21.0, 
    "speed": 6.1263125, 
    "yawRate": 0.10190541167406454
}