{
    "gpsHeading": 299, 
    "gpsLatitude": 50.81603788065445, 
    "gpsLongitude": 7.153978490242428, 
    "outsideTemperature": 22.5, 
    "speed": 7.838687500000001, 
    "yawRate": -0.002950044516506999
}