{
    "gpsHeading": 288, 
    "gpsLatitude": 50.814660398686655, 
    "gpsLongitude": 7.150101860024002, 
    "outsideTemperature": 23.5, 
    "speed": 7.9550625, 
    "yawRate": 0.0033366584273713633
}