{
    "gpsHeading": 177, 
    "gpsLatitude": 50.813924048492744, 
    "gpsLongitude": 7.154280741670926, 
    "outsideTemperature": 25.0, 
    "speed": 8.1046875, 
    "yawRate": -0.04221643504967911
}