{
    "gpsHeading": 74, 
    "gpsLatitude": 50.814392093966035, 
    "gpsLongitude": 7.152715672710074, 
    "outsideTemperature": 23.5, 
    "speed": 9.193625, 
    "yawRate": 0.0038567395662705336
}