{
    "gpsHeading": 165, 
    "gpsLatitude": 50.81464849638416, 
    "gpsLongitude": 7.154243526020812, 
    "outsideTemperature": 26.5, 
    "speed": 8.6533125, 
    "yawRate": -0.01446569994297018
}