{
    "gpsHeading": 304, 
    "gpsLatitude": 50.815895723576595, 
    "gpsLongitude": 7.154442344764139, 
    "outsideTemperature": 22.5, 
    "speed": 6.500375000000001, 
    "yawRate": -0.006615235945695664
}