{
    "gpsHeading": 303, 
    "gpsLatitude": 50.816256229232145, 
    "gpsLongitude": 7.153244319343335, 
    "outsideTemperature": 21.5, 
    "speed": 8.403937500000001, 
    "yawRate": 0.0005406139874814032
}