{
    "gpsHeading": 295, 
    "gpsLatitude": 50.81443350056772, 
    "gpsLongitude": 7.150843490816917, 
    "outsideTemperature": 23.5, 
    "speed": 8.570187500000001, 
    "yawRate": -0.10661908444826974
}