{
    "gpsHeading": 306, 
    "gpsLatitude": 50.817549556892054, 
    "gpsLongitude": 7.148800737194153, 
    "outsideTemperature": 25.0, 
    "speed": 10.6316875, 
    "yawRate": 0.0029562666194062046
}