{
    "gpsHeading": 34, 
    "gpsLatitude": 50.8171531766909, 
    "gpsLongitude": 7.149447652481198, 
    "outsideTemperature": 24.5, 
    "speed": 2.4854375, 
    "yawRate": -0.03683724032606435
}