{
    "gpsHeading": 207, 
    "gpsLatitude": 50.816846231396646, 
    "gpsLongitude": 7.154963196227418, 
    "outsideTemperature": 22.0, 
    "speed": 7.98, 
    "yawRate": -0.007875798276377298
}