{
    "gpsHeading": 84, 
    "gpsLatitude": 50.81826654488964, 
    "gpsLongitude": 7.152653227531446, 
    "outsideTemperature": 21.5, 
    "speed": 11.07225, 
    "yawRate": -0.01590431283555072
}