{
    "gpsHeading": 306, 
    "gpsLatitude": 50.81394232104166, 
    "gpsLongitude": 7.1522501418077615, 
    "outsideTemperature": 23.5, 
    "speed": 4.671625000000001, 
    "yawRate": 0.025673355216199286
}