{
    "gpsHeading": 58, 
    "gpsLatitude": 50.81827065202219, 
    "gpsLongitude": 7.151217072241439, 
    "outsideTemperature": 21.5, 
    "speed": 11.0971875, 
    "yawRate": -0.01991857011513793
}