{
    "gpsHeading": 35, 
    "gpsLatitude": 50.81794426071256, 
    "gpsLongitude": 7.150559595756365, 
    "outsideTemperature": 21.5, 
    "speed": 9.193625, 
    "yawRate": 0.2713768820427107
}