{
    "gpsHeading": 33, 
    "gpsLatitude": 50.81536707694335, 
    "gpsLongitude": 7.154525157967507, 
    "outsideTemperature": 23.5, 
    "speed": 5.9268125000000005, 
    "yawRate": -0.06124404153311718
}