{
    "gpsHeading": 276, 
    "gpsLatitude": 50.816823767896125, 
    "gpsLongitude": 7.151316565432118, 
    "outsideTemperature": 22.0, 
    "speed": 4.4970625, 
    "yawRate": -0.03157344424921427
}