{
    "gpsHeading": 304, 
    "gpsLatitude": 50.81350570770527, 
    "gpsLongitude": 7.153036531963613, 
    "outsideTemperature": 22.0, 
    "speed": 6.400625000000001, 
    "yawRate": -0.02007390943227816
}