{
    "gpsHeading": 45, 
    "gpsLatitude": 50.81654959584327, 
    "gpsLongitude": 7.148621280647152, 
    "outsideTemperature": 23.0, 
    "speed": 11.2468125, 
    "yawRate": 0.009096244958953267
}