{
    "gpsHeading": 64, 
    "gpsLatitude": 50.814462921047856, 
    "gpsLongitude": 7.152952126198642, 
    "outsideTemperature": 23.0, 
    "speed": 9.2351875, 
    "yawRate": -0.008884163973288174
}