{
    "gpsHeading": 297, 
    "gpsLatitude": 50.81595816875526, 
    "gpsLongitude": 7.154238245421813, 
    "outsideTemperature": 22.5, 
    "speed": 6.65, 
    "yawRate": 0.0038567395662705336
}