{
    "gpsHeading": 199, 
    "gpsLatitude": 50.81549096147228, 
    "gpsLongitude": 7.15461601779792, 
    "outsideTemperature": 28.0, 
    "speed": 6.741437500000001, 
    "yawRate": 0.028120333805690702
}