{
    "gpsHeading": 293, 
    "gpsLatitude": 50.81635236966156, 
    "gpsLongitude": 7.152919017681115, 
    "outsideTemperature": 21.5, 
    "speed": 7.6308750000000005, 
    "yawRate": 0.0026350090898746422
}