{
    "gpsHeading": 111, 
    "gpsLatitude": 50.8158107310784, 
    "gpsLongitude": 7.154752139905492, 
    "outsideTemperature": 26.5, 
    "speed": 0.9725625000000001, 
    "yawRate": -0.015687430419366072
}