{
    "gpsHeading": 219, 
    "gpsLatitude": 50.81709676648254, 
    "gpsLongitude": 7.155309285009535, 
    "outsideTemperature": 21.5, 
    "speed": 6.9409375, 
    "yawRate": -0.0008944812684004938
}