{
    "gpsHeading": 125, 
    "gpsLatitude": 49.40141251478331, 
    "gpsLongitude": 8.674767784442635, 
    "outsideTemperature": 17.0, 
    "speed": 13.690687500000001, 
    "yawRate": -0.013584354210012143
}