{
    "gpsHeading": 179, 
    "gpsLatitude": 49.4069733208067, 
    "gpsLongitude": 8.69265887295064, 
    "outsideTemperature": 16.0, 
    "speed": 7.9051875, 
    "yawRate": -0.004898414882458707
}