{
    "gpsHeading": 353, 
    "gpsLatitude": 49.40850217994582, 
    "gpsLongitude": 8.69390643541922, 
    "outsideTemperature": 15.0, 
    "speed": 5.444687500000001, 
    "yawRate": 0.013004067890321193
}