{
    "gpsHeading": 261, 
    "gpsLatitude": 49.40821970980882, 
    "gpsLongitude": 8.697819191640317, 
    "outsideTemperature": 15.5, 
    "speed": 8.994125, 
    "yawRate": -0.019633589121972297
}