{
    "gpsHeading": 71, 
    "gpsLatitude": 49.41220161673114, 
    "gpsLongitude": 8.698671128279036, 
    "outsideTemperature": 15.0, 
    "speed": 10.1163125, 
    "yawRate": 0.0075496657996321275
}