{
    "gpsHeading": 253, 
    "gpsLatitude": 49.41232776437392, 
    "gpsLongitude": 8.698698620921439, 
    "outsideTemperature": 20.0, 
    "speed": 5.61925, 
    "yawRate": 0.014651056892250353
}