{
    "gpsHeading": 79, 
    "gpsLatitude": 49.41365386527523, 
    "gpsLongitude": 8.711741951909163, 
    "outsideTemperature": 15.0, 
    "speed": 10.07475, 
    "yawRate": -0.040352467248025325
}