{
    "gpsHeading": 76, 
    "gpsLatitude": 49.4133327545646, 
    "gpsLongitude": 8.69067252953622, 
    "outsideTemperature": 16.5, 
    "speed": 9.1105, 
    "yawRate": -0.006054110904275625
}