{
    "gpsHeading": 196, 
    "gpsLatitude": 49.42138550040192, 
    "gpsLongitude": 8.676383647736706, 
    "outsideTemperature": 16.5, 
    "speed": 11.778812499999999, 
    "yawRate": 0.0409943023111698
}