{
    "gpsHeading": 73, 
    "gpsLatitude": 49.41391278226432, 
    "gpsLongitude": 8.700579436174896, 
    "outsideTemperature": 17.0, 
    "speed": 9.725625, 
    "yawRate": -0.028887435837433854
}