{
    "gpsHeading": 33, 
    "gpsLatitude": 49.405773870462355, 
    "gpsLongitude": 8.689222795563076, 
    "outsideTemperature": 18.0, 
    "speed": 5.187, 
    "yawRate": 0.054884571474961195
}