{
    "gpsHeading": 193, 
    "gpsLatitude": 49.40328251738166, 
    "gpsLongitude": 8.691896119761731, 
    "outsideTemperature": 15.0, 
    "speed": 10.091375000000001, 
    "yawRate": 0.05147571995695651
}