{
    "gpsHeading": 225, 
    "gpsLatitude": 49.42281386052198, 
    "gpsLongitude": 8.67814921182149, 
    "outsideTemperature": 16.5, 
    "speed": 11.571, 
    "yawRate": -0.0017662643626903554
}