{
    "gpsHeading": 129, 
    "gpsLatitude": 49.4008060840886, 
    "gpsLongitude": 8.676002522599331, 
    "outsideTemperature": 16.5, 
    "speed": 13.167000000000002, 
    "yawRate": 0.020798632054276046
}