{
    "gpsHeading": 252, 
    "gpsLatitude": 49.4174289068272, 
    "gpsLongitude": 8.69025695477681, 
    "outsideTemperature": 19.0, 
    "speed": 7.9550625, 
    "yawRate": 0.00329519046809248
}