{
    "gpsHeading": 261, 
    "gpsLatitude": 49.408494971509086, 
    "gpsLongitude": 8.699374705231554, 
    "outsideTemperature": 15.5, 
    "speed": 9.401437500000002, 
    "yawRate": 0.02557043850467964
}