{
    "gpsHeading": 91, 
    "gpsLatitude": 49.40686997194054, 
    "gpsLongitude": 8.693791435707642, 
    "outsideTemperature": 16.5, 
    "speed": 8.0049375, 
    "yawRate": 0.2530374469379996
}