{
    "gpsHeading": 82, 
    "gpsLatitude": 49.4133274739656, 
    "gpsLongitude": 8.690407493757837, 
    "outsideTemperature": 16.5, 
    "speed": 9.609250000000001, 
    "yawRate": 0.006337726784883547
}