{
    "gpsHeading": 252, 
    "gpsLatitude": 49.408173860798456, 
    "gpsLongitude": 8.697578044285974, 
    "outsideTemperature": 15.5, 
    "speed": 9.160375, 
    "yawRate": 0.006371816732742932
}