{
    "gpsHeading": 239, 
    "gpsLatitude": 49.4145307799854, 
    "gpsLongitude": 8.717869709863297, 
    "outsideTemperature": 22.0, 
    "speed": 6.5918125000000005, 
    "yawRate": 0.026402024525625865
}