{
    "gpsHeading": 78, 
    "gpsLatitude": 49.41352277230958, 
    "gpsLongitude": 8.709591155554454, 
    "outsideTemperature": 14.5, 
    "speed": 4.8461875, 
    "yawRate": 0.025177491244774402
}