{
    "gpsHeading": 353, 
    "gpsLatitude": 49.40422162581338, 
    "gpsLongitude": 8.684639738545053, 
    "outsideTemperature": 16.5, 
    "speed": 2.6101250000000005, 
    "yawRate": 0.16065391943369275
}