{
    "gpsHeading": 261, 
    "gpsLatitude": 49.413536099535634, 
    "gpsLongitude": 8.709830291252036, 
    "outsideTemperature": 21.0, 
    "speed": 10.241000000000001, 
    "yawRate": -0.013786896806018144
}