{
    "gpsHeading": 77, 
    "gpsLatitude": 49.41298884507734, 
    "gpsLongitude": 8.703631119482846, 
    "outsideTemperature": 14.5, 
    "speed": 11.379812500000002, 
    "yawRate": 0.009294995051626823
}