{
    "gpsHeading": 357, 
    "gpsLatitude": 49.40228305924707, 
    "gpsLongitude": 8.687055822135243, 
    "outsideTemperature": 16.0, 
    "speed": 5.2950625, 
    "yawRate": 0.005360867282043066
}