{
    "gpsHeading": 266, 
    "gpsLatitude": 49.41735414025087, 
    "gpsLongitude": 8.684378055527938, 
    "outsideTemperature": 17.0, 
    "speed": 9.567687500000002, 
    "yawRate": -0.0096202459966655
}