{
    "gpsHeading": 60, 
    "gpsLatitude": 49.405944693649054, 
    "gpsLongitude": 8.690294170426924, 
    "outsideTemperature": 17.5, 
    "speed": 5.735625000000001, 
    "yawRate": -0.013706868128413922
}