{
    "gpsHeading": 84, 
    "gpsLatitude": 49.41335831936929, 
    "gpsLongitude": 8.693443335268794, 
    "outsideTemperature": 16.0, 
    "speed": 8.512, 
    "yawRate": 0.0056395950840864625
}