{
    "gpsHeading": 354, 
    "gpsLatitude": 49.42221329715949, 
    "gpsLongitude": 8.68057610806677, 
    "outsideTemperature": 17.5, 
    "speed": 10.108, 
    "yawRate": 0.008880244074474122
}