{
    "gpsHeading": 76, 
    "gpsLatitude": 49.41557550039714, 
    "gpsLongitude": 8.713726116028758, 
    "outsideTemperature": 17.0, 
    "speed": 10.166187500000001, 
    "yawRate": 0.005495550426854332
}