{
    "gpsHeading": 90, 
    "gpsLatitude": 49.413473570537946, 
    "gpsLongitude": 8.708101691360275, 
    "outsideTemperature": 14.5, 
    "speed": 9.102187500000001, 
    "yawRate": 0.05100836417429035
}