{
    "gpsHeading": 69, 
    "gpsLatitude": 49.41303804684897, 
    "gpsLongitude": 8.703935298749075, 
    "outsideTemperature": 14.5, 
    "speed": 11.3299375, 
    "yawRate": -0.010950824271507493
}