{
    "gpsHeading": 99, 
    "gpsLatitude": 49.40327329728816, 
    "gpsLongitude": 8.682644175037145, 
    "outsideTemperature": 16.0, 
    "speed": 2.4189375, 
    "yawRate": -0.16385420550422097
}