{
    "gpsHeading": 189, 
    "gpsLatitude": 49.40534689631462, 
    "gpsLongitude": 8.692502550456423, 
    "outsideTemperature": 15.5, 
    "speed": 10.5984375, 
    "yawRate": 0.0010357045743214764
}