{
    "gpsHeading": 173, 
    "gpsLatitude": 49.409881673570354, 
    "gpsLongitude": 8.692586956221394, 
    "outsideTemperature": 24.5, 
    "speed": 0.0, 
    "yawRate": 1.1376078728744451e-05
}