{
    "gpsHeading": 258, 
    "gpsLatitude": 49.413421351281166, 
    "gpsLongitude": 8.706703925186794, 
    "outsideTemperature": 19.5, 
    "speed": 10.2991875, 
    "yawRate": -0.005583849321645449
}