{
    "gpsHeading": 158, 
    "gpsLatitude": 49.408733017559264, 
    "gpsLongitude": 8.692373385328517, 
    "outsideTemperature": 17.0, 
    "speed": 6.982500000000001, 
    "yawRate": -0.0037004860303615638
}