{
    "gpsHeading": 35, 
    "gpsLatitude": 49.40301412884199, 
    "gpsLongitude": 8.68133835834152, 
    "outsideTemperature": 16.5, 
    "speed": 7.7056875, 
    "yawRate": 0.02115069520717424
}