{
    "gpsHeading": 157, 
    "gpsLatitude": 49.41047829743835, 
    "gpsLongitude": 8.692239191058675, 
    "outsideTemperature": 16.5, 
    "speed": 7.7389375000000005, 
    "yawRate": -0.007059603174190108
}