{
    "gpsHeading": 71, 
    "gpsLatitude": 49.40632389094871, 
    "gpsLongitude": 8.68786584925807, 
    "outsideTemperature": 15.5, 
    "speed": 10.87275, 
    "yawRate": -0.0003043158343420244
}