{
    "gpsHeading": 47, 
    "gpsLatitude": 49.409108862097625, 
    "gpsLongitude": 8.698296373388072, 
    "outsideTemperature": 15.0, 
    "speed": 3.408125, 
    "yawRate": -0.03005502466125939
}