{
    "gpsHeading": 168, 
    "gpsLatitude": 49.41330886614056, 
    "gpsLongitude": 8.676418600272967, 
    "outsideTemperature": 17.0, 
    "speed": 7.2734375, 
    "yawRate": -0.0010883529774377767
}