{
    "gpsHeading": 83, 
    "gpsLatitude": 49.41341556776796, 
    "gpsLongitude": 8.694644210536678, 
    "outsideTemperature": 16.0, 
    "speed": 8.669937500000001, 
    "yawRate": -0.0013417219238913327
}