{
    "gpsHeading": 260, 
    "gpsLatitude": 49.41729496401445, 
    "gpsLongitude": 8.681003082214527, 
    "outsideTemperature": 17.0, 
    "speed": 9.459624999999999, 
    "yawRate": 0.005040519720087176
}