{
    "gpsHeading": 81, 
    "gpsLatitude": 49.415631072415195, 
    "gpsLongitude": 8.714300611672368, 
    "outsideTemperature": 17.0, 
    "speed": 9.842, 
    "yawRate": 0.029057495328776786
}