{
    "gpsHeading": 273, 
    "gpsLatitude": 49.41736051049729, 
    "gpsLongitude": 8.683611698120632, 
    "outsideTemperature": 17.0, 
    "speed": 9.509500000000001, 
    "yawRate": -0.01520529960304714
}