{
    "gpsHeading": 212, 
    "gpsLatitude": 49.406240239555025, 
    "gpsLongitude": 8.670563086533944, 
    "outsideTemperature": 19.0, 
    "speed": 13.26675, 
    "yawRate": 0.005758863784799343
}