{
    "gpsHeading": 189, 
    "gpsLatitude": 49.40419966522706, 
    "gpsLongitude": 8.692187558535105, 
    "outsideTemperature": 15.5, 
    "speed": 5.253500000000001, 
    "yawRate": -0.004549349032060165
}