{
    "gpsHeading": 212, 
    "gpsLatitude": 49.40744832325963, 
    "gpsLongitude": 8.671787766406833, 
    "outsideTemperature": 21.5, 
    "speed": 10.6150625, 
    "yawRate": -0.016581350640727223
}