{
    "gpsHeading": 355, 
    "gpsLatitude": 49.42202302795741, 
    "gpsLongitude": 8.680577784447404, 
    "outsideTemperature": 17.5, 
    "speed": 10.5153125, 
    "yawRate": -0.015554365453445683
}