{
    "gpsHeading": 101, 
    "gpsLatitude": 49.406920850092824, 
    "gpsLongitude": 8.69319866751512, 
    "outsideTemperature": 16.5, 
    "speed": 8.7696875, 
    "yawRate": 0.0273663746551365
}