{
    "gpsHeading": 70, 
    "gpsLatitude": 49.41625384782108, 
    "gpsLongitude": 8.716865054948759, 
    "outsideTemperature": 17.5, 
    "speed": 10.1745, 
    "yawRate": -0.006721754337106562
}