{
    "gpsHeading": 139, 
    "gpsLatitude": 49.41416105423636, 
    "gpsLongitude": 8.717422200052804, 
    "outsideTemperature": 15.5, 
    "speed": 4.738125, 
    "yawRate": -0.015394258944506713
}