{
    "gpsHeading": 347, 
    "gpsLatitude": 49.409640526216016, 
    "gpsLongitude": 8.693516676921577, 
    "outsideTemperature": 17.0, 
    "speed": 8.41225, 
    "yawRate": -0.005663339772594946
}