{
    "gpsHeading": 341, 
    "gpsLatitude": 49.4078413506995, 
    "gpsLongitude": 8.694180607472061, 
    "outsideTemperature": 18.5, 
    "speed": 10.6649375, 
    "yawRate": -0.004154138397178968
}