{
    "gpsHeading": 264, 
    "gpsLatitude": 49.40192640926696, 
    "gpsLongitude": 8.686328105301591, 
    "outsideTemperature": 16.0, 
    "speed": 6.741437500000001, 
    "yawRate": 0.004488202656045718
}