{
    "gpsHeading": 4, 
    "gpsLatitude": 49.40733885560416, 
    "gpsLongitude": 8.694263923589618, 
    "outsideTemperature": 16.0, 
    "speed": 7.780500000000001, 
    "yawRate": 0.09080187111976092
}