{
    "gpsHeading": 277, 
    "gpsLatitude": 49.401812247745724, 
    "gpsLongitude": 8.68987750602007, 
    "outsideTemperature": 16.0, 
    "speed": 6.242687500000001, 
    "yawRate": 0.010809548385489597
}