{
    "gpsHeading": 71, 
    "gpsLatitude": 49.41268801857238, 
    "gpsLongitude": 8.701546121068066, 
    "outsideTemperature": 14.5, 
    "speed": 9.534437500000001, 
    "yawRate": -0.0078092316179176335
}