{
    "gpsHeading": 125, 
    "gpsLatitude": 49.40042831171251, 
    "gpsLongitude": 8.676691934135489, 
    "outsideTemperature": 16.5, 
    "speed": 11.354875, 
    "yawRate": 0.0017745432075386104
}