{
    "gpsHeading": 90, 
    "gpsLatitude": 49.41354666073364, 
    "gpsLongitude": 8.69781642561227, 
    "outsideTemperature": 16.5, 
    "speed": 8.8694375, 
    "yawRate": 0.031151890431170025
}