{
    "gpsHeading": 187, 
    "gpsLatitude": 49.40582332369108, 
    "gpsLongitude": 8.692641941506233, 
    "outsideTemperature": 15.5, 
    "speed": 10.332437500000001, 
    "yawRate": -0.0031530856304650026
}