{
    "gpsHeading": 175, 
    "gpsLatitude": 49.41588688810008, 
    "gpsLongitude": 8.676259427931672, 
    "outsideTemperature": 16.5, 
    "speed": 13.067250000000001, 
    "yawRate": 0.012176149337718744
}