{
    "gpsHeading": 65, 
    "gpsLatitude": 49.40572944637553, 
    "gpsLongitude": 8.688948623510234, 
    "outsideTemperature": 18.0, 
    "speed": 3.2668125000000003, 
    "yawRate": -0.03866507643193253
}