{
    "gpsHeading": 85, 
    "gpsLatitude": 49.412393562313845, 
    "gpsLongitude": 8.682342761798964, 
    "outsideTemperature": 17.0, 
    "speed": 8.61175, 
    "yawRate": 0.0073849243360801665
}