{
    "gpsHeading": 268, 
    "gpsLatitude": 49.41741029900214, 
    "gpsLongitude": 8.689532003971205, 
    "outsideTemperature": 18.5, 
    "speed": 9.4513125, 
    "yawRate": 0.00224799291689586
}