{
    "gpsHeading": 140, 
    "gpsLatitude": 49.404295805656474, 
    "gpsLongitude": 8.670384216720162, 
    "outsideTemperature": 20.5, 
    "speed": 12.726437500000001, 
    "yawRate": -0.013060755434413337
}