{
    "gpsHeading": 67, 
    "gpsLatitude": 49.409171055819186, 
    "gpsLongitude": 8.698705326443976, 
    "outsideTemperature": 15.0, 
    "speed": 5.303375000000001, 
    "yawRate": 0.0035792899295516156
}