{
    "gpsHeading": 357, 
    "gpsLatitude": 49.40856722351447, 
    "gpsLongitude": 8.693880535338389, 
    "outsideTemperature": 15.5, 
    "speed": 8.595125, 
    "yawRate": -0.02159733270867197
}