{
    "gpsHeading": 135, 
    "gpsLatitude": 49.4108149984889, 
    "gpsLongitude": 8.692050849694311, 
    "outsideTemperature": 24.0, 
    "speed": 2.709875, 
    "yawRate": 0.0018688508003023236
}