{
    "gpsHeading": 354, 
    "gpsLatitude": 49.4078413506995, 
    "gpsLongitude": 8.694181697119474, 
    "outsideTemperature": 15.5, 
    "speed": 8.2376875, 
    "yawRate": 0.008771396276028017
}