{
    "gpsHeading": 68, 
    "gpsLatitude": 49.4142469687439, 
    "gpsLongitude": 8.702142828755079, 
    "outsideTemperature": 17.0, 
    "speed": 7.74725, 
    "yawRate": 0.02801029777758017
}