{
    "gpsHeading": 262, 
    "gpsLatitude": 49.40757581200692, 
    "gpsLongitude": 8.694023614425593, 
    "outsideTemperature": 16.5, 
    "speed": 8.07975, 
    "yawRate": 0.06002783329172874
}