{
    "gpsHeading": 261, 
    "gpsLatitude": 49.40811250526721, 
    "gpsLongitude": 8.697250311871832, 
    "outsideTemperature": 15.0, 
    "speed": 10.1994375, 
    "yawRate": 0.008640744760335443
}