{
    "gpsHeading": 89, 
    "gpsLatitude": 49.41354666073364, 
    "gpsLongitude": 8.69757058439215, 
    "outsideTemperature": 16.5, 
    "speed": 8.8029375, 
    "yawRate": 0.015443927163221724
}