{
    "gpsHeading": 238, 
    "gpsLatitude": 49.422529965461436, 
    "gpsLongitude": 8.677677813586925, 
    "outsideTemperature": 16.5, 
    "speed": 11.571, 
    "yawRate": 0.00765851359807823
}