{
    "gpsHeading": 36, 
    "gpsLatitude": 49.40106692891541, 
    "gpsLongitude": 8.679259981630246, 
    "outsideTemperature": 17.0, 
    "speed": 10.9808125, 
    "yawRate": -0.002872310259138459
}