{
    "gpsHeading": 356, 
    "gpsLatitude": 49.41351640206317, 
    "gpsLongitude": 8.71158227665368, 
    "outsideTemperature": 22.0, 
    "speed": 1.9866875, 
    "yawRate": 0.03570033640787551
}