{
    "gpsHeading": 72, 
    "gpsLatitude": 49.41575470548702, 
    "gpsLongitude": 8.715079206658304, 
    "outsideTemperature": 17.0, 
    "speed": 9.3765, 
    "yawRate": 0.011604202808833786
}