{
    "gpsHeading": 263, 
    "gpsLatitude": 49.408901409994044, 
    "gpsLongitude": 8.70247693141563, 
    "outsideTemperature": 14.5, 
    "speed": 9.600937499999999, 
    "yawRate": -0.02342277350368113
}