{
    "gpsHeading": 354, 
    "gpsLatitude": 49.421649949447094, 
    "gpsLongitude": 8.680578371180626, 
    "outsideTemperature": 17.5, 
    "speed": 10.0996875, 
    "yawRate": -0.016776095929841573
}