{
    "gpsHeading": 333, 
    "gpsLatitude": 49.41788857039731, 
    "gpsLongitude": 8.679745545281172, 
    "outsideTemperature": 17.0, 
    "speed": 4.1396250000000006, 
    "yawRate": 0.00538958557048572
}