{
    "gpsHeading": 169, 
    "gpsLatitude": 49.40638776105089, 
    "gpsLongitude": 8.692654765818085, 
    "outsideTemperature": 20.0, 
    "speed": 9.742250000000002, 
    "yawRate": -0.01156981204139291
}