{
    "gpsHeading": 76, 
    "gpsLatitude": 49.4169943889666, 
    "gpsLongitude": 8.719795033022594, 
    "outsideTemperature": 17.0, 
    "speed": 7.2401875, 
    "yawRate": -0.0032310958331171684
}