{
    "gpsHeading": 73, 
    "gpsLatitude": 49.41294274460988, 
    "gpsLongitude": 8.70333473538657, 
    "outsideTemperature": 14.5, 
    "speed": 11.0473125, 
    "yawRate": 0.0009174146420538665
}