{
    "gpsHeading": 215, 
    "gpsLatitude": 49.405260562711916, 
    "gpsLongitude": 8.669554492124881, 
    "outsideTemperature": 24.5, 
    "speed": 3.059, 
    "yawRate": -0.0001453189696553576
}