{
    "gpsHeading": 86, 
    "gpsLatitude": 49.40902973693166, 
    "gpsLongitude": 8.692144224095708, 
    "outsideTemperature": 16.5, 
    "speed": 4.704875, 
    "yawRate": -0.2216921096044498
}