{
    "gpsHeading": 255, 
    "gpsLatitude": 49.41261383872929, 
    "gpsLongitude": 8.700940863839785, 
    "outsideTemperature": 19.0, 
    "speed": 7.61425, 
    "yawRate": 0.012916640749494172
}