{
    "gpsHeading": 99, 
    "gpsLatitude": 49.414241688144905, 
    "gpsLongitude": 8.717162780149547, 
    "outsideTemperature": 14.5, 
    "speed": 3.7821875, 
    "yawRate": -0.16828510141920722
}