{
    "gpsHeading": 188, 
    "gpsLatitude": 49.405541356468284, 
    "gpsLongitude": 8.692559463578991, 
    "outsideTemperature": 15.5, 
    "speed": 10.955875, 
    "yawRate": -0.0010586905280717631
}