{
    "gpsHeading": 152, 
    "gpsLatitude": 49.41066554915528, 
    "gpsLongitude": 8.692134752545124, 
    "outsideTemperature": 24.0, 
    "speed": 4.7547500000000005, 
    "yawRate": 0.0002980544735078903
}