{
    "gpsHeading": 75, 
    "gpsLatitude": 49.413566609663185, 
    "gpsLongitude": 8.698317831060224, 
    "outsideTemperature": 16.5, 
    "speed": 9.509500000000001, 
    "yawRate": 0.01701472349001616
}