{
    "gpsHeading": 71, 
    "gpsLatitude": 49.408803341726895, 
    "gpsLongitude": 8.69085198608322, 
    "outsideTemperature": 16.0, 
    "speed": 7.6724375, 
    "yawRate": -0.00879497001400228
}