{
    "gpsHeading": 89, 
    "gpsLatitude": 49.413477510032436, 
    "gpsLongitude": 8.707853587026298, 
    "outsideTemperature": 14.5, 
    "speed": 8.9775, 
    "yawRate": 0.02919174852436161
}