{
    "gpsHeading": 174, 
    "gpsLatitude": 49.4169996695656, 
    "gpsLongitude": 8.67617200468156, 
    "outsideTemperature": 16.5, 
    "speed": 11.961687500000002, 
    "yawRate": 0.012350682262919008
}