{
    "gpsHeading": 66, 
    "gpsLatitude": 49.403258293681475, 
    "gpsLongitude": 8.682317783727514, 
    "outsideTemperature": 16.5, 
    "speed": 4.4638125, 
    "yawRate": -0.008694435001927934
}