{
    "gpsHeading": 355, 
    "gpsLatitude": 49.42183250729824, 
    "gpsLongitude": 8.680577784447404, 
    "outsideTemperature": 17.5, 
    "speed": 10.482062500000001, 
    "yawRate": 0.001026262440499969
}