{
    "gpsHeading": 354, 
    "gpsLatitude": 49.42239778284836, 
    "gpsLongitude": 8.680572839124531, 
    "outsideTemperature": 17.5, 
    "speed": 9.3848125, 
    "yawRate": -0.005955054567476834
}