{
    "gpsHeading": 264, 
    "gpsLatitude": 49.417353553517664, 
    "gpsLongitude": 8.68800532412691, 
    "outsideTemperature": 18.0, 
    "speed": 7.838687500000001, 
    "yawRate": -0.005082389941479486
}