{
    "gpsHeading": 345, 
    "gpsLatitude": 49.41017772239051, 
    "gpsLongitude": 8.69329531085872, 
    "outsideTemperature": 17.0, 
    "speed": 9.226875000000001, 
    "yawRate": 0.005681300365367608
}