{
    "gpsHeading": 84, 
    "gpsLatitude": 49.41269472409493, 
    "gpsLongitude": 8.678629159597289, 
    "outsideTemperature": 18.5, 
    "speed": 9.5510625, 
    "yawRate": -0.012511829136654615
}