{
    "gpsHeading": 115, 
    "gpsLatitude": 49.40929661672875, 
    "gpsLongitude": 8.699550892836285, 
    "outsideTemperature": 15.0, 
    "speed": 5.6441875, 
    "yawRate": -0.005670955106017698
}