{
    "gpsHeading": 343, 
    "gpsLatitude": 49.41048885863636, 
    "gpsLongitude": 8.693163882616924, 
    "outsideTemperature": 17.5, 
    "speed": 8.453812500000002, 
    "yawRate": 0.020865664857718097
}