{
    "gpsHeading": 136, 
    "gpsLatitude": 49.412752223950704, 
    "gpsLongitude": 8.676451708790493, 
    "outsideTemperature": 20.5, 
    "speed": 0.0, 
    "yawRate": -0.0004618341882378558
}