{
    "gpsHeading": 272, 
    "gpsLatitude": 49.40192691218115, 
    "gpsLongitude": 8.68769117039591, 
    "outsideTemperature": 16.0, 
    "speed": 4.8295625, 
    "yawRate": 0.006931663608837499
}