{
    "gpsHeading": 250, 
    "gpsLatitude": 49.40791385416196, 
    "gpsLongitude": 8.696181954493158, 
    "outsideTemperature": 15.5, 
    "speed": 9.842, 
    "yawRate": -0.003227494153225917
}