{
    "gpsHeading": 86, 
    "gpsLatitude": 49.412697741580075, 
    "gpsLongitude": 8.680244184701044, 
    "outsideTemperature": 17.5, 
    "speed": 9.218562499999999, 
    "yawRate": -0.031361385058192776
}