{
    "gpsHeading": 65, 
    "gpsLatitude": 49.409881673570354, 
    "gpsLongitude": 8.692586956221394, 
    "outsideTemperature": 24.5, 
    "speed": 0.0, 
    "yawRate": 0.00013052291271975708
}