{
    "gpsHeading": 80, 
    "gpsLatitude": 49.41547248680712, 
    "gpsLongitude": 8.711978321578702, 
    "outsideTemperature": 17.0, 
    "speed": 9.177, 
    "yawRate": -0.0018348324315220058
}