{
    "gpsHeading": 236, 
    "gpsLatitude": 49.41272439603216, 
    "gpsLongitude": 8.713459487688738, 
    "outsideTemperature": 17.0, 
    "speed": 4.472125, 
    "yawRate": -0.03067024201458842
}