{
    "gpsHeading": 269, 
    "gpsLatitude": 49.41737082023819, 
    "gpsLongitude": 8.682666973813772, 
    "outsideTemperature": 17.0, 
    "speed": 9.526125, 
    "yawRate": -0.006827719193474182
}