{
    "gpsHeading": 178, 
    "gpsLatitude": 49.41776996646738, 
    "gpsLongitude": 8.67612137798637, 
    "outsideTemperature": 16.5, 
    "speed": 12.410562500000001, 
    "yawRate": -0.001961017603435125
}