{
    "gpsHeading": 253, 
    "gpsLatitude": 49.406449116582145, 
    "gpsLongitude": 8.69000776079542, 
    "outsideTemperature": 17.5, 
    "speed": 4.4970625, 
    "yawRate": -0.2248917076197246
}