{
    "gpsHeading": 132, 
    "gpsLatitude": 49.402375260181984, 
    "gpsLongitude": 8.67291806604998, 
    "outsideTemperature": 17.5, 
    "speed": 12.701500000000001, 
    "yawRate": 0.01922783572748161
}