{
    "gpsHeading": 244, 
    "gpsLatitude": 49.41361857746288, 
    "gpsLongitude": 8.716530030278859, 
    "outsideTemperature": 19.0, 
    "speed": 6.0930625, 
    "yawRate": 0.021864168470439854
}