{
    "gpsHeading": 167, 
    "gpsLatitude": 49.40735863689565, 
    "gpsLongitude": 8.692601121637754, 
    "outsideTemperature": 16.5, 
    "speed": 7.414750000000001, 
    "yawRate": 0.07920265343936768
}