{
    "gpsHeading": 329, 
    "gpsLatitude": 49.40759944897386, 
    "gpsLongitude": 8.686101710096828, 
    "outsideTemperature": 17.5, 
    "speed": 3.6907500000000004, 
    "yawRate": -0.08525035366353508
}