{
    "gpsHeading": 88, 
    "gpsLatitude": 49.41338723693525, 
    "gpsLongitude": 8.69403811511808, 
    "outsideTemperature": 16.0, 
    "speed": 8.6366875, 
    "yawRate": -0.0006435902230932555
}