{
    "gpsHeading": 153, 
    "gpsLatitude": 49.41010832023222, 
    "gpsLongitude": 8.692450834113824, 
    "outsideTemperature": 16.5, 
    "speed": 6.8578125, 
    "yawRate": 0.011091821046549977
}