{
    "gpsHeading": 45, 
    "gpsLatitude": 49.40800328906885, 
    "gpsLongitude": 8.686177482501533, 
    "outsideTemperature": 18.0, 
    "speed": 6.8910625, 
    "yawRate": -0.032531447841124994
}