{
    "gpsHeading": 344, 
    "gpsLatitude": 49.41039330494016, 
    "gpsLongitude": 8.693203612837989, 
    "outsideTemperature": 17.5, 
    "speed": 10.9475625, 
    "yawRate": 0.02481832718592586
}