{
    "gpsHeading": 70, 
    "gpsLatitude": 49.411621672850465, 
    "gpsLongitude": 8.694598361526296, 
    "outsideTemperature": 15.5, 
    "speed": 9.401437500000002, 
    "yawRate": -0.003096842637532349
}