{
    "gpsHeading": 162, 
    "gpsLatitude": 49.408903840745964, 
    "gpsLongitude": 8.700320854461953, 
    "outsideTemperature": 15.0, 
    "speed": 5.586, 
    "yawRate": 0.004626487480748235
}