{
    "gpsHeading": 255, 
    "gpsLatitude": 49.407798854450405, 
    "gpsLongitude": 8.695544426937666, 
    "outsideTemperature": 15.0, 
    "speed": 9.9334375, 
    "yawRate": 0.022952444626688585
}