{
    "gpsHeading": 192, 
    "gpsLatitude": 49.403012787737474, 
    "gpsLongitude": 8.691803667369683, 
    "outsideTemperature": 15.0, 
    "speed": 10.440500000000002, 
    "yawRate": -0.01921011474881284
}