{
    "gpsHeading": 62, 
    "gpsLatitude": 49.409138031120676, 
    "gpsLongitude": 8.69849083354175, 
    "outsideTemperature": 15.0, 
    "speed": 5.1620625, 
    "yawRate": -0.0006095002752348636
}