{
    "gpsHeading": 251, 
    "gpsLatitude": 49.41173139196302, 
    "gpsLongitude": 8.695338315938576, 
    "outsideTemperature": 18.5, 
    "speed": 8.6533125, 
    "yawRate": 0.010113200837065333
}