{
    "gpsHeading": 207, 
    "gpsLatitude": 49.40515495073193, 
    "gpsLongitude": 8.669433876538177, 
    "outsideTemperature": 24.0, 
    "speed": 5.9933125, 
    "yawRate": 0.27596576869584283
}