{
    "gpsHeading": 263, 
    "gpsLatitude": 49.408993024195745, 
    "gpsLongitude": 8.70506115598354, 
    "outsideTemperature": 14.5, 
    "speed": 10.490375, 
    "yawRate": -0.004224151731743432
}