{
    "gpsHeading": 41, 
    "gpsLatitude": 49.40061137247784, 
    "gpsLongitude": 8.678648102698459, 
    "outsideTemperature": 17.5, 
    "speed": 10.640000000000002, 
    "yawRate": 0.01632631151279924
}