{
    "gpsHeading": 173, 
    "gpsLatitude": 49.408225577141046, 
    "gpsLongitude": 8.692448068085776, 
    "outsideTemperature": 17.0, 
    "speed": 8.4205625, 
    "yawRate": -0.020455646849506487
}