{
    "gpsHeading": 159, 
    "gpsLatitude": 49.40986943599172, 
    "gpsLongitude": 8.692594164658122, 
    "outsideTemperature": 24.0, 
    "speed": 2.5935, 
    "yawRate": 0.004138151226555393
}