{
    "gpsHeading": 176, 
    "gpsLatitude": 49.40799800846984, 
    "gpsLongitude": 8.6924847808217, 
    "outsideTemperature": 21.5, 
    "speed": 8.34575, 
    "yawRate": 0.009374138982538492
}