{
    "gpsHeading": 59, 
    "gpsLatitude": 49.41714635287117, 
    "gpsLongitude": 8.720610843658646, 
    "outsideTemperature": 17.0, 
    "speed": 8.2210625, 
    "yawRate": 0.018934585667210124
}