{
    "gpsHeading": 74, 
    "gpsLatitude": 49.409008614535665, 
    "gpsLongitude": 8.697695558568505, 
    "outsideTemperature": 15.0, 
    "speed": 5.0290625, 
    "yawRate": -0.0013076319760319485
}