{
    "gpsHeading": 260, 
    "gpsLatitude": 49.413285229173596, 
    "gpsLongitude": 8.705600531452827, 
    "outsideTemperature": 19.0, 
    "speed": 10.964187500000001, 
    "yawRate": -0.004187585920049294
}