{
    "gpsHeading": 178, 
    "gpsLatitude": 49.40672664139627, 
    "gpsLongitude": 8.692664153549636, 
    "outsideTemperature": 20.5, 
    "speed": 9.4346875, 
    "yawRate": -0.020820057076963217
}