{
    "gpsHeading": 262, 
    "gpsLatitude": 49.41166970115565, 
    "gpsLongitude": 8.694921986807882, 
    "outsideTemperature": 18.5, 
    "speed": 8.254312500000001, 
    "yawRate": 0.005226278931480777
}