{
    "gpsHeading": 52, 
    "gpsLatitude": 49.412642504838146, 
    "gpsLongitude": 8.70117471893837, 
    "outsideTemperature": 14.5, 
    "speed": 8.985812500000002, 
    "yawRate": 0.03530040090634205
}