{
    "gpsHeading": 72, 
    "gpsLatitude": 49.40552668813773, 
    "gpsLongitude": 8.687872219504483, 
    "outsideTemperature": 18.0, 
    "speed": 7.714, 
    "yawRate": -0.002187695065252096
}