{
    "gpsHeading": 74, 
    "gpsLatitude": 49.41456497815035, 
    "gpsLongitude": 8.703823651798766, 
    "outsideTemperature": 17.0, 
    "speed": 10.5651875, 
    "yawRate": -0.016844663998673223
}