{
    "gpsHeading": 260, 
    "gpsLatitude": 49.411516647603676, 
    "gpsLongitude": 8.693846672449574, 
    "outsideTemperature": 18.5, 
    "speed": 9.742250000000002, 
    "yawRate": 0.005575344781880312
}