{
    "gpsHeading": 324, 
    "gpsLatitude": 49.40879278052889, 
    "gpsLongitude": 8.69379336354537, 
    "outsideTemperature": 18.0, 
    "speed": 8.1213125, 
    "yawRate": 0.04680947576105388
}