{
    "gpsHeading": 343, 
    "gpsLatitude": 49.41020890307031, 
    "gpsLongitude": 8.693283324737184, 
    "outsideTemperature": 17.5, 
    "speed": 10.640000000000002, 
    "yawRate": -0.002234276219985992
}