{
    "gpsHeading": 242, 
    "gpsLatitude": 49.40619724039171, 
    "gpsLongitude": 8.691315337690712, 
    "outsideTemperature": 18.5, 
    "speed": 4.239375, 
    "yawRate": -0.004805688943243149
}