{
    "gpsHeading": 267, 
    "gpsLatitude": 49.41183222625821, 
    "gpsLongitude": 8.696027559836672, 
    "outsideTemperature": 18.5, 
    "speed": 9.0689375, 
    "yawRate": -0.001056906375698942
}