{
    "gpsHeading": 175, 
    "gpsLatitude": 49.41407195460561, 
    "gpsLongitude": 8.67638138462285, 
    "outsideTemperature": 17.0, 
    "speed": 11.87025, 
    "yawRate": -0.008069669985414581
}