{
    "gpsHeading": 55, 
    "gpsLatitude": 49.40698606129952, 
    "gpsLongitude": 8.691679447564647, 
    "outsideTemperature": 18.5, 
    "speed": 5.7938125000000005, 
    "yawRate": 0.0014925101605821204
}