{
    "gpsHeading": 69, 
    "gpsLatitude": 49.416773358179874, 
    "gpsLongitude": 8.718717204093336, 
    "outsideTemperature": 17.0, 
    "speed": 9.4346875, 
    "yawRate": 8.502974567196203e-05
}