{
    "gpsHeading": 356, 
    "gpsLatitude": 49.40359859895039, 
    "gpsLongitude": 8.68707283739868, 
    "outsideTemperature": 17.5, 
    "speed": 2.809625, 
    "yawRate": 0.003441005104849098
}