{
    "gpsHeading": 126, 
    "gpsLatitude": 49.40924473274808, 
    "gpsLongitude": 8.700190599686604, 
    "outsideTemperature": 15.0, 
    "speed": 4.4970625, 
    "yawRate": -0.0440681986498921
}