{
    "gpsHeading": 63, 
    "gpsLatitude": 49.413905573827584, 
    "gpsLongitude": 8.714455593062077, 
    "outsideTemperature": 15.5, 
    "speed": 6.916, 
    "yawRate": -0.08189130344548959
}