{
    "gpsHeading": 167, 
    "gpsLatitude": 49.41541113127587, 
    "gpsLongitude": 8.676299158152705, 
    "outsideTemperature": 16.5, 
    "speed": 12.859437500000002, 
    "yawRate": 0.00502029940454267
}