{
    "gpsHeading": 74, 
    "gpsLatitude": 49.413390254420385, 
    "gpsLongitude": 8.706394213864472, 
    "outsideTemperature": 14.5, 
    "speed": 9.0190625, 
    "yawRate": -0.03992328985461232
}