{
    "gpsHeading": 0, 
    "gpsLatitude": 49.40868641417761, 
    "gpsLongitude": 8.698746146312455, 
    "outsideTemperature": 15.5, 
    "speed": 3.2003125000000003, 
    "yawRate": -0.008762007786928453
}