{
    "gpsHeading": 258, 
    "gpsLatitude": 49.41238191146844, 
    "gpsLongitude": 8.69927697224054, 
    "outsideTemperature": 20.0, 
    "speed": 7.522812500000001, 
    "yawRate": -0.022524456175228157
}