{
    "gpsHeading": 76, 
    "gpsLatitude": 49.408278634588136, 
    "gpsLongitude": 8.687819162057405, 
    "outsideTemperature": 17.0, 
    "speed": 4.8960625, 
    "yawRate": -0.008620437088803008
}