{
    "gpsHeading": 66, 
    "gpsLatitude": 49.405896078610645, 
    "gpsLongitude": 8.685722261340121, 
    "outsideTemperature": 16.5, 
    "speed": 10.058125, 
    "yawRate": -0.08338198822927054
}