{
    "gpsHeading": 182, 
    "gpsLatitude": 49.42033139225863, 
    "gpsLongitude": 8.676248615276549, 
    "outsideTemperature": 16.5, 
    "speed": 10.374, 
    "yawRate": 0.024762740267622686
}