{
    "gpsHeading": 161, 
    "gpsLatitude": 49.4102880282363, 
    "gpsLongitude": 8.692345557409956, 
    "outsideTemperature": 16.5, 
    "speed": 7.0573125, 
    "yawRate": -0.005663339772594946
}