{
    "gpsHeading": 59, 
    "gpsLatitude": 49.414092741725476, 
    "gpsLongitude": 8.715725283755031, 
    "outsideTemperature": 15.0, 
    "speed": 10.340750000000002, 
    "yawRate": -0.007540277310532563
}