{
    "gpsHeading": 237, 
    "gpsLatitude": 49.41488273609972, 
    "gpsLongitude": 8.718840585708088, 
    "outsideTemperature": 17.5, 
    "speed": 9.9168125, 
    "yawRate": 0.023229375520000407
}