{
    "gpsHeading": 102, 
    "gpsLatitude": 49.4069097021616, 
    "gpsLongitude": 8.693317271445029, 
    "outsideTemperature": 17.5, 
    "speed": 9.7671875, 
    "yawRate": 0.04948906459042537
}