{
    "gpsHeading": 46, 
    "gpsLatitude": 49.40696443598934, 
    "gpsLongitude": 8.694168034617304, 
    "outsideTemperature": 17.5, 
    "speed": 6.7580625, 
    "yawRate": 0.1779452975372051
}