{
    "gpsHeading": 268, 
    "gpsLatitude": 49.409096121604804, 
    "gpsLongitude": 8.706484738418757, 
    "outsideTemperature": 14.0, 
    "speed": 9.692375, 
    "yawRate": 0.015672601740991353
}