{
    "gpsHeading": 83, 
    "gpsLatitude": 49.40703861583243, 
    "gpsLongitude": 8.692576395023398, 
    "outsideTemperature": 17.5, 
    "speed": 6.9076875, 
    "yawRate": -0.06378280386400487
}