{
    "gpsHeading": 251, 
    "gpsLatitude": 49.40769357774653, 
    "gpsLongitude": 8.689288928779131, 
    "outsideTemperature": 18.0, 
    "speed": 5.935125, 
    "yawRate": 0.03796989152726255
}