{
    "gpsHeading": 70, 
    "gpsLatitude": 49.41327416506141, 
    "gpsLongitude": 8.689030263247158, 
    "outsideTemperature": 16.5, 
    "speed": 9.0689375, 
    "yawRate": -0.022634738798221275
}