{
    "gpsHeading": 4, 
    "gpsLatitude": 49.40728688780448, 
    "gpsLongitude": 8.686230288491547, 
    "outsideTemperature": 17.5, 
    "speed": 5.1786875, 
    "yawRate": -0.010201195827779968
}