{
    "gpsHeading": 266, 
    "gpsLatitude": 49.407960289905546, 
    "gpsLongitude": 8.674642810266281, 
    "outsideTemperature": 22.0, 
    "speed": 8.5203125, 
    "yawRate": -0.02578240267104084
}