{
    "gpsHeading": 54, 
    "gpsLatitude": 49.40905027259444, 
    "gpsLongitude": 8.697933939894801, 
    "outsideTemperature": 15.0, 
    "speed": 3.4663125000000004, 
    "yawRate": 0.004451954555548964
}