{
    "gpsHeading": 57, 
    "gpsLatitude": 49.40513139758399, 
    "gpsLongitude": 8.684516440749366, 
    "outsideTemperature": 17.0, 
    "speed": 7.439687500000001, 
    "yawRate": 0.10424090636011671
}