{
    "gpsHeading": 22, 
    "gpsLatitude": 49.405084123650084, 
    "gpsLongitude": 8.693605608914261, 
    "outsideTemperature": 20.5, 
    "speed": 7.032375, 
    "yawRate": 0.007279743880145252
}