{
    "gpsHeading": 263, 
    "gpsLatitude": 49.41353668626886, 
    "gpsLongitude": 8.716308077482779, 
    "outsideTemperature": 18.5, 
    "speed": 5.702375000000001, 
    "yawRate": 0.022038701395640115
}