{
    "gpsHeading": 77, 
    "gpsLatitude": 49.40627443771996, 
    "gpsLongitude": 8.687570051895047, 
    "outsideTemperature": 15.5, 
    "speed": 10.8395, 
    "yawRate": 0.005455270697238888
}