{
    "gpsHeading": 337, 
    "gpsLatitude": 49.40849279221427, 
    "gpsLongitude": 8.69391029109468, 
    "outsideTemperature": 18.0, 
    "speed": 3.8902500000000004, 
    "yawRate": -0.012880784657150467
}