{
    "gpsHeading": 71, 
    "gpsLatitude": 49.40679386425971, 
    "gpsLongitude": 8.690588039952218, 
    "outsideTemperature": 21.0, 
    "speed": 9.01075, 
    "yawRate": -0.023989296918535293
}