{
    "gpsHeading": 78, 
    "gpsLatitude": 49.41565722395308, 
    "gpsLongitude": 8.714572520611352, 
    "outsideTemperature": 17.0, 
    "speed": 9.600937499999999, 
    "yawRate": 0.03237362090756592
}