{
    "gpsHeading": 19, 
    "gpsLatitude": 49.40585140306673, 
    "gpsLongitude": 8.68973308582839, 
    "outsideTemperature": 17.5, 
    "speed": 4.472125, 
    "yawRate": -0.008994479148029628
}