{
    "gpsHeading": 136, 
    "gpsLatitude": 49.40259411167389, 
    "gpsLongitude": 8.67250307802379, 
    "outsideTemperature": 18.0, 
    "speed": 12.851125, 
    "yawRate": 0.017657039400686185
}