{
    "gpsHeading": 272, 
    "gpsLatitude": 49.41737383772333, 
    "gpsLongitude": 8.682402273311515, 
    "outsideTemperature": 17.5, 
    "speed": 9.1853125, 
    "yawRate": 0.019352219586440317
}