{
    "gpsHeading": 337, 
    "gpsLatitude": 49.42350050603007, 
    "gpsLongitude": 8.680303109480374, 
    "outsideTemperature": 17.5, 
    "speed": 8.645000000000001, 
    "yawRate": 0.04727748761834952
}