{
    "gpsHeading": 75, 
    "gpsLatitude": 49.41354582254332, 
    "gpsLongitude": 8.710351142715348, 
    "outsideTemperature": 15.5, 
    "speed": 7.797125, 
    "yawRate": -0.0061440139089373996
}