{
    "gpsHeading": 73, 
    "gpsLatitude": 49.4059421790781, 
    "gpsLongitude": 8.690279753553437, 
    "outsideTemperature": 18.0, 
    "speed": 6.65, 
    "yawRate": 0.004444556092326165
}