{
    "gpsHeading": 75, 
    "gpsLatitude": 49.40899830479475, 
    "gpsLongitude": 8.691890000972384, 
    "outsideTemperature": 16.5, 
    "speed": 4.5303125, 
    "yawRate": 0.0036298968280147744
}