{
    "gpsHeading": 32, 
    "gpsLatitude": 49.40281329844191, 
    "gpsLongitude": 8.681130822418893, 
    "outsideTemperature": 17.0, 
    "speed": 8.960875, 
    "yawRate": 0.025688551262360252
}