{
    "gpsHeading": 337, 
    "gpsLatitude": 49.41085665654768, 
    "gpsLongitude": 8.693015606749785, 
    "outsideTemperature": 17.5, 
    "speed": 7.065625, 
    "yawRate": -0.026083692020928535
}