{
    "gpsHeading": 328, 
    "gpsLatitude": 49.41033580508439, 
    "gpsLongitude": 8.69322859090944, 
    "outsideTemperature": 17.0, 
    "speed": 8.8195625, 
    "yawRate": -0.005663339772594946
}