{
    "gpsHeading": 259, 
    "gpsLatitude": 49.40795886498201, 
    "gpsLongitude": 8.69061335329983, 
    "outsideTemperature": 18.0, 
    "speed": 6.5751875, 
    "yawRate": -7.828616621330517e-05
}