{
    "gpsHeading": 329, 
    "gpsLatitude": 49.42334611137358, 
    "gpsLongitude": 8.68035415527072, 
    "outsideTemperature": 17.5, 
    "speed": 9.260125, 
    "yawRate": 0.08218407265823552
}