{
    "gpsHeading": 77, 
    "gpsLatitude": 49.41465022210564, 
    "gpsLongitude": 8.704392280110152, 
    "outsideTemperature": 17.0, 
    "speed": 10.0331875, 
    "yawRate": 0.011778735734033059
}