{
    "gpsHeading": 256, 
    "gpsLatitude": 49.4114800186868, 
    "gpsLongitude": 8.69358255868054, 
    "outsideTemperature": 18.5, 
    "speed": 9.368187500000001, 
    "yawRate": 0.047463246829743115
}