{
    "gpsHeading": 190, 
    "gpsLatitude": 49.403715023585484, 
    "gpsLongitude": 8.69203525935441, 
    "outsideTemperature": 15.0, 
    "speed": 9.6508125, 
    "yawRate": -0.004898414882458707
}