{
    "gpsHeading": 255, 
    "gpsLatitude": 49.408414421419586, 
    "gpsLongitude": 8.69895167057832, 
    "outsideTemperature": 15.0, 
    "speed": 9.368187500000001, 
    "yawRate": -0.00038442737735648754
}