{
    "gpsHeading": 74, 
    "gpsLatitude": 49.40619724039171, 
    "gpsLongitude": 8.687117261485522, 
    "outsideTemperature": 16.0, 
    "speed": 11.1969375, 
    "yawRate": 0.004059007295643726
}