{
    "gpsHeading": 266, 
    "gpsLatitude": 49.40795500930655, 
    "gpsLongitude": 8.67607837882307, 
    "outsideTemperature": 24.0, 
    "speed": 7.3233125, 
    "yawRate": -0.0041403199463113625
}