{
    "gpsHeading": 0, 
    "gpsLatitude": 49.41365529019877, 
    "gpsLongitude": 8.676398316067258, 
    "outsideTemperature": 17.0, 
    "speed": 10.0830625, 
    "yawRate": 0.03783248934203543
}