{
    "gpsHeading": 237, 
    "gpsLatitude": 49.423031957642586, 
    "gpsLongitude": 8.678511142400602, 
    "outsideTemperature": 17.0, 
    "speed": 11.8951875, 
    "yawRate": 0.001026262440499969
}