{
    "gpsHeading": 78, 
    "gpsLatitude": 49.411970779117695, 
    "gpsLongitude": 8.69698334825572, 
    "outsideTemperature": 15.0, 
    "speed": 9.67575, 
    "yawRate": -0.03451276917342995
}