{
    "gpsHeading": 253, 
    "gpsLatitude": 49.412341343057065, 
    "gpsLongitude": 8.69898000141104, 
    "outsideTemperature": 20.0, 
    "speed": 6.9658750000000005, 
    "yawRate": 0.002259219203090188
}