{
    "gpsHeading": 231, 
    "gpsLatitude": 49.40749610010772, 
    "gpsLongitude": 8.688541682111092, 
    "outsideTemperature": 17.5, 
    "speed": 6.483750000000001, 
    "yawRate": -0.015786249434161608
}