{
    "gpsHeading": 267, 
    "gpsLatitude": 49.40891113300172, 
    "gpsLongitude": 8.70303533380515, 
    "outsideTemperature": 14.5, 
    "speed": 10.241000000000001, 
    "yawRate": -0.0017806907789516498
}