{
    "gpsHeading": 80, 
    "gpsLatitude": 49.40336717460372, 
    "gpsLongitude": 8.684753313333093, 
    "outsideTemperature": 17.0, 
    "speed": 2.0531875000000004, 
    "yawRate": 0.29574240353805176
}