{
    "gpsHeading": 72, 
    "gpsLatitude": 49.405392493867886, 
    "gpsLongitude": 8.687070574284824, 
    "outsideTemperature": 18.5, 
    "speed": 7.0240625, 
    "yawRate": 0.005142687793124242
}