{
    "gpsHeading": 83, 
    "gpsLatitude": 49.40175357442351, 
    "gpsLongitude": 8.6861480620214, 
    "outsideTemperature": 16.5, 
    "speed": 6.109687500000001, 
    "yawRate": 0.0016956758528553933
}