{
    "gpsHeading": 74, 
    "gpsLatitude": 49.41446389239807, 
    "gpsLongitude": 8.703276145883367, 
    "outsideTemperature": 17.0, 
    "speed": 9.9085, 
    "yawRate": -0.008990682364699073
}