{
    "gpsHeading": 167, 
    "gpsLatitude": 49.407449999640264, 
    "gpsLongitude": 8.69258419019335, 
    "outsideTemperature": 21.5, 
    "speed": 8.728125, 
    "yawRate": 0.03380874851045829
}