{
    "gpsHeading": 162, 
    "gpsLatitude": 49.412616353300244, 
    "gpsLongitude": 8.676461096522045, 
    "outsideTemperature": 21.5, 
    "speed": 5.3865, 
    "yawRate": 0.37233327092808877
}