{
    "gpsHeading": 35, 
    "gpsLatitude": 49.40317858178228, 
    "gpsLongitude": 8.681508091880811, 
    "outsideTemperature": 16.5, 
    "speed": 6.101375000000001, 
    "yawRate": 0.004221001462830044
}