{
    "gpsHeading": 8, 
    "gpsLatitude": 49.404653629103024, 
    "gpsLongitude": 8.684591961696944, 
    "outsideTemperature": 23.5, 
    "speed": 5.3865, 
    "yawRate": -0.013183269352816107
}