{
    "gpsHeading": 286, 
    "gpsLatitude": 49.40429362636165, 
    "gpsLongitude": 8.683366946547924, 
    "outsideTemperature": 16.0, 
    "speed": 2.9176875, 
    "yawRate": -0.22104958797745974
}