{
    "gpsHeading": 84, 
    "gpsLatitude": 49.40602834504274, 
    "gpsLongitude": 8.690768921422759, 
    "outsideTemperature": 17.5, 
    "speed": 6.5419375, 
    "yawRate": 0.005142687793124242
}