{
    "gpsHeading": 192, 
    "gpsLatitude": 49.404784470611574, 
    "gpsLongitude": 8.692345557409956, 
    "outsideTemperature": 15.5, 
    "speed": 10.540250000000002, 
    "yawRate": -0.009087205087245186
}