{
    "gpsHeading": 191, 
    "gpsLatitude": 49.403460297547994, 
    "gpsLongitude": 8.691953871074583, 
    "outsideTemperature": 15.0, 
    "speed": 9.9666875, 
    "yawRate": -0.023224372028399054
}