{
    "gpsHeading": 163, 
    "gpsLatitude": 49.40705998968553, 
    "gpsLongitude": 8.692651161599722, 
    "outsideTemperature": 21.0, 
    "speed": 8.9026875, 
    "yawRate": -0.03827334959690622
}