{
    "gpsHeading": 188, 
    "gpsLatitude": 49.406013844350255, 
    "gpsLongitude": 8.692663063902225, 
    "outsideTemperature": 15.5, 
    "speed": 10.0830625, 
    "yawRate": -0.0036766844060628166
}