{
    "gpsHeading": 85, 
    "gpsLatitude": 49.413711951864244, 
    "gpsLongitude": 8.712594475281106, 
    "outsideTemperature": 15.0, 
    "speed": 9.467937500000001, 
    "yawRate": 0.00799315303221647
}