{
    "gpsHeading": 193, 
    "gpsLatitude": 49.40167168322948, 
    "gpsLongitude": 8.691280552792549, 
    "outsideTemperature": 15.0, 
    "speed": 3.6408750000000003, 
    "yawRate": -0.4419288595818318
}