{
    "gpsHeading": 110, 
    "gpsLatitude": 49.41345135849452, 
    "gpsLongitude": 8.695402772773999, 
    "outsideTemperature": 16.0, 
    "speed": 0.49875, 
    "yawRate": 0.002877556548862287
}