{
    "gpsHeading": 245, 
    "gpsLatitude": 49.40724883396407, 
    "gpsLongitude": 8.687511127115718, 
    "outsideTemperature": 17.0, 
    "speed": 6.691562500000001, 
    "yawRate": -0.006361471473393023
}