{
    "gpsHeading": 212, 
    "gpsLatitude": 49.421863352701926, 
    "gpsLongitude": 8.676707273018295, 
    "outsideTemperature": 17.0, 
    "speed": 11.280062500000001, 
    "yawRate": 0.05076814612233792
}