{
    "gpsHeading": 180, 
    "gpsLatitude": 49.40675857644735, 
    "gpsLongitude": 8.692664991739955, 
    "outsideTemperature": 16.0, 
    "speed": 8.5868125, 
    "yawRate": 0.006097159405105304
}