{
    "gpsHeading": 353, 
    "gpsLatitude": 49.42273414862278, 
    "gpsLongitude": 8.680566720335218, 
    "outsideTemperature": 17.5, 
    "speed": 9.343250000000001, 
    "yawRate": 0.06438171428789298
}