{
    "gpsHeading": 248, 
    "gpsLatitude": 49.41738305781682, 
    "gpsLongitude": 8.688888106169303, 
    "outsideTemperature": 18.5, 
    "speed": 9.359875, 
    "yawRate": -0.01520529960304714
}