{
    "gpsHeading": 255, 
    "gpsLatitude": 49.408738884891484, 
    "gpsLongitude": 8.700817482225068, 
    "outsideTemperature": 15.0, 
    "speed": 9.326625000000002, 
    "yawRate": 0.013403673713398841
}