{
    "gpsHeading": 341, 
    "gpsLatitude": 49.40367026422252, 
    "gpsLongitude": 8.68469170634475, 
    "outsideTemperature": 17.0, 
    "speed": 7.572687500000001, 
    "yawRate": -0.01422807161613578
}