{
    "gpsHeading": 254, 
    "gpsLatitude": 49.40812717359778, 
    "gpsLongitude": 8.697331951608756, 
    "outsideTemperature": 15.5, 
    "speed": 9.443000000000001, 
    "yawRate": 0.00392835577995115
}