{
    "gpsHeading": 301, 
    "gpsLatitude": 49.404323046841796, 
    "gpsLongitude": 8.684417534291876, 
    "outsideTemperature": 16.5, 
    "speed": 5.6275625, 
    "yawRate": 0.02504183655373597
}