{
    "gpsHeading": 65, 
    "gpsLatitude": 49.41617639903575, 
    "gpsLongitude": 8.716617202071879, 
    "outsideTemperature": 17.5, 
    "speed": 9.9085, 
    "yawRate": -0.008816149439499802
}