{
    "gpsHeading": 338, 
    "gpsLatitude": 49.407957775334594, 
    "gpsLongitude": 8.69413283062395, 
    "outsideTemperature": 15.5, 
    "speed": 8.5868125, 
    "yawRate": -0.014048535515590658
}