{
    "gpsHeading": 355, 
    "gpsLatitude": 49.414980301452694, 
    "gpsLongitude": 8.692080270174477, 
    "outsideTemperature": 18.0, 
    "speed": 8.403937500000001, 
    "yawRate": 0.007483980672878959
}