{
    "gpsHeading": 266, 
    "gpsLatitude": 49.40890417602209, 
    "gpsLongitude": 8.702214158751103, 
    "outsideTemperature": 14.5, 
    "speed": 8.9525625, 
    "yawRate": 0.03574388813892639
}