{
    "gpsHeading": 35, 
    "gpsLatitude": 49.40496660936758, 
    "gpsLongitude": 8.684087790220975, 
    "outsideTemperature": 17.0, 
    "speed": 5.2119375, 
    "yawRate": -0.04882446903978309
}