{
    "gpsHeading": 173, 
    "gpsLatitude": 49.41440806892292, 
    "gpsLongitude": 8.676368392672934, 
    "outsideTemperature": 17.0, 
    "speed": 12.344062500000001, 
    "yawRate": -0.022032304001369178
}