{
    "gpsHeading": 78, 
    "gpsLatitude": 49.413587229144994, 
    "gpsLongitude": 8.710899738278158, 
    "outsideTemperature": 15.0, 
    "speed": 8.2210625, 
    "yawRate": -0.004049618806544161
}