{
    "gpsHeading": 164, 
    "gpsLatitude": 49.40857996400729, 
    "gpsLongitude": 8.692400291237698, 
    "outsideTemperature": 17.0, 
    "speed": 7.4729375000000005, 
    "yawRate": 0.008516818733598339
}