{
    "gpsHeading": 85, 
    "gpsLatitude": 49.4133369455162, 
    "gpsLongitude": 8.6909222264318, 
    "outsideTemperature": 16.5, 
    "speed": 8.1711875, 
    "yawRate": -0.055621461660913314
}