{
    "gpsHeading": 84, 
    "gpsLatitude": 49.41551774908426, 
    "gpsLongitude": 8.712898319271172, 
    "outsideTemperature": 17.0, 
    "speed": 10.0830625, 
    "yawRate": 0.01631659178921808
}