{
    "gpsHeading": 45, 
    "gpsLatitude": 49.404745830037946, 
    "gpsLongitude": 8.68374471892403, 
    "outsideTemperature": 16.0, 
    "speed": 4.95425, 
    "yawRate": 0.014918926892169306
}