{
    "gpsHeading": 70, 
    "gpsLatitude": 49.414358028960976, 
    "gpsLongitude": 8.702667535893852, 
    "outsideTemperature": 17.0, 
    "speed": 8.67825, 
    "yawRate": -0.0077689518883031815
}