{
    "gpsHeading": 85, 
    "gpsLatitude": 49.40689444709783, 
    "gpsLongitude": 8.692662477169003, 
    "outsideTemperature": 20.5, 
    "speed": 9.3183125, 
    "yawRate": -0.045429199530082294
}