{
    "gpsHeading": 0, 
    "gpsLatitude": 49.40851274114382, 
    "gpsLongitude": 8.698796940645707, 
    "outsideTemperature": 16.0, 
    "speed": 3.1836875, 
    "yawRate": -0.06780467647701482
}