{
    "gpsHeading": 348, 
    "gpsLatitude": 49.41162527706882, 
    "gpsLongitude": 8.692736154097915, 
    "outsideTemperature": 17.5, 
    "speed": 11.00575, 
    "yawRate": 0.010855693169971259
}