{
    "gpsHeading": 81, 
    "gpsLatitude": 49.41263722423914, 
    "gpsLongitude": 8.677435828042261, 
    "outsideTemperature": 19.5, 
    "speed": 9.825375000000001, 
    "yawRate": -0.013559026687851234
}