{
    "gpsHeading": 226, 
    "gpsLatitude": 49.40789306704209, 
    "gpsLongitude": 8.67222471501933, 
    "outsideTemperature": 22.5, 
    "speed": 9.758875, 
    "yawRate": 0.014310977119571574
}