{
    "gpsHeading": 357, 
    "gpsLatitude": 49.41589024086136, 
    "gpsLongitude": 8.692015058967769, 
    "outsideTemperature": 17.5, 
    "speed": 9.509500000000001, 
    "yawRate": -0.0026389289886877038
}