{
    "gpsHeading": 89, 
    "gpsLatitude": 49.40687332470182, 
    "gpsLongitude": 8.693958319399853, 
    "outsideTemperature": 15.5, 
    "speed": 7.7638750000000005, 
    "yawRate": 0.21751277481454695
}