{
    "gpsHeading": 78, 
    "gpsLatitude": 49.40932997670339, 
    "gpsLongitude": 8.699842499247756, 
    "outsideTemperature": 15.0, 
    "speed": 3.458, 
    "yawRate": -0.0013076319760319485
}