{
    "gpsHeading": 189, 
    "gpsLatitude": 49.40515746530288, 
    "gpsLongitude": 8.692446978438364, 
    "outsideTemperature": 15.5, 
    "speed": 10.440500000000002, 
    "yawRate": 0.0034791655271132586
}