{
    "gpsHeading": 355, 
    "gpsLatitude": 49.421474432394604, 
    "gpsLongitude": 8.680593626244432, 
    "outsideTemperature": 17.5, 
    "speed": 9.725625, 
    "yawRate": -2.0935110696650768e-05
}