{
    "gpsHeading": 237, 
    "gpsLatitude": 49.41297744568902, 
    "gpsLongitude": 8.71430362915751, 
    "outsideTemperature": 17.0, 
    "speed": 5.6608125000000005, 
    "yawRate": -0.003094039833077766
}