{
    "gpsHeading": 315, 
    "gpsLatitude": 49.40843805838652, 
    "gpsLongitude": 8.698357812738351, 
    "outsideTemperature": 15.0, 
    "speed": 4.9875, 
    "yawRate": 0.013927272488997645
}