{
    "gpsHeading": 35, 
    "gpsLatitude": 49.41356359217804, 
    "gpsLongitude": 8.71158227665368, 
    "outsideTemperature": 22.5, 
    "speed": 0.0, 
    "yawRate": 0.0009464710771061842
}