{
    "gpsHeading": 157, 
    "gpsLatitude": 49.410497240539534, 
    "gpsLongitude": 8.69222862986068, 
    "outsideTemperature": 23.5, 
    "speed": 5.652500000000001, 
    "yawRate": -0.0042398015816771314
}