{
    "gpsHeading": 83, 
    "gpsLatitude": 49.408935021425776, 
    "gpsLongitude": 8.696841442634959, 
    "outsideTemperature": 15.0, 
    "speed": 4.563562500000001, 
    "yawRate": -0.01980812204717157
}