{
    "gpsHeading": 287, 
    "gpsLatitude": 49.417171079485534, 
    "gpsLongitude": 8.69130502794981, 
    "outsideTemperature": 17.5, 
    "speed": 8.4870625, 
    "yawRate": -0.02916793361900075
}