{
    "gpsHeading": 89, 
    "gpsLatitude": 49.41354666073364, 
    "gpsLongitude": 8.697216951897211, 
    "outsideTemperature": 16.5, 
    "speed": 8.41225, 
    "yawRate": -0.006023622636308484
}