{
    "gpsHeading": 243, 
    "gpsLatitude": 49.40658138301424, 
    "gpsLongitude": 8.690849471512271, 
    "outsideTemperature": 17.0, 
    "speed": 5.968375, 
    "yawRate": 0.06204042140813826
}