{
    "gpsHeading": 340, 
    "gpsLatitude": 49.41918332298074, 
    "gpsLongitude": 8.681145826025606, 
    "outsideTemperature": 18.0, 
    "speed": 7.190312500000001, 
    "yawRate": 0.054607870476724864
}