{
    "gpsHeading": 65, 
    "gpsLatitude": 49.41657168958949, 
    "gpsLongitude": 8.717926120071676, 
    "outsideTemperature": 17.5, 
    "speed": 10.756375, 
    "yawRate": -0.02941103461303167
}