{
    "gpsHeading": 248, 
    "gpsLatitude": 49.41131112333782, 
    "gpsLongitude": 8.692435830507145, 
    "outsideTemperature": 26.5, 
    "speed": 7.847, 
    "yawRate": 0.05457779421052986
}