{
    "gpsHeading": 90, 
    "gpsLatitude": 49.41263219509724, 
    "gpsLongitude": 8.681463919251064, 
    "outsideTemperature": 17.5, 
    "speed": 8.0714375, 
    "yawRate": -0.10675960874434642
}