{
    "gpsHeading": 73, 
    "gpsLatitude": 49.40674139354585, 
    "gpsLongitude": 8.690308335843284, 
    "outsideTemperature": 16.0, 
    "speed": 9.659125, 
    "yawRate": -0.0027477767871338064
}