{
    "gpsHeading": 334, 
    "gpsLatitude": 49.420376905992875, 
    "gpsLongitude": 8.680749194367362, 
    "outsideTemperature": 18.0, 
    "speed": 9.567687500000002, 
    "yawRate": -0.06407451865888675
}