{
    "gpsHeading": 22, 
    "gpsLatitude": 49.40714665856436, 
    "gpsLongitude": 8.694229976881774, 
    "outsideTemperature": 15.5, 
    "speed": 6.600125, 
    "yawRate": 0.008073264575230932
}