{
    "gpsHeading": 357, 
    "gpsLatitude": 49.421146364704335, 
    "gpsLongitude": 8.680621705620057, 
    "outsideTemperature": 18.0, 
    "speed": 8.894375, 
    "yawRate": 0.0027715916924946657
}