{
    "gpsHeading": 23, 
    "gpsLatitude": 49.40703526307116, 
    "gpsLongitude": 8.69420583700061, 
    "outsideTemperature": 16.5, 
    "speed": 7.190312500000001, 
    "yawRate": 0.06681081575020852
}