{
    "gpsHeading": 254, 
    "gpsLatitude": 49.407916117275825, 
    "gpsLongitude": 8.690358040529091, 
    "outsideTemperature": 18.0, 
    "speed": 6.167875, 
    "yawRate": 0.0030633064873765536
}