{
    "gpsHeading": 324, 
    "gpsLatitude": 49.40887525845613, 
    "gpsLongitude": 8.693766709093286, 
    "outsideTemperature": 16.5, 
    "speed": 7.971687500000001, 
    "yawRate": 0.015629677101735
}