{
    "gpsHeading": 70, 
    "gpsLatitude": 49.413289168668086, 
    "gpsLongitude": 8.705626682990756, 
    "outsideTemperature": 14.5, 
    "speed": 7.198625000000001, 
    "yawRate": -0.01950293760627873
}