{
    "gpsHeading": 262, 
    "gpsLatitude": 49.40611057151289, 
    "gpsLongitude": 8.690809741291204, 
    "outsideTemperature": 18.0, 
    "speed": 6.0930625, 
    "yawRate": 0.023294112013865317
}