{
    "gpsHeading": 258, 
    "gpsLatitude": 49.408219458351724, 
    "gpsLongitude": 8.697814497774539, 
    "outsideTemperature": 15.5, 
    "speed": 10.590125, 
    "yawRate": -0.008288948984009744
}