{
    "gpsHeading": 46, 
    "gpsLatitude": 49.400381373054714, 
    "gpsLongitude": 8.67832581852138, 
    "outsideTemperature": 17.5, 
    "speed": 7.61425, 
    "yawRate": 0.05315275872987921
}