{
    "gpsHeading": 89, 
    "gpsLatitude": 49.413469966319575, 
    "gpsLongitude": 8.707306667844122, 
    "outsideTemperature": 14.5, 
    "speed": 7.3565625, 
    "yawRate": -0.006587501141521742
}