{
    "gpsHeading": 258, 
    "gpsLatitude": 49.40805995073431, 
    "gpsLongitude": 8.696974211981262, 
    "outsideTemperature": 15.0, 
    "speed": 10.141250000000001, 
    "yawRate": 0.004801020405947506
}