{
    "gpsHeading": 332, 
    "gpsLatitude": 49.41141916606975, 
    "gpsLongitude": 8.693141670573517, 
    "outsideTemperature": 26.0, 
    "speed": 0.0, 
    "yawRate": 0.001197630627942264
}