{
    "gpsHeading": 139, 
    "gpsLatitude": 49.40285747107165, 
    "gpsLongitude": 8.672179452742206, 
    "outsideTemperature": 18.0, 
    "speed": 12.543562500000002, 
    "yawRate": 0.02533648810946107
}