{
    "gpsHeading": 0, 
    "gpsLatitude": 49.414299942371976, 
    "gpsLongitude": 8.692191414210564, 
    "outsideTemperature": 18.5, 
    "speed": 7.049, 
    "yawRate": 0.012196369653263251
}