{
    "gpsHeading": 274, 
    "gpsLatitude": 49.4079580267917, 
    "gpsLongitude": 8.674131933267779, 
    "outsideTemperature": 22.0, 
    "speed": 7.639187500000001, 
    "yawRate": 0.0028409970616664333
}