{
    "gpsHeading": 267, 
    "gpsLatitude": 49.407951405088184, 
    "gpsLongitude": 8.677200548020137, 
    "outsideTemperature": 26.0, 
    "speed": 8.279250000000001, 
    "yawRate": -0.0018713919187188517
}