{
    "gpsHeading": 96, 
    "gpsLatitude": 49.40696443598934, 
    "gpsLongitude": 8.69301585820688, 
    "outsideTemperature": 15.5, 
    "speed": 10.6649375, 
    "yawRate": 0.028842682673963064
}