{
    "gpsHeading": 226, 
    "gpsLatitude": 49.40605801697999, 
    "gpsLongitude": 8.690494749369885, 
    "outsideTemperature": 18.0, 
    "speed": 4.9126875000000005, 
    "yawRate": -0.005678353569240497
}