{
    "gpsHeading": 1, 
    "gpsLatitude": 49.40446746703349, 
    "gpsLongitude": 8.684613084092968, 
    "outsideTemperature": 24.5, 
    "speed": 4.339125, 
    "yawRate": -0.03499988500274486
}