{
    "gpsHeading": 264, 
    "gpsLatitude": 49.406013844350255, 
    "gpsLongitude": 8.690230887057947, 
    "outsideTemperature": 17.5, 
    "speed": 3.95675, 
    "yawRate": 0.021897848612269163
}