{
    "gpsHeading": 344, 
    "gpsLatitude": 49.408264972085966, 
    "gpsLongitude": 8.694003078762822, 
    "outsideTemperature": 18.0, 
    "speed": 6.350750000000001, 
    "yawRate": 0.004572507862792532
}