{
    "gpsHeading": 80, 
    "gpsLatitude": 49.406940547565284, 
    "gpsLongitude": 8.691386164772544, 
    "outsideTemperature": 19.0, 
    "speed": 7.281750000000001, 
    "yawRate": -0.0035689446702017067
}