{
    "gpsHeading": 94, 
    "gpsLatitude": 49.41141916606975, 
    "gpsLongitude": 8.693141670573517, 
    "outsideTemperature": 22.0, 
    "speed": 0.0, 
    "yawRate": 0.0007232517556434201
}