{
    "gpsHeading": 175, 
    "gpsLatitude": 49.4190588517186, 
    "gpsLongitude": 8.67610419508487, 
    "outsideTemperature": 17.0, 
    "speed": 11.587625000000001, 
    "yawRate": 0.007463760357334452
}