{
    "gpsHeading": 16, 
    "gpsLatitude": 49.405581338146426, 
    "gpsLongitude": 8.693849187020525, 
    "outsideTemperature": 20.0, 
    "speed": 6.9741875, 
    "yawRate": -0.018551129049370705
}