{
    "gpsHeading": 82, 
    "gpsLatitude": 49.41206775773744, 
    "gpsLongitude": 8.697638896903031, 
    "outsideTemperature": 15.0, 
    "speed": 9.592625, 
    "yawRate": 0.04577237641830725
}