{
    "gpsHeading": 84, 
    "gpsLatitude": 49.41538942214665, 
    "gpsLongitude": 8.710383077766432, 
    "outsideTemperature": 17.0, 
    "speed": 8.295875, 
    "yawRate": -0.009688814065496158
}