{
    "gpsHeading": 251, 
    "gpsLatitude": 49.40809222106153, 
    "gpsLongitude": 8.697144196977648, 
    "outsideTemperature": 15.0, 
    "speed": 9.3515625, 
    "yawRate": 0.01370219959111927
}