{
    "gpsHeading": 248, 
    "gpsLatitude": 49.40800940785816, 
    "gpsLongitude": 8.696706996908054, 
    "outsideTemperature": 15.0, 
    "speed": 9.792125, 
    "yawRate": 0.06239688572175961
}