{
    "gpsHeading": 348, 
    "gpsLatitude": 49.41251610573827, 
    "gpsLongitude": 8.69250866924574, 
    "outsideTemperature": 16.5, 
    "speed": 10.989125000000001, 
    "yawRate": -0.01078638955475822
}