{
    "gpsHeading": 52, 
    "gpsLatitude": 49.40608416851791, 
    "gpsLongitude": 8.691091121780806, 
    "outsideTemperature": 17.5, 
    "speed": 3.5660625, 
    "yawRate": 0.0014774963639365688
}