{
    "gpsHeading": 282, 
    "gpsLatitude": 49.4170894397486, 
    "gpsLongitude": 8.691634436744582, 
    "outsideTemperature": 17.5, 
    "speed": 8.503687500000002, 
    "yawRate": -0.030913262870995446
}