{
    "gpsHeading": 84, 
    "gpsLatitude": 49.41824245434936, 
    "gpsLongitude": 8.681238613693747, 
    "outsideTemperature": 17.0, 
    "speed": 5.453, 
    "yawRate": -0.013809036201450986
}