{
    "gpsHeading": 70, 
    "gpsLatitude": 49.41214696672244, 
    "gpsLongitude": 8.69841137309965, 
    "outsideTemperature": 15.0, 
    "speed": 9.8669375, 
    "yawRate": -0.02596065583865772
}