{
    "gpsHeading": 224, 
    "gpsLatitude": 49.423297496335174, 
    "gpsLongitude": 8.678955550906922, 
    "outsideTemperature": 17.0, 
    "speed": 10.4654375, 
    "yawRate": -0.012412772799855823
}