{
    "gpsHeading": 73, 
    "gpsLatitude": 49.412643343028456, 
    "gpsLongitude": 8.684925812900431, 
    "outsideTemperature": 16.5, 
    "speed": 9.052312500000001, 
    "yawRate": -0.002912518250685766
}