{
    "gpsHeading": 61, 
    "gpsLatitude": 49.40580387767573, 
    "gpsLongitude": 8.685488070965407, 
    "outsideTemperature": 17.0, 
    "speed": 9.80875, 
    "yawRate": -0.056852983598957504
}