{
    "gpsHeading": 270, 
    "gpsLatitude": 49.41734584216673, 
    "gpsLongitude": 8.685320600539976, 
    "outsideTemperature": 17.0, 
    "speed": 9.368187500000001, 
    "yawRate": -0.0021153302130898903
}