{
    "gpsHeading": 279, 
    "gpsLatitude": 49.40189028326428, 
    "gpsLongitude": 8.688771430077121, 
    "outsideTemperature": 16.5, 
    "speed": 6.209437500000001, 
    "yawRate": 0.015134711093211186
}