{
    "gpsHeading": 70, 
    "gpsLatitude": 49.4134269671563, 
    "gpsLongitude": 8.694875886340439, 
    "outsideTemperature": 16.0, 
    "speed": 7.7056875, 
    "yawRate": -0.0034361170262845724
}