{
    "gpsHeading": 79, 
    "gpsLatitude": 49.41270578820712, 
    "gpsLongitude": 8.679432816473708, 
    "outsideTemperature": 18.0, 
    "speed": 8.5535625, 
    "yawRate": -0.016875152266640363
}