{
    "gpsHeading": 177, 
    "gpsLatitude": 49.40767857413983, 
    "gpsLongitude": 8.69254278359168, 
    "outsideTemperature": 16.5, 
    "speed": 9.01075, 
    "yawRate": 0.02858810513153239
}