{
    "gpsHeading": 80, 
    "gpsLatitude": 49.40598467532721, 
    "gpsLongitude": 8.690521990555194, 
    "outsideTemperature": 17.5, 
    "speed": 5.5943125, 
    "yawRate": 0.01491653160429236
}