{
    "gpsHeading": 79, 
    "gpsLatitude": 49.41536251623746, 
    "gpsLongitude": 8.710090884621737, 
    "outsideTemperature": 17.0, 
    "speed": 8.786312500000001, 
    "yawRate": -0.03482155529421404
}