{
    "gpsHeading": 81, 
    "gpsLatitude": 49.41251585428117, 
    "gpsLongitude": 8.68347976696468, 
    "outsideTemperature": 17.0, 
    "speed": 8.2376875, 
    "yawRate": -0.026474463152609214
}