{
    "gpsHeading": 228, 
    "gpsLatitude": 49.422959454180116, 
    "gpsLongitude": 8.67839111354712, 
    "outsideTemperature": 17.0, 
    "speed": 11.73725, 
    "yawRate": 0.0008517295153006978
}