{
    "gpsHeading": 39, 
    "gpsLatitude": 49.400908008031216, 
    "gpsLongitude": 8.679053619174063, 
    "outsideTemperature": 17.0, 
    "speed": 11.67075, 
    "yawRate": 0.003934473823640065
}