{
    "gpsHeading": 124, 
    "gpsLatitude": 49.40163689833131, 
    "gpsLongitude": 8.674323375936282, 
    "outsideTemperature": 17.0, 
    "speed": 13.449625000000001, 
    "yawRate": -0.005555839650837727
}