{
    "gpsHeading": 74, 
    "gpsLatitude": 49.412063063871656, 
    "gpsLongitude": 8.69789194655988, 
    "outsideTemperature": 15.0, 
    "speed": 9.825375000000001, 
    "yawRate": 0.026573754646370556
}