{
    "gpsHeading": 254, 
    "gpsLatitude": 49.40837192517049, 
    "gpsLongitude": 8.698701386949486, 
    "outsideTemperature": 15.0, 
    "speed": 6.9658750000000005, 
    "yawRate": -0.09166514725665771
}