{
    "gpsHeading": 123, 
    "gpsLatitude": 49.40185776147997, 
    "gpsLongitude": 8.673890031542149, 
    "outsideTemperature": 17.5, 
    "speed": 13.133750000000001, 
    "yawRate": -0.0018906482216500546
}