{
    "gpsHeading": 270, 
    "gpsLatitude": 49.41734274086255, 
    "gpsLongitude": 8.686679474682709, 
    "outsideTemperature": 17.5, 
    "speed": 8.603437500000002, 
    "yawRate": -0.016601563004642304
}