{
    "gpsHeading": 179, 
    "gpsLatitude": 49.41787943412286, 
    "gpsLongitude": 8.67611450482577, 
    "outsideTemperature": 16.5, 
    "speed": 12.119625000000001, 
    "yawRate": 0.012525215188118279
}