{
    "gpsHeading": 193, 
    "gpsLatitude": 49.40207862462863, 
    "gpsLongitude": 8.69144450281865, 
    "outsideTemperature": 15.0, 
    "speed": 9.742250000000002, 
    "yawRate": 0.013078476413082109
}