{
    "gpsHeading": 249, 
    "gpsLatitude": 49.40706635993194, 
    "gpsLongitude": 8.68665533480154, 
    "outsideTemperature": 17.0, 
    "speed": 5.187, 
    "yawRate": -0.014739051882964989
}