{
    "gpsHeading": 281, 
    "gpsLatitude": 49.41733804699677, 
    "gpsLongitude": 8.687498386622899, 
    "outsideTemperature": 17.5, 
    "speed": 7.996625, 
    "yawRate": 0.014639830606056026
}