{
    "gpsHeading": 86, 
    "gpsLatitude": 49.41543275658607, 
    "gpsLongitude": 8.711188075747357, 
    "outsideTemperature": 17.0, 
    "speed": 8.096375, 
    "yawRate": 0.002877556548862287
}