{
    "gpsHeading": 79, 
    "gpsLatitude": 49.40174720417709, 
    "gpsLongitude": 8.685909764514134, 
    "outsideTemperature": 17.0, 
    "speed": 5.2867500000000005, 
    "yawRate": 0.001172077077256587
}