{
    "gpsHeading": 73, 
    "gpsLatitude": 49.405091080629724, 
    "gpsLongitude": 8.68539838460144, 
    "outsideTemperature": 20.5, 
    "speed": 7.531125, 
    "yawRate": 0.02259598031306724
}