{
    "gpsHeading": 79, 
    "gpsLatitude": 49.41502749156756, 
    "gpsLongitude": 8.706552212739322, 
    "outsideTemperature": 17.0, 
    "speed": 9.218562499999999, 
    "yawRate": -0.009863346990696421
}