{
    "gpsHeading": 69, 
    "gpsLatitude": 49.41165913995766, 
    "gpsLongitude": 8.69485166264024, 
    "outsideTemperature": 15.0, 
    "speed": 9.443000000000001, 
    "yawRate": -0.004842171889527046
}