{
    "gpsHeading": 174, 
    "gpsLatitude": 49.40618860703145, 
    "gpsLongitude": 8.69264420462009, 
    "outsideTemperature": 15.5, 
    "speed": 9.709000000000001, 
    "yawRate": -0.0432956584263341
}