{
    "gpsHeading": 65, 
    "gpsLatitude": 49.412095501836944, 
    "gpsLongitude": 8.698158323442803, 
    "outsideTemperature": 15.0, 
    "speed": 9.484562500000001, 
    "yawRate": 0.011040324303621521
}