{
    "gpsHeading": 250, 
    "gpsLatitude": 49.411924427193135, 
    "gpsLongitude": 8.696666679953767, 
    "outsideTemperature": 19.0, 
    "speed": 9.709000000000001, 
    "yawRate": -0.008387289234074289
}