{
    "gpsHeading": 352, 
    "gpsLatitude": 49.41143383440031, 
    "gpsLongitude": 8.692795330334338, 
    "outsideTemperature": 17.5, 
    "speed": 10.789625000000001, 
    "yawRate": 0.013648219973162574
}