{
    "gpsHeading": 32, 
    "gpsLatitude": 49.402407446690184, 
    "gpsLongitude": 8.680711391984026, 
    "outsideTemperature": 17.5, 
    "speed": 8.645000000000001, 
    "yawRate": -0.0015385850687508684
}