{
    "gpsHeading": 219, 
    "gpsLatitude": 49.40614661369655, 
    "gpsLongitude": 8.691023060727021, 
    "outsideTemperature": 18.0, 
    "speed": 5.187, 
    "yawRate": -0.02208444853798688
}