{
    "gpsHeading": 81, 
    "gpsLatitude": 49.403359463252805, 
    "gpsLongitude": 8.684577796280584, 
    "outsideTemperature": 16.5, 
    "speed": 3.5245, 
    "yawRate": -0.028416655549463446
}