{
    "gpsHeading": 270, 
    "gpsLatitude": 49.41734584216673, 
    "gpsLongitude": 8.6858183179505, 
    "outsideTemperature": 17.0, 
    "speed": 6.1761875, 
    "yawRate": 0.015861561082451917
}