{
    "gpsHeading": 272, 
    "gpsLatitude": 49.40430443901674, 
    "gpsLongitude": 8.68399584074315, 
    "outsideTemperature": 16.0, 
    "speed": 6.866125, 
    "yawRate": -0.006025024131762094
}