{
    "gpsHeading": 66, 
    "gpsLatitude": 49.41660806704926, 
    "gpsLongitude": 8.718063918559881, 
    "outsideTemperature": 17.0, 
    "speed": 10.440500000000002, 
    "yawRate": -0.008990682364699073
}