{
    "gpsHeading": 253, 
    "gpsLatitude": 49.40840168092675, 
    "gpsLongitude": 8.698880256763266, 
    "outsideTemperature": 15.5, 
    "speed": 9.5510625, 
    "yawRate": 0.00288115822875453
}