{
    "gpsHeading": 270, 
    "gpsLatitude": 49.40433914009589, 
    "gpsLongitude": 8.684795306667983, 
    "outsideTemperature": 26.0, 
    "speed": 2.0531875000000004, 
    "yawRate": -0.02540057411677601
}