{
    "gpsHeading": 227, 
    "gpsLatitude": 49.42267195490122, 
    "gpsLongitude": 8.677913345066143, 
    "outsideTemperature": 16.5, 
    "speed": 11.562687500000001, 
    "yawRate": 0.0066113160468816105
}