{
    "gpsHeading": 81, 
    "gpsLatitude": 49.41372972149897, 
    "gpsLongitude": 8.712855320107904, 
    "outsideTemperature": 15.0, 
    "speed": 7.788812500000001, 
    "yawRate": -0.08799995582747004
}