{
    "gpsHeading": 89, 
    "gpsLatitude": 49.40176966767759, 
    "gpsLongitude": 8.68674502116551, 
    "outsideTemperature": 16.0, 
    "speed": 5.436375, 
    "yawRate": -0.010696161836304773
}