{
    "gpsHeading": 225, 
    "gpsLatitude": 49.422177171156804, 
    "gpsLongitude": 8.67709334347854, 
    "outsideTemperature": 17.0, 
    "speed": 11.105500000000001, 
    "yawRate": 0.0624618521107
}