{
    "gpsHeading": 0, 
    "gpsLatitude": 49.41141916606975, 
    "gpsLongitude": 8.693141670573517, 
    "outsideTemperature": 28.0, 
    "speed": 0.0, 
    "yawRate": 0.0003120653766245851
}