{
    "gpsHeading": 231, 
    "gpsLatitude": 49.41343526524044, 
    "gpsLongitude": 8.716034156887035, 
    "outsideTemperature": 18.5, 
    "speed": 5.5776875, 
    "yawRate": 0.00842513323008406
}