{
    "gpsHeading": 264, 
    "gpsLatitude": 49.417372999533015, 
    "gpsLongitude": 8.688627261342505, 
    "outsideTemperature": 18.5, 
    "speed": 9.6508125, 
    "yawRate": 0.01289450135406133
}