{
    "gpsHeading": 72, 
    "gpsLatitude": 49.41509689372584, 
    "gpsLongitude": 8.707062000090446, 
    "outsideTemperature": 17.0, 
    "speed": 9.609250000000001, 
    "yawRate": 0.002004891922864938
}