{
    "gpsHeading": 73, 
    "gpsLatitude": 49.41330827940733, 
    "gpsLongitude": 8.689782203780975, 
    "outsideTemperature": 16.5, 
    "speed": 8.894375, 
    "yawRate": 0.007908523111678972
}