{
    "gpsHeading": 312, 
    "gpsLatitude": 49.4086652917816, 
    "gpsLongitude": 8.69384114039348, 
    "outsideTemperature": 18.0, 
    "speed": 7.182, 
    "yawRate": -0.010437323704358686
}