{
    "gpsHeading": 264, 
    "gpsLatitude": 49.40892999228388, 
    "gpsLongitude": 8.703614439495537, 
    "outsideTemperature": 14.5, 
    "speed": 10.523625000000001, 
    "yawRate": -0.0045732175821419745
}