{
    "gpsHeading": 272, 
    "gpsLatitude": 49.417349111108976, 
    "gpsLongitude": 8.684925561443334, 
    "outsideTemperature": 17.0, 
    "speed": 9.925125000000001, 
    "yawRate": 0.00538958557048572
}