{
    "gpsHeading": 336, 
    "gpsLatitude": 49.419349452301674, 
    "gpsLongitude": 8.681088661445942, 
    "outsideTemperature": 18.0, 
    "speed": 7.963375, 
    "yawRate": 0.02493727319282196
}