{
    "gpsHeading": 214, 
    "gpsLatitude": 49.40891716797201, 
    "gpsLongitude": 8.692355280417635, 
    "outsideTemperature": 22.0, 
    "speed": 7.2734375, 
    "yawRate": 0.047422316676014355
}