{
    "gpsHeading": 86, 
    "gpsLatitude": 49.412673014965705, 
    "gpsLongitude": 8.677843104717532, 
    "outsideTemperature": 19.0, 
    "speed": 9.9334375, 
    "yawRate": -0.006577709679874431
}