{
    "gpsHeading": 89, 
    "gpsLatitude": 49.401760531403134, 
    "gpsLongitude": 8.686408320114976, 
    "outsideTemperature": 16.5, 
    "speed": 6.234375, 
    "yawRate": 0.006058998982841143
}