{
    "gpsHeading": 174, 
    "gpsLatitude": 49.40815139729794, 
    "gpsLongitude": 8.692458042550582, 
    "outsideTemperature": 21.5, 
    "speed": 8.295875, 
    "yawRate": 0.0002984268721684491
}