{
    "gpsHeading": 283, 
    "gpsLatitude": 49.40185248088096, 
    "gpsLongitude": 8.689576679515142, 
    "outsideTemperature": 16.0, 
    "speed": 1.2635, 
    "yawRate": 0.02215418852345215
}