{
    "gpsHeading": 122, 
    "gpsLatitude": 49.40156246703111, 
    "gpsLongitude": 8.674469723965725, 
    "outsideTemperature": 17.0, 
    "speed": 13.557687500000002, 
    "yawRate": 0.0022981419831364243
}