{
    "gpsHeading": 165, 
    "gpsLatitude": 49.40729057584188, 
    "gpsLongitude": 8.692611431378655, 
    "outsideTemperature": 21.0, 
    "speed": 8.761375, 
    "yawRate": -0.025706978982546782
}