{
    "gpsHeading": 253, 
    "gpsLatitude": 49.413040812877014, 
    "gpsLongitude": 8.703954493307338, 
    "outsideTemperature": 19.0, 
    "speed": 9.9666875, 
    "yawRate": -0.004885717620847371
}