{
    "gpsHeading": 207, 
    "gpsLatitude": 49.408928064446144, 
    "gpsLongitude": 8.692356705341174, 
    "outsideTemperature": 16.0, 
    "speed": 6.6749375, 
    "yawRate": 0.13745365889093747
}