{
    "gpsHeading": 137, 
    "gpsLatitude": 49.40375332888299, 
    "gpsLongitude": 8.67106390524864, 
    "outsideTemperature": 19.5, 
    "speed": 12.585125000000001, 
    "yawRate": 0.0038689383099308576
}