{
    "gpsHeading": 351, 
    "gpsLatitude": 49.408879700864816, 
    "gpsLongitude": 8.693765284169746, 
    "outsideTemperature": 15.5, 
    "speed": 9.044, 
    "yawRate": 0.02395576076837851
}