{
    "gpsHeading": 78, 
    "gpsLatitude": 49.41364078950628, 
    "gpsLongitude": 8.698964746347269, 
    "outsideTemperature": 16.5, 
    "speed": 9.484562500000001, 
    "yawRate": 0.004448352875657712
}