{
    "gpsHeading": 88, 
    "gpsLatitude": 49.41334222611519, 
    "gpsLongitude": 8.691253646883368, 
    "outsideTemperature": 16.5, 
    "speed": 7.7389375000000005, 
    "yawRate": 0.062188262848701936
}