{
    "gpsHeading": 50, 
    "gpsLatitude": 49.405361061731, 
    "gpsLongitude": 8.68492279541529, 
    "outsideTemperature": 17.0, 
    "speed": 9.002437500000001, 
    "yawRate": 0.006153402398036966
}