{
    "gpsHeading": 348, 
    "gpsLatitude": 49.41372938622284, 
    "gpsLongitude": 8.692238352868358, 
    "outsideTemperature": 19.5, 
    "speed": 7.539437500000001, 
    "yawRate": -0.027422604367007043
}