{
    "gpsHeading": 204, 
    "gpsLatitude": 49.42158943210616, 
    "gpsLongitude": 8.676490014087989, 
    "outsideTemperature": 17.0, 
    "speed": 11.953375, 
    "yawRate": 0.05303707414993043
}