{
    "gpsHeading": 162, 
    "gpsLatitude": 49.41387749445195, 
    "gpsLongitude": 8.71776694773038, 
    "outsideTemperature": 15.5, 
    "speed": 5.4779375, 
    "yawRate": -0.3553843972329967
}