{
    "gpsHeading": 52, 
    "gpsLatitude": 49.40508135762204, 
    "gpsLongitude": 8.684346958667138, 
    "outsideTemperature": 17.5, 
    "speed": 6.4588125, 
    "yawRate": -0.1039768734028034
}