{
    "gpsHeading": 269, 
    "gpsLatitude": 49.40795333292591, 
    "gpsLongitude": 8.67696862075928, 
    "outsideTemperature": 25.5, 
    "speed": 8.595125, 
    "yawRate": -0.025956935596240113
}