{
    "gpsHeading": 271, 
    "gpsLatitude": 49.413473905814065, 
    "gpsLongitude": 8.708075036908156, 
    "outsideTemperature": 20.0, 
    "speed": 9.177, 
    "yawRate": 0.0038409286391241286
}