{
    "gpsHeading": 143, 
    "gpsLatitude": 49.40484641287605, 
    "gpsLongitude": 8.669646944516897, 
    "outsideTemperature": 23.0, 
    "speed": 10.67325, 
    "yawRate": -0.02335819802117927
}