{
    "gpsHeading": 261, 
    "gpsLatitude": 49.40804637205117, 
    "gpsLongitude": 8.691147783446246, 
    "outsideTemperature": 18.0, 
    "speed": 6.151250000000001, 
    "yawRate": -0.0007764178670113823
}