{
    "gpsHeading": 68, 
    "gpsLatitude": 49.41419525240131, 
    "gpsLongitude": 8.701939148507947, 
    "outsideTemperature": 17.0, 
    "speed": 7.963375, 
    "yawRate": 0.002703023623663015
}