{
    "gpsHeading": 75, 
    "gpsLatitude": 49.40841802563794, 
    "gpsLongitude": 8.68863338013182, 
    "outsideTemperature": 16.5, 
    "speed": 6.6998750000000005, 
    "yawRate": -0.014903622395981735
}