{
    "gpsHeading": 83, 
    "gpsLatitude": 49.415117177931535, 
    "gpsLongitude": 8.707326365316575, 
    "outsideTemperature": 17.0, 
    "speed": 9.526125, 
    "yawRate": -0.008467083589100267
}