{
    "gpsHeading": 108, 
    "gpsLatitude": 49.406443081611854, 
    "gpsLongitude": 8.692656945112908, 
    "outsideTemperature": 15.5, 
    "speed": 9.359875, 
    "yawRate": -0.006294678284054862
}