{
    "gpsHeading": 68, 
    "gpsLatitude": 49.41137608308743, 
    "gpsLongitude": 8.693015606749785, 
    "outsideTemperature": 16.0, 
    "speed": 7.3648750000000005, 
    "yawRate": -0.09228316741444131
}