{
    "gpsHeading": 92, 
    "gpsLatitude": 49.40688472409015, 
    "gpsLongitude": 8.693559173170659, 
    "outsideTemperature": 16.5, 
    "speed": 8.462125, 
    "yawRate": 0.04237620622228772
}