{
    "gpsHeading": 317, 
    "gpsLatitude": 49.42380912770498, 
    "gpsLongitude": 8.680062213583124, 
    "outsideTemperature": 17.5, 
    "speed": 6.533625000000001, 
    "yawRate": 0.3214687131066537
}