{
    "gpsHeading": 185, 
    "gpsLatitude": 49.40896972250493, 
    "gpsLongitude": 8.69866308165199, 
    "outsideTemperature": 15.5, 
    "speed": 4.663312500000001, 
    "yawRate": 0.0065968896306213085
}