{
    "gpsHeading": 82, 
    "gpsLatitude": 49.41526193339937, 
    "gpsLongitude": 8.709265015701916, 
    "outsideTemperature": 17.0, 
    "speed": 7.9135, 
    "yawRate": 0.02818483070277944
}