{
    "gpsHeading": 241, 
    "gpsLatitude": 49.4127575045497, 
    "gpsLongitude": 8.70207837191969, 
    "outsideTemperature": 19.0, 
    "speed": 8.3208125, 
    "yawRate": 0.0001757372099364554
}