{
    "gpsHeading": 269, 
    "gpsLatitude": 49.40794889051724, 
    "gpsLongitude": 8.677523921844628, 
    "outsideTemperature": 27.0, 
    "speed": 7.6475, 
    "yawRate": -0.03206558797821957
}