{
    "gpsHeading": 179, 
    "gpsLatitude": 49.42005495709192, 
    "gpsLongitude": 8.676186924469205, 
    "outsideTemperature": 16.5, 
    "speed": 8.512, 
    "yawRate": 0.003993322168890557
}