{
    "gpsHeading": 252, 
    "gpsLatitude": 49.40749777648836, 
    "gpsLongitude": 8.693555568952295, 
    "outsideTemperature": 16.0, 
    "speed": 9.1354375, 
    "yawRate": 0.0048754289287094126
}