{
    "gpsHeading": 180, 
    "gpsLatitude": 49.41950217057753, 
    "gpsLongitude": 8.676111403521597, 
    "outsideTemperature": 17.5, 
    "speed": 7.788812500000001, 
    "yawRate": 0.0015296409005542688
}