{
    "gpsHeading": 66, 
    "gpsLatitude": 49.406593285316745, 
    "gpsLongitude": 8.689494453044997, 
    "outsideTemperature": 16.0, 
    "speed": 7.381500000000001, 
    "yawRate": -0.0022241780115359925
}