{
    "gpsHeading": 270, 
    "gpsLatitude": 49.417358331202465, 
    "gpsLongitude": 8.683861395016212, 
    "outsideTemperature": 17.0, 
    "speed": 8.9775, 
    "yawRate": 0.07956607878024348
}