{
    "gpsHeading": 263, 
    "gpsLatitude": 49.41186776552768, 
    "gpsLongitude": 8.696274993618395, 
    "outsideTemperature": 19.0, 
    "speed": 9.218562499999999, 
    "yawRate": 0.00016482410069794092
}