{
    "gpsHeading": 341, 
    "gpsLatitude": 49.409658631126874, 
    "gpsLongitude": 8.693509217027756, 
    "outsideTemperature": 15.5, 
    "speed": 9.343250000000001, 
    "yawRate": 0.0005683487916553242
}