{
    "gpsHeading": 248, 
    "gpsLatitude": 49.40786641258999, 
    "gpsLongitude": 8.695919768561854, 
    "outsideTemperature": 15.5, 
    "speed": 9.758875, 
    "yawRate": -0.00793988313361021
}