{
    "gpsHeading": 276, 
    "gpsLatitude": 49.40605550240903, 
    "gpsLongitude": 8.693465547312199, 
    "outsideTemperature": 20.0, 
    "speed": 5.41975, 
    "yawRate": 0.002392821974561688
}