{
    "gpsHeading": 271, 
    "gpsLatitude": 49.41347667184212, 
    "gpsLongitude": 8.70755334725456, 
    "outsideTemperature": 19.5, 
    "speed": 9.850312500000001, 
    "yawRate": 0.038398447828611584
}