{
    "gpsHeading": 263, 
    "gpsLatitude": 49.41344884392357, 
    "gpsLongitude": 8.706994441950851, 
    "outsideTemperature": 19.5, 
    "speed": 10.5319375, 
    "yawRate": 0.027402873541047576
}