{
    "gpsHeading": 67, 
    "gpsLatitude": 49.4062230566535, 
    "gpsLongitude": 8.68726780046655, 
    "outsideTemperature": 15.5, 
    "speed": 11.2385, 
    "yawRate": -0.003096842637532349
}