{
    "gpsHeading": 36, 
    "gpsLatitude": 49.4012894684447, 
    "gpsLongitude": 8.679544211966924, 
    "outsideTemperature": 16.5, 
    "speed": 9.359875, 
    "yawRate": -0.0019996456331411103
}