{
    "gpsHeading": 68, 
    "gpsLatitude": 49.40651692617881, 
    "gpsLongitude": 8.689028335409429, 
    "outsideTemperature": 15.0, 
    "speed": 2.95925, 
    "yawRate": 0.0014410134176526727
}