{
    "gpsHeading": 80, 
    "gpsLatitude": 49.41261333581509, 
    "gpsLongitude": 8.700928039527932, 
    "outsideTemperature": 14.5, 
    "speed": 9.01075, 
    "yawRate": 0.043852514241114283
}