{
    "gpsHeading": 247, 
    "gpsLatitude": 49.407639430652004, 
    "gpsLongitude": 8.694587548871205, 
    "outsideTemperature": 15.0, 
    "speed": 6.101375000000001, 
    "yawRate": -0.028360235381943797
}