{
    "gpsHeading": 214, 
    "gpsLatitude": 49.40603664312689, 
    "gpsLongitude": 8.67037139240831, 
    "outsideTemperature": 18.5, 
    "speed": 13.133750000000001, 
    "yawRate": -0.001047920297978189
}