{
    "gpsHeading": 32, 
    "gpsLatitude": 49.4022055266427, 
    "gpsLongitude": 8.680508047013017, 
    "outsideTemperature": 18.0, 
    "speed": 9.0190625, 
    "yawRate": -0.006250974049136153
}