{
    "gpsHeading": 185, 
    "gpsLatitude": 49.42064026539064, 
    "gpsLongitude": 8.676289770421153, 
    "outsideTemperature": 16.5, 
    "speed": 11.571, 
    "yawRate": 0.0015498612160987752
}