{
    "gpsHeading": 176, 
    "gpsLatitude": 49.4087144097342, 
    "gpsLongitude": 8.692375313166247, 
    "outsideTemperature": 22.0, 
    "speed": 7.8719375000000005, 
    "yawRate": 0.0020437561241621535
}