{
    "gpsHeading": 269, 
    "gpsLatitude": 49.4173663778295, 
    "gpsLongitude": 8.683068383156822, 
    "outsideTemperature": 17.0, 
    "speed": 9.6508125, 
    "yawRate": -0.008223982595069346
}