{
    "gpsHeading": 68, 
    "gpsLatitude": 49.40613085571858, 
    "gpsLongitude": 8.691362779262693, 
    "outsideTemperature": 17.5, 
    "speed": 4.389, 
    "yawRate": -0.0423302678611212
}