{
    "gpsHeading": 57, 
    "gpsLatitude": 49.40524220634397, 
    "gpsLongitude": 8.684780554518401, 
    "outsideTemperature": 17.0, 
    "speed": 8.304187500000001, 
    "yawRate": 0.13146804269122783
}