{
    "gpsHeading": 261, 
    "gpsLatitude": 49.417364701448875, 
    "gpsLongitude": 8.688364991592168, 
    "outsideTemperature": 18.0, 
    "speed": 8.794625, 
    "yawRate": 0.008356645298876307
}