{
    "gpsHeading": 248, 
    "gpsLatitude": 49.40828022714974, 
    "gpsLongitude": 8.698164777508245, 
    "outsideTemperature": 16.0, 
    "speed": 8.470437500000001, 
    "yawRate": 0.009513409386332793
}