{
    "gpsHeading": 19, 
    "gpsLatitude": 49.413314398196654, 
    "gpsLongitude": 8.692291158858339, 
    "outsideTemperature": 16.0, 
    "speed": 3.740625, 
    "yawRate": -0.013578916357948546
}