{
    "gpsHeading": 125, 
    "gpsLatitude": 49.4021577497946, 
    "gpsLongitude": 8.673328946943613, 
    "outsideTemperature": 17.5, 
    "speed": 13.150375, 
    "yawRate": 0.0035198724595323153
}