{
    "gpsHeading": 79, 
    "gpsLatitude": 49.412683073249504, 
    "gpsLongitude": 8.68541892026421, 
    "outsideTemperature": 16.5, 
    "speed": 8.9026875, 
    "yawRate": -0.004657847502680463
}