{
    "gpsHeading": 59, 
    "gpsLatitude": 49.405972521567605, 
    "gpsLongitude": 8.685977490291794, 
    "outsideTemperature": 16.5, 
    "speed": 10.3490625, 
    "yawRate": -0.09088690401284616
}