{
    "gpsHeading": 241, 
    "gpsLatitude": 49.40908304583584, 
    "gpsLongitude": 8.692418312329517, 
    "outsideTemperature": 22.0, 
    "speed": 6.61675, 
    "yawRate": 0.12369320498816534
}