{
    "gpsHeading": 178, 
    "gpsLatitude": 49.41990969870989, 
    "gpsLongitude": 8.676148619171679, 
    "outsideTemperature": 16.5, 
    "speed": 5.461312500000001, 
    "yawRate": -0.001591731437491084
}