{
    "gpsHeading": 253, 
    "gpsLatitude": 49.41245139744575, 
    "gpsLongitude": 8.699761110967927, 
    "outsideTemperature": 19.0, 
    "speed": 2.0199375, 
    "yawRate": 0.0029682640131267805
}