{
    "gpsHeading": 177, 
    "gpsLatitude": 49.40874416549048, 
    "gpsLongitude": 8.692371373671723, 
    "outsideTemperature": 16.0, 
    "speed": 7.08225, 
    "yawRate": 0.026799784314499274
}