{
    "gpsHeading": 272, 
    "gpsLatitude": 49.4079591164391, 
    "gpsLongitude": 8.674412224109968, 
    "outsideTemperature": 22.0, 
    "speed": 6.916, 
    "yawRate": 0.0005720690340739224
}