{
    "gpsHeading": 316, 
    "gpsLatitude": 49.412752223950704, 
    "gpsLongitude": 8.676451708790493, 
    "outsideTemperature": 21.0, 
    "speed": 0.0, 
    "yawRate": -0.0006276153599985694
}