{
    "gpsHeading": 87, 
    "gpsLatitude": 49.41335555334124, 
    "gpsLongitude": 8.692955843780139, 
    "outsideTemperature": 16.5, 
    "speed": 5.8769375, 
    "yawRate": 0.02379101930482655
}