{
    "gpsHeading": 239, 
    "gpsLatitude": 49.40850746054482, 
    "gpsLongitude": 8.6994447779421, 
    "outsideTemperature": 14.5, 
    "speed": 9.47625, 
    "yawRate": 0.004502494528228068
}