{
    "gpsHeading": 75, 
    "gpsLatitude": 49.41316553559626, 
    "gpsLongitude": 8.704783631169397, 
    "outsideTemperature": 14.5, 
    "speed": 7.464625, 
    "yawRate": -0.015663213251891784
}