{
    "gpsHeading": 344, 
    "gpsLatitude": 49.4107777828388, 
    "gpsLongitude": 8.693046703610552, 
    "outsideTemperature": 17.5, 
    "speed": 10.7979375, 
    "yawRate": 0.004921573713191074
}