{
    "gpsHeading": 175, 
    "gpsLatitude": 49.41612057556061, 
    "gpsLongitude": 8.676239479002092, 
    "outsideTemperature": 16.5, 
    "speed": 13.017375, 
    "yawRate": 0.003449503077747245
}