{
    "gpsHeading": 225, 
    "gpsLatitude": 49.42231664602562, 
    "gpsLongitude": 8.67732443254908, 
    "outsideTemperature": 17.0, 
    "speed": 11.305000000000001, 
    "yawRate": 0.0375036438071814
}