{
    "gpsHeading": 273, 
    "gpsLatitude": 49.40193579699852, 
    "gpsLongitude": 8.687405263678631, 
    "outsideTemperature": 16.0, 
    "speed": 5.1620625, 
    "yawRate": 0.005535400207242337
}