{
    "gpsHeading": 263, 
    "gpsLatitude": 49.417380291788774, 
    "gpsLongitude": 8.681903382434546, 
    "outsideTemperature": 17.5, 
    "speed": 9.044, 
    "yawRate": 0.04675388884275071
}