{
    "gpsHeading": 250, 
    "gpsLatitude": 49.41736495290597, 
    "gpsLongitude": 8.681653936996062, 
    "outsideTemperature": 17.5, 
    "speed": 9.526125, 
    "yawRate": -0.04138523838296164
}