{
    "gpsHeading": 237, 
    "gpsLatitude": 49.411169469174155, 
    "gpsLongitude": 8.692194766971832, 
    "outsideTemperature": 25.5, 
    "speed": 7.6475, 
    "yawRate": 0.2854848542493761
}