{
    "gpsHeading": 350, 
    "gpsLatitude": 49.41985446196797, 
    "gpsLongitude": 8.68091532368829, 
    "outsideTemperature": 18.0, 
    "speed": 7.2568125, 
    "yawRate": -0.0070022521186734535
}