{
    "gpsHeading": 78, 
    "gpsLatitude": 49.418114127411755, 
    "gpsLongitude": 8.680446942938865, 
    "outsideTemperature": 17.0, 
    "speed": 7.398125000000001, 
    "yawRate": -0.005605988717078292
}