{
    "gpsHeading": 192, 
    "gpsLatitude": 49.40226411614588, 
    "gpsLongitude": 8.691519185575942, 
    "outsideTemperature": 15.0, 
    "speed": 10.681562500000002, 
    "yawRate": 0.006097159405105304
}