{
    "gpsHeading": 277, 
    "gpsLatitude": 49.413614721787404, 
    "gpsLongitude": 8.711241384651562, 
    "outsideTemperature": 22.5, 
    "speed": 8.013250000000001, 
    "yawRate": 0.013265706599893705
}