{
    "gpsHeading": 78, 
    "gpsLatitude": 49.41400414500891, 
    "gpsLongitude": 8.715169479755493, 
    "outsideTemperature": 15.0, 
    "speed": 10.290875, 
    "yawRate": 0.007818620107017199
}