{
    "gpsHeading": 226, 
    "gpsLatitude": 49.41239138301901, 
    "gpsLongitude": 8.712498586308758, 
    "outsideTemperature": 18.0, 
    "speed": 3.7239999999999998, 
    "yawRate": 0.0227368330964372
}