{
    "gpsHeading": 240, 
    "gpsLatitude": 49.41370189358043, 
    "gpsLongitude": 8.716751647798782, 
    "outsideTemperature": 19.0, 
    "speed": 6.0764375, 
    "yawRate": -0.02979757738859107
}