{
    "gpsHeading": 100, 
    "gpsLatitude": 49.40691196527545, 
    "gpsLongitude": 8.693297825429672, 
    "outsideTemperature": 15.5, 
    "speed": 10.374, 
    "yawRate": 0.034951335055942515
}