{
    "gpsHeading": 343, 
    "gpsLatitude": 49.40970221702339, 
    "gpsLongitude": 8.69349002246946, 
    "outsideTemperature": 17.5, 
    "speed": 9.193625, 
    "yawRate": -0.005201335948375588
}