{
    "gpsHeading": 215, 
    "gpsLatitude": 49.40910274330831, 
    "gpsLongitude": 8.692437255430685, 
    "outsideTemperature": 16.0, 
    "speed": 7.08225, 
    "yawRate": 0.09172603248868672
}