{
    "gpsHeading": 73, 
    "gpsLatitude": 49.408091131414125, 
    "gpsLongitude": 8.68670001034548, 
    "outsideTemperature": 18.0, 
    "speed": 9.002437500000001, 
    "yawRate": 0.0009788737971658406
}