{
    "gpsHeading": 78, 
    "gpsLatitude": 49.414252752257084, 
    "gpsLongitude": 8.716880812926721, 
    "outsideTemperature": 14.5, 
    "speed": 5.303375000000001, 
    "yawRate": -0.02237557595248451
}