{
    "gpsHeading": 348, 
    "gpsLatitude": 49.40926912408633, 
    "gpsLongitude": 8.69364114818371, 
    "outsideTemperature": 15.5, 
    "speed": 8.7530625, 
    "yawRate": 0.00021928294125678162
}