{
    "gpsHeading": 257, 
    "gpsLatitude": 49.417322791933, 
    "gpsLongitude": 8.681261161013278, 
    "outsideTemperature": 17.0, 
    "speed": 9.842, 
    "yawRate": -0.014158102051850521
}