{
    "gpsHeading": 351, 
    "gpsLatitude": 49.41017411817214, 
    "gpsLongitude": 8.693296987239354, 
    "outsideTemperature": 15.5, 
    "speed": 10.6150625, 
    "yawRate": 0.020988701039988913
}