{
    "gpsHeading": 73, 
    "gpsLatitude": 49.41249389369486, 
    "gpsLongitude": 8.68324918080833, 
    "outsideTemperature": 17.0, 
    "speed": 8.4205625, 
    "yawRate": -0.0036106499514838436
}