{
    "gpsHeading": 18, 
    "gpsLatitude": 49.40494305621964, 
    "gpsLongitude": 8.69354115207884, 
    "outsideTemperature": 20.5, 
    "speed": 5.669125, 
    "yawRate": -0.005461159659413455
}