{
    "gpsHeading": 93, 
    "gpsLatitude": 49.4133221933666, 
    "gpsLongitude": 8.690151929530037, 
    "outsideTemperature": 16.5, 
    "speed": 9.052312500000001, 
    "yawRate": -0.008323038931868136
}