{
    "gpsHeading": 78, 
    "gpsLatitude": 49.408660514096795, 
    "gpsLongitude": 8.690042545693581, 
    "outsideTemperature": 16.0, 
    "speed": 7.2318750000000005, 
    "yawRate": -0.006176976136010233
}