{
    "gpsHeading": 180, 
    "gpsLatitude": 49.41885081288181, 
    "gpsLongitude": 8.676101931971013, 
    "outsideTemperature": 17.0, 
    "speed": 11.920125, 
    "yawRate": -0.005102610257023993
}