{
    "gpsHeading": 73, 
    "gpsLatitude": 49.40685605798128, 
    "gpsLongitude": 8.690922813165022, 
    "outsideTemperature": 16.0, 
    "speed": 8.61175, 
    "yawRate": 0.032682407028350006
}