{
    "gpsHeading": 158, 
    "gpsLatitude": 49.40598777663137, 
    "gpsLongitude": 8.690538335266412, 
    "outsideTemperature": 17.5, 
    "speed": 5.5943125, 
    "yawRate": -0.024702442415977934
}