{
    "gpsHeading": 272, 
    "gpsLatitude": 49.407628869454015, 
    "gpsLongitude": 8.68905775588956, 
    "outsideTemperature": 17.5, 
    "speed": 6.4338750000000005, 
    "yawRate": 0.008124761318160381
}