{
    "gpsHeading": 171, 
    "gpsLatitude": 49.40727439876874, 
    "gpsLongitude": 8.6942527756584, 
    "outsideTemperature": 17.5, 
    "speed": 0.0, 
    "yawRate": -0.0006669294060959784
}