{
    "gpsHeading": 73, 
    "gpsLatitude": 49.418197443529316, 
    "gpsLongitude": 8.680960585965414, 
    "outsideTemperature": 17.0, 
    "speed": 7.165375, 
    "yawRate": -0.01974315565823216
}