{
    "gpsHeading": 83, 
    "gpsLatitude": 49.4146102404275, 
    "gpsLongitude": 8.704109726154142, 
    "outsideTemperature": 17.0, 
    "speed": 10.606750000000002, 
    "yawRate": -0.0061981555615077556
}