{
    "gpsHeading": 91, 
    "gpsLatitude": 49.4058933125826, 
    "gpsLongitude": 8.69000197728223, 
    "outsideTemperature": 18.0, 
    "speed": 4.6217500000000005, 
    "yawRate": 0.1259194720311301
}