{
    "gpsHeading": 72, 
    "gpsLatitude": 49.41505473275287, 
    "gpsLongitude": 8.706740051189493, 
    "outsideTemperature": 17.0, 
    "speed": 9.459624999999999, 
    "yawRate": -0.0061981555615077556
}