{
    "gpsHeading": 344, 
    "gpsLatitude": 49.40869496371886, 
    "gpsLongitude": 8.693829489548072, 
    "outsideTemperature": 15.0, 
    "speed": 2.9343125, 
    "yawRate": -0.41809225735227074
}