{
    "gpsHeading": 32, 
    "gpsLatitude": 49.40253803674164, 
    "gpsLongitude": 8.680846424444184, 
    "outsideTemperature": 17.5, 
    "speed": 9.044, 
    "yawRate": -0.0010149862931530546
}