{
    "gpsHeading": 74, 
    "gpsLatitude": 49.409218329753095, 
    "gpsLongitude": 8.699000872349936, 
    "outsideTemperature": 15.0, 
    "speed": 5.81875, 
    "yawRate": 0.000786763126361291
}