{
    "gpsHeading": 94, 
    "gpsLatitude": 49.39988692458642, 
    "gpsLongitude": 8.677629701462719, 
    "outsideTemperature": 18.5, 
    "speed": 5.403125, 
    "yawRate": 0.25177122760683046
}