{
    "gpsHeading": 78, 
    "gpsLatitude": 49.4134280568037, 
    "gpsLongitude": 8.706765867451264, 
    "outsideTemperature": 14.5, 
    "speed": 8.4205625, 
    "yawRate": -0.04114502033100821
}