{
    "gpsHeading": 60, 
    "gpsLatitude": 49.413255557236376, 
    "gpsLongitude": 8.705398359948264, 
    "outsideTemperature": 14.5, 
    "speed": 5.3449375, 
    "yawRate": 0.002837276819247835
}