{
    "gpsHeading": 79, 
    "gpsLatitude": 49.40328385848616, 
    "gpsLongitude": 8.682881382897, 
    "outsideTemperature": 16.0, 
    "speed": 4.5136875000000005, 
    "yawRate": -0.07013002467212698
}