{
    "gpsHeading": 247, 
    "gpsLatitude": 49.41140139643501, 
    "gpsLongitude": 8.692964980054597, 
    "outsideTemperature": 28.0, 
    "speed": 6.209437500000001, 
    "yawRate": -0.05206182308632112
}