{
    "gpsHeading": 258, 
    "gpsLatitude": 49.41354330797237, 
    "gpsLongitude": 8.710116952340636, 
    "outsideTemperature": 21.5, 
    "speed": 10.440500000000002, 
    "yawRate": -0.041188566062328534
}