{
    "gpsHeading": 269, 
    "gpsLatitude": 49.41346778702476, 
    "gpsLongitude": 8.708719772900377, 
    "outsideTemperature": 20.0, 
    "speed": 9.501187500000002, 
    "yawRate": -0.0034894542192522096
}