{
    "gpsHeading": 339, 
    "gpsLatitude": 49.40911799837209, 
    "gpsLongitude": 8.693688589755693, 
    "outsideTemperature": 15.5, 
    "speed": 8.47875, 
    "yawRate": -0.0069365669919202845
}