{
    "gpsHeading": 355, 
    "gpsLatitude": 49.4048288946984, 
    "gpsLongitude": 8.684572264224489, 
    "outsideTemperature": 22.5, 
    "speed": 3.9484375, 
    "yawRate": 0.002350160989932925
}