{
    "gpsHeading": 214, 
    "gpsLatitude": 49.40712277014032, 
    "gpsLongitude": 8.671455843041109, 
    "outsideTemperature": 21.0, 
    "speed": 11.105500000000001, 
    "yawRate": -0.024609865199901635
}