{
    "gpsHeading": 266, 
    "gpsLatitude": 49.41249221731421, 
    "gpsLongitude": 8.70005003517035, 
    "outsideTemperature": 19.0, 
    "speed": 5.0456875000000005, 
    "yawRate": -0.00244225666805559
}