{
    "gpsHeading": 76, 
    "gpsLatitude": 49.40704439934563, 
    "gpsLongitude": 8.692300546589925, 
    "outsideTemperature": 18.0, 
    "speed": 6.342437500000001, 
    "yawRate": -0.01805517746175412
}