{
    "gpsHeading": 179, 
    "gpsLatitude": 49.40660250541024, 
    "gpsLongitude": 8.692661136064496, 
    "outsideTemperature": 15.5, 
    "speed": 8.6865625, 
    "yawRate": -0.03439447924116234
}