{
    "gpsHeading": 255, 
    "gpsLatitude": 49.41302639600356, 
    "gpsLongitude": 8.714524492306179, 
    "outsideTemperature": 17.5, 
    "speed": 5.6774375, 
    "yawRate": 0.022387767246038658
}