{
    "gpsHeading": 59, 
    "gpsLatitude": 49.412721127089924, 
    "gpsLongitude": 8.70180721735196, 
    "outsideTemperature": 14.5, 
    "speed": 9.684062500000001, 
    "yawRate": -0.026833320464655065
}