{
    "gpsHeading": 74, 
    "gpsLatitude": 49.41148110833421, 
    "gpsLongitude": 8.693590270031457, 
    "outsideTemperature": 16.0, 
    "speed": 8.204437500000001, 
    "yawRate": 0.008073264575230932
}