{
    "gpsHeading": 70, 
    "gpsLatitude": 49.413085572239964, 
    "gpsLongitude": 8.704239729472365, 
    "outsideTemperature": 14.5, 
    "speed": 10.814562500000001, 
    "yawRate": 0.004757138996441803
}