{
    "gpsHeading": 36, 
    "gpsLatitude": 49.402072505839314, 
    "gpsLongitude": 8.680376702590253, 
    "outsideTemperature": 18.0, 
    "speed": 8.844500000000002, 
    "yawRate": -0.004680177722340728
}