{
    "gpsHeading": 351, 
    "gpsLatitude": 49.412352742445385, 
    "gpsLongitude": 8.711956696268517, 
    "outsideTemperature": 19.5, 
    "speed": 2.4023125000000003, 
    "yawRate": -0.087917041480001
}