{
    "gpsHeading": 80, 
    "gpsLatitude": 49.41560249012536, 
    "gpsLongitude": 8.714004981947376, 
    "outsideTemperature": 17.0, 
    "speed": 10.27425, 
    "yawRate": 0.012127801584432593
}