{
    "gpsHeading": 255, 
    "gpsLatitude": 49.40869806502302, 
    "gpsLongitude": 8.700569713167216, 
    "outsideTemperature": 15.0, 
    "speed": 9.07725, 
    "yawRate": -3.536152695695293e-05
}