{
    "gpsHeading": 71, 
    "gpsLatitude": 49.41585914400057, 
    "gpsLongitude": 8.715573655126592, 
    "outsideTemperature": 17.0, 
    "speed": 8.811250000000001, 
    "yawRate": 0.059077158463079225
}