{
    "gpsHeading": 224, 
    "gpsLatitude": 49.40486828964332, 
    "gpsLongitude": 8.683935574859314, 
    "outsideTemperature": 16.5, 
    "speed": 0.0, 
    "yawRate": 0.00045572588980188314
}