{
    "gpsHeading": 78, 
    "gpsLatitude": 49.408829409445765, 
    "gpsLongitude": 8.69100361471163, 
    "outsideTemperature": 16.0, 
    "speed": 7.0240625, 
    "yawRate": -0.006526041986409769
}