{
    "gpsHeading": 66, 
    "gpsLatitude": 49.41374807786693, 
    "gpsLongitude": 8.713883360532323, 
    "outsideTemperature": 16.0, 
    "speed": 6.8744375, 
    "yawRate": -0.014696127243709629
}