{
    "gpsHeading": 218, 
    "gpsLatitude": 49.40653276797582, 
    "gpsLongitude": 8.670859219173092, 
    "outsideTemperature": 19.5, 
    "speed": 12.5934375, 
    "yawRate": -0.014312422613134711
}