{
    "gpsHeading": 97, 
    "gpsLatitude": 49.40701581705579, 
    "gpsLongitude": 8.692765323120952, 
    "outsideTemperature": 17.5, 
    "speed": 7.7223125, 
    "yawRate": -0.018753309162552197
}