{
    "gpsHeading": 178, 
    "gpsLatitude": 49.419159183099616, 
    "gpsLongitude": 8.676106122922597, 
    "outsideTemperature": 17.0, 
    "speed": 11.155375, 
    "yawRate": -0.001961017603435125
}