{
    "gpsHeading": 76, 
    "gpsLatitude": 49.41279606130431, 
    "gpsLongitude": 8.702337205089728, 
    "outsideTemperature": 14.5, 
    "speed": 10.340750000000002, 
    "yawRate": 0.0030118097444471062
}