{
    "gpsHeading": 75, 
    "gpsLatitude": 49.41246556286212, 
    "gpsLongitude": 8.699855826473799, 
    "outsideTemperature": 15.0, 
    "speed": 10.5153125, 
    "yawRate": -0.01287068644870047
}