{
    "gpsHeading": 248, 
    "gpsLatitude": 49.412640241724276, 
    "gpsLongitude": 8.701163319550055, 
    "outsideTemperature": 19.0, 
    "speed": 8.1711875, 
    "yawRate": -0.0308911234755626
}