{
    "gpsHeading": 335, 
    "gpsLatitude": 49.40615139138135, 
    "gpsLongitude": 8.691485825601285, 
    "outsideTemperature": 17.0, 
    "speed": 5.062312500000001, 
    "yawRate": 0.051568445896172065
}