{
    "gpsHeading": 339, 
    "gpsLatitude": 49.41773191262697, 
    "gpsLongitude": 8.679825843913587, 
    "outsideTemperature": 17.0, 
    "speed": 6.5918125000000005, 
    "yawRate": 0.01097463917686736
}