{
    "gpsHeading": 73, 
    "gpsLatitude": 49.414059968484075, 
    "gpsLongitude": 8.701349146343436, 
    "outsideTemperature": 17.0, 
    "speed": 9.31, 
    "yawRate": 0.011778735734033059
}