{
    "gpsHeading": 42, 
    "gpsLatitude": 49.40048581156828, 
    "gpsLongitude": 8.678474764940804, 
    "outsideTemperature": 17.5, 
    "speed": 9.4180625, 
    "yawRate": 0.0046326055244371505
}