{
    "gpsHeading": 210, 
    "gpsLatitude": 49.405586115831234, 
    "gpsLongitude": 8.669907789343695, 
    "outsideTemperature": 18.0, 
    "speed": 9.80875, 
    "yawRate": 0.0024427382060102126
}