{
    "gpsHeading": 72, 
    "gpsLatitude": 49.412382749658754, 
    "gpsLongitude": 8.699277223697635, 
    "outsideTemperature": 15.0, 
    "speed": 10.498687499999999, 
    "yawRate": -0.01636134495268986
}