{
    "gpsHeading": 1, 
    "gpsLatitude": 49.41606391389515, 
    "gpsLongitude": 8.692011370930373, 
    "outsideTemperature": 17.5, 
    "speed": 9.8004375, 
    "yawRate": -0.006827719193474182
}