{
    "gpsHeading": 63, 
    "gpsLatitude": 49.412837803182114, 
    "gpsLongitude": 8.68685859595355, 
    "outsideTemperature": 16.5, 
    "speed": 7.6059375000000005, 
    "yawRate": -0.012860894987053157
}