{
    "gpsHeading": 106, 
    "gpsLatitude": 49.40490055997055, 
    "gpsLongitude": 8.692815279263886, 
    "outsideTemperature": 20.0, 
    "speed": 5.0456875000000005, 
    "yawRate": -0.001970501155424062
}