{
    "gpsHeading": 124, 
    "gpsLatitude": 49.40103080291273, 
    "gpsLongitude": 8.675533052202528, 
    "outsideTemperature": 17.0, 
    "speed": 14.006562500000001, 
    "yawRate": -0.011664492032818174
}