{
    "gpsHeading": 80, 
    "gpsLatitude": 49.4120288657067, 
    "gpsLongitude": 8.697375872781409, 
    "outsideTemperature": 15.0, 
    "speed": 9.742250000000002, 
    "yawRate": 0.015229114508407008
}