{
    "gpsHeading": 357, 
    "gpsLatitude": 49.40268639642784, 
    "gpsLongitude": 8.687050038622054, 
    "outsideTemperature": 17.5, 
    "speed": 2.0282500000000003, 
    "yawRate": 0.00047394537645950195
}