{
    "gpsHeading": 333, 
    "gpsLatitude": 49.40820805896342, 
    "gpsLongitude": 8.694027553920083, 
    "outsideTemperature": 15.5, 
    "speed": 8.329125, 
    "yawRate": -0.0008279146099398381
}