{
    "gpsHeading": 65, 
    "gpsLatitude": 49.41594941709778, 
    "gpsLongitude": 8.715913876576456, 
    "outsideTemperature": 17.0, 
    "speed": 8.786312500000001, 
    "yawRate": 0.012127801584432593
}