{
    "gpsHeading": 347, 
    "gpsLatitude": 49.42006945778441, 
    "gpsLongitude": 8.680841982035505, 
    "outsideTemperature": 18.0, 
    "speed": 6.733125, 
    "yawRate": 0.0636835825870959
}