{
    "gpsHeading": 77, 
    "gpsLatitude": 49.41189777274105, 
    "gpsLongitude": 8.696479176779752, 
    "outsideTemperature": 15.5, 
    "speed": 9.218562499999999, 
    "yawRate": -0.004493106039128504
}