{
    "gpsHeading": 171, 
    "gpsLatitude": 49.41645970736306, 
    "gpsLongitude": 8.67621056143615, 
    "outsideTemperature": 16.5, 
    "speed": 12.443812500000002, 
    "yawRate": 0.005194832329741942
}