{
    "gpsHeading": 79, 
    "gpsLatitude": 49.41271249372966, 
    "gpsLongitude": 8.685785879985193, 
    "outsideTemperature": 16.0, 
    "speed": 8.4205625, 
    "yawRate": -0.008148506006668865
}