{
    "gpsHeading": 85, 
    "gpsLatitude": 49.4154978001547, 
    "gpsLongitude": 8.71249280279557, 
    "outsideTemperature": 17.0, 
    "speed": 9.775500000000001, 
    "yawRate": 0.02818483070277944
}