{
    "gpsHeading": 16, 
    "gpsLatitude": 49.405396098086264, 
    "gpsLongitude": 8.693759752113651, 
    "outsideTemperature": 20.0, 
    "speed": 7.572687500000001, 
    "yawRate": -0.0010978365294277055
}