{
    "gpsHeading": 231, 
    "gpsLatitude": 49.422458886922506, 
    "gpsLongitude": 8.67756004784733, 
    "outsideTemperature": 16.5, 
    "speed": 11.579312500000002, 
    "yawRate": -0.013285437425853171
}