{
    "gpsHeading": 0, 
    "gpsLatitude": 49.409164182658564, 
    "gpsLongitude": 8.693673921425143, 
    "outsideTemperature": 18.0, 
    "speed": 8.827875, 
    "yawRate": -0.04045698683866112
}