{
    "gpsHeading": 346, 
    "gpsLatitude": 49.41182166506021, 
    "gpsLongitude": 8.692693909305929, 
    "outsideTemperature": 17.0, 
    "speed": 10.9974375, 
    "yawRate": -0.024050891869914742
}