{
    "gpsHeading": 73, 
    "gpsLatitude": 49.414831941766494, 
    "gpsLongitude": 8.705450579205054, 
    "outsideTemperature": 17.0, 
    "speed": 9.343250000000001, 
    "yawRate": 0.010906071108035709
}