{
    "gpsHeading": 179, 
    "gpsLatitude": 49.41852777433344, 
    "gpsLongitude": 8.67610863749355, 
    "outsideTemperature": 16.5, 
    "speed": 11.9783125, 
    "yawRate": 0.0004824433493576491
}