{
    "gpsHeading": 155, 
    "gpsLatitude": 49.4065905192887, 
    "gpsLongitude": 8.689653876843385, 
    "outsideTemperature": 23.0, 
    "speed": 0.0, 
    "yawRate": -0.0009115996321606976
}