{
    "gpsHeading": 224, 
    "gpsLatitude": 49.423170510502075, 
    "gpsLongitude": 8.678741141823728, 
    "outsideTemperature": 17.0, 
    "speed": 11.288375, 
    "yawRate": -0.016077964229043496
}