{
    "gpsHeading": 61, 
    "gpsLatitude": 49.41275666635939, 
    "gpsLongitude": 8.702070325292613, 
    "outsideTemperature": 14.5, 
    "speed": 9.7671875, 
    "yawRate": 0.002662743894048564
}