{
    "gpsHeading": 73, 
    "gpsLatitude": 49.418068865134614, 
    "gpsLongitude": 8.680166652096675, 
    "outsideTemperature": 17.0, 
    "speed": 6.882750000000001, 
    "yawRate": 0.0017243941412980464
}