{
    "gpsHeading": 271, 
    "gpsLatitude": 49.407960289905546, 
    "gpsLongitude": 8.676375265833537, 
    "outsideTemperature": 24.5, 
    "speed": 7.148750000000001, 
    "yawRate": 0.012091242097235748
}