{
    "gpsHeading": 257, 
    "gpsLatitude": 49.409238027225555, 
    "gpsLongitude": 8.69257061151021, 
    "outsideTemperature": 22.0, 
    "speed": 6.8744375, 
    "yawRate": 0.03293608388446194
}