{
    "gpsHeading": 55, 
    "gpsLatitude": 49.406981954166966, 
    "gpsLongitude": 8.694179182548522, 
    "outsideTemperature": 15.5, 
    "speed": 6.3923125, 
    "yawRate": 0.24055112094087158
}