{
    "gpsHeading": 256, 
    "gpsLatitude": 49.41179668698875, 
    "gpsLongitude": 8.695781718616551, 
    "outsideTemperature": 18.5, 
    "speed": 9.2351875, 
    "yawRate": 0.0010374887266942972
}