{
    "gpsHeading": 87, 
    "gpsLatitude": 49.41269556228525, 
    "gpsLongitude": 8.678377534863982, 
    "outsideTemperature": 18.5, 
    "speed": 9.2518125, 
    "yawRate": 0.027805276584413757
}