{
    "gpsHeading": 132, 
    "gpsLatitude": 49.413412801739916, 
    "gpsLongitude": 8.6922741435949, 
    "outsideTemperature": 19.0, 
    "speed": 0.0, 
    "yawRate": 0.00010950580671533318
}