{
    "gpsHeading": 76, 
    "gpsLatitude": 49.40533717330694, 
    "gpsLongitude": 8.686787517414624, 
    "outsideTemperature": 19.0, 
    "speed": 7.414750000000001, 
    "yawRate": -0.00375849139204653
}