{
    "gpsHeading": 203, 
    "gpsLatitude": 49.4110536312723, 
    "gpsLongitude": 8.692089154991837, 
    "outsideTemperature": 24.5, 
    "speed": 5.968375, 
    "yawRate": 0.18495388933450455
}