{
    "gpsHeading": 0, 
    "gpsLatitude": 49.405000556075436, 
    "gpsLongitude": 8.684676954195167, 
    "outsideTemperature": 21.5, 
    "speed": 3.6658125000000004, 
    "yawRate": -0.38755639390559327
}