{
    "gpsHeading": 270, 
    "gpsLatitude": 49.41734584216673, 
    "gpsLongitude": 8.686326680378052, 
    "outsideTemperature": 17.5, 
    "speed": 8.2875625, 
    "yawRate": -0.019045023957434085
}