{
    "gpsHeading": 80, 
    "gpsLatitude": 49.413568872777034, 
    "gpsLongitude": 8.710675019454028, 
    "outsideTemperature": 15.5, 
    "speed": 8.113000000000001, 
    "yawRate": -0.004922283432541509
}