{
    "gpsHeading": 190, 
    "gpsLatitude": 49.403859192320084, 
    "gpsLongitude": 8.692081695098016, 
    "outsideTemperature": 15.0, 
    "speed": 8.162875000000001, 
    "yawRate": -0.00175682222886984
}