{
    "gpsHeading": 75, 
    "gpsLatitude": 49.405566669815876, 
    "gpsLongitude": 8.688077240856156, 
    "outsideTemperature": 18.0, 
    "speed": 7.74725, 
    "yawRate": -0.0011404975140554764
}