{
    "gpsHeading": 266, 
    "gpsLatitude": 49.40795693714428, 
    "gpsLongitude": 8.675573872070975, 
    "outsideTemperature": 23.0, 
    "speed": 7.8553125, 
    "yawRate": 0.0017937995104698136
}