{
    "gpsHeading": 269, 
    "gpsLatitude": 49.40794696267951, 
    "gpsLongitude": 8.677815276799002, 
    "outsideTemperature": 28.0, 
    "speed": 6.982500000000001, 
    "yawRate": 0.002142865360868356
}