{
    "gpsHeading": 266, 
    "gpsLatitude": 49.411636341181016, 
    "gpsLongitude": 8.694698106174103, 
    "outsideTemperature": 18.5, 
    "speed": 8.362375, 
    "yawRate": 0.006622542333075939
}