{
    "gpsHeading": 344, 
    "gpsLatitude": 49.40896083768755, 
    "gpsLongitude": 8.698147259330616, 
    "outsideTemperature": 15.0, 
    "speed": 2.477125, 
    "yawRate": -0.017314121121700683
}