{
    "gpsHeading": 354, 
    "gpsLatitude": 49.407361402923705, 
    "gpsLongitude": 8.694267779265079, 
    "outsideTemperature": 19.0, 
    "speed": 7.564375, 
    "yawRate": 0.04401694895786355
}