{
    "gpsHeading": 93, 
    "gpsLatitude": 49.41334331576261, 
    "gpsLongitude": 8.691471995461052, 
    "outsideTemperature": 16.5, 
    "speed": 8.603437500000002, 
    "yawRate": -0.009719302333463298
}