{
    "gpsHeading": 355, 
    "gpsLatitude": 49.40283274445729, 
    "gpsLongitude": 8.687053642840418, 
    "outsideTemperature": 18.0, 
    "speed": 4.7298124999999995, 
    "yawRate": -0.03513077136422458
}