{
    "gpsHeading": 189, 
    "gpsLatitude": 49.40401911903267, 
    "gpsLongitude": 8.692131399783856, 
    "outsideTemperature": 15.5, 
    "speed": 5.702375000000001, 
    "yawRate": -0.016243055020422253
}