{
    "gpsHeading": 74, 
    "gpsLatitude": 49.41279195417175, 
    "gpsLongitude": 8.686616107494698, 
    "outsideTemperature": 16.5, 
    "speed": 5.453, 
    "yawRate": 0.0798160882938442
}