{
    "gpsHeading": 73, 
    "gpsLatitude": 49.41242356952721, 
    "gpsLongitude": 8.699561956948472, 
    "outsideTemperature": 15.0, 
    "speed": 10.906, 
    "yawRate": -0.0184557400550831
}