{
    "gpsHeading": 70, 
    "gpsLatitude": 49.41243748348648, 
    "gpsLongitude": 8.68268776093367, 
    "outsideTemperature": 17.0, 
    "speed": 8.013250000000001, 
    "yawRate": 0.06375905917549637
}