{
    "gpsHeading": 259, 
    "gpsLatitude": 49.41200112160719, 
    "gpsLongitude": 8.697188034331269, 
    "outsideTemperature": 19.5, 
    "speed": 9.559375, 
    "yawRate": -0.009958085560869714
}