{
    "gpsHeading": 341, 
    "gpsLatitude": 49.41952329297354, 
    "gpsLongitude": 8.68102914993339, 
    "outsideTemperature": 18.0, 
    "speed": 8.61175, 
    "yawRate": 0.00329519046809248
}