{
    "gpsHeading": 168, 
    "gpsLatitude": 49.40751663577049, 
    "gpsLongitude": 8.69257253934794, 
    "outsideTemperature": 16.5, 
    "speed": 8.8694375, 
    "yawRate": 0.05721150486423967
}