{
    "gpsHeading": 255, 
    "gpsLatitude": 49.41242080349917, 
    "gpsLongitude": 8.69954611515148, 
    "outsideTemperature": 20.0, 
    "speed": 6.151250000000001, 
    "yawRate": -0.028458575632009334
}