{
    "gpsHeading": 78, 
    "gpsLatitude": 49.40556801092038, 
    "gpsLongitude": 8.68512387727244, 
    "outsideTemperature": 17.0, 
    "speed": 8.9775, 
    "yawRate": -0.05266419339417103
}