{
    "gpsHeading": 342, 
    "gpsLatitude": 49.40986306574532, 
    "gpsLongitude": 8.693421123225392, 
    "outsideTemperature": 17.5, 
    "speed": 9.467937500000001, 
    "yawRate": -0.0001398811175927525
}