{
    "gpsHeading": 355, 
    "gpsLatitude": 49.42256776784476, 
    "gpsLongitude": 8.680569486363265, 
    "outsideTemperature": 17.5, 
    "speed": 9.1520625, 
    "yawRate": 0.0012007953656992401
}