{
    "gpsHeading": 331, 
    "gpsLatitude": 49.40900911744985, 
    "gpsLongitude": 8.693723374653855, 
    "outsideTemperature": 18.0, 
    "speed": 8.894375, 
    "yawRate": -0.0029324079207830767
}