{
    "gpsHeading": 263, 
    "gpsLatitude": 49.40795827824879, 
    "gpsLongitude": 8.67524194870525, 
    "outsideTemperature": 23.0, 
    "speed": 8.395625, 
    "yawRate": 0.01017137992004178
}