{
    "gpsHeading": 79, 
    "gpsLatitude": 49.41544474270761, 
    "gpsLongitude": 8.711411704924073, 
    "outsideTemperature": 17.0, 
    "speed": 7.971687500000001, 
    "yawRate": -0.0030565629079178968
}