{
    "gpsHeading": 91, 
    "gpsLatitude": 49.41264946181777, 
    "gpsLongitude": 8.681123613982166, 
    "outsideTemperature": 17.5, 
    "speed": 8.212750000000002, 
    "yawRate": -0.08878271744880561
}