{
    "gpsHeading": 5, 
    "gpsLatitude": 49.40446973014735, 
    "gpsLongitude": 8.683300058960583, 
    "outsideTemperature": 16.0, 
    "speed": 5.187, 
    "yawRate": -0.056639572439597385
}