{
    "gpsHeading": 92, 
    "gpsLatitude": 49.408944409157336, 
    "gpsLongitude": 8.691620858061446, 
    "outsideTemperature": 16.0, 
    "speed": 3.2501875000000005, 
    "yawRate": 0.04653196727421731
}