{
    "gpsHeading": 73, 
    "gpsLatitude": 49.41182828676372, 
    "gpsLongitude": 8.695998893727825, 
    "outsideTemperature": 15.5, 
    "speed": 8.8528125, 
    "yawRate": -0.01287068644870047
}