{
    "gpsHeading": 253, 
    "gpsLatitude": 49.41317358222331, 
    "gpsLongitude": 8.704842555948726, 
    "outsideTemperature": 19.0, 
    "speed": 11.454625, 
    "yawRate": 0.009949581021104575
}