{
    "gpsHeading": 170, 
    "gpsLatitude": 49.413473905814065, 
    "gpsLongitude": 8.676409212541381, 
    "outsideTemperature": 17.0, 
    "speed": 9.1354375, 
    "yawRate": -0.029188153934545255
}