{
    "gpsHeading": 259, 
    "gpsLatitude": 49.41291391086294, 
    "gpsLongitude": 8.703140023775829, 
    "outsideTemperature": 19.0, 
    "speed": 6.9575625, 
    "yawRate": -0.013786896806018144
}