{
    "gpsHeading": 125, 
    "gpsLatitude": 49.40133749674989, 
    "gpsLongitude": 8.674918071966568, 
    "outsideTemperature": 17.0, 
    "speed": 13.898500000000002, 
    "yawRate": -0.006777570127233619
}