{
    "gpsHeading": 72, 
    "gpsLatitude": 49.414923891244314, 
    "gpsLongitude": 8.705940836721757, 
    "outsideTemperature": 17.0, 
    "speed": 9.0356875, 
    "yawRate": -0.012306807943488204
}