{
    "gpsHeading": 245, 
    "gpsLatitude": 49.41265273076001, 
    "gpsLongitude": 8.713242228758466, 
    "outsideTemperature": 17.0, 
    "speed": 3.940125, 
    "yawRate": 0.00947233078128068
}