{
    "gpsHeading": 239, 
    "gpsLatitude": 49.41377221774806, 
    "gpsLongitude": 8.716939486248958, 
    "outsideTemperature": 19.5, 
    "speed": 5.9600625, 
    "yawRate": -0.02630691888460267
}