{
    "gpsHeading": 178, 
    "gpsLatitude": 49.41831135359347, 
    "gpsLongitude": 8.676111403521597, 
    "outsideTemperature": 16.5, 
    "speed": 11.8453125, 
    "yawRate": 0.008685490833730344
}