{
    "gpsHeading": 32, 
    "gpsLatitude": 49.401960272155804, 
    "gpsLongitude": 8.680266648201577, 
    "outsideTemperature": 18.0, 
    "speed": 7.1155, 
    "yawRate": 0.011027785545607576
}