{
    "gpsHeading": 99, 
    "gpsLatitude": 49.40613554958435, 
    "gpsLongitude": 8.69139085863832, 
    "outsideTemperature": 17.0, 
    "speed": 3.0839375, 
    "yawRate": 0.3159858275733091
}