{
    "gpsHeading": 176, 
    "gpsLatitude": 49.41623557527217, 
    "gpsLongitude": 8.676229755994413, 
    "outsideTemperature": 16.5, 
    "speed": 12.7763125, 
    "yawRate": -0.0005647542018389709
}