{
    "gpsHeading": 79, 
    "gpsLatitude": 49.41548472438575, 
    "gpsLongitude": 8.712229443397819, 
    "outsideTemperature": 17.0, 
    "speed": 9.600937499999999, 
    "yawRate": 0.0016558260724663957
}