{
    "gpsHeading": 176, 
    "gpsLatitude": 49.41721751522912, 
    "gpsLongitude": 8.676157503989039, 
    "outsideTemperature": 16.5, 
    "speed": 12.103000000000002, 
    "yawRate": 0.01601587369210668
}