{
    "gpsHeading": 188, 
    "gpsLatitude": 49.404418600537994, 
    "gpsLongitude": 8.692254194665352, 
    "outsideTemperature": 15.5, 
    "speed": 8.561874999999999, 
    "yawRate": 0.008017021582298278
}