{
    "gpsHeading": 75, 
    "gpsLatitude": 49.4137210881387, 
    "gpsLongitude": 8.71361555872586, 
    "outsideTemperature": 16.5, 
    "speed": 6.384, 
    "yawRate": 0.020210457796176372
}