{
    "gpsHeading": 257, 
    "gpsLatitude": 49.41158747468551, 
    "gpsLongitude": 8.69435863909549, 
    "outsideTemperature": 18.5, 
    "speed": 8.778, 
    "yawRate": -0.005245696580484429
}