{
    "gpsHeading": 84, 
    "gpsLatitude": 49.41546083596171, 
    "gpsLongitude": 8.711743376832702, 
    "outsideTemperature": 17.0, 
    "speed": 8.5203125, 
    "yawRate": 0.006891813828449494
}