{
    "gpsHeading": 59, 
    "gpsLatitude": 49.403246642836066, 
    "gpsLongitude": 8.682057274176843, 
    "outsideTemperature": 16.5, 
    "speed": 2.6849374999999998, 
    "yawRate": 0.004221001462830044
}