{
    "gpsHeading": 157, 
    "gpsLatitude": 49.4096064118701, 
    "gpsLongitude": 8.692727520737646, 
    "outsideTemperature": 16.5, 
    "speed": 7.049, 
    "yawRate": -0.10985949611665514
}