{
    "gpsHeading": 85, 
    "gpsLatitude": 49.40889445301442, 
    "gpsLongitude": 8.696020854314135, 
    "outsideTemperature": 14.5, 
    "speed": 3.6907500000000004, 
    "yawRate": 0.062222352796560326
}