{
    "gpsHeading": 167, 
    "gpsLatitude": 49.408443338985535, 
    "gpsLongitude": 8.69241554630147, 
    "outsideTemperature": 17.0, 
    "speed": 8.029875, 
    "yawRate": 0.06907974377780102
}