{
    "gpsHeading": 263, 
    "gpsLatitude": 49.408958071659505, 
    "gpsLongitude": 8.70448364285479, 
    "outsideTemperature": 14.5, 
    "speed": 10.20775, 
    "yawRate": 0.002233566500635558
}