{
    "gpsHeading": 190, 
    "gpsLatitude": 49.40282939169602, 
    "gpsLongitude": 8.691735019582708, 
    "outsideTemperature": 15.0, 
    "speed": 10.581812500000002, 
    "yawRate": 0.0074934228067004656
}