{
    "gpsHeading": 245, 
    "gpsLatitude": 49.407961379552965, 
    "gpsLongitude": 8.696444224243495, 
    "outsideTemperature": 15.0, 
    "speed": 9.775500000000001, 
    "yawRate": -0.02958196585833969
}