{
    "gpsHeading": 236, 
    "gpsLatitude": 49.40741194579985, 
    "gpsLongitude": 8.688215290801459, 
    "outsideTemperature": 17.0, 
    "speed": 2.527, 
    "yawRate": 0.06537156078357294
}