{
    "gpsHeading": 157, 
    "gpsLatitude": 49.4065905192887, 
    "gpsLongitude": 8.689653876843385, 
    "outsideTemperature": 21.5, 
    "speed": 0.0, 
    "yawRate": -0.0005425641319731194
}