{
    "gpsHeading": 261, 
    "gpsLatitude": 49.40844803285132, 
    "gpsLongitude": 8.699126936173704, 
    "outsideTemperature": 15.5, 
    "speed": 9.1686875, 
    "yawRate": 0.03778774326864053
}