{
    "gpsHeading": 74, 
    "gpsLatitude": 49.41312831994617, 
    "gpsLongitude": 8.704530832969645, 
    "outsideTemperature": 14.5, 
    "speed": 9.4346875, 
    "yawRate": 0.006153402398036966
}