{
    "gpsHeading": 228, 
    "gpsLatitude": 49.407847218031726, 
    "gpsLongitude": 8.678321711388827, 
    "outsideTemperature": 30.0, 
    "speed": 5.7439375, 
    "yawRate": -0.03677797695860485
}