{
    "gpsHeading": 73, 
    "gpsLatitude": 49.41246112045344, 
    "gpsLongitude": 8.682909462272656, 
    "outsideTemperature": 17.0, 
    "speed": 8.229375000000001, 
    "yawRate": -0.0053559792034775485
}