{
    "gpsHeading": 320, 
    "gpsLatitude": 49.4064616894369, 
    "gpsLongitude": 8.691341656866703, 
    "outsideTemperature": 17.0, 
    "speed": 4.7298124999999995, 
    "yawRate": 0.09415447964483295
}