{
    "gpsHeading": 113, 
    "gpsLatitude": 48.002166767771854, 
    "gpsLongitude": 7.835174503989219, 
    "outsideTemperature": 20.0, 
    "speed": 12.53525, 
    "yawRate": -0.009874408657831086
}