{
    "gpsHeading": 292, 
    "gpsLatitude": 47.989042886694634, 
    "gpsLongitude": 7.858821780683597, 
    "outsideTemperature": 23.0, 
    "speed": 0.0, 
    "yawRate": -0.0003716429386811464
}