{
    "gpsHeading": 181, 
    "gpsLatitude": 47.99262204316939, 
    "gpsLongitude": 7.847455333245097, 
    "outsideTemperature": 22.0, 
    "speed": 2.1861875000000004, 
    "yawRate": 0.5910607622254783
}