{
    "gpsHeading": 116, 
    "gpsLatitude": 47.9981092560829, 
    "gpsLongitude": 7.851250072269505, 
    "outsideTemperature": 20.0, 
    "speed": 10.423875, 
    "yawRate": -0.0037730303259083837
}