{
    "gpsHeading": 21, 
    "gpsLatitude": 47.99791035352056, 
    "gpsLongitude": 7.852943468167947, 
    "outsideTemperature": 25.0, 
    "speed": 6.5668750000000005, 
    "yawRate": 0.11057310462428813
}