{
    "gpsHeading": 337, 
    "gpsLatitude": 48.00094787141216, 
    "gpsLongitude": 7.841929563576976, 
    "outsideTemperature": 21.0, 
    "speed": 3.940125, 
    "yawRate": -0.5651517324707203
}