{
    "gpsHeading": 199, 
    "gpsLatitude": 47.992128181434325, 
    "gpsLongitude": 7.8485445615626706, 
    "outsideTemperature": 23.0, 
    "speed": 4.8628125, 
    "yawRate": 0.005502798181391429
}