{
    "gpsHeading": 82, 
    "gpsLatitude": 47.98463953768068, 
    "gpsLongitude": 7.848220349547862, 
    "outsideTemperature": 23.0, 
    "speed": 6.5918125000000005, 
    "yawRate": 0.009301940430882453
}