{
    "gpsHeading": 141, 
    "gpsLatitude": 47.9999287158051, 
    "gpsLongitude": 7.854298738092315, 
    "outsideTemperature": 23.0, 
    "speed": 6.866125, 
    "yawRate": -0.0068897382561527755
}