{
    "gpsHeading": 287, 
    "gpsLatitude": 47.99722873715437, 
    "gpsLongitude": 7.856447858066392, 
    "outsideTemperature": 22.0, 
    "speed": 4.3973125, 
    "yawRate": -0.004834287617466926
}