{
    "gpsHeading": 284, 
    "gpsLatitude": 47.989045904179775, 
    "gpsLongitude": 7.860178140255379, 
    "outsideTemperature": 20.5, 
    "speed": 10.374, 
    "yawRate": -0.0106655830366118
}