{
    "gpsHeading": 48, 
    "gpsLatitude": 48.00582119373712, 
    "gpsLongitude": 7.83378813720405, 
    "outsideTemperature": 38.0, 
    "speed": 5.095562500000001, 
    "yawRate": 0.23405682917417328
}