{
    "gpsHeading": 279, 
    "gpsLatitude": 47.98607368131392, 
    "gpsLongitude": 7.847270344642004, 
    "outsideTemperature": 20.0, 
    "speed": 1.4048125, 
    "yawRate": 0.18038478923121998
}