{
    "gpsHeading": 195, 
    "gpsLatitude": 47.99804764909457, 
    "gpsLongitude": 7.848056231883698, 
    "outsideTemperature": 26.0, 
    "speed": 8.379, 
    "yawRate": -0.04489089159162643
}