{
    "gpsHeading": 224, 
    "gpsLatitude": 47.998546204695415, 
    "gpsLongitude": 7.848367032853432, 
    "outsideTemperature": 28.0, 
    "speed": 7.8553125, 
    "yawRate": -0.009635240701341887
}