{
    "gpsHeading": 101, 
    "gpsLatitude": 47.99920401645658, 
    "gpsLongitude": 7.844779829751617, 
    "outsideTemperature": 21.0, 
    "speed": 10.5984375, 
    "yawRate": 0.002684687906469613
}