{
    "gpsHeading": 205, 
    "gpsLatitude": 47.996190135531954, 
    "gpsLongitude": 7.846249847930471, 
    "outsideTemperature": 26.0, 
    "speed": 5.810437500000001, 
    "yawRate": 0.004852482463731357
}