{
    "gpsHeading": 38, 
    "gpsLatitude": 47.998046810904256, 
    "gpsLongitude": 7.853267847820818, 
    "outsideTemperature": 20.0, 
    "speed": 6.899375000000001, 
    "yawRate": -0.2596382986682732
}