{
    "gpsHeading": 10, 
    "gpsLatitude": 47.999179792756415, 
    "gpsLongitude": 7.853295927196475, 
    "outsideTemperature": 23.0, 
    "speed": 9.9666875, 
    "yawRate": 0.001013382360056481
}