{
    "gpsHeading": 289, 
    "gpsLatitude": 47.991086227050644, 
    "gpsLongitude": 7.856064805091288, 
    "outsideTemperature": 20.5, 
    "speed": 10.282562500000001, 
    "yawRate": 0.04989734200758989
}