{
    "gpsHeading": 200, 
    "gpsLatitude": 47.996988763266465, 
    "gpsLongitude": 7.855647889227369, 
    "outsideTemperature": 23.0, 
    "speed": 6.151250000000001, 
    "yawRate": -0.18564203146773808
}