{
    "gpsHeading": 27, 
    "gpsLatitude": 47.98496567753322, 
    "gpsLongitude": 7.8499214567972215, 
    "outsideTemperature": 21.0, 
    "speed": 5.75225, 
    "yawRate": 0.02640616710042691
}