{
    "gpsHeading": 116, 
    "gpsLatitude": 47.999751773829075, 
    "gpsLongitude": 7.854803412482473, 
    "outsideTemperature": 22.5, 
    "speed": 7.148750000000001, 
    "yawRate": 0.005676632358206661
}