{
    "gpsHeading": 226, 
    "gpsLatitude": 47.99260092077339, 
    "gpsLongitude": 7.854080892428789, 
    "outsideTemperature": 20.5, 
    "speed": 6.051500000000001, 
    "yawRate": -0.01055423093695641
}