{
    "gpsHeading": 85, 
    "gpsLatitude": 47.988139317532365, 
    "gpsLongitude": 7.864005401064125, 
    "outsideTemperature": 21.5, 
    "speed": 8.844500000000002, 
    "yawRate": -0.0005426733750451378
}