{
    "gpsHeading": 277, 
    "gpsLatitude": 47.9921323723859, 
    "gpsLongitude": 7.850084568633006, 
    "outsideTemperature": 20.0, 
    "speed": 5.7688749999999995, 
    "yawRate": -0.0018275846769849084
}