{
    "gpsHeading": 14, 
    "gpsLatitude": 47.99991731641678, 
    "gpsLongitude": 7.853612846955491, 
    "outsideTemperature": 21.5, 
    "speed": 4.280937499999999, 
    "yawRate": 0.006900547055825759
}