{
    "gpsHeading": 100, 
    "gpsLatitude": 47.98865120035926, 
    "gpsLongitude": 7.8615976155580745, 
    "outsideTemperature": 22.5, 
    "speed": 11.886875000000002, 
    "yawRate": -0.013632642765002388
}