{
    "gpsHeading": 94, 
    "gpsLatitude": 47.988144849588465, 
    "gpsLongitude": 7.863747322265373, 
    "outsideTemperature": 21.5, 
    "speed": 9.600937499999999, 
    "yawRate": 0.07537914908670731
}