{
    "gpsHeading": 283, 
    "gpsLatitude": 47.992607039562714, 
    "gpsLongitude": 7.84802513502293, 
    "outsideTemperature": 21.5, 
    "speed": 4.854500000000001, 
    "yawRate": -0.015266619917341694
}