{
    "gpsHeading": 109, 
    "gpsLatitude": 47.997832318002004, 
    "gpsLongitude": 7.854016519412399, 
    "outsideTemperature": 20.0, 
    "speed": 8.6200625, 
    "yawRate": 0.0066989451860568205
}