{
    "gpsHeading": 64, 
    "gpsLatitude": 47.98483424929143, 
    "gpsLongitude": 7.849597328601447, 
    "outsideTemperature": 21.5, 
    "speed": 5.453, 
    "yawRate": -0.03328409331777843
}