{
    "gpsHeading": 140, 
    "gpsLatitude": 48.00127677729273, 
    "gpsLongitude": 7.837523448534973, 
    "outsideTemperature": 20.0, 
    "speed": 7.065625, 
    "yawRate": 0.010022344814903696
}