{
    "gpsHeading": 222, 
    "gpsLatitude": 47.98779037890319, 
    "gpsLongitude": 7.865949499686525, 
    "outsideTemperature": 21.0, 
    "speed": 3.55775, 
    "yawRate": -0.07122850808081449
}