{
    "gpsHeading": 305, 
    "gpsLatitude": 48.00640708876906, 
    "gpsLongitude": 7.832627914166582, 
    "outsideTemperature": 32.0, 
    "speed": 11.039, 
    "yawRate": 0.009550639596369138
}