{
    "gpsHeading": 182, 
    "gpsLatitude": 47.992299004621024, 
    "gpsLongitude": 7.848576496613787, 
    "outsideTemperature": 23.5, 
    "speed": 3.1670625, 
    "yawRate": 0.02400328825253006
}