{
    "gpsHeading": 194, 
    "gpsLatitude": 48.00233264563569, 
    "gpsLongitude": 7.851726499645975, 
    "outsideTemperature": 24.5, 
    "speed": 5.910187500000001, 
    "yawRate": -0.007327967968479817
}