{
    "gpsHeading": 27, 
    "gpsLatitude": 47.997658980244346, 
    "gpsLongitude": 7.852764849811296, 
    "outsideTemperature": 23.0, 
    "speed": 0.0, 
    "yawRate": -0.0002764766471460051
}