{
    "gpsHeading": 193, 
    "gpsLatitude": 48.00092146841715, 
    "gpsLongitude": 7.851150914354953, 
    "outsideTemperature": 22.5, 
    "speed": 4.904375, 
    "yawRate": -0.005757171641685383
}