{
    "gpsHeading": 268, 
    "gpsLatitude": 47.992039836174854, 
    "gpsLongitude": 7.852237292825446, 
    "outsideTemperature": 20.0, 
    "speed": 3.7323125, 
    "yawRate": 0.08404261452113494
}