{
    "gpsHeading": 33, 
    "gpsLatitude": 47.995603989042934, 
    "gpsLongitude": 7.857365676464041, 
    "outsideTemperature": 21.0, 
    "speed": 10.07475, 
    "yawRate": 0.01075550070709666
}