{
    "gpsHeading": 106, 
    "gpsLatitude": 47.998714261854076, 
    "gpsLongitude": 7.85858817704214, 
    "outsideTemperature": 19.5, 
    "speed": 6.8744375, 
    "yawRate": 0.002128968989563666
}