{
    "gpsHeading": 279, 
    "gpsLatitude": 47.9923406626798, 
    "gpsLongitude": 7.853678728714453, 
    "outsideTemperature": 20.5, 
    "speed": 5.6275625, 
    "yawRate": 0.028890210158114615
}