{
    "gpsHeading": 218, 
    "gpsLatitude": 48.00693514866908, 
    "gpsLongitude": 7.827140114519827, 
    "outsideTemperature": 23.0, 
    "speed": 14.222687500000001, 
    "yawRate": -0.022563418640326537
}