{
    "gpsHeading": 313, 
    "gpsLatitude": 47.99057149437666, 
    "gpsLongitude": 7.857132911012867, 
    "outsideTemperature": 20.5, 
    "speed": 11.3299375, 
    "yawRate": 0.03418937873964159
}