{
    "gpsHeading": 239, 
    "gpsLatitude": 48.003312071021696, 
    "gpsLongitude": 7.854670643136203, 
    "outsideTemperature": 25.0, 
    "speed": 0.0, 
    "yawRate": 6.818854921519877e-05
}