{
    "gpsHeading": 106, 
    "gpsLatitude": 47.99910510999913, 
    "gpsLongitude": 7.845332867723107, 
    "outsideTemperature": 21.0, 
    "speed": 10.4654375, 
    "yawRate": 0.007048011036455363
}