{
    "gpsHeading": 27, 
    "gpsLatitude": 47.99664594342662, 
    "gpsLongitude": 7.846785367724299, 
    "outsideTemperature": 25.0, 
    "speed": 6.916, 
    "yawRate": -0.026529207001884453
}