{
    "gpsHeading": 348, 
    "gpsLatitude": 48.00433734541805, 
    "gpsLongitude": 7.823233393269014, 
    "outsideTemperature": 25.0, 
    "speed": 0.0, 
    "yawRate": -1.0411184916481533e-05
}