{
    "gpsHeading": 224, 
    "gpsLatitude": 47.986193710167385, 
    "gpsLongitude": 7.8441767518181935, 
    "outsideTemperature": 20.0, 
    "speed": 6.21775, 
    "yawRate": 0.03918765274488054
}