{
    "gpsHeading": 23, 
    "gpsLatitude": 47.99616037977569, 
    "gpsLongitude": 7.846417318355903, 
    "outsideTemperature": 26.0, 
    "speed": 5.253500000000001, 
    "yawRate": -0.006806986454348941
}