{
    "gpsHeading": 312, 
    "gpsLatitude": 47.989730118935945, 
    "gpsLongitude": 7.8480951239144465, 
    "outsideTemperature": 30.0, 
    "speed": 4.6300625, 
    "yawRate": -0.017372148144103858
}