{
    "gpsHeading": 151, 
    "gpsLatitude": 47.99079235752532, 
    "gpsLongitude": 7.85397561572492, 
    "outsideTemperature": 30.0, 
    "speed": 6.6749375, 
    "yawRate": -0.007397229943947793
}