{
    "gpsHeading": 39, 
    "gpsLatitude": 47.99439012182512, 
    "gpsLongitude": 7.856137895286977, 
    "outsideTemperature": 21.5, 
    "speed": 12.1113125, 
    "yawRate": 0.009010171455102956
}