{
    "gpsHeading": 66, 
    "gpsLatitude": 48.00214648356618, 
    "gpsLongitude": 7.831315643405483, 
    "outsideTemperature": 20.5, 
    "speed": 15.918437500000001, 
    "yawRate": -0.015983061039811532
}