{
    "gpsHeading": 111, 
    "gpsLatitude": 47.99780708847345, 
    "gpsLongitude": 7.852223462685213, 
    "outsideTemperature": 20.5, 
    "speed": 8.1878125, 
    "yawRate": -0.008136353455894134
}