{
    "gpsHeading": 160, 
    "gpsLatitude": 48.00333956366411, 
    "gpsLongitude": 7.859652343469229, 
    "outsideTemperature": 20.0, 
    "speed": 8.761375, 
    "yawRate": -0.006946743120806377
}