{
    "gpsHeading": 298, 
    "gpsLatitude": 48.00702542176627, 
    "gpsLongitude": 7.830947594037089, 
    "outsideTemperature": 27.0, 
    "speed": 11.4629375, 
    "yawRate": 0.015659291978348595
}