{
    "gpsHeading": 40, 
    "gpsLatitude": 47.994213179849105, 
    "gpsLongitude": 7.855970676318638, 
    "outsideTemperature": 21.5, 
    "speed": 11.280062500000001, 
    "yawRate": 0.028732392002638468
}