{
    "gpsHeading": 130, 
    "gpsLatitude": 47.99950425622832, 
    "gpsLongitude": 7.843630670826336, 
    "outsideTemperature": 22.0, 
    "speed": 5.303375000000001, 
    "yawRate": -0.001853168148715408
}