{
    "gpsHeading": 314, 
    "gpsLatitude": 47.99041869228177, 
    "gpsLongitude": 7.857330388651688, 
    "outsideTemperature": 20.5, 
    "speed": 11.088875, 
    "yawRate": 0.05164267125958459
}