{
    "gpsHeading": 190, 
    "gpsLatitude": 47.99932429676714, 
    "gpsLongitude": 7.857909242884946, 
    "outsideTemperature": 19.5, 
    "speed": 6.8245625, 
    "yawRate": -0.024050969790350832
}