{
    "gpsHeading": 129, 
    "gpsLatitude": 47.99940233228571, 
    "gpsLongitude": 7.843853126536607, 
    "outsideTemperature": 22.0, 
    "speed": 7.4064375, 
    "yawRate": 0.12014534656568632
}