{
    "gpsHeading": 23, 
    "gpsLatitude": 47.98589757752822, 
    "gpsLongitude": 7.850183726547591, 
    "outsideTemperature": 20.5, 
    "speed": 1.7456250000000002, 
    "yawRate": -0.04113807495175258
}