{
    "gpsHeading": 278, 
    "gpsLatitude": 47.991162586188565, 
    "gpsLongitude": 7.855524004698428, 
    "outsideTemperature": 20.5, 
    "speed": 9.725625, 
    "yawRate": -0.02602448045416156
}