{
    "gpsHeading": 22, 
    "gpsLatitude": 47.997794850894806, 
    "gpsLongitude": 7.8529070068891516, 
    "outsideTemperature": 26.0, 
    "speed": 6.783, 
    "yawRate": 0.07553894142021376
}