{
    "gpsHeading": 210, 
    "gpsLatitude": 47.99495707375589, 
    "gpsLongitude": 7.856553721503483, 
    "outsideTemperature": 21.0, 
    "speed": 11.753875, 
    "yawRate": -0.006095348640518467
}