{
    "gpsHeading": 294, 
    "gpsLatitude": 48.00357065273463, 
    "gpsLongitude": 7.854391777217553, 
    "outsideTemperature": 27.0, 
    "speed": 7.847, 
    "yawRate": 0.015535845232644563
}