{
    "gpsHeading": 117, 
    "gpsLatitude": 48.001080137844255, 
    "gpsLongitude": 7.83801010183331, 
    "outsideTemperature": 24.5, 
    "speed": 5.311687500000001, 
    "yawRate": 0.03995391919570388
}