{
    "gpsHeading": 291, 
    "gpsLatitude": 48.003312071021696, 
    "gpsLongitude": 7.854670643136203, 
    "outsideTemperature": 24.0, 
    "speed": 0.0, 
    "yawRate": 0.00172737214930702
}