{
    "gpsHeading": 190, 
    "gpsLatitude": 47.999333181584525, 
    "gpsLongitude": 7.850538448689944, 
    "outsideTemperature": 22.5, 
    "speed": 7.6724375, 
    "yawRate": -0.006804369192882003
}