{
    "gpsHeading": 340, 
    "gpsLatitude": 47.98882621449757, 
    "gpsLongitude": 7.8482617561495625, 
    "outsideTemperature": 24.5, 
    "speed": 0.0, 
    "yawRate": 0.00018866141429850361
}