{
    "gpsHeading": 104, 
    "gpsLatitude": 47.99900150967588, 
    "gpsLongitude": 7.845952038910653, 
    "outsideTemperature": 20.5, 
    "speed": 10.224375, 
    "yawRate": 0.002510154981270342
}