{
    "gpsHeading": 287, 
    "gpsLatitude": 47.98618842956839, 
    "gpsLongitude": 7.845164810564452, 
    "outsideTemperature": 20.0, 
    "speed": 4.6466875000000005, 
    "yawRate": 0.03918765274488054
}