{
    "gpsHeading": 293, 
    "gpsLatitude": 47.99707258229821, 
    "gpsLongitude": 7.856997627095645, 
    "outsideTemperature": 22.5, 
    "speed": 8.744750000000002, 
    "yawRate": 0.07894151647825967
}