{
    "gpsHeading": 280, 
    "gpsLatitude": 47.9985506471041, 
    "gpsLongitude": 7.849471516234807, 
    "outsideTemperature": 22.5, 
    "speed": 5.901875, 
    "yawRate": -0.007327967968479817
}