{
    "gpsHeading": 16, 
    "gpsLatitude": 47.99652122070738, 
    "gpsLongitude": 7.8466834437817, 
    "outsideTemperature": 25.0, 
    "speed": 4.4804375, 
    "yawRate": -0.17453312757100142
}