{
    "gpsHeading": 113, 
    "gpsLatitude": 47.99883957130654, 
    "gpsLongitude": 7.8469872877718005, 
    "outsideTemperature": 20.5, 
    "speed": 9.9085, 
    "yawRate": 0.0073970768868548975
}