{
    "gpsHeading": 180, 
    "gpsLatitude": 48.00070982536198, 
    "gpsLongitude": 7.851064496933222, 
    "outsideTemperature": 22.5, 
    "speed": 0.8894375, 
    "yawRate": 0.033338203602987095
}