{
    "gpsHeading": 6, 
    "gpsLatitude": 48.003375354390656, 
    "gpsLongitude": 7.854649520740178, 
    "outsideTemperature": 22.5, 
    "speed": 10.606750000000002, 
    "yawRate": 0.014869872529122372
}