{
    "gpsHeading": 296, 
    "gpsLatitude": 47.99727374797441, 
    "gpsLongitude": 7.8534606315938635, 
    "outsideTemperature": 19.5, 
    "speed": 4.821250000000001, 
    "yawRate": 0.05364830206470345
}