{
    "gpsHeading": 191, 
    "gpsLatitude": 47.98906677511869, 
    "gpsLongitude": 7.847851461989151, 
    "outsideTemperature": 21.0, 
    "speed": 8.3208125, 
    "yawRate": 0.010389720086974993
}