{
    "gpsHeading": 15, 
    "gpsLatitude": 47.99935681855147, 
    "gpsLongitude": 7.853362060412499, 
    "outsideTemperature": 23.0, 
    "speed": 10.1828125, 
    "yawRate": 0.0017115140608545583
}