{
    "gpsHeading": 82, 
    "gpsLatitude": 47.984874817702796, 
    "gpsLongitude": 7.849872841758827, 
    "outsideTemperature": 21.0, 
    "speed": 3.95675, 
    "yawRate": 0.33358411545142314
}