{
    "gpsHeading": 85, 
    "gpsLatitude": 47.988463697185246, 
    "gpsLongitude": 7.855357623920407, 
    "outsideTemperature": 23.0, 
    "speed": 7.015750000000001, 
    "yawRate": -0.0053028348415545545
}