{
    "gpsHeading": 182, 
    "gpsLatitude": 47.99218040069109, 
    "gpsLongitude": 7.853506732061306, 
    "outsideTemperature": 20.5, 
    "speed": 5.170375000000001, 
    "yawRate": 0.03656965886688949
}