{
    "gpsHeading": 174, 
    "gpsLatitude": 47.988334867333435, 
    "gpsLongitude": 7.85434567675011, 
    "outsideTemperature": 23.0, 
    "speed": 3.142125, 
    "yawRate": 0.4058967369283025
}