{
    "gpsHeading": 111, 
    "gpsLatitude": 47.992680967948715, 
    "gpsLongitude": 7.847707628530661, 
    "outsideTemperature": 22.0, 
    "speed": 6.6749375, 
    "yawRate": -0.008110769984164627
}