{
    "gpsHeading": 102, 
    "gpsLatitude": 47.98836814348904, 
    "gpsLongitude": 7.854661171585619, 
    "outsideTemperature": 23.5, 
    "speed": 6.916, 
    "yawRate": 0.03326894162751912
}