{
    "gpsHeading": 9, 
    "gpsLatitude": 47.98990898874971, 
    "gpsLongitude": 7.848128735346164, 
    "outsideTemperature": 30.0, 
    "speed": 5.81875, 
    "yawRate": 0.012472982064998315
}