{
    "gpsHeading": 176, 
    "gpsLatitude": 47.98840787371009, 
    "gpsLongitude": 7.847804774788452, 
    "outsideTemperature": 20.5, 
    "speed": 7.597625, 
    "yawRate": 0.007771726208983939
}