{
    "gpsHeading": 29, 
    "gpsLatitude": 47.99333844443375, 
    "gpsLongitude": 7.855055623949004, 
    "outsideTemperature": 22.0, 
    "speed": 10.523625000000001, 
    "yawRate": -0.001985402832462047
}