{
    "gpsHeading": 349, 
    "gpsLatitude": 47.98824065474175, 
    "gpsLongitude": 7.866059554075234, 
    "outsideTemperature": 23.0, 
    "speed": 2.8844374999999998, 
    "yawRate": 0.007136775333729742
}