{
    "gpsHeading": 290, 
    "gpsLatitude": 47.99701038857667, 
    "gpsLongitude": 7.857221759186518, 
    "outsideTemperature": 22.5, 
    "speed": 8.9193125, 
    "yawRate": -0.015829861905030936
}