{
    "gpsHeading": 204, 
    "gpsLatitude": 47.995970110573616, 
    "gpsLongitude": 7.8576395132407875, 
    "outsideTemperature": 21.5, 
    "speed": 9.467937500000001, 
    "yawRate": -0.0879512905590511
}