{
    "gpsHeading": 276, 
    "gpsLatitude": 47.98860954230049, 
    "gpsLongitude": 7.863077859658763, 
    "outsideTemperature": 21.0, 
    "speed": 9.709000000000001, 
    "yawRate": -0.029340606032950692
}