{
    "gpsHeading": 20, 
    "gpsLatitude": 48.000112866217854, 
    "gpsLongitude": 7.853693983778225, 
    "outsideTemperature": 24.5, 
    "speed": 3.0257500000000004, 
    "yawRate": -0.36433316906458574
}