{
    "gpsHeading": 295, 
    "gpsLatitude": 48.00081786809391, 
    "gpsLongitude": 7.85462429121163, 
    "outsideTemperature": 20.5, 
    "speed": 8.038187500000001, 
    "yawRate": 0.006549296984203017
}