{
    "gpsHeading": 310, 
    "gpsLatitude": 48.00625286175064, 
    "gpsLongitude": 7.832982636308935, 
    "outsideTemperature": 33.5, 
    "speed": 10.07475, 
    "yawRate": 0.03223991987229424
}