{
    "gpsHeading": 14, 
    "gpsLatitude": 48.000358204523785, 
    "gpsLongitude": 7.84297202087485, 
    "outsideTemperature": 21.0, 
    "speed": 6.899375000000001, 
    "yawRate": 0.39093963177175683
}