{
    "gpsHeading": 319, 
    "gpsLatitude": 47.990137060335094, 
    "gpsLongitude": 7.857661222370001, 
    "outsideTemperature": 20.5, 
    "speed": 11.130437500000001, 
    "yawRate": -0.00019360752464659542
}