{
    "gpsHeading": 7, 
    "gpsLatitude": 48.00394792219655, 
    "gpsLongitude": 7.854785391390655, 
    "outsideTemperature": 22.0, 
    "speed": 10.556875, 
    "yawRate": -0.004328749242815323
}