{
    "gpsHeading": 196, 
    "gpsLatitude": 48.00206174252508, 
    "gpsLongitude": 7.859313714580965, 
    "outsideTemperature": 20.0, 
    "speed": 7.8054375, 
    "yawRate": 0.014171740828324295
}