{
    "gpsHeading": 103, 
    "gpsLatitude": 47.98869428334158, 
    "gpsLongitude": 7.856695627124243, 
    "outsideTemperature": 22.5, 
    "speed": 6.799625000000001, 
    "yawRate": 0.004471008969613566
}