{
    "gpsHeading": 124, 
    "gpsLatitude": 48.00148372648213, 
    "gpsLongitude": 7.8370958876540255, 
    "outsideTemperature": 20.0, 
    "speed": 10.822875000000002, 
    "yawRate": -0.007954546480637118
}