{
    "gpsHeading": 101, 
    "gpsLatitude": 48.00104510148898, 
    "gpsLongitude": 7.843367562885681, 
    "outsideTemperature": 22.0, 
    "speed": 8.354062500000001, 
    "yawRate": 0.014285399084129213
}