{
    "gpsHeading": 246, 
    "gpsLatitude": 47.99759234411409, 
    "gpsLongitude": 7.847662030977375, 
    "outsideTemperature": 24.5, 
    "speed": 7.98, 
    "yawRate": -0.004050187094959254
}