{
    "gpsHeading": 99, 
    "gpsLatitude": 47.99859540646705, 
    "gpsLongitude": 7.848848405552769, 
    "outsideTemperature": 20.0, 
    "speed": 10.822875000000002, 
    "yawRate": -0.005692892503102352
}