{
    "gpsHeading": 337, 
    "gpsLatitude": 47.99672624205904, 
    "gpsLongitude": 7.857910667808485, 
    "outsideTemperature": 23.5, 
    "speed": 7.921812500000001, 
    "yawRate": 0.12554180750650676
}