{
    "gpsHeading": 174, 
    "gpsLatitude": 48.00407289637288, 
    "gpsLongitude": 7.859711519705653, 
    "outsideTemperature": 20.0, 
    "speed": 7.996625, 
    "yawRate": -0.008692072372801073
}