{
    "gpsHeading": 99, 
    "gpsLatitude": 47.99204067436518, 
    "gpsLongitude": 7.852322872056862, 
    "outsideTemperature": 22.0, 
    "speed": 5.5943125, 
    "yawRate": 0.029504308313378934
}