{
    "gpsHeading": 170, 
    "gpsLatitude": 47.98931898658522, 
    "gpsLongitude": 7.854290104732048, 
    "outsideTemperature": 24.5, 
    "speed": 8.063125000000001, 
    "yawRate": -0.0025103080383642295
}