{
    "gpsHeading": 15, 
    "gpsLatitude": 47.99631402006087, 
    "gpsLongitude": 7.857992894278631, 
    "outsideTemperature": 20.5, 
    "speed": 4.0149375, 
    "yawRate": 0.0425204930933928
}