{
    "gpsHeading": 292, 
    "gpsLatitude": 48.00727679504249, 
    "gpsLongitude": 7.830098674883511, 
    "outsideTemperature": 26.0, 
    "speed": 11.579312500000002, 
    "yawRate": 0.04882054776624089
}