{
    "gpsHeading": 202, 
    "gpsLatitude": 47.99716126283381, 
    "gpsLongitude": 7.858258432971206, 
    "outsideTemperature": 19.5, 
    "speed": 5.6774375, 
    "yawRate": -0.01829138325876992
}