{
    "gpsHeading": 185, 
    "gpsLatitude": 47.98753816743666, 
    "gpsLongitude": 7.8476842430208125, 
    "outsideTemperature": 20.5, 
    "speed": 8.34575, 
    "yawRate": -0.003921979779378148
}