{
    "gpsHeading": 302, 
    "gpsLatitude": 47.99695397836829, 
    "gpsLongitude": 7.854216176346043, 
    "outsideTemperature": 21.5, 
    "speed": 5.2784375, 
    "yawRate": 0.030080664078757657
}