{
    "gpsHeading": 293, 
    "gpsLatitude": 47.997173751869546, 
    "gpsLongitude": 7.853719548582931, 
    "outsideTemperature": 21.5, 
    "speed": 5.403125, 
    "yawRate": -0.09680477254122764
}