{
    "gpsHeading": 13, 
    "gpsLatitude": 47.9984603740069, 
    "gpsLongitude": 7.8530167260017, 
    "outsideTemperature": 24.0, 
    "speed": 8.960875, 
    "yawRate": -0.0057934017227210515
}