{
    "gpsHeading": 71, 
    "gpsLatitude": 48.002090073357806, 
    "gpsLongitude": 7.831115064462521, 
    "outsideTemperature": 20.5, 
    "speed": 16.0348125, 
    "yawRate": -0.017553857366605967
}