{
    "gpsHeading": 356, 
    "gpsLatitude": 47.998310673216196, 
    "gpsLongitude": 7.852961489259766, 
    "outsideTemperature": 24.5, 
    "speed": 8.495375000000001, 
    "yawRate": -0.02778455029784907
}