{
    "gpsHeading": 8, 
    "gpsLatitude": 48.002340943719844, 
    "gpsLongitude": 7.854489258751471, 
    "outsideTemperature": 25.0, 
    "speed": 8.3873125, 
    "yawRate": -0.0025834199908206265
}