{
    "gpsHeading": 280, 
    "gpsLatitude": 47.98871230443341, 
    "gpsLongitude": 7.862078401524192, 
    "outsideTemperature": 21.0, 
    "speed": 11.3299375, 
    "yawRate": -0.0015898709262417575
}