{
    "gpsHeading": 83, 
    "gpsLatitude": 47.98460374695412, 
    "gpsLongitude": 7.847928994593522, 
    "outsideTemperature": 23.0, 
    "speed": 7.414750000000001, 
    "yawRate": 0.008254742879685834
}