{
    "gpsHeading": 84, 
    "gpsLatitude": 48.00489675363595, 
    "gpsLongitude": 7.8568545480084415, 
    "outsideTemperature": 21.0, 
    "speed": 4.4970625, 
    "yawRate": 0.009284818922740733
}