{
    "gpsHeading": 2, 
    "gpsLatitude": 48.00276900751498, 
    "gpsLongitude": 7.854569808840984, 
    "outsideTemperature": 22.0, 
    "speed": 9.7671875, 
    "yawRate": 0.007122034742036928
}