{
    "gpsHeading": 22, 
    "gpsLatitude": 47.99775344429312, 
    "gpsLongitude": 7.852859816774262, 
    "outsideTemperature": 25.5, 
    "speed": 6.350750000000001, 
    "yawRate": -0.035860019618034394
}