{
    "gpsHeading": 236, 
    "gpsLatitude": 48.00113512312909, 
    "gpsLongitude": 7.837873392992516, 
    "outsideTemperature": 22.0, 
    "speed": 0.0, 
    "yawRate": -4.2480559207291706e-05
}