{
    "gpsHeading": 102, 
    "gpsLatitude": 48.00164063570956, 
    "gpsLongitude": 7.827950896013974, 
    "outsideTemperature": 21.0, 
    "speed": 15.868562500000001, 
    "yawRate": 0.04737239080758148
}