{
    "gpsHeading": 314, 
    "gpsLatitude": 47.997565102928796, 
    "gpsLongitude": 7.852717575877374, 
    "outsideTemperature": 20.0, 
    "speed": 1.8536875000000002, 
    "yawRate": -0.18022581770253238
}