{
    "gpsHeading": 67, 
    "gpsLatitude": 48.00186175031532, 
    "gpsLongitude": 7.830311239948041, 
    "outsideTemperature": 21.0, 
    "speed": 16.25925, 
    "yawRate": 0.014734733795287988
}