{
    "gpsHeading": 32, 
    "gpsLatitude": 47.994574858971106, 
    "gpsLongitude": 7.856312574149139, 
    "outsideTemperature": 21.5, 
    "speed": 12.46875, 
    "yawRate": 0.008137506829105606
}