{
    "gpsHeading": 289, 
    "gpsLatitude": 47.99266370122816, 
    "gpsLongitude": 7.84778172455473, 
    "outsideTemperature": 21.0, 
    "speed": 4.2476875000000005, 
    "yawRate": 0.004804666480593352
}