{
    "gpsHeading": 0, 
    "gpsLatitude": 47.98874206018969, 
    "gpsLongitude": 7.854324219077958, 
    "outsideTemperature": 23.5, 
    "speed": 6.0431875, 
    "yawRate": -0.01001522382193984
}