{
    "gpsHeading": 200, 
    "gpsLatitude": 47.996526752763465, 
    "gpsLongitude": 7.8465128720520925, 
    "outsideTemperature": 27.0, 
    "speed": 7.655812500000001, 
    "yawRate": -0.02499264774537181
}