{
    "gpsHeading": 210, 
    "gpsLatitude": 48.00413123441898, 
    "gpsLongitude": 7.822937009172736, 
    "outsideTemperature": 25.0, 
    "speed": 7.664125, 
    "yawRate": 0.3336063881346473
}