{
    "gpsHeading": 0, 
    "gpsLatitude": 48.001199579964485, 
    "gpsLongitude": 7.85413311168558, 
    "outsideTemperature": 21.5, 
    "speed": 5.860312500000001, 
    "yawRate": -0.0033499407699292692
}