{
    "gpsHeading": 353, 
    "gpsLatitude": 47.99167153534935, 
    "gpsLongitude": 7.8544198565932115, 
    "outsideTemperature": 24.0, 
    "speed": 6.749750000000001, 
    "yawRate": 0.004995914175515748
}