{
    "gpsHeading": 130, 
    "gpsLatitude": 47.99236429964676, 
    "gpsLongitude": 7.849065664483076, 
    "outsideTemperature": 24.0, 
    "speed": 4.7131875, 
    "yawRate": 0.07627913226682531
}