{
    "gpsHeading": 266, 
    "gpsLatitude": 47.98877013956532, 
    "gpsLongitude": 7.8493586958180535, 
    "outsideTemperature": 21.5, 
    "speed": 6.6998750000000005, 
    "yawRate": -0.012514675219046298
}