{
    "gpsHeading": 64, 
    "gpsLatitude": 48.00133871955721, 
    "gpsLongitude": 7.8424411949467645, 
    "outsideTemperature": 23.0, 
    "speed": 3.7988125, 
    "yawRate": -0.34821948655508655
}