{
    "gpsHeading": 13, 
    "gpsLatitude": 47.99174646956372, 
    "gpsLongitude": 7.848473147747616, 
    "outsideTemperature": 25.0, 
    "speed": 5.070625000000001, 
    "yawRate": 0.028457110762182315
}