{
    "gpsHeading": 118, 
    "gpsLatitude": 48.00187926849295, 
    "gpsLongitude": 7.836151498623292, 
    "outsideTemperature": 20.0, 
    "speed": 12.635, 
    "yawRate": -0.03640341328814512
}