{
    "gpsHeading": 133, 
    "gpsLatitude": 47.99105513018986, 
    "gpsLongitude": 7.853733462542196, 
    "outsideTemperature": 27.0, 
    "speed": 0.0, 
    "yawRate": -0.0008380904709955866
}