{
    "gpsHeading": 107, 
    "gpsLatitude": 47.992123152292415, 
    "gpsLongitude": 7.850129579453071, 
    "outsideTemperature": 23.5, 
    "speed": 2.75975, 
    "yawRate": -0.1570713887248117
}