{
    "gpsHeading": 282, 
    "gpsLatitude": 47.98881263581441, 
    "gpsLongitude": 7.848091519696083, 
    "outsideTemperature": 26.0, 
    "speed": 4.68825, 
    "yawRate": -0.27684491429585395
}