{
    "gpsHeading": 115, 
    "gpsLatitude": 48.00212343333244, 
    "gpsLongitude": 7.835331999949879, 
    "outsideTemperature": 20.5, 
    "speed": 13.424687500000001, 
    "yawRate": -0.03954500594173399
}