{
    "gpsHeading": 284, 
    "gpsLatitude": 47.988941465666215, 
    "gpsLongitude": 7.860681222083965, 
    "outsideTemperature": 20.5, 
    "speed": 9.1354375, 
    "yawRate": -0.004905996505030888
}