{
    "gpsHeading": 60, 
    "gpsLatitude": 47.98831039217617, 
    "gpsLongitude": 7.8648740176901555, 
    "outsideTemperature": 21.5, 
    "speed": 5.2451875, 
    "yawRate": 0.03925083357042442
}