{
    "gpsHeading": 99, 
    "gpsLatitude": 47.99849423689574, 
    "gpsLongitude": 7.8499370471371535, 
    "outsideTemperature": 20.0, 
    "speed": 11.13875, 
    "yawRate": -0.04356653727137894
}