{
    "gpsHeading": 61, 
    "gpsLatitude": 47.99856430960627, 
    "gpsLongitude": 7.849359785465465, 
    "outsideTemperature": 20.0, 
    "speed": 10.773, 
    "yawRate": -0.001329569373116602
}