{
    "gpsHeading": 1, 
    "gpsLatitude": 47.990098755037586, 
    "gpsLongitude": 7.84815203703698, 
    "outsideTemperature": 29.0, 
    "speed": 3.9151875000000005, 
    "yawRate": 0.005840730907420055
}