{
    "gpsHeading": 108, 
    "gpsLatitude": 47.98837090951709, 
    "gpsLongitude": 7.8628867522663874, 
    "outsideTemperature": 22.0, 
    "speed": 9.8336875, 
    "yawRate": -0.0467938985528937
}