{
    "gpsHeading": 74, 
    "gpsLatitude": 48.00494679359792, 
    "gpsLongitude": 7.8554764793074465, 
    "outsideTemperature": 21.5, 
    "speed": 7.896875, 
    "yawRate": -0.037315472105507355
}