{
    "gpsHeading": 79, 
    "gpsLatitude": 48.001650945450464, 
    "gpsLongitude": 7.82926509461277, 
    "outsideTemperature": 21.0, 
    "speed": 16.076375000000002, 
    "yawRate": 0.05679716876835106
}