{
    "gpsHeading": 203, 
    "gpsLatitude": 47.99203455557586, 
    "gpsLongitude": 7.853375052362448, 
    "outsideTemperature": 20.5, 
    "speed": 3.3748750000000003, 
    "yawRate": -0.29643916241362267
}