{
    "gpsHeading": 0, 
    "gpsLatitude": 47.99204008763195, 
    "gpsLongitude": 7.85206923566679, 
    "outsideTemperature": 22.0, 
    "speed": 5.3865, 
    "yawRate": -0.035596472786008776
}