{
    "gpsHeading": 30, 
    "gpsLatitude": 47.997522858136776, 
    "gpsLongitude": 7.84788758799182, 
    "outsideTemperature": 23.5, 
    "speed": 5.6940625, 
    "yawRate": 0.023212676679953494
}