{
    "gpsHeading": 124, 
    "gpsLatitude": 48.001596798355955, 
    "gpsLongitude": 7.836852058090635, 
    "outsideTemperature": 20.0, 
    "speed": 10.67325, 
    "yawRate": 0.03393335556722569
}