{
    "gpsHeading": 4, 
    "gpsLatitude": 47.98724840504389, 
    "gpsLongitude": 7.84958341464218, 
    "outsideTemperature": 21.0, 
    "speed": 6.68325, 
    "yawRate": -0.006056956986667309
}