{
    "gpsHeading": 185, 
    "gpsLatitude": 48.00106236820953, 
    "gpsLongitude": 7.85885061443054, 
    "outsideTemperature": 20.0, 
    "speed": 5.860312500000001, 
    "yawRate": 0.009110285997541462
}