{
    "gpsHeading": 207, 
    "gpsLatitude": 47.994603441260935, 
    "gpsLongitude": 7.856224228889677, 
    "outsideTemperature": 20.5, 
    "speed": 11.288375, 
    "yawRate": 0.001060501292657608
}