{
    "gpsHeading": 195, 
    "gpsLatitude": 48.002004829402516, 
    "gpsLongitude": 7.851590964271625, 
    "outsideTemperature": 24.0, 
    "speed": 5.652500000000001, 
    "yawRate": -0.007677033818879351
}