{
    "gpsHeading": 178, 
    "gpsLatitude": 48.00421455053654, 
    "gpsLongitude": 7.85972652331233, 
    "outsideTemperature": 20.0, 
    "speed": 7.697375, 
    "yawRate": -0.020909377136760974
}