{
    "gpsHeading": 17, 
    "gpsLatitude": 48.00040455644834, 
    "gpsLongitude": 7.8560087301590364, 
    "outsideTemperature": 21.0, 
    "speed": 3.4496875000000005, 
    "yawRate": 0.31372724533520024
}