{
    "gpsHeading": 107, 
    "gpsLatitude": 47.9992956306583, 
    "gpsLongitude": 7.844265348534749, 
    "outsideTemperature": 21.5, 
    "speed": 9.9168125, 
    "yawRate": -0.0051692937275045385
}