{
    "gpsHeading": 17, 
    "gpsLatitude": 47.999535688365235, 
    "gpsLongitude": 7.853441772311693, 
    "outsideTemperature": 22.5, 
    "speed": 10.9143125, 
    "yawRate": -0.007713263899915019
}