{
    "gpsHeading": 296, 
    "gpsLatitude": 47.99706344602376, 
    "gpsLongitude": 7.853975364267827, 
    "outsideTemperature": 21.5, 
    "speed": 5.569375, 
    "yawRate": -0.019661219603080295
}