{
    "gpsHeading": 193, 
    "gpsLatitude": 47.998989523554336, 
    "gpsLongitude": 7.85039729744047, 
    "outsideTemperature": 22.0, 
    "speed": 7.572687500000001, 
    "yawRate": -0.006106237492083925
}