{
    "gpsHeading": 90, 
    "gpsLatitude": 47.98894708154135, 
    "gpsLongitude": 7.8597887170338625, 
    "outsideTemperature": 23.0, 
    "speed": 10.1994375, 
    "yawRate": -0.005080529430230159
}