{
    "gpsHeading": 99, 
    "gpsLatitude": 47.9986884455923, 
    "gpsLongitude": 7.848037288782528, 
    "outsideTemperature": 20.5, 
    "speed": 9.87525, 
    "yawRate": -0.04810439332656396
}