{
    "gpsHeading": 290, 
    "gpsLatitude": 47.99726452788093, 
    "gpsLongitude": 7.85349231518785, 
    "outsideTemperature": 21.0, 
    "speed": 4.322500000000001, 
    "yawRate": -0.06765777403292354
}