{
    "gpsHeading": 130, 
    "gpsLatitude": 48.00253179965512, 
    "gpsLongitude": 7.825100629839301, 
    "outsideTemperature": 22.0, 
    "speed": 15.1536875, 
    "yawRate": 0.029395499512040665
}