{
    "gpsHeading": 173, 
    "gpsLatitude": 47.9881584282716, 
    "gpsLongitude": 7.866050920714967, 
    "outsideTemperature": 21.5, 
    "speed": 5.5195, 
    "yawRate": -0.05150628753327898
}