{
    "gpsHeading": 321, 
    "gpsLatitude": 47.99676647519427, 
    "gpsLongitude": 7.854985383600428, 
    "outsideTemperature": 20.0, 
    "speed": 4.605125, 
    "yawRate": -0.05875090176372943
}