{
    "gpsHeading": 110, 
    "gpsLatitude": 47.999964003617464, 
    "gpsLongitude": 7.841132025489873, 
    "outsideTemperature": 21.0, 
    "speed": 8.3706875, 
    "yawRate": 0.034194332664121974
}