{
    "gpsHeading": 218, 
    "gpsLatitude": 47.995316489764015, 
    "gpsLongitude": 7.85689452968657, 
    "outsideTemperature": 21.0, 
    "speed": 11.6375, 
    "yawRate": 0.03003296687576343
}