{
    "gpsHeading": 288, 
    "gpsLatitude": 47.98916786087097, 
    "gpsLongitude": 7.8596509185456895, 
    "outsideTemperature": 20.5, 
    "speed": 10.656625, 
    "yawRate": -0.02480274997776567
}