{
    "gpsHeading": 40, 
    "gpsLatitude": 47.995460071765415, 
    "gpsLongitude": 7.85718370534612, 
    "outsideTemperature": 21.0, 
    "speed": 10.2160625, 
    "yawRate": -0.012457378344427252
}