{
    "gpsHeading": 179, 
    "gpsLatitude": 48.003854296338076, 
    "gpsLongitude": 7.859693163337674, 
    "outsideTemperature": 20.0, 
    "speed": 7.7721875, 
    "yawRate": 0.006666825044748687
}