{
    "gpsHeading": 83, 
    "gpsLatitude": 48.00167927628319, 
    "gpsLongitude": 7.829479000781806, 
    "outsideTemperature": 21.0, 
    "speed": 16.2176875, 
    "yawRate": 0.061509557748735344
}