{
    "gpsHeading": 104, 
    "gpsLatitude": 47.99835258273207, 
    "gpsLongitude": 7.85048706762347, 
    "outsideTemperature": 20.0, 
    "speed": 10.606750000000002, 
    "yawRate": -0.03553802271220552
}