{
    "gpsHeading": 183, 
    "gpsLatitude": 48.0002520896296, 
    "gpsLongitude": 7.850892332642011, 
    "outsideTemperature": 22.5, 
    "speed": 6.6084375, 
    "yawRate": -0.0006957168109015556
}