{
    "gpsHeading": 196, 
    "gpsLatitude": 48.00019425449768, 
    "gpsLongitude": 7.858444259764619, 
    "outsideTemperature": 19.5, 
    "speed": 7.539437500000001, 
    "yawRate": -0.0031070187664194327
}