{
    "gpsHeading": 194, 
    "gpsLatitude": 48.00340896582239, 
    "gpsLongitude": 7.852166214286519, 
    "outsideTemperature": 23.5, 
    "speed": 6.8245625, 
    "yawRate": 0.03438540115418372
}