{
    "gpsHeading": 282, 
    "gpsLatitude": 47.98871875849886, 
    "gpsLongitude": 7.861768690201872, 
    "outsideTemperature": 21.0, 
    "speed": 11.188625, 
    "yawRate": -0.004731463579831617
}