{
    "gpsHeading": 73, 
    "gpsLatitude": 47.9888450737797, 
    "gpsLongitude": 7.857507330627707, 
    "outsideTemperature": 22.0, 
    "speed": 8.379, 
    "yawRate": -0.03392623457426183
}