{
    "gpsHeading": 105, 
    "gpsLatitude": 48.0023601382781, 
    "gpsLongitude": 7.834375373340513, 
    "outsideTemperature": 20.5, 
    "speed": 12.626687500000001, 
    "yawRate": -0.01336506716181949
}