{
    "gpsHeading": 269, 
    "gpsLatitude": 47.99736762528999, 
    "gpsLongitude": 7.855989284143679, 
    "outsideTemperature": 23.5, 
    "speed": 5.411437500000001, 
    "yawRate": 0.23777484506607896
}