{
    "gpsHeading": 16, 
    "gpsLatitude": 48.00079506931727, 
    "gpsLongitude": 7.853974526077508, 
    "outsideTemperature": 22.0, 
    "speed": 10.507000000000001, 
    "yawRate": -0.0024772761439319207
}