{
    "gpsHeading": 226, 
    "gpsLatitude": 47.996847025283785, 
    "gpsLongitude": 7.855495087132486, 
    "outsideTemperature": 22.5, 
    "speed": 6.01825, 
    "yawRate": -0.13869267458909143
}