{
    "gpsHeading": 97, 
    "gpsLatitude": 48.00162957159738, 
    "gpsLongitude": 7.828165137459105, 
    "outsideTemperature": 21.0, 
    "speed": 16.1678125, 
    "yawRate": 0.04457986400439115
}