{
    "gpsHeading": 68, 
    "gpsLatitude": 47.984517580989476, 
    "gpsLongitude": 7.846888129857248, 
    "outsideTemperature": 25.5, 
    "speed": 5.9185, 
    "yawRate": -0.0009955021558834818
}