{
    "gpsHeading": 108, 
    "gpsLatitude": 47.98880039823578, 
    "gpsLongitude": 7.860595642852552, 
    "outsideTemperature": 22.5, 
    "speed": 10.648312500000001, 
    "yawRate": 0.013594493566108732
}