{
    "gpsHeading": 280, 
    "gpsLatitude": 47.988776761268824, 
    "gpsLongitude": 7.861481442380084, 
    "outsideTemperature": 21.0, 
    "speed": 11.346562500000001, 
    "yawRate": -0.004207864804232811
}