{
    "gpsHeading": 194, 
    "gpsLatitude": 48.000297854820936, 
    "gpsLongitude": 7.85850402273423, 
    "outsideTemperature": 19.5, 
    "speed": 8.0880625, 
    "yawRate": -0.020734844211561704
}