{
    "gpsHeading": 44, 
    "gpsLatitude": 48.005716252309384, 
    "gpsLongitude": 7.833634245461756, 
    "outsideTemperature": 38.5, 
    "speed": 3.4663125000000004, 
    "yawRate": 0.029504240840441842
}