{
    "gpsHeading": 86, 
    "gpsLatitude": 47.988421787669374, 
    "gpsLongitude": 7.8550665204231604, 
    "outsideTemperature": 23.0, 
    "speed": 7.3565625, 
    "yawRate": 0.00726353577280389
}