{
    "gpsHeading": 220, 
    "gpsLatitude": 48.00749262904925, 
    "gpsLongitude": 7.827858443621927, 
    "outsideTemperature": 23.5, 
    "speed": 12.967500000000001, 
    "yawRate": 0.011295968848362842
}