{
    "gpsHeading": 295, 
    "gpsLatitude": 47.99709957202644, 
    "gpsLongitude": 7.85388928212222, 
    "outsideTemperature": 20.0, 
    "speed": 5.1454375, 
    "yawRate": 0.022930507229603932
}