{
    "gpsHeading": 234, 
    "gpsLatitude": 47.99249203985114, 
    "gpsLongitude": 7.853893724530901, 
    "outsideTemperature": 20.5, 
    "speed": 5.901875, 
    "yawRate": 0.050881358733242635
}