{
    "gpsHeading": 311, 
    "gpsLatitude": 48.00782840809044, 
    "gpsLongitude": 7.828589513216846, 
    "outsideTemperature": 24.5, 
    "speed": 7.2401875, 
    "yawRate": 0.1004822936252718
}