{
    "gpsHeading": 0, 
    "gpsLatitude": 47.992370418436074, 
    "gpsLongitude": 7.849038674754832, 
    "outsideTemperature": 20.0, 
    "speed": 3.142125, 
    "yawRate": 0.01004065423657645
}