{
    "gpsHeading": 15, 
    "gpsLatitude": 48.00040514318157, 
    "gpsLongitude": 7.853813677355579, 
    "outsideTemperature": 22.0, 
    "speed": 11.0971875, 
    "yawRate": -0.007364198049515484
}