{
    "gpsHeading": 284, 
    "gpsLatitude": 48.00383149756145, 
    "gpsLongitude": 7.85348200544695, 
    "outsideTemperature": 24.5, 
    "speed": 8.8361875, 
    "yawRate": -0.02390859586242646
}