{
    "gpsHeading": 214, 
    "gpsLatitude": 47.9958256903819, 
    "gpsLongitude": 7.857498110534217, 
    "outsideTemperature": 21.5, 
    "speed": 9.8004375, 
    "yawRate": -0.0033028218373281418
}