{
    "gpsHeading": 296, 
    "gpsLatitude": 47.9868542879566, 
    "gpsLongitude": 7.850199233068459, 
    "outsideTemperature": 21.5, 
    "speed": 4.48875, 
    "yawRate": 0.004938617300896703
}