{
    "gpsHeading": 182, 
    "gpsLatitude": 48.002984254788515, 
    "gpsLongitude": 7.859626778664523, 
    "outsideTemperature": 20.0, 
    "speed": 7.5560625, 
    "yawRate": 0.008586687221942656
}