{
    "gpsHeading": 4, 
    "gpsLatitude": 47.99048348439332, 
    "gpsLongitude": 7.848234514964222, 
    "outsideTemperature": 29.5, 
    "speed": 5.9185, 
    "yawRate": -0.004355079175310446
}