{
    "gpsHeading": 29, 
    "gpsLatitude": 47.99601486993657, 
    "gpsLongitude": 7.846313131299417, 
    "outsideTemperature": 26.5, 
    "speed": 4.073125, 
    "yawRate": 0.0703365664837994
}