{
    "gpsHeading": 71, 
    "gpsLatitude": 47.98467122127469, 
    "gpsLongitude": 7.8484798532701525, 
    "outsideTemperature": 22.5, 
    "speed": 5.536125, 
    "yawRate": -0.009198549640257169
}