{
    "gpsHeading": 86, 
    "gpsLatitude": 48.00486791988904, 
    "gpsLongitude": 7.858231778519119, 
    "outsideTemperature": 20.5, 
    "speed": 8.41225, 
    "yawRate": 0.001954436064364395
}