{
    "gpsHeading": 250, 
    "gpsLatitude": 47.98690952469854, 
    "gpsLongitude": 7.8496808961761, 
    "outsideTemperature": 21.5, 
    "speed": 0.8645, 
    "yawRate": -0.07098320516085574
}