{
    "gpsHeading": 235, 
    "gpsLatitude": 48.00452786607722, 
    "gpsLongitude": 7.860185683968231, 
    "outsideTemperature": 20.0, 
    "speed": 5.3283125, 
    "yawRate": -0.12370927007922501
}