{
    "gpsHeading": 29, 
    "gpsLatitude": 47.995044832282126, 
    "gpsLongitude": 7.8567459185433055, 
    "outsideTemperature": 21.0, 
    "speed": 11.4130625, 
    "yawRate": -0.020660425828800937
}