{
    "gpsHeading": 126, 
    "gpsLatitude": 48.00229316687173, 
    "gpsLongitude": 7.825610081914266, 
    "outsideTemperature": 22.0, 
    "speed": 15.477875000000001, 
    "yawRate": 0.0449289298547897
}