{
    "gpsHeading": 186, 
    "gpsLatitude": 47.991400380781634, 
    "gpsLongitude": 7.848409780559639, 
    "outsideTemperature": 21.5, 
    "speed": 5.303375000000001, 
    "yawRate": -0.005492776106173573
}