{
    "gpsHeading": 7, 
    "gpsLatitude": 48.00180760322081, 
    "gpsLongitude": 7.8543651227654685, 
    "outsideTemperature": 20.5, 
    "speed": 0.96425, 
    "yawRate": 0.001662375078619454
}