{
    "gpsHeading": 277, 
    "gpsLatitude": 47.9861192788672, 
    "gpsLongitude": 7.846268120479384, 
    "outsideTemperature": 20.0, 
    "speed": 6.159562500000001, 
    "yawRate": -0.0006058542005890175
}