{
    "gpsHeading": 136, 
    "gpsLatitude": 48.00311870051545, 
    "gpsLongitude": 7.824161186131437, 
    "outsideTemperature": 23.0, 
    "speed": 16.176125, 
    "yawRate": 0.03916934332320878
}