{
    "gpsHeading": 7, 
    "gpsLatitude": 48.00449987052061, 
    "gpsLongitude": 7.854928386658827, 
    "outsideTemperature": 22.0, 
    "speed": 9.492875, 
    "yawRate": -0.0011871565892254644
}