{
    "gpsHeading": 133, 
    "gpsLatitude": 48.00261846853396, 
    "gpsLongitude": 7.824934500518375, 
    "outsideTemperature": 22.0, 
    "speed": 15.1536875, 
    "yawRate": 0.028173769035644773
}