{
    "gpsHeading": 237, 
    "gpsLatitude": 47.99871149582603, 
    "gpsLongitude": 7.848472309557298, 
    "outsideTemperature": 28.5, 
    "speed": 5.985, 
    "yawRate": 0.38637996657616475
}