{
    "gpsHeading": 256, 
    "gpsLatitude": 47.99204872099223, 
    "gpsLongitude": 7.853087888359658, 
    "outsideTemperature": 20.5, 
    "speed": 4.95425, 
    "yawRate": 0.0013140079766049508
}