{
    "gpsHeading": 74, 
    "gpsLatitude": 48.00229786073753, 
    "gpsLongitude": 7.831905394112898, 
    "outsideTemperature": 20.5, 
    "speed": 15.79375, 
    "yawRate": -0.03326182063455526
}