{
    "gpsHeading": 39, 
    "gpsLatitude": 47.99313761403368, 
    "gpsLongitude": 7.854703416377602, 
    "outsideTemperature": 21.5, 
    "speed": 0.0, 
    "yawRate": -0.0012130750308565446
}