{
    "gpsHeading": 268, 
    "gpsLatitude": 47.99204930772544, 
    "gpsLongitude": 7.8505995527640975, 
    "outsideTemperature": 20.0, 
    "speed": 5.236875, 
    "yawRate": 0.011262384712972341
}