{
    "gpsHeading": 215, 
    "gpsLatitude": 47.996961186805024, 
    "gpsLongitude": 7.846948982474274, 
    "outsideTemperature": 23.5, 
    "speed": 5.3283125, 
    "yawRate": 0.015497500527375994
}