{
    "gpsHeading": 12, 
    "gpsLatitude": 48.000196182335415, 
    "gpsLongitude": 7.855889539495904, 
    "outsideTemperature": 21.5, 
    "speed": 6.5668750000000005, 
    "yawRate": -0.015092785740526462
}