{
    "gpsHeading": 89, 
    "gpsLatitude": 48.00487789435381, 
    "gpsLongitude": 7.857630628423426, 
    "outsideTemperature": 20.5, 
    "speed": 9.0689375, 
    "yawRate": 0.031450500423068024
}