{
    "gpsHeading": 293, 
    "gpsLatitude": 47.98933424164899, 
    "gpsLongitude": 7.859102071525784, 
    "outsideTemperature": 20.5, 
    "speed": 11.687375000000001, 
    "yawRate": -0.03632192304092849
}