{
    "gpsHeading": 94, 
    "gpsLatitude": 47.998799254352264, 
    "gpsLongitude": 7.847247294408281, 
    "outsideTemperature": 20.5, 
    "speed": 9.883562500000002, 
    "yawRate": 0.008095208587651982
}