{
    "gpsHeading": 147, 
    "gpsLatitude": 47.99961959121602, 
    "gpsLongitude": 7.843448699708415, 
    "outsideTemperature": 21.0, 
    "speed": 4.305875, 
    "yawRate": 0.07188126439994132
}