{
    "gpsHeading": 50, 
    "gpsLatitude": 47.99782510956527, 
    "gpsLongitude": 7.852918993010687, 
    "outsideTemperature": 20.5, 
    "speed": 6.666625, 
    "yawRate": 0.018916249950016725
}