{
    "gpsHeading": 273, 
    "gpsLatitude": 47.99217956250078, 
    "gpsLongitude": 7.849860687999229, 
    "outsideTemperature": 20.0, 
    "speed": 5.860312500000001, 
    "yawRate": 0.00672452865778732
}