{
    "gpsHeading": 36, 
    "gpsLatitude": 47.99692036693656, 
    "gpsLongitude": 7.847092899751795, 
    "outsideTemperature": 24.5, 
    "speed": 8.8195625, 
    "yawRate": -0.0076796510803462895
}