{
    "gpsHeading": 2, 
    "gpsLatitude": 47.988721189250775, 
    "gpsLongitude": 7.8496859253180356, 
    "outsideTemperature": 21.5, 
    "speed": 2.4854375, 
    "yawRate": 0.2965831353091439
}