{
    "gpsHeading": 186, 
    "gpsLatitude": 48.00305625533679, 
    "gpsLongitude": 7.852022632285157, 
    "outsideTemperature": 23.0, 
    "speed": 6.251, 
    "yawRate": -0.060211444303907624
}