{
    "gpsHeading": 306, 
    "gpsLatitude": 48.008055390028424, 
    "gpsLongitude": 7.828231522132256, 
    "outsideTemperature": 24.0, 
    "speed": 10.3490625, 
    "yawRate": 0.004838250615983853
}