{
    "gpsHeading": 290, 
    "gpsLatitude": 48.00756513251172, 
    "gpsLongitude": 7.8291340016471, 
    "outsideTemperature": 25.0, 
    "speed": 10.5319375, 
    "yawRate": -0.034780723404286444
}