{
    "gpsHeading": 125, 
    "gpsLatitude": 47.99242179950254, 
    "gpsLongitude": 7.848820912910368, 
    "outsideTemperature": 24.5, 
    "speed": 4.2643125, 
    "yawRate": -0.009067468155695731
}