{
    "gpsHeading": 169, 
    "gpsLatitude": 47.990255664265014, 
    "gpsLongitude": 7.854233945980766, 
    "outsideTemperature": 27.0, 
    "speed": 5.9185, 
    "yawRate": 0.04950050367106623
}