{
    "gpsHeading": 58, 
    "gpsLatitude": 47.988504517053705, 
    "gpsLongitude": 7.8556342267252, 
    "outsideTemperature": 22.5, 
    "speed": 6.1761875, 
    "yawRate": 0.002202080942020063
}