{
    "gpsHeading": 0, 
    "gpsLatitude": 48.00385069211972, 
    "gpsLongitude": 7.823308411302433, 
    "outsideTemperature": 24.0, 
    "speed": 12.7098125, 
    "yawRate": 0.0023428961061288155
}