{
    "gpsHeading": 273, 
    "gpsLatitude": 47.98622313064754, 
    "gpsLongitude": 7.844614287163913, 
    "outsideTemperature": 19.5, 
    "speed": 4.837875, 
    "yawRate": 0.00794625913418321
}