{
    "gpsHeading": 342, 
    "gpsLatitude": 47.99105513018986, 
    "gpsLongitude": 7.853733462542196, 
    "outsideTemperature": 29.5, 
    "speed": 0.0, 
    "yawRate": 0.00012769856581850824
}