{
    "gpsHeading": 162, 
    "gpsLatitude": 47.98625816700281, 
    "gpsLongitude": 7.847554826435777, 
    "outsideTemperature": 20.0, 
    "speed": 8.67825, 
    "yawRate": 0.011436917638171612
}