{
    "gpsHeading": 71, 
    "gpsLatitude": 48.00219954101327, 
    "gpsLongitude": 7.831522341137793, 
    "outsideTemperature": 20.5, 
    "speed": 15.7605, 
    "yawRate": -0.013016001311420947
}