{
    "gpsHeading": 195, 
    "gpsLatitude": 47.996500685044595, 
    "gpsLongitude": 7.857847552077573, 
    "outsideTemperature": 22.5, 
    "speed": 7.9550625, 
    "yawRate": 0.04434466674211657
}