{
    "gpsHeading": 0, 
    "gpsLatitude": 48.00484931206398, 
    "gpsLongitude": 7.859289826156894, 
    "outsideTemperature": 20.5, 
    "speed": 7.88025, 
    "yawRate": -0.0008380907388269218
}