{
    "gpsHeading": 187, 
    "gpsLatitude": 47.987843184893194, 
    "gpsLongitude": 7.847734785896938, 
    "outsideTemperature": 20.5, 
    "speed": 8.1046875, 
    "yawRate": 0.036744191792088765
}