{
    "gpsHeading": 55, 
    "gpsLatitude": 48.00137509701699, 
    "gpsLongitude": 7.854199831634857, 
    "outsideTemperature": 21.5, 
    "speed": 3.2335625, 
    "yawRate": 0.0017115140608545583
}