{
    "gpsHeading": 218, 
    "gpsLatitude": 48.0068359069355, 
    "gpsLongitude": 7.827008686278065, 
    "outsideTemperature": 22.5, 
    "speed": 13.757187500000002, 
    "yawRate": -0.010346113876366638
}