{
    "gpsHeading": 315, 
    "gpsLatitude": 47.98986372647256, 
    "gpsLongitude": 7.858018459083306, 
    "outsideTemperature": 20.5, 
    "speed": 11.6956875, 
    "yawRate": -0.037020054741726566
}