{
    "gpsHeading": 187, 
    "gpsLatitude": 47.98892009181312, 
    "gpsLongitude": 7.847828411755396, 
    "outsideTemperature": 20.5, 
    "speed": 7.714, 
    "yawRate": 0.06990544757998107
}