{
    "gpsHeading": 18, 
    "gpsLatitude": 47.997654873111784, 
    "gpsLongitude": 7.852762335240344, 
    "outsideTemperature": 26.0, 
    "speed": 5.7855, 
    "yawRate": -0.04890303424698074
}