{
    "gpsHeading": 7, 
    "gpsLatitude": 48.00413676647507, 
    "gpsLongitude": 7.854834257886177, 
    "outsideTemperature": 22.0, 
    "speed": 10.2493125, 
    "yawRate": -0.008517539447601802
}