{
    "gpsHeading": 293, 
    "gpsLatitude": 48.00057646928247, 
    "gpsLongitude": 7.842630625958542, 
    "outsideTemperature": 20.5, 
    "speed": 8.794625, 
    "yawRate": -0.00036318652536448796
}