{
    "gpsHeading": 7, 
    "gpsLatitude": 48.00112347228366, 
    "gpsLongitude": 7.854104529395765, 
    "outsideTemperature": 20.5, 
    "speed": 6.259312500000001, 
    "yawRate": -0.015267318665725733
}