{
    "gpsHeading": 99, 
    "gpsLatitude": 47.98878816065715, 
    "gpsLongitude": 7.8571742337955355, 
    "outsideTemperature": 22.0, 
    "speed": 8.254312500000001, 
    "yawRate": 0.008485266249199782
}