{
    "gpsHeading": 134, 
    "gpsLatitude": 48.003342581149255, 
    "gpsLongitude": 7.823893719601133, 
    "outsideTemperature": 23.0, 
    "speed": 15.99325, 
    "yawRate": 0.023984978830858292
}