{
    "gpsHeading": 218, 
    "gpsLatitude": 48.00713036319403, 
    "gpsLongitude": 7.827383692626092, 
    "outsideTemperature": 23.0, 
    "speed": 14.139562500000002, 
    "yawRate": -0.002666665167591757
}