{
    "gpsHeading": 84, 
    "gpsLatitude": 47.98812624176341, 
    "gpsLongitude": 7.864546452914079, 
    "outsideTemperature": 21.5, 
    "speed": 6.201125, 
    "yawRate": 0.05321346758637902
}