{
    "gpsHeading": 79, 
    "gpsLatitude": 47.99204176401259, 
    "gpsLongitude": 7.851772348656356, 
    "outsideTemperature": 22.0, 
    "speed": 6.550250000000001, 
    "yawRate": 0.03142417049057191
}