{
    "gpsHeading": 356, 
    "gpsLatitude": 47.98777151962104, 
    "gpsLongitude": 7.849620127378106, 
    "outsideTemperature": 21.0, 
    "speed": 5.320000000000001, 
    "yawRate": -0.001693633856681559
}