{
    "gpsHeading": 119, 
    "gpsLatitude": 47.99984179546917, 
    "gpsLongitude": 7.8545461718740395, 
    "outsideTemperature": 22.5, 
    "speed": 7.132125, 
    "yawRate": 0.005327566507807127
}