{
    "gpsHeading": 134, 
    "gpsLatitude": 48.00300621537483, 
    "gpsLongitude": 7.824302002104785, 
    "outsideTemperature": 22.5, 
    "speed": 15.96, 
    "yawRate": -0.003416690425452097
}