{
    "gpsHeading": 265, 
    "gpsLatitude": 47.9986514813993, 
    "gpsLongitude": 7.848884280098377, 
    "outsideTemperature": 22.5, 
    "speed": 4.339125, 
    "yawRate": -0.0521829297447342
}