{
    "gpsHeading": 282, 
    "gpsLatitude": 47.98889427555134, 
    "gpsLongitude": 7.8609101318596455, 
    "outsideTemperature": 20.5, 
    "speed": 9.260125, 
    "yawRate": -0.014505307390999738
}