{
    "gpsHeading": 81, 
    "gpsLatitude": 48.00487370340223, 
    "gpsLongitude": 7.857875966729355, 
    "outsideTemperature": 20.5, 
    "speed": 8.94425, 
    "yawRate": -0.0004890248884273872
}