{
    "gpsHeading": 272, 
    "gpsLatitude": 47.98879042377101, 
    "gpsLongitude": 7.849086786879069, 
    "outsideTemperature": 21.0, 
    "speed": 6.932625000000001, 
    "yawRate": -0.033982225018576506
}