{
    "gpsHeading": 8, 
    "gpsLatitude": 48.00318567192182, 
    "gpsLongitude": 7.85464817963567, 
    "outsideTemperature": 23.0, 
    "speed": 10.606750000000002, 
    "yawRate": 0.04227154178543277
}