{
    "gpsHeading": 177, 
    "gpsLatitude": 47.985993717957626, 
    "gpsLongitude": 7.847534793687196, 
    "outsideTemperature": 20.0, 
    "speed": 5.320000000000001, 
    "yawRate": -0.1847380902859879
}