{
    "gpsHeading": 314, 
    "gpsLatitude": 47.98970480558837, 
    "gpsLongitude": 7.858235885651673, 
    "outsideTemperature": 20.5, 
    "speed": 11.704, 
    "yawRate": -0.03754365351732438
}