{
    "gpsHeading": 187, 
    "gpsLatitude": 47.99086234641682, 
    "gpsLongitude": 7.848311209378275, 
    "outsideTemperature": 21.0, 
    "speed": 4.031562500000001, 
    "yawRate": -0.0025257163777829858
}