{
    "gpsHeading": 165, 
    "gpsLatitude": 48.00399704014915, 
    "gpsLongitude": 7.823130631136066, 
    "outsideTemperature": 24.5, 
    "speed": 10.689875, 
    "yawRate": 0.03009363121283775
}