{
    "gpsHeading": 96, 
    "gpsLatitude": 47.99859096405837, 
    "gpsLongitude": 7.849138670859733, 
    "outsideTemperature": 20.0, 
    "speed": 10.922625000000002, 
    "yawRate": -0.02314618502304535
}