{
    "gpsHeading": 9, 
    "gpsLatitude": 47.99102512297648, 
    "gpsLongitude": 7.848340965134567, 
    "outsideTemperature": 27.0, 
    "speed": 5.6857500000000005, 
    "yawRate": -0.00452961210051071
}