{
    "gpsHeading": 350, 
    "gpsLatitude": 47.99215508734352, 
    "gpsLongitude": 7.854337294846905, 
    "outsideTemperature": 23.0, 
    "speed": 8.3125, 
    "yawRate": -0.03584479032115143
}