{
    "gpsHeading": 96, 
    "gpsLatitude": 47.99845760797887, 
    "gpsLongitude": 7.850232593043081, 
    "outsideTemperature": 20.0, 
    "speed": 10.9725, 
    "yawRate": -0.017735664341862984
}