{
    "gpsHeading": 255, 
    "gpsLatitude": 47.99738204216344, 
    "gpsLongitude": 7.852958387955593, 
    "outsideTemperature": 21.0, 
    "speed": 3.8320625, 
    "yawRate": -0.05160074491457571
}