{
    "gpsHeading": 303, 
    "gpsLatitude": 47.99092764144256, 
    "gpsLongitude": 7.856587332935233, 
    "outsideTemperature": 20.5, 
    "speed": 10.5651875, 
    "yawRate": 0.07712447833870102
}