{
    "gpsHeading": 189, 
    "gpsLatitude": 48.000731785948304, 
    "gpsLongitude": 7.8587264784445034, 
    "outsideTemperature": 20.0, 
    "speed": 7.522812500000001, 
    "yawRate": 0.003874298241558363
}