{
    "gpsHeading": 191, 
    "gpsLatitude": 47.9981990262659, 
    "gpsLongitude": 7.8481687170243255, 
    "outsideTemperature": 26.5, 
    "speed": 5.835375, 
    "yawRate": -0.009286174850942353
}