{
    "gpsHeading": 94, 
    "gpsLatitude": 48.00485258100622, 
    "gpsLongitude": 7.859031998815238, 
    "outsideTemperature": 20.5, 
    "speed": 5.9766875, 
    "yawRate": -0.004328749242815323
}