{
    "gpsHeading": 225, 
    "gpsLatitude": 48.005736201238925, 
    "gpsLongitude": 7.825466248455809, 
    "outsideTemperature": 21.5, 
    "speed": 13.349875, 
    "yawRate": -0.0024921322423914934
}