{
    "gpsHeading": 105, 
    "gpsLatitude": 47.999239304268954, 
    "gpsLongitude": 7.844577909704149, 
    "outsideTemperature": 21.5, 
    "speed": 10.1828125, 
    "yawRate": 0.010189603690045223
}