{
    "gpsHeading": 330, 
    "gpsLatitude": 48.003456491213385, 
    "gpsLongitude": 7.854657064453033, 
    "outsideTemperature": 27.5, 
    "speed": 5.187, 
    "yawRate": 0.31625607535126277
}