{
    "gpsHeading": 181, 
    "gpsLatitude": 47.985626758236634, 
    "gpsLongitude": 7.844114558096627, 
    "outsideTemperature": 20.0, 
    "speed": 5.2451875, 
    "yawRate": 0.0030593372285986557
}