{
    "gpsHeading": 100, 
    "gpsLatitude": 47.99196397995112, 
    "gpsLongitude": 7.853214287459518, 
    "outsideTemperature": 22.0, 
    "speed": 3.5826875, 
    "yawRate": -0.14223609008286073
}