{
    "gpsHeading": 21, 
    "gpsLatitude": 48.00001597141716, 
    "gpsLongitude": 7.853663138374554, 
    "outsideTemperature": 22.0, 
    "speed": 11.0971875, 
    "yawRate": -0.0019536773683341067
}