{
    "gpsHeading": 0, 
    "gpsLatitude": 48.003565120678545, 
    "gpsLongitude": 7.854686484933198, 
    "outsideTemperature": 22.5, 
    "speed": 10.789625000000001, 
    "yawRate": -0.04848557931827064
}