{
    "gpsHeading": 205, 
    "gpsLatitude": 47.99695121234024, 
    "gpsLongitude": 7.858123735787205, 
    "outsideTemperature": 19.5, 
    "speed": 3.408125, 
    "yawRate": 0.012251878651130328
}