{
    "gpsHeading": 59, 
    "gpsLatitude": 48.00203207058784, 
    "gpsLongitude": 7.830910629844069, 
    "outsideTemperature": 20.5, 
    "speed": 16.0846875, 
    "yawRate": -0.03204009015815937
}