{
    "gpsHeading": 13, 
    "gpsLatitude": 47.99969846492489, 
    "gpsLongitude": 7.853515365421573, 
    "outsideTemperature": 21.5, 
    "speed": 9.01075, 
    "yawRate": -0.016835930771295967
}