{
    "gpsHeading": 36, 
    "gpsLatitude": 47.99797598382242, 
    "gpsLongitude": 7.853043128996691, 
    "outsideTemperature": 20.5, 
    "speed": 6.234375, 
    "yawRate": -0.18947606273810266
}