{
    "gpsHeading": 2, 
    "gpsLatitude": 47.99847814364163, 
    "gpsLongitude": 7.8530248564477745, 
    "outsideTemperature": 23.5, 
    "speed": 8.3125, 
    "yawRate": -0.01997752342488583
}