{
    "gpsHeading": 35, 
    "gpsLatitude": 47.993797856546784, 
    "gpsLongitude": 7.8555415228760905, 
    "outsideTemperature": 22.0, 
    "speed": 10.856125, 
    "yawRate": 0.0035996507739205863
}