{
    "gpsHeading": 67, 
    "gpsLatitude": 47.98859403577961, 
    "gpsLongitude": 7.856184498668644, 
    "outsideTemperature": 22.5, 
    "speed": 6.9908125000000005, 
    "yawRate": 0.01703737958397201
}