{
    "gpsHeading": 79, 
    "gpsLatitude": 47.99255565849625, 
    "gpsLongitude": 7.8482475907332025, 
    "outsideTemperature": 21.5, 
    "speed": 4.6799375, 
    "yawRate": 0.011785983488570155
}