{
    "gpsHeading": 77, 
    "gpsLatitude": 47.99204402712644, 
    "gpsLongitude": 7.851408993153704, 
    "outsideTemperature": 22.5, 
    "speed": 6.7081875, 
    "yawRate": 0.019730464502210814
}