{
    "gpsHeading": 100, 
    "gpsLatitude": 47.99818812979178, 
    "gpsLongitude": 7.8509995371836085, 
    "outsideTemperature": 20.0, 
    "speed": 10.1495625, 
    "yawRate": -0.009707149782689559
}