{
    "gpsHeading": 202, 
    "gpsLatitude": 47.98805457649126, 
    "gpsLongitude": 7.8477695707951325, 
    "outsideTemperature": 20.5, 
    "speed": 7.7223125, 
    "yawRate": -0.09572629843427817
}