{
    "gpsHeading": 184, 
    "gpsLatitude": 48.00074209568921, 
    "gpsLongitude": 7.843993942509956, 
    "outsideTemperature": 21.5, 
    "speed": 8.0548125, 
    "yawRate": -0.12603907277621187
}