{
    "gpsHeading": 13, 
    "gpsLatitude": 47.998777880499176, 
    "gpsLongitude": 7.853147316053177, 
    "outsideTemperature": 22.5, 
    "speed": 9.27675, 
    "yawRate": 0.009518540933817805
}