{
    "gpsHeading": 116, 
    "gpsLatitude": 48.00198563484425, 
    "gpsLongitude": 7.835823430933024, 
    "outsideTemperature": 20.0, 
    "speed": 13.449625000000001, 
    "yawRate": -0.008129079405837382
}