{
    "gpsHeading": 301, 
    "gpsLatitude": 48.006985691545225, 
    "gpsLongitude": 7.831086482172706, 
    "outsideTemperature": 27.5, 
    "speed": 11.3631875, 
    "yawRate": 0.08896312056210899
}