{
    "gpsHeading": 299, 
    "gpsLatitude": 48.006620072928726, 
    "gpsLongitude": 7.832110331645507, 
    "outsideTemperature": 30.0, 
    "speed": 11.0140625, 
    "yawRate": 0.0109469029979643
}