{
    "gpsHeading": 205, 
    "gpsLatitude": 47.996861190700145, 
    "gpsLongitude": 7.855511515662703, 
    "outsideTemperature": 20.0, 
    "speed": 4.322500000000001, 
    "yawRate": -0.09138855877602292
}