{
    "gpsHeading": 264, 
    "gpsLatitude": 47.988568470974926, 
    "gpsLongitude": 7.865265955482622, 
    "outsideTemperature": 22.0, 
    "speed": 10.5319375, 
    "yawRate": -0.013458109839803115
}