{
    "gpsHeading": 239, 
    "gpsLatitude": 47.996833195143545, 
    "gpsLongitude": 7.854574837982886, 
    "outsideTemperature": 20.0, 
    "speed": 2.69325, 
    "yawRate": -0.011103413184284722
}