{
    "gpsHeading": 12, 
    "gpsLatitude": 47.98621592221082, 
    "gpsLongitude": 7.850269221959975, 
    "outsideTemperature": 22.5, 
    "speed": 6.4920625, 
    "yawRate": -0.0022172326322803648
}