{
    "gpsHeading": 241, 
    "gpsLatitude": 47.998486777001915, 
    "gpsLongitude": 7.849996726287735, 
    "outsideTemperature": 23.0, 
    "speed": 6.21775, 
    "yawRate": -0.033333373823195046
}