{
    "gpsHeading": 287, 
    "gpsLatitude": 48.00363980343583, 
    "gpsLongitude": 7.854147612378067, 
    "outsideTemperature": 26.0, 
    "speed": 8.47875, 
    "yawRate": -0.02705018851601632
}