{
    "gpsHeading": 0, 
    "gpsLatitude": 47.99386424121992, 
    "gpsLongitude": 7.855450411588548, 
    "outsideTemperature": 20.5, 
    "speed": 10.814562500000001, 
    "yawRate": 0.002282231769053499
}