{
    "gpsHeading": 112, 
    "gpsLatitude": 47.988248701368796, 
    "gpsLongitude": 7.863244827170041, 
    "outsideTemperature": 22.0, 
    "speed": 9.692375, 
    "yawRate": 0.08550205874827398
}