{
    "gpsHeading": 13, 
    "gpsLatitude": 48.001414240504815, 
    "gpsLongitude": 7.85421449996541, 
    "outsideTemperature": 20.5, 
    "speed": 7.3066875, 
    "yawRate": -0.016314516216922353
}