{
    "gpsHeading": 312, 
    "gpsLatitude": 48.006127049383984, 
    "gpsLongitude": 7.833625109187298, 
    "outsideTemperature": 35.5, 
    "speed": 6.3008750000000004, 
    "yawRate": 0.04829694899064208
}