{
    "gpsHeading": 60, 
    "gpsLatitude": 47.98910591860652, 
    "gpsLongitude": 7.859031244443953, 
    "outsideTemperature": 23.5, 
    "speed": 6.0847500000000005, 
    "yawRate": -0.23214786511468843
}