{
    "gpsHeading": 218, 
    "gpsLatitude": 47.99725036246457, 
    "gpsLongitude": 7.847275625241, 
    "outsideTemperature": 24.0, 
    "speed": 7.61425, 
    "yawRate": -0.010158839476939702
}