{
    "gpsHeading": 278, 
    "gpsLatitude": 47.997555966654325, 
    "gpsLongitude": 7.852713133468694, 
    "outsideTemperature": 25.0, 
    "speed": 0.0, 
    "yawRate": -1.9582871756303188e-07
}