{
    "gpsHeading": 93, 
    "gpsLatitude": 48.00492759903964, 
    "gpsLongitude": 7.856003114283912, 
    "outsideTemperature": 21.0, 
    "speed": 7.1570625, 
    "yawRate": 0.07281480369533302
}