{
    "gpsHeading": 340, 
    "gpsLatitude": 48.00183341948259, 
    "gpsLongitude": 7.854374845773146, 
    "outsideTemperature": 23.5, 
    "speed": 0.0, 
    "yawRate": -0.0001910312999800121
}