{
    "gpsHeading": 116, 
    "gpsLatitude": 48.00101702211335, 
    "gpsLongitude": 7.838172878392967, 
    "outsideTemperature": 24.0, 
    "speed": 7.54775, 
    "yawRate": 0.005396400006216425
}