{
    "gpsHeading": 355, 
    "gpsLatitude": 47.998164241367725, 
    "gpsLongitude": 7.852938439026044, 
    "outsideTemperature": 25.0, 
    "speed": 7.896875, 
    "yawRate": -0.0846822839128631
}