{
    "gpsHeading": 229, 
    "gpsLatitude": 48.00426014808983, 
    "gpsLongitude": 7.823100372465616, 
    "outsideTemperature": 25.5, 
    "speed": 6.292562500000001, 
    "yawRate": 0.12294514741893539
}