{
    "gpsHeading": 300, 
    "gpsLatitude": 48.000522322187955, 
    "gpsLongitude": 7.855892556981045, 
    "outsideTemperature": 21.0, 
    "speed": 6.251, 
    "yawRate": 0.04163041494928829
}