{
    "gpsHeading": 287, 
    "gpsLatitude": 47.98856872243202, 
    "gpsLongitude": 7.866075395872229, 
    "outsideTemperature": 22.5, 
    "speed": 5.1786875, 
    "yawRate": 0.4593515845254533
}