{
    "gpsHeading": 289, 
    "gpsLatitude": 48.00369956640548, 
    "gpsLongitude": 7.8539286770671275, 
    "outsideTemperature": 25.5, 
    "speed": 9.1686875, 
    "yawRate": 0.00436573801988128
}