{
    "gpsHeading": 6, 
    "gpsLatitude": 47.98549759310871, 
    "gpsLongitude": 7.85006814010279, 
    "outsideTemperature": 20.5, 
    "speed": 7.1570625, 
    "yawRate": 0.004938617300896703
}