{
    "gpsHeading": 0, 
    "gpsLatitude": 48.0017056792782, 
    "gpsLongitude": 7.854325644001497, 
    "outsideTemperature": 22.0, 
    "speed": 8.561874999999999, 
    "yawRate": 0.022655465084785963
}