{
    "gpsHeading": 0, 
    "gpsLatitude": 48.0024512495656, 
    "gpsLongitude": 7.832921783691875, 
    "outsideTemperature": 20.5, 
    "speed": 14.347375000000001, 
    "yawRate": -0.05071511315449827
}