{
    "gpsHeading": 292, 
    "gpsLatitude": 48.00058091169115, 
    "gpsLongitude": 7.8556398426003256, 
    "outsideTemperature": 21.0, 
    "speed": 7.497875, 
    "yawRate": -0.015092785740526462
}