{
    "gpsHeading": 17, 
    "gpsLatitude": 47.99989761894433, 
    "gpsLongitude": 7.855720057413709, 
    "outsideTemperature": 22.0, 
    "speed": 7.0573125, 
    "yawRate": -0.006715205330953504
}