{
    "gpsHeading": 209, 
    "gpsLatitude": 47.99451844876275, 
    "gpsLongitude": 7.856138398201168, 
    "outsideTemperature": 20.5, 
    "speed": 10.6649375, 
    "yawRate": -0.019185318030475716
}