{
    "gpsHeading": 281, 
    "gpsLatitude": 47.99730953870097, 
    "gpsLongitude": 7.853198697119619, 
    "outsideTemperature": 21.0, 
    "speed": 2.5602500000000004, 
    "yawRate": -0.07167203131250977
}