{
    "gpsHeading": 355, 
    "gpsLatitude": 48.0060009017412, 
    "gpsLongitude": 7.833803392267823, 
    "outsideTemperature": 36.0, 
    "speed": 5.070625000000001, 
    "yawRate": 0.11450177541256433
}