{
    "gpsHeading": 286, 
    "gpsLatitude": 47.997312304729014, 
    "gpsLongitude": 7.856177876965105, 
    "outsideTemperature": 23.5, 
    "speed": 4.7464375, 
    "yawRate": 0.1892546918606379
}