{
    "gpsHeading": 99, 
    "gpsLatitude": 47.99974875634394, 
    "gpsLongitude": 7.842227624053888, 
    "outsideTemperature": 21.0, 
    "speed": 6.8578125, 
    "yawRate": -0.03387350816365533
}