{
    "gpsHeading": 124, 
    "gpsLatitude": 47.997762077653384, 
    "gpsLongitude": 7.854227072820167, 
    "outsideTemperature": 20.0, 
    "speed": 9.127125000000001, 
    "yawRate": 0.02711929743439041
}