{
    "gpsHeading": 222, 
    "gpsLatitude": 47.99717735608791, 
    "gpsLongitude": 7.855784011334943, 
    "outsideTemperature": 23.5, 
    "speed": 5.602625000000001, 
    "yawRate": 0.16883433961230432
}