{
    "gpsHeading": 101, 
    "gpsLatitude": 47.99914148745891, 
    "gpsLongitude": 7.845125080343418, 
    "outsideTemperature": 21.0, 
    "speed": 10.590125, 
    "yawRate": -0.0015041022983158733
}