{
    "gpsHeading": 269, 
    "gpsLatitude": 47.98859487396993, 
    "gpsLongitude": 7.863331244591772, 
    "outsideTemperature": 21.0, 
    "speed": 9.80875, 
    "yawRate": -0.017821432969788865
}