{
    "gpsHeading": 7, 
    "gpsLatitude": 48.00281452124921, 
    "gpsLongitude": 7.854578442201283, 
    "outsideTemperature": 24.0, 
    "speed": 10.365687500000002, 
    "yawRate": 0.004397897017156177
}