{
    "gpsHeading": 14, 
    "gpsLatitude": 48.0049034591585, 
    "gpsLongitude": 7.85503290899141, 
    "outsideTemperature": 21.5, 
    "speed": 4.073125, 
    "yawRate": -0.42390590142224444
}