{
    "gpsHeading": 224, 
    "gpsLatitude": 48.00600316485505, 
    "gpsLongitude": 7.825848966154754, 
    "outsideTemperature": 22.0, 
    "speed": 13.416375, 
    "yawRate": -0.005633724895981352
}