{
    "gpsHeading": 205, 
    "gpsLatitude": 47.999986802394105, 
    "gpsLongitude": 7.843385919253627, 
    "outsideTemperature": 21.0, 
    "speed": 8.129625, 
    "yawRate": 0.0900326886206824
}