{
    "gpsHeading": 9, 
    "gpsLatitude": 48.002591227348645, 
    "gpsLongitude": 7.854536197409266, 
    "outsideTemperature": 22.0, 
    "speed": 9.792125, 
    "yawRate": 0.011485357872022678
}