{
    "gpsHeading": 179, 
    "gpsLatitude": 47.995647323482345, 
    "gpsLongitude": 7.845927899029518, 
    "outsideTemperature": 24.5, 
    "speed": 1.89525, 
    "yawRate": 0.1093977046581891
}