{
    "gpsHeading": 203, 
    "gpsLatitude": 47.997846231961276, 
    "gpsLongitude": 7.858694291936325, 
    "outsideTemperature": 19.5, 
    "speed": 7.223562500000001, 
    "yawRate": -0.008866605298000345
}