{
    "gpsHeading": 14, 
    "gpsLatitude": 47.99952705500495, 
    "gpsLongitude": 7.853439006283646, 
    "outsideTemperature": 21.5, 
    "speed": 9.850312500000001, 
    "yawRate": 0.005329750729031326
}