{
    "gpsHeading": 326, 
    "gpsLatitude": 47.98797042218339, 
    "gpsLongitude": 7.849635633898973, 
    "outsideTemperature": 21.0, 
    "speed": 5.5278125000000005, 
    "yawRate": -0.022986650731012494
}