{
    "gpsHeading": 272, 
    "gpsLatitude": 47.98855757450081, 
    "gpsLongitude": 7.864437571991814, 
    "outsideTemperature": 21.5, 
    "speed": 10.490375, 
    "yawRate": -0.007698523308222204
}