{
    "gpsHeading": 266, 
    "gpsLatitude": 47.98858121146776, 
    "gpsLongitude": 7.865558400084376, 
    "outsideTemperature": 22.5, 
    "speed": 10.6981875, 
    "yawRate": -0.010316517186213257
}