{
    "gpsHeading": 291, 
    "gpsLatitude": 47.99859456827674, 
    "gpsLongitude": 7.849127020014325, 
    "outsideTemperature": 22.5, 
    "speed": 2.676625, 
    "yawRate": -0.010993159397668482
}