{
    "gpsHeading": 122, 
    "gpsLatitude": 47.99787565244141, 
    "gpsLongitude": 7.851995391099817, 
    "outsideTemperature": 20.5, 
    "speed": 9.2351875, 
    "yawRate": -0.00761275468029632
}