{
    "gpsHeading": 99, 
    "gpsLatitude": 47.9982681769671, 
    "gpsLongitude": 7.850744224412904, 
    "outsideTemperature": 20.0, 
    "speed": 10.407250000000001, 
    "yawRate": -0.02070272407025357
}