{
    "gpsHeading": 115, 
    "gpsLatitude": 48.00119312589906, 
    "gpsLongitude": 7.842963136057489, 
    "outsideTemperature": 22.5, 
    "speed": 8.811250000000001, 
    "yawRate": 0.015158063710126563
}