{
    "gpsHeading": 19, 
    "gpsLatitude": 48.00002209020648, 
    "gpsLongitude": 7.842763730580939, 
    "outsideTemperature": 21.0, 
    "speed": 8.47875, 
    "yawRate": -0.010486096186932144
}