{
    "gpsHeading": 210, 
    "gpsLatitude": 47.992874589912056, 
    "gpsLongitude": 7.854440056979854, 
    "outsideTemperature": 21.0, 
    "speed": 5.735625000000001, 
    "yawRate": -0.026611260055304245
}