{
    "gpsHeading": 195, 
    "gpsLatitude": 48.001722862179705, 
    "gpsLongitude": 7.859123110102746, 
    "outsideTemperature": 20.0, 
    "speed": 8.254312500000001, 
    "yawRate": -0.03626827455431073
}