{
    "gpsHeading": 194, 
    "gpsLatitude": 48.00007481237744, 
    "gpsLongitude": 7.850827289073367, 
    "outsideTemperature": 22.5, 
    "speed": 6.633375, 
    "yawRate": 0.00331854046868466
}