{
    "gpsHeading": 88, 
    "gpsLatitude": 48.0048831749528, 
    "gpsLongitude": 7.857347320096095, 
    "outsideTemperature": 21.0, 
    "speed": 8.3374375, 
    "yawRate": 0.031101434572669485
}