{
    "gpsHeading": 189, 
    "gpsLatitude": 48.002173138018264, 
    "gpsLongitude": 7.851660366429918, 
    "outsideTemperature": 24.0, 
    "speed": 6.3258125000000005, 
    "yawRate": -0.013436620350460265
}