{
    "gpsHeading": 170, 
    "gpsLatitude": 47.985791211176924, 
    "gpsLongitude": 7.844132579188446, 
    "outsideTemperature": 20.0, 
    "speed": 6.0930625, 
    "yawRate": -0.03376710998848032
}