{
    "gpsHeading": 200, 
    "gpsLatitude": 47.99634872114002, 
    "gpsLongitude": 7.846373145726157, 
    "outsideTemperature": 26.5, 
    "speed": 6.791312500000001, 
    "yawRate": 0.0017108898101414988
}