{
    "gpsHeading": 68, 
    "gpsLatitude": 47.98836730529872, 
    "gpsLongitude": 7.865112063740326, 
    "outsideTemperature": 21.5, 
    "speed": 4.48875, 
    "yawRate": -0.024977282902964942
}