{
    "gpsHeading": 198, 
    "gpsLatitude": 47.99766702687139, 
    "gpsLongitude": 7.858582058252791, 
    "outsideTemperature": 19.5, 
    "speed": 6.799625000000001, 
    "yawRate": 0.007190423820347493
}