{
    "gpsHeading": 269, 
    "gpsLatitude": 47.988580960010665, 
    "gpsLongitude": 7.863609775234261, 
    "outsideTemperature": 21.5, 
    "speed": 10.282562500000001, 
    "yawRate": -0.010316517186213257
}