{
    "gpsHeading": 287, 
    "gpsLatitude": 47.98610653837437, 
    "gpsLongitude": 7.846519829031725, 
    "outsideTemperature": 20.0, 
    "speed": 6.4338750000000005, 
    "yawRate": -0.005492776106173573
}