{
    "gpsHeading": 189, 
    "gpsLatitude": 47.98963649307749, 
    "gpsLongitude": 7.848018178043299, 
    "outsideTemperature": 21.0, 
    "speed": 7.4563125, 
    "yawRate": 0.040583916146476696
}