{
    "gpsHeading": 294, 
    "gpsLatitude": 48.00711125245479, 
    "gpsLongitude": 7.8306581669204425, 
    "outsideTemperature": 26.5, 
    "speed": 11.2385, 
    "yawRate": 0.0067581127931778204
}