{
    "gpsHeading": 93, 
    "gpsLatitude": 47.99972537083407, 
    "gpsLongitude": 7.842469274322423, 
    "outsideTemperature": 21.0, 
    "speed": 5.1537500000000005, 
    "yawRate": 0.43404926429601653
}