{
    "gpsHeading": 319, 
    "gpsLatitude": 47.992307302705164, 
    "gpsLongitude": 7.849308152941927, 
    "outsideTemperature": 20.0, 
    "speed": 4.3973125, 
    "yawRate": -0.12679315911977723
}