{
    "gpsHeading": 279, 
    "gpsLatitude": 47.991132327518095, 
    "gpsLongitude": 7.855799853131937, 
    "outsideTemperature": 20.5, 
    "speed": 10.2493125, 
    "yawRate": 0.03907630064522515
}