{
    "gpsHeading": 218, 
    "gpsLatitude": 48.006362077949014, 
    "gpsLongitude": 7.82636814123743, 
    "outsideTemperature": 22.5, 
    "speed": 14.206062500000002, 
    "yawRate": -0.009473449250369288
}