{
    "gpsHeading": 255, 
    "gpsLatitude": 47.99678709467608, 
    "gpsLongitude": 7.855251509026222, 
    "outsideTemperature": 20.0, 
    "speed": 4.15625, 
    "yawRate": -0.06660488339770358
}