{
    "gpsHeading": 209, 
    "gpsLatitude": 47.99834646394275, 
    "gpsLongitude": 7.85901204988569, 
    "outsideTemperature": 19.5, 
    "speed": 6.7248125000000005, 
    "yawRate": -0.06855686571620569
}