{
    "gpsHeading": 231, 
    "gpsLatitude": 48.00480371451071, 
    "gpsLongitude": 7.823998409571779, 
    "outsideTemperature": 21.5, 
    "speed": 12.40225, 
    "yawRate": 0.02630580041551406
}