{
    "gpsHeading": 196, 
    "gpsLatitude": 48.00393870210305, 
    "gpsLongitude": 7.852382299750381, 
    "outsideTemperature": 24.5, 
    "speed": 7.838687500000001, 
    "yawRate": -0.009596895996073319
}