{
    "gpsHeading": 274, 
    "gpsLatitude": 47.9920426022029, 
    "gpsLongitude": 7.85250316679418, 
    "outsideTemperature": 20.5, 
    "speed": 5.2119375, 
    "yawRate": 0.009517055460977645
}