{
    "gpsHeading": 224, 
    "gpsLatitude": 48.00555674469195, 
    "gpsLongitude": 7.825215629550847, 
    "outsideTemperature": 21.5, 
    "speed": 13.865250000000001, 
    "yawRate": 0.006932645718377092
}