{
    "gpsHeading": 115, 
    "gpsLatitude": 47.99956066643668, 
    "gpsLongitude": 7.855339854285684, 
    "outsideTemperature": 22.0, 
    "speed": 3.591, 
    "yawRate": 0.03534722964210956
}