{
    "gpsHeading": 299, 
    "gpsLatitude": 48.00672090722394, 
    "gpsLongitude": 7.831851247018376, 
    "outsideTemperature": 29.5, 
    "speed": 10.689875, 
    "yawRate": -0.009124383399970746
}