{
    "gpsHeading": 241, 
    "gpsLatitude": 47.996414016165765, 
    "gpsLongitude": 7.858008736075626, 
    "outsideTemperature": 23.0, 
    "speed": 0.0, 
    "yawRate": 4.587370371784841e-05
}