{
    "gpsHeading": 19, 
    "gpsLatitude": 48.00433734541805, 
    "gpsLongitude": 7.823233393269014, 
    "outsideTemperature": 23.0, 
    "speed": 0.0, 
    "yawRate": -0.0005081726059735223
}