{
    "gpsHeading": 108, 
    "gpsLatitude": 47.99990926978973, 
    "gpsLongitude": 7.841344842011497, 
    "outsideTemperature": 21.0, 
    "speed": 8.7364375, 
    "yawRate": 0.018311836470974403
}