{
    "gpsHeading": 215, 
    "gpsLatitude": 48.007408139465255, 
    "gpsLongitude": 7.827739001501699, 
    "outsideTemperature": 23.5, 
    "speed": 13.3914375, 
    "yawRate": 0.005885448167180472
}