{
    "gpsHeading": 321, 
    "gpsLatitude": 47.992496482259824, 
    "gpsLongitude": 7.848501478580368, 
    "outsideTemperature": 21.5, 
    "speed": 2.394, 
    "yawRate": 0.0020121396774020355
}