{
    "gpsHeading": 172, 
    "gpsLatitude": 47.9912115365031, 
    "gpsLongitude": 7.8483750794804745, 
    "outsideTemperature": 21.5, 
    "speed": 5.0456875000000005, 
    "yawRate": 0.01754557002015206
}