{
    "gpsHeading": 29, 
    "gpsLatitude": 47.994857077651, 
    "gpsLongitude": 7.856590098963281, 
    "outsideTemperature": 21.0, 
    "speed": 11.778812499999999, 
    "yawRate": -0.013504575895623873
}