{
    "gpsHeading": 91, 
    "gpsLatitude": 48.00490647664364, 
    "gpsLongitude": 7.856589009315868, 
    "outsideTemperature": 21.0, 
    "speed": 6.849500000000001, 
    "yawRate": -0.0029324858412191693
}