{
    "gpsHeading": 149, 
    "gpsLatitude": 48.00345431191857, 
    "gpsLongitude": 7.823764805930289, 
    "outsideTemperature": 23.5, 
    "speed": 15.4030625, 
    "yawRate": -0.0007986965474610437
}