{
    "gpsHeading": 124, 
    "gpsLatitude": 48.00114040372809, 
    "gpsLongitude": 7.837860065766473, 
    "outsideTemperature": 20.0, 
    "speed": 1.0806250000000002, 
    "yawRate": 0.011767674066898392
}