{
    "gpsHeading": 104, 
    "gpsLatitude": 47.98853896667574, 
    "gpsLongitude": 7.862209829765988, 
    "outsideTemperature": 22.0, 
    "speed": 11.321625000000001, 
    "yawRate": -0.013458109839803115
}