{
    "gpsHeading": 329, 
    "gpsLatitude": 48.0005079053145, 
    "gpsLongitude": 7.842825337569283, 
    "outsideTemperature": 20.5, 
    "speed": 7.8220625, 
    "yawRate": 0.10261123934229882
}