{
    "gpsHeading": 0, 
    "gpsLatitude": 47.99419348237663, 
    "gpsLongitude": 7.855806726292536, 
    "outsideTemperature": 20.5, 
    "speed": 11.172, 
    "yawRate": -0.008015210817712434
}