{
    "gpsHeading": 276, 
    "gpsLatitude": 47.99243537818569, 
    "gpsLongitude": 7.8487629101403895, 
    "outsideTemperature": 21.5, 
    "speed": 1.29675, 
    "yawRate": -0.007587171208565821
}