{
    "gpsHeading": 356, 
    "gpsLatitude": 47.98832623397317, 
    "gpsLongitude": 7.8496603605133295, 
    "outsideTemperature": 20.5, 
    "speed": 5.1620625, 
    "yawRate": 0.0538078363567373
}