{
    "gpsHeading": 81, 
    "gpsLatitude": 48.0024345695783, 
    "gpsLongitude": 7.832723132586644, 
    "outsideTemperature": 20.5, 
    "speed": 14.729750000000001, 
    "yawRate": -0.07602238730841542
}