{
    "gpsHeading": 118, 
    "gpsLatitude": 48.00171204952461, 
    "gpsLongitude": 7.836595907129611, 
    "outsideTemperature": 20.0, 
    "speed": 11.354875, 
    "yawRate": -0.014237731787816836
}