{
    "gpsHeading": 184, 
    "gpsLatitude": 47.99016069730206, 
    "gpsLongitude": 7.848165112805962, 
    "outsideTemperature": 21.0, 
    "speed": 6.633375, 
    "yawRate": -0.003223848078580071
}