{
    "gpsHeading": 183, 
    "gpsLatitude": 48.00145204288812, 
    "gpsLongitude": 7.851361719219784, 
    "outsideTemperature": 23.0, 
    "speed": 3.807125, 
    "yawRate": -0.0005211838857022845
}