{
    "gpsHeading": 113, 
    "gpsLatitude": 48.000449818725485, 
    "gpsLongitude": 7.839669802481002, 
    "outsideTemperature": 22.0, 
    "speed": 8.5369375, 
    "yawRate": -0.018863676596504106
}