{
    "gpsHeading": 104, 
    "gpsLatitude": 47.9884562372914, 
    "gpsLongitude": 7.862635378990173, 
    "outsideTemperature": 22.0, 
    "speed": 10.407250000000001, 
    "yawRate": -0.043303240048905296
}