{
    "gpsHeading": 90, 
    "gpsLatitude": 48.00488703062827, 
    "gpsLongitude": 7.857123439462284, 
    "outsideTemperature": 21.0, 
    "speed": 6.4588125, 
    "yawRate": 0.006666825044748687
}