{
    "gpsHeading": 202, 
    "gpsLatitude": 47.99785679315928, 
    "gpsLongitude": 7.847902340141402, 
    "outsideTemperature": 25.5, 
    "speed": 6.633375, 
    "yawRate": -0.061646052410771354
}