{
    "gpsHeading": 297, 
    "gpsLatitude": 48.00400123110073, 
    "gpsLongitude": 7.85293676264541, 
    "outsideTemperature": 24.0, 
    "speed": 8.778, 
    "yawRate": 0.005063869720679357
}