{
    "gpsHeading": 204, 
    "gpsLatitude": 47.99953292233719, 
    "gpsLongitude": 7.858042012231249, 
    "outsideTemperature": 19.5, 
    "speed": 8.5785, 
    "yawRate": -0.01480072475478053
}