{
    "gpsHeading": 16, 
    "gpsLatitude": 48.00242124235226, 
    "gpsLongitude": 7.854504262358182, 
    "outsideTemperature": 22.0, 
    "speed": 9.293375000000001, 
    "yawRate": -0.004746204171524431
}