{
    "gpsHeading": 175, 
    "gpsLatitude": 48.002658701669205, 
    "gpsLongitude": 7.851860358639691, 
    "outsideTemperature": 23.0, 
    "speed": 0.83125, 
    "yawRate": 0.016583042783841182
}