{
    "gpsHeading": 6, 
    "gpsLatitude": 47.992281486443396, 
    "gpsLongitude": 7.848573143852519, 
    "outsideTemperature": 24.0, 
    "speed": 3.308375, 
    "yawRate": -0.21030393091063804
}