{
    "gpsHeading": 121, 
    "gpsLatitude": 48.002229548226644, 
    "gpsLongitude": 7.8257764626922866, 
    "outsideTemperature": 21.5, 
    "speed": 15.6856875, 
    "yawRate": 0.0170036618228805
}