{
    "gpsHeading": 0, 
    "gpsLatitude": 47.99159819369657, 
    "gpsLongitude": 7.8484462418384355, 
    "outsideTemperature": 22.0, 
    "speed": 5.48625, 
    "yawRate": -0.010379698011757138
}