{
    "gpsHeading": 86, 
    "gpsLatitude": 48.00163451692024, 
    "gpsLongitude": 7.8290467460350515, 
    "outsideTemperature": 21.0, 
    "speed": 16.1345625, 
    "yawRate": 0.05086304931156988
}