{
    "gpsHeading": 112, 
    "gpsLatitude": 48.00127619055951, 
    "gpsLongitude": 7.842713439161909, 
    "outsideTemperature": 23.0, 
    "speed": 7.971687500000001, 
    "yawRate": -0.026206239562138425
}