{
    "gpsHeading": 103, 
    "gpsLatitude": 47.989000641902635, 
    "gpsLongitude": 7.859543714004059, 
    "outsideTemperature": 23.5, 
    "speed": 9.4180625, 
    "yawRate": 0.025637265404869363
}