{
    "gpsHeading": 180, 
    "gpsLatitude": 47.99635735450029, 
    "gpsLongitude": 7.857853670866886, 
    "outsideTemperature": 22.0, 
    "speed": 9.102187500000001, 
    "yawRate": -0.12128707927214266
}