{
    "gpsHeading": 7, 
    "gpsLatitude": 47.99585091991047, 
    "gpsLongitude": 7.84625814601461, 
    "outsideTemperature": 27.0, 
    "speed": 4.788, 
    "yawRate": -0.12444217803876492
}