{
    "gpsHeading": 95, 
    "gpsLatitude": 47.99769125057158, 
    "gpsLongitude": 7.854452043101389, 
    "outsideTemperature": 20.0, 
    "speed": 9.584312500000001, 
    "yawRate": -0.01389593998747604
}