{
    "gpsHeading": 214, 
    "gpsLatitude": 47.99370506887862, 
    "gpsLongitude": 7.855280342773133, 
    "outsideTemperature": 20.5, 
    "speed": 9.750562500000001, 
    "yawRate": -0.006793480341316544
}