{
    "gpsHeading": 100, 
    "gpsLatitude": 48.00093093996773, 
    "gpsLongitude": 7.843659839849372, 
    "outsideTemperature": 22.0, 
    "speed": 8.2210625, 
    "yawRate": -0.025159042010941806
}