{
    "gpsHeading": 73, 
    "gpsLatitude": 47.98864625503639, 
    "gpsLongitude": 7.856450959370567, 
    "outsideTemperature": 22.5, 
    "speed": 6.1761875, 
    "yawRate": 0.00045675169002635857
}