{
    "gpsHeading": 290, 
    "gpsLatitude": 48.00748651025994, 
    "gpsLongitude": 7.829386213113631, 
    "outsideTemperature": 25.0, 
    "speed": 10.374, 
    "yawRate": -0.0019685334667936794
}