{
    "gpsHeading": 67, 
    "gpsLatitude": 51.25866146071182, 
    "gpsLongitude": 7.153139629372689, 
    "outsideTemperature": 10.5, 
    "speed": 6.2759375, 
    "yawRate": 0.30144619693900215
}