{
    "gpsHeading": 358, 
    "gpsLatitude": 51.256893130598996, 
    "gpsLongitude": 7.131758232563568, 
    "outsideTemperature": 11.5, 
    "speed": 10.681562500000002, 
    "yawRate": -0.013418621574165526
}