{
    "gpsHeading": 84, 
    "gpsLatitude": 51.25125621689478, 
    "gpsLongitude": 7.150113175593283, 
    "outsideTemperature": 10.0, 
    "speed": 6.0431875, 
    "yawRate": -0.030898060385350236
}