{
    "gpsHeading": 310, 
    "gpsLatitude": 51.25223203806242, 
    "gpsLongitude": 7.137869059073295, 
    "outsideTemperature": 10.5, 
    "speed": 8.894375, 
    "yawRate": 0.02015669429211226
}