{
    "gpsHeading": 119, 
    "gpsLatitude": 51.25164144916469, 
    "gpsLongitude": 7.1528576621498665, 
    "outsideTemperature": 12.0, 
    "speed": 6.8411875, 
    "yawRate": -0.0906887900746727
}