{
    "gpsHeading": 150, 
    "gpsLatitude": 51.25113568512713, 
    "gpsLongitude": 7.153055726521909, 
    "outsideTemperature": 10.5, 
    "speed": 9.4513125, 
    "yawRate": 0.013468436706104658
}