{
    "gpsHeading": 65, 
    "gpsLatitude": 51.25787372945144, 
    "gpsLongitude": 7.141683747027285, 
    "outsideTemperature": 10.0, 
    "speed": 9.642500000000002, 
    "yawRate": -0.014171719110543546
}