{
    "gpsHeading": 110, 
    "gpsLatitude": 51.25286537466632, 
    "gpsLongitude": 7.1338951987780455, 
    "outsideTemperature": 10.5, 
    "speed": 8.645000000000001, 
    "yawRate": 0.010558844284698832
}