{
    "gpsHeading": 186, 
    "gpsLatitude": 51.26233843399663, 
    "gpsLongitude": 7.147696253812777, 
    "outsideTemperature": 9.0, 
    "speed": 10.4488125, 
    "yawRate": -0.00031405780357942335
}