{
    "gpsHeading": 191, 
    "gpsLatitude": 51.25620539544349, 
    "gpsLongitude": 7.141887343455387, 
    "outsideTemperature": 10.0, 
    "speed": 8.778, 
    "yawRate": 0.05148278315348217
}