{
    "gpsHeading": 262, 
    "gpsLatitude": 51.2489806140018, 
    "gpsLongitude": 7.146504598638381, 
    "outsideTemperature": 10.5, 
    "speed": 16.4836875, 
    "yawRate": 0.0061783807575420645
}