{
    "gpsHeading": 158, 
    "gpsLatitude": 51.25436841754365, 
    "gpsLongitude": 7.131818246990309, 
    "outsideTemperature": 11.0, 
    "speed": 10.257624999999999, 
    "yawRate": 0.06937644007690584
}