{
    "gpsHeading": 19, 
    "gpsLatitude": 51.25957173539663, 
    "gpsLongitude": 7.153568531358141, 
    "outsideTemperature": 11.0, 
    "speed": 10.423875, 
    "yawRate": 0.003343960698375966
}