{
    "gpsHeading": 99, 
    "gpsLatitude": 51.255442055521335, 
    "gpsLongitude": 7.145316547682351, 
    "outsideTemperature": 10.5, 
    "speed": 3.9318125000000004, 
    "yawRate": 0.015356221131674739
}