{
    "gpsHeading": 175, 
    "gpsLatitude": 51.25654477870304, 
    "gpsLongitude": 7.141882398132516, 
    "outsideTemperature": 10.5, 
    "speed": 9.243500000000001, 
    "yawRate": -0.049920846387386704
}