{
    "gpsHeading": 53, 
    "gpsLatitude": 51.25799509940942, 
    "gpsLongitude": 7.142049868557949, 
    "outsideTemperature": 10.0, 
    "speed": 9.226875000000001, 
    "yawRate": 0.0034561063345987264
}