{
    "gpsHeading": 20, 
    "gpsLatitude": 51.25917954614707, 
    "gpsLongitude": 7.1532979635236655, 
    "outsideTemperature": 11.0, 
    "speed": 9.27675, 
    "yawRate": -0.016378259849159547
}