{
    "gpsHeading": 205, 
    "gpsLatitude": 51.25841645768202, 
    "gpsLongitude": 7.144881275450488, 
    "outsideTemperature": 11.0, 
    "speed": 4.1396250000000006, 
    "yawRate": -0.06321547109158342
}