{
    "gpsHeading": 343, 
    "gpsLatitude": 51.25723955465722, 
    "gpsLongitude": 7.141370682943695, 
    "outsideTemperature": 10.0, 
    "speed": 6.791312500000001, 
    "yawRate": -0.0010817497205862952
}