{
    "gpsHeading": 332, 
    "gpsLatitude": 51.25120232125735, 
    "gpsLongitude": 7.141510744545757, 
    "outsideTemperature": 11.0, 
    "speed": 3.7988125, 
    "yawRate": -0.004103382310609265
}