{
    "gpsHeading": 329, 
    "gpsLatitude": 51.25002675933707, 
    "gpsLongitude": 7.142434849370783, 
    "outsideTemperature": 10.5, 
    "speed": 9.991625, 
    "yawRate": -0.002373732577230164
}