{
    "gpsHeading": 173, 
    "gpsLatitude": 51.25648090860085, 
    "gpsLongitude": 7.1316565600780635, 
    "outsideTemperature": 11.5, 
    "speed": 9.40975, 
    "yawRate": -0.02801293218437583
}