{
    "gpsHeading": 62, 
    "gpsLatitude": 51.254127605465435, 
    "gpsLongitude": 7.138407093438108, 
    "outsideTemperature": 9.5, 
    "speed": 11.33825, 
    "yawRate": -0.005674178637403699
}