{
    "gpsHeading": 62, 
    "gpsLatitude": 51.25807288347089, 
    "gpsLongitude": 7.1422843103897575, 
    "outsideTemperature": 10.0, 
    "speed": 8.9026875, 
    "yawRate": 0.00572503436219223
}