{
    "gpsHeading": 225, 
    "gpsLatitude": 51.25733644945791, 
    "gpsLongitude": 7.142279616523981, 
    "outsideTemperature": 10.5, 
    "speed": 5.2119375, 
    "yawRate": 0.017595753487930074
}