{
    "gpsHeading": 277, 
    "gpsLatitude": 51.25896035937905, 
    "gpsLongitude": 7.1504912832455165, 
    "outsideTemperature": 10.5, 
    "speed": 8.761375, 
    "yawRate": 0.0022143644890597163
}