{
    "gpsHeading": 218, 
    "gpsLatitude": 51.25913788808829, 
    "gpsLongitude": 7.147617380103898, 
    "outsideTemperature": 10.5, 
    "speed": 5.569375, 
    "yawRate": -0.004925626497427054
}