{
    "gpsHeading": 235, 
    "gpsLatitude": 51.25391755497186, 
    "gpsLongitude": 7.146279041623935, 
    "outsideTemperature": 9.0, 
    "speed": 7.3648750000000005, 
    "yawRate": -0.035514228572574996
}