{
    "gpsHeading": 0, 
    "gpsLatitude": 51.25149451440205, 
    "gpsLongitude": 7.136334332601957, 
    "outsideTemperature": 9.5, 
    "speed": 9.609250000000001, 
    "yawRate": 0.04284743544659279
}