{
    "gpsHeading": 51, 
    "gpsLatitude": 51.25311699939963, 
    "gpsLongitude": 7.14447852500293, 
    "outsideTemperature": 9.0, 
    "speed": 10.5651875, 
    "yawRate": -0.11300684736112188
}