{
    "gpsHeading": 141, 
    "gpsLatitude": 51.253354793992706, 
    "gpsLongitude": 7.133136552721658, 
    "outsideTemperature": 11.0, 
    "speed": 9.1853125, 
    "yawRate": 0.012478706461891807
}