{
    "gpsHeading": 236, 
    "gpsLatitude": 51.258011779396725, 
    "gpsLongitude": 7.143660954167213, 
    "outsideTemperature": 11.0, 
    "speed": 5.311687500000001, 
    "yawRate": 0.010961022118174336
}