{
    "gpsHeading": 192, 
    "gpsLatitude": 51.26255451946049, 
    "gpsLongitude": 7.155689571956562, 
    "outsideTemperature": 10.5, 
    "speed": 11.172, 
    "yawRate": -0.04211699851159586
}