{
    "gpsHeading": 193, 
    "gpsLatitude": 51.26582505426034, 
    "gpsLongitude": 7.147485197490818, 
    "outsideTemperature": 10.0, 
    "speed": 12.7430625, 
    "yawRate": -0.004677380933565173
}