{
    "gpsHeading": 248, 
    "gpsLatitude": 51.251323188301136, 
    "gpsLongitude": 7.150504359014465, 
    "outsideTemperature": 12.0, 
    "speed": 7.8719375000000005, 
    "yawRate": 0.013507366269386494
}