{
    "gpsHeading": 60, 
    "gpsLatitude": 51.257809859349244, 
    "gpsLongitude": 7.141491298530367, 
    "outsideTemperature": 10.0, 
    "speed": 9.3183125, 
    "yawRate": 0.018465937901749944
}