{
    "gpsHeading": 349, 
    "gpsLatitude": 51.256573947726096, 
    "gpsLongitude": 7.1462084659992, 
    "outsideTemperature": 10.0, 
    "speed": 5.494562500000001, 
    "yawRate": -0.06056560133007771
}