{
    "gpsHeading": 356, 
    "gpsLatitude": 51.25566786399288, 
    "gpsLongitude": 7.141953476671444, 
    "outsideTemperature": 11.0, 
    "speed": 9.218562499999999, 
    "yawRate": -0.0255163592485061
}