{
    "gpsHeading": 131, 
    "gpsLatitude": 51.252425073292535, 
    "gpsLongitude": 7.146108805170456, 
    "outsideTemperature": 12.0, 
    "speed": 9.01075, 
    "yawRate": 0.021556873343591767
}