{
    "gpsHeading": 335, 
    "gpsLatitude": 51.251055889408896, 
    "gpsLongitude": 7.141615685973498, 
    "outsideTemperature": 10.5, 
    "speed": 4.422250000000001, 
    "yawRate": 6.972837556161763e-05
}