{
    "gpsHeading": 51, 
    "gpsLatitude": 51.25094675702956, 
    "gpsLongitude": 7.139436558786067, 
    "outsideTemperature": 11.0, 
    "speed": 10.265937500000001, 
    "yawRate": -0.00706536176506699
}