{
    "gpsHeading": 57, 
    "gpsLatitude": 51.25217512493985, 
    "gpsLongitude": 7.153754358151521, 
    "outsideTemperature": 13.0, 
    "speed": 10.889375000000001, 
    "yawRate": -0.0007428318162083895
}