{
    "gpsHeading": 196, 
    "gpsLatitude": 51.265493717627834, 
    "gpsLongitude": 7.147359301305148, 
    "outsideTemperature": 10.0, 
    "speed": 11.9949375, 
    "yawRate": 0.010332450633586046
}