{
    "gpsHeading": 353, 
    "gpsLatitude": 51.25901567994, 
    "gpsLongitude": 7.148269073075752, 
    "outsideTemperature": 10.5, 
    "speed": 5.236875, 
    "yawRate": 0.2964927353219882
}