{
    "gpsHeading": 0, 
    "gpsLatitude": 51.26512147730783, 
    "gpsLongitude": 7.147232399291064, 
    "outsideTemperature": 10.0, 
    "speed": 12.1113125, 
    "yawRate": 0.054140214858642816
}