{
    "gpsHeading": 317, 
    "gpsLatitude": 51.25209507776454, 
    "gpsLongitude": 7.138105680199927, 
    "outsideTemperature": 10.5, 
    "speed": 9.0356875, 
    "yawRate": 0.005146862724961041
}