{
    "gpsHeading": 59, 
    "gpsLatitude": 51.255564263669626, 
    "gpsLongitude": 7.14256434977485, 
    "outsideTemperature": 20.5, 
    "speed": 7.963375, 
    "yawRate": 0.01999567451396892
}