{
    "gpsHeading": 120, 
    "gpsLatitude": 51.25261701887525, 
    "gpsLongitude": 7.134435747713778, 
    "outsideTemperature": 10.5, 
    "speed": 8.246, 
    "yawRate": -0.04930594905870578
}