{
    "gpsHeading": 331, 
    "gpsLatitude": 51.2585320441268, 
    "gpsLongitude": 7.148336547396315, 
    "outsideTemperature": 11.0, 
    "speed": 0.0, 
    "yawRate": -0.0005370106743071088
}