{
    "gpsHeading": 0, 
    "gpsLatitude": 51.25933318643227, 
    "gpsLongitude": 7.131753790154887, 
    "outsideTemperature": 10.5, 
    "speed": 13.615875, 
    "yawRate": 0.012935850130948246
}