{
    "gpsHeading": 14, 
    "gpsLatitude": 51.25804874358973, 
    "gpsLongitude": 7.146272419920431, 
    "outsideTemperature": 9.5, 
    "speed": 4.871125000000001, 
    "yawRate": -0.040494314932142665
}