{
    "gpsHeading": 343, 
    "gpsLatitude": 51.258513184844674, 
    "gpsLongitude": 7.148338726691139, 
    "outsideTemperature": 11.5, 
    "speed": 1.064, 
    "yawRate": -0.005384067753018793
}