{
    "gpsHeading": 253, 
    "gpsLatitude": 51.26601901149981, 
    "gpsLongitude": 7.1318740704654315, 
    "outsideTemperature": 9.0, 
    "speed": 12.0780625, 
    "yawRate": -0.07305258513955724
}