{
    "gpsHeading": 153, 
    "gpsLatitude": 51.26279206259645, 
    "gpsLongitude": 7.132112116515603, 
    "outsideTemperature": 11.0, 
    "speed": 13.7738125, 
    "yawRate": -0.012963457557267858
}