{
    "gpsHeading": 0, 
    "gpsLatitude": 51.256021747944914, 
    "gpsLongitude": 7.141896228272749, 
    "outsideTemperature": 11.5, 
    "speed": 10.157875, 
    "yawRate": -0.004198930052860747
}