{
    "gpsHeading": 7, 
    "gpsLatitude": 51.258591471820324, 
    "gpsLongitude": 7.146018532073266, 
    "outsideTemperature": 11.5, 
    "speed": 5.070625000000001, 
    "yawRate": -0.22260509151323837
}