{
    "gpsHeading": 126, 
    "gpsLatitude": 51.25490117130945, 
    "gpsLongitude": 7.1541615510077605, 
    "outsideTemperature": 10.5, 
    "speed": 7.7389375000000005, 
    "yawRate": -0.1840024032756099
}