{
    "gpsHeading": 235, 
    "gpsLatitude": 51.25381730740989, 
    "gpsLongitude": 7.146259344151483, 
    "outsideTemperature": 9.5, 
    "speed": 8.1711875, 
    "yawRate": -0.0030511044854807743
}