{
    "gpsHeading": 226, 
    "gpsLatitude": 51.25629038794168, 
    "gpsLongitude": 7.153624606290393, 
    "outsideTemperature": 13.0, 
    "speed": 3.7988125, 
    "yawRate": -0.08189853116126086
}