{
    "gpsHeading": 220, 
    "gpsLatitude": 51.25758648162962, 
    "gpsLongitude": 7.142706506852705, 
    "outsideTemperature": 11.0, 
    "speed": 0.0, 
    "yawRate": 7.4370908281879e-05
}