{
    "gpsHeading": 112, 
    "gpsLatitude": 51.25563425256114, 
    "gpsLongitude": 7.143272117678953, 
    "outsideTemperature": 11.0, 
    "speed": 4.638375, 
    "yawRate": -0.06789598418845305
}