{
    "gpsHeading": 203, 
    "gpsLatitude": 51.25914677290565, 
    "gpsLongitude": 7.131546505689355, 
    "outsideTemperature": 10.0, 
    "speed": 6.65, 
    "yawRate": 0.06679808925887154
}