{
    "gpsHeading": 118, 
    "gpsLatitude": 51.25785394815994, 
    "gpsLongitude": 7.15548019201527, 
    "outsideTemperature": 10.0, 
    "speed": 8.1213125, 
    "yawRate": -0.006396796327849631
}