{
    "gpsHeading": 0, 
    "gpsLatitude": 51.25599894916828, 
    "gpsLongitude": 7.14189681500597, 
    "outsideTemperature": 10.5, 
    "speed": 9.060625, 
    "yawRate": -0.03808272986286554
}