{
    "gpsHeading": 354, 
    "gpsLatitude": 51.255832903666395, 
    "gpsLongitude": 7.141924642924533, 
    "outsideTemperature": 11.0, 
    "speed": 9.4180625, 
    "yawRate": -0.005968671626169859
}