{
    "gpsHeading": 23, 
    "gpsLatitude": 51.25452205782885, 
    "gpsLongitude": 7.14063206963592, 
    "outsideTemperature": 12.0, 
    "speed": 0.0, 
    "yawRate": -0.0008308130177791153
}