{
    "gpsHeading": 177, 
    "gpsLatitude": 51.260820136055514, 
    "gpsLongitude": 7.132780740931894, 
    "outsideTemperature": 10.0, 
    "speed": 13.133750000000001, 
    "yawRate": -0.024482630620430677
}