{
    "gpsHeading": 61, 
    "gpsLatitude": 51.25161454325551, 
    "gpsLongitude": 7.141177060980334, 
    "outsideTemperature": 10.0, 
    "speed": 9.567687500000002, 
    "yawRate": 0.03499707320799508
}