{
    "gpsHeading": 7, 
    "gpsLatitude": 51.25592175184005, 
    "gpsLongitude": 7.131354643925693, 
    "outsideTemperature": 11.5, 
    "speed": 8.694875, 
    "yawRate": -0.07398154661836723
}