{
    "gpsHeading": 222, 
    "gpsLatitude": 51.258529278098756, 
    "gpsLongitude": 7.145206577112708, 
    "outsideTemperature": 10.5, 
    "speed": 3.82375, 
    "yawRate": -0.005262554374228994
}