{
    "gpsHeading": 336, 
    "gpsLatitude": 51.254478974846535, 
    "gpsLongitude": 7.13175789728744, 
    "outsideTemperature": 12.5, 
    "speed": 10.540250000000002, 
    "yawRate": -0.02685765681452132
}