{
    "gpsHeading": 337, 
    "gpsLatitude": 51.26358733756971, 
    "gpsLongitude": 7.131696290299097, 
    "outsideTemperature": 10.0, 
    "speed": 14.596750000000002, 
    "yawRate": 0.007001730674168061
}