{
    "gpsHeading": 41, 
    "gpsLatitude": 51.2537111925157, 
    "gpsLongitude": 7.136899608152078, 
    "outsideTemperature": 10.0, 
    "speed": 9.1853125, 
    "yawRate": -0.030108788165323502
}