{
    "gpsHeading": 229, 
    "gpsLatitude": 51.251230065356864, 
    "gpsLongitude": 7.140095711651742, 
    "outsideTemperature": 11.0, 
    "speed": 5.004125, 
    "yawRate": 0.004274198098963693
}