{
    "gpsHeading": 176, 
    "gpsLatitude": 51.27025505772638, 
    "gpsLongitude": 7.148462946496174, 
    "outsideTemperature": 9.0, 
    "speed": 12.851125, 
    "yawRate": 0.010440711047144249
}