{
    "gpsHeading": 4, 
    "gpsLatitude": 51.25880453979902, 
    "gpsLongitude": 7.131346513479617, 
    "outsideTemperature": 10.5, 
    "speed": 13.20025, 
    "yawRate": -0.135242603363368
}