{
    "gpsHeading": 123, 
    "gpsLatitude": 51.253902048451, 
    "gpsLongitude": 7.132389306053618, 
    "outsideTemperature": 11.0, 
    "speed": 6.9409375, 
    "yawRate": 0.0037520602019203075
}