{
    "gpsHeading": 57, 
    "gpsLatitude": 51.25366978591402, 
    "gpsLongitude": 7.145875452986062, 
    "outsideTemperature": 9.0, 
    "speed": 10.423875, 
    "yawRate": 0.007595403951684693
}