{
    "gpsHeading": 96, 
    "gpsLatitude": 51.25730870535842, 
    "gpsLongitude": 7.1493349158834745, 
    "outsideTemperature": 10.5, 
    "speed": 8.9026875, 
    "yawRate": 0.00013020168453710716
}