{
    "gpsHeading": 38, 
    "gpsLatitude": 51.255676748810245, 
    "gpsLongitude": 7.142849334482782, 
    "outsideTemperature": 20.0, 
    "speed": 6.209437500000001, 
    "yawRate": 0.007603836824809748
}