{
    "gpsHeading": 22, 
    "gpsLatitude": 51.26093480049094, 
    "gpsLongitude": 7.154437064165141, 
    "outsideTemperature": 10.5, 
    "speed": 10.357375, 
    "yawRate": -0.009746008691581284
}