{
    "gpsHeading": 73, 
    "gpsLatitude": 51.25721591769026, 
    "gpsLongitude": 7.150563786707984, 
    "outsideTemperature": 12.0, 
    "speed": 6.691562500000001, 
    "yawRate": 0.0018062511565230639
}