{
    "gpsHeading": 322, 
    "gpsLatitude": 51.25430396070824, 
    "gpsLongitude": 7.131878512874145, 
    "outsideTemperature": 12.5, 
    "speed": 10.47375, 
    "yawRate": -0.12424702907580398
}