{
    "gpsHeading": 196, 
    "gpsLatitude": 51.2602665113508, 
    "gpsLongitude": 7.154002965399688, 
    "outsideTemperature": 9.5, 
    "speed": 8.362375, 
    "yawRate": 0.012686340001025913
}