{
    "gpsHeading": 187, 
    "gpsLatitude": 51.26560285000716, 
    "gpsLongitude": 7.147399869716499, 
    "outsideTemperature": 10.0, 
    "speed": 12.418875000000002, 
    "yawRate": -0.002582985831171934
}