{
    "gpsHeading": 0, 
    "gpsLatitude": 51.25988672731795, 
    "gpsLongitude": 7.132475136742127, 
    "outsideTemperature": 10.5, 
    "speed": 13.26675, 
    "yawRate": 0.069659050820763
}