{
    "gpsHeading": 348, 
    "gpsLatitude": 51.25570952205166, 
    "gpsLongitude": 7.1465082028567455, 
    "outsideTemperature": 10.0, 
    "speed": 6.209437500000001, 
    "yawRate": 0.00889850289929575
}