{
    "gpsHeading": 301, 
    "gpsLatitude": 51.25692791549717, 
    "gpsLongitude": 7.1547067938093, 
    "outsideTemperature": 10.0, 
    "speed": 5.985, 
    "yawRate": 0.00342652812993504
}