{
    "gpsHeading": 322, 
    "gpsLatitude": 51.26434011629385, 
    "gpsLongitude": 7.133522371724811, 
    "outsideTemperature": 8.5, 
    "speed": 10.989125000000001, 
    "yawRate": -0.06031168159999952
}