{
    "gpsHeading": 224, 
    "gpsLatitude": 51.2563561858816, 
    "gpsLongitude": 7.153794004553556, 
    "outsideTemperature": 12.0, 
    "speed": 0.0, 
    "yawRate": -5.238642419915223e-05
}