{
    "gpsHeading": 224, 
    "gpsLatitude": 51.25327256752255, 
    "gpsLongitude": 7.153261250787741, 
    "outsideTemperature": 10.0, 
    "speed": 8.6865625, 
    "yawRate": 0.04201773485765176
}