{
    "gpsHeading": 162, 
    "gpsLatitude": 51.261755137354676, 
    "gpsLongitude": 7.132659287154873, 
    "outsideTemperature": 10.0, 
    "speed": 13.2750625, 
    "yawRate": -0.0360018036835925
}