{
    "gpsHeading": 61, 
    "gpsLatitude": 51.25810423178875, 
    "gpsLongitude": 7.143928504516582, 
    "outsideTemperature": 10.0, 
    "speed": 6.9409375, 
    "yawRate": 0.003813157736141049
}