{
    "gpsHeading": 330, 
    "gpsLatitude": 51.25234041607047, 
    "gpsLongitude": 7.137681304442187, 
    "outsideTemperature": 10.5, 
    "speed": 8.7198125, 
    "yawRate": 0.0011326054453738334
}