{
    "gpsHeading": 161, 
    "gpsLatitude": 51.255553953928725, 
    "gpsLongitude": 7.14331930779381, 
    "outsideTemperature": 18.0, 
    "speed": 5.536125, 
    "yawRate": -0.02032143120709945
}