{
    "gpsHeading": 47, 
    "gpsLatitude": 51.252027854901065, 
    "gpsLongitude": 7.142027656514545, 
    "outsideTemperature": 10.0, 
    "speed": 9.160375, 
    "yawRate": -0.03132543836778851
}