{
    "gpsHeading": 225, 
    "gpsLatitude": 51.25464175140619, 
    "gpsLongitude": 7.140555123764773, 
    "outsideTemperature": 10.5, 
    "speed": 11.7705, 
    "yawRate": 0.01709408682147019
}