{
    "gpsHeading": 321, 
    "gpsLatitude": 51.253665092048244, 
    "gpsLongitude": 7.13285902790755, 
    "outsideTemperature": 14.0, 
    "speed": 7.165375, 
    "yawRate": -0.0170838130033532
}