{
    "gpsHeading": 271, 
    "gpsLatitude": 51.26613317302105, 
    "gpsLongitude": 7.130855417772597, 
    "outsideTemperature": 9.0, 
    "speed": 11.753875, 
    "yawRate": -0.002541283358988155
}