{
    "gpsHeading": 18, 
    "gpsLatitude": 51.259821516111245, 
    "gpsLongitude": 7.147893731451564, 
    "outsideTemperature": 11.0, 
    "speed": 8.8528125, 
    "yawRate": 0.006346598730648079
}