{
    "gpsHeading": 282, 
    "gpsLatitude": 51.255199231786364, 
    "gpsLongitude": 7.153461578273641, 
    "outsideTemperature": 10.0, 
    "speed": 4.9459375, 
    "yawRate": 0.005191287640572786
}