{
    "gpsHeading": 0, 
    "gpsLatitude": 51.25844118429638, 
    "gpsLongitude": 7.131293204575412, 
    "outsideTemperature": 10.5, 
    "speed": 13.5410625, 
    "yawRate": -0.06455676865759864
}