{
    "gpsHeading": 200, 
    "gpsLatitude": 51.257153388692586, 
    "gpsLongitude": 7.1570326881213315, 
    "outsideTemperature": 9.5, 
    "speed": 6.109687500000001, 
    "yawRate": 0.011754627892891447
}