{
    "gpsHeading": 235, 
    "gpsLatitude": 51.25362343398946, 
    "gpsLongitude": 7.145755172675516, 
    "outsideTemperature": 9.5, 
    "speed": 7.813750000000001, 
    "yawRate": 0.08369175933863642
}