{
    "gpsHeading": 334, 
    "gpsLatitude": 51.263097331510096, 
    "gpsLongitude": 7.13202905185514, 
    "outsideTemperature": 10.0, 
    "speed": 14.746375, 
    "yawRate": -0.002772113137000059
}