{
    "gpsHeading": 0, 
    "gpsLatitude": 51.265281236382336, 
    "gpsLongitude": 7.1472801761391755, 
    "outsideTemperature": 10.0, 
    "speed": 12.019875, 
    "yawRate": 0.014521240838371533
}