{
    "gpsHeading": 86, 
    "gpsLatitude": 51.255463177917335, 
    "gpsLongitude": 7.145105994274582, 
    "outsideTemperature": 14.0, 
    "speed": 7.090562500000001, 
    "yawRate": -0.03218967012066081
}