{
    "gpsHeading": 9, 
    "gpsLatitude": 51.25812895840311, 
    "gpsLongitude": 7.146307372456656, 
    "outsideTemperature": 12.0, 
    "speed": 4.871125000000001, 
    "yawRate": 0.0538550620026583
}