{
    "gpsHeading": 59, 
    "gpsLatitude": 51.25316980538962, 
    "gpsLongitude": 7.144604588826663, 
    "outsideTemperature": 9.0, 
    "speed": 10.3490625, 
    "yawRate": 0.04442185116876466
}