{
    "gpsHeading": 89, 
    "gpsLatitude": 51.25776007084439, 
    "gpsLongitude": 7.1563110062579645, 
    "outsideTemperature": 9.5, 
    "speed": 8.3706875, 
    "yawRate": -0.01913769986740834
}