{
    "gpsHeading": 289, 
    "gpsLatitude": 51.25901811069192, 
    "gpsLongitude": 7.14982684978081, 
    "outsideTemperature": 10.0, 
    "speed": 4.2643125, 
    "yawRate": 0.02123845333579715
}