{
    "gpsHeading": 82, 
    "gpsLatitude": 51.251241464745185, 
    "gpsLongitude": 7.1395818171680965, 
    "outsideTemperature": 11.0, 
    "speed": 6.9741875, 
    "yawRate": 0.04651116599722603
}