{
    "gpsHeading": 254, 
    "gpsLatitude": 51.25654896965464, 
    "gpsLongitude": 7.1561782369116935, 
    "outsideTemperature": 12.0, 
    "speed": 4.5136875000000005, 
    "yawRate": -0.0028566571772446784
}