{
    "gpsHeading": 82, 
    "gpsLatitude": 51.259024229481234, 
    "gpsLongitude": 7.1467212708354655, 
    "outsideTemperature": 12.0, 
    "speed": 6.6250625, 
    "yawRate": -0.0438833761090229
}