{
    "gpsHeading": 148, 
    "gpsLatitude": 51.2591323560322, 
    "gpsLongitude": 7.147960451400842, 
    "outsideTemperature": 12.5, 
    "speed": 4.970875, 
    "yawRate": -0.3714233039871392
}