{
    "gpsHeading": 16, 
    "gpsLatitude": 51.25682314170747, 
    "gpsLongitude": 7.146154905637933, 
    "outsideTemperature": 13.5, 
    "speed": 6.5668750000000005, 
    "yawRate": -0.03934552005383688
}