{
    "gpsHeading": 0, 
    "gpsLatitude": 51.26099204888963, 
    "gpsLongitude": 7.132785434797671, 
    "outsideTemperature": 10.5, 
    "speed": 14.197750000000001, 
    "yawRate": 0.0005440124417890714
}