{
    "gpsHeading": 59, 
    "gpsLatitude": 51.254085360673436, 
    "gpsLongitude": 7.138244903611672, 
    "outsideTemperature": 9.5, 
    "speed": 12.094687500000001, 
    "yawRate": -0.007594040814597667
}