{
    "gpsHeading": 105, 
    "gpsLatitude": 51.25907116813901, 
    "gpsLongitude": 7.149047919518781, 
    "outsideTemperature": 11.5, 
    "speed": 9.3515625, 
    "yawRate": 0.00823088260395953
}