{
    "gpsHeading": 252, 
    "gpsLatitude": 51.25861510878727, 
    "gpsLongitude": 7.1454421085919275, 
    "outsideTemperature": 10.5, 
    "speed": 3.99, 
    "yawRate": -0.008939883777014263
}