{
    "gpsHeading": 227, 
    "gpsLatitude": 51.25795176497, 
    "gpsLongitude": 7.1434884545998765, 
    "outsideTemperature": 9.5, 
    "speed": 6.9076875, 
    "yawRate": 0.04273400005561426
}