{
    "gpsHeading": 147, 
    "gpsLatitude": 51.25099151639251, 
    "gpsLongitude": 7.153193189733955, 
    "outsideTemperature": 10.5, 
    "speed": 9.326625000000002, 
    "yawRate": 0.09916410297902523
}