{
    "gpsHeading": 0, 
    "gpsLatitude": 51.26486675127034, 
    "gpsLongitude": 7.15443404668, 
    "outsideTemperature": 10.0, 
    "speed": 6.259312500000001, 
    "yawRate": 0.05666863715128196
}