{
    "gpsHeading": 168, 
    "gpsLatitude": 51.258910403236115, 
    "gpsLongitude": 7.131397643088996, 
    "outsideTemperature": 13.0, 
    "speed": 3.6575, 
    "yawRate": 0.025219610001450517
}