{
    "gpsHeading": 209, 
    "gpsLatitude": 51.25471425486866, 
    "gpsLongitude": 7.141025432351926, 
    "outsideTemperature": 10.5, 
    "speed": 7.6724375, 
    "yawRate": -0.39567628127518134
}