{
    "gpsHeading": 302, 
    "gpsLatitude": 51.25512203445812, 
    "gpsLongitude": 7.153700965428319, 
    "outsideTemperature": 10.0, 
    "speed": 4.4139375, 
    "yawRate": 0.06627781146037329
}