{
    "gpsHeading": 64, 
    "gpsLatitude": 51.2591334456796, 
    "gpsLongitude": 7.147916278771128, 
    "outsideTemperature": 12.0, 
    "speed": 5.469625, 
    "yawRate": -0.010967739167977174
}