{
    "gpsHeading": 262, 
    "gpsLatitude": 51.25327843485477, 
    "gpsLongitude": 7.154548794934452, 
    "outsideTemperature": 11.5, 
    "speed": 6.309187500000001, 
    "yawRate": -0.049437517946848725
}