{
    "gpsHeading": 204, 
    "gpsLatitude": 51.2609003508689, 
    "gpsLongitude": 7.154410158255928, 
    "outsideTemperature": 9.5, 
    "speed": 10.6150625, 
    "yawRate": -0.0011017610897294144
}