{
    "gpsHeading": 285, 
    "gpsLatitude": 51.26175203605051, 
    "gpsLongitude": 7.138522679882877, 
    "outsideTemperature": 9.5, 
    "speed": 10.374, 
    "yawRate": -0.0814301655491302
}