{
    "gpsHeading": 113, 
    "gpsLatitude": 51.25401394685838, 
    "gpsLongitude": 7.146638457632098, 
    "outsideTemperature": 9.0, 
    "speed": 2.9010625, 
    "yawRate": 0.5736056803734363
}