{
    "gpsHeading": 296, 
    "gpsLatitude": 51.264595931978754, 
    "gpsLongitude": 7.155519335503081, 
    "outsideTemperature": 10.5, 
    "speed": 6.899375000000001, 
    "yawRate": -0.014017197554487394
}