{
    "gpsHeading": 174, 
    "gpsLatitude": 51.26287261268597, 
    "gpsLongitude": 7.147769344008465, 
    "outsideTemperature": 9.0, 
    "speed": 12.53525, 
    "yawRate": -0.04691434883182751
}