{
    "gpsHeading": 337, 
    "gpsLatitude": 51.26285568124157, 
    "gpsLongitude": 7.132198198661241, 
    "outsideTemperature": 10.0, 
    "speed": 14.7214375, 
    "yawRate": -0.017258345928552472
}