{
    "gpsHeading": 203, 
    "gpsLatitude": 51.25491148105036, 
    "gpsLongitude": 7.141142946634424, 
    "outsideTemperature": 11.0, 
    "speed": 8.3208125, 
    "yawRate": 0.0010370577031223517
}