{
    "gpsHeading": 177, 
    "gpsLatitude": 51.25567146821124, 
    "gpsLongitude": 7.141842919368578, 
    "outsideTemperature": 11.0, 
    "speed": 8.661624999999999, 
    "yawRate": -0.07156863917983998
}