{
    "gpsHeading": 233, 
    "gpsLatitude": 51.2535187440188, 
    "gpsLongitude": 7.153682944336467, 
    "outsideTemperature": 10.0, 
    "speed": 7.564375, 
    "yawRate": -4.470011541031233e-05
}