{
    "gpsHeading": 58, 
    "gpsLatitude": 51.25172535201547, 
    "gpsLongitude": 7.141399349052541, 
    "outsideTemperature": 10.0, 
    "speed": 10.773, 
    "yawRate": 0.016496583136855467
}