{
    "gpsHeading": 20, 
    "gpsLatitude": 51.26055727957195, 
    "gpsLongitude": 7.15417261511998, 
    "outsideTemperature": 10.5, 
    "speed": 12.003250000000001, 
    "yawRate": -0.02754836706192283
}