{
    "gpsHeading": 178, 
    "gpsLatitude": 51.25621319061344, 
    "gpsLongitude": 7.1418881816457045, 
    "outsideTemperature": 11.5, 
    "speed": 10.590125, 
    "yawRate": 0.014301560018278873
}