{
    "gpsHeading": 226, 
    "gpsLatitude": 51.25520786514663, 
    "gpsLongitude": 7.141414604116314, 
    "outsideTemperature": 11.0, 
    "speed": 10.00825, 
    "yawRate": 0.1759190487529519
}