{
    "gpsHeading": 177, 
    "gpsLatitude": 51.26952482632178, 
    "gpsLongitude": 7.148521535999378, 
    "outsideTemperature": 9.0, 
    "speed": 14.322437500000001, 
    "yawRate": -0.008932443649992721
}