{
    "gpsHeading": 180, 
    "gpsLatitude": 51.25452842807526, 
    "gpsLongitude": 7.154135399469865, 
    "outsideTemperature": 10.5, 
    "speed": 9.443000000000001, 
    "yawRate": 0.010950874172153699
}