{
    "gpsHeading": 347, 
    "gpsLatitude": 51.256455930529384, 
    "gpsLongitude": 7.146260433798896, 
    "outsideTemperature": 14.0, 
    "speed": 6.8411875, 
    "yawRate": -0.07180864414093109
}