{
    "gpsHeading": 107, 
    "gpsLatitude": 51.253415646609746, 
    "gpsLongitude": 7.145222921823891, 
    "outsideTemperature": 16.0, 
    "speed": 0.0, 
    "yawRate": -0.0007751815209964057
}