{
    "gpsHeading": 352, 
    "gpsLatitude": 51.257015087290185, 
    "gpsLongitude": 7.1543687516542604, 
    "outsideTemperature": 10.0, 
    "speed": 1.8038125, 
    "yawRate": 0.011804108539507998
}