{
    "gpsHeading": 0, 
    "gpsLatitude": 51.2638209412112, 
    "gpsLongitude": 7.134219913707044, 
    "outsideTemperature": 8.5, 
    "speed": 12.5934375, 
    "yawRate": -0.022612569756922208
}