{
    "gpsHeading": 46, 
    "gpsLatitude": 51.250886239688626, 
    "gpsLongitude": 7.154846268678142, 
    "outsideTemperature": 12.5, 
    "speed": 4.7131875, 
    "yawRate": 0.001150810780433781
}