{
    "gpsHeading": 122, 
    "gpsLatitude": 51.25708868040007, 
    "gpsLongitude": 7.154082090565661, 
    "outsideTemperature": 9.5, 
    "speed": 0.8229375000000001, 
    "yawRate": 0.1784335714583463
}