{
    "gpsHeading": 151, 
    "gpsLatitude": 51.262102064327095, 
    "gpsLongitude": 7.132520147562192, 
    "outsideTemperature": 10.5, 
    "speed": 13.20025, 
    "yawRate": -0.012265325856470772
}