{
    "gpsHeading": 186, 
    "gpsLatitude": 51.26183652563451, 
    "gpsLongitude": 7.147609920210076, 
    "outsideTemperature": 9.0, 
    "speed": 10.407250000000001, 
    "yawRate": -0.00415378215796736
}