{
    "gpsHeading": 3, 
    "gpsLatitude": 51.25365981144924, 
    "gpsLongitude": 7.13668125957436, 
    "outsideTemperature": 10.0, 
    "speed": 5.9185, 
    "yawRate": -0.217906215679911
}