{
    "gpsHeading": 15, 
    "gpsLatitude": 51.25094868486729, 
    "gpsLongitude": 7.155147681916322, 
    "outsideTemperature": 14.0, 
    "speed": 0.0, 
    "yawRate": -0.0007127048614263174
}