{
    "gpsHeading": 113, 
    "gpsLatitude": 51.255350106043515, 
    "gpsLongitude": 7.1465237931966445, 
    "outsideTemperature": 15.0, 
    "speed": 4.4804375, 
    "yawRate": 0.369759656613627
}