{
    "gpsHeading": 0, 
    "gpsLatitude": 51.25225592648646, 
    "gpsLongitude": 7.135057098196148, 
    "outsideTemperature": 10.0, 
    "speed": 8.861125, 
    "yawRate": -0.0039273885068545735
}