{
    "gpsHeading": 230, 
    "gpsLatitude": 51.25671006983365, 
    "gpsLongitude": 7.14183763876958, 
    "outsideTemperature": 12.0, 
    "speed": 7.9051875, 
    "yawRate": -0.1289899715704528
}