{
    "gpsHeading": 343, 
    "gpsLatitude": 51.261852870345706, 
    "gpsLongitude": 7.138105680199927, 
    "outsideTemperature": 9.0, 
    "speed": 11.4961875, 
    "yawRate": -0.027848557512905308
}