{
    "gpsHeading": 207, 
    "gpsLatitude": 51.25887452869054, 
    "gpsLongitude": 7.146250124057994, 
    "outsideTemperature": 11.5, 
    "speed": 5.062312500000001, 
    "yawRate": 0.05128611339038649
}