{
    "gpsHeading": 248, 
    "gpsLatitude": 51.254031465036014, 
    "gpsLongitude": 7.137422135996023, 
    "outsideTemperature": 10.5, 
    "speed": 10.241000000000001, 
    "yawRate": 0.005225847907908831
}