{
    "gpsHeading": 285, 
    "gpsLatitude": 51.25899539573432, 
    "gpsLongitude": 7.150132118694451, 
    "outsideTemperature": 10.0, 
    "speed": 6.7580625, 
    "yawRate": 0.005006891292251033
}