{
    "gpsHeading": 0, 
    "gpsLatitude": 51.269396247927084, 
    "gpsLongitude": 7.148530672273834, 
    "outsideTemperature": 9.0, 
    "speed": 13.898500000000002, 
    "yawRate": 0.004332058665163802
}