{
    "gpsHeading": 59, 
    "gpsLatitude": 51.25144145695494, 
    "gpsLongitude": 7.140679595026904, 
    "outsideTemperature": 10.0, 
    "speed": 3.7655625, 
    "yawRate": -0.011777750745452275
}