{
    "gpsHeading": 255, 
    "gpsLatitude": 51.256295333264546, 
    "gpsLongitude": 7.15306016893059, 
    "outsideTemperature": 12.5, 
    "speed": 4.3973125, 
    "yawRate": -0.0009152538687255823
}