{
    "gpsHeading": 177, 
    "gpsLatitude": 51.26117117016049, 
    "gpsLongitude": 7.132794319615032, 
    "outsideTemperature": 10.0, 
    "speed": 13.0755625, 
    "yawRate": -0.021166505041641547
}