{
    "gpsHeading": 23, 
    "gpsLatitude": 51.25094868486729, 
    "gpsLongitude": 7.155147681916322, 
    "outsideTemperature": 15.5, 
    "speed": 0.0, 
    "yawRate": 0.0007592329003662935
}