{
    "gpsHeading": 14, 
    "gpsLatitude": 51.26328760071218, 
    "gpsLongitude": 7.155967096770704, 
    "outsideTemperature": 10.0, 
    "speed": 10.756375, 
    "yawRate": 0.009627146005555684
}