{
    "gpsHeading": 62, 
    "gpsLatitude": 51.25544842576775, 
    "gpsLongitude": 7.144190187533695, 
    "outsideTemperature": 10.0, 
    "speed": 3.6658125000000004, 
    "yawRate": -0.0057622628174559334
}