{
    "gpsHeading": 185, 
    "gpsLatitude": 51.25181813968363, 
    "gpsLongitude": 7.152840395429332, 
    "outsideTemperature": 11.0, 
    "speed": 4.0481875, 
    "yawRate": 0.0036945928949365377
}