{
    "gpsHeading": 173, 
    "gpsLatitude": 51.25815955234971, 
    "gpsLongitude": 7.148350461355579, 
    "outsideTemperature": 10.5, 
    "speed": 1.479625, 
    "yawRate": 0.013770861928002769
}