{
    "gpsHeading": 241, 
    "gpsLatitude": 51.253380358797386, 
    "gpsLongitude": 7.153431235784126, 
    "outsideTemperature": 10.0, 
    "speed": 8.403937500000001, 
    "yawRate": 0.13469471813854914
}