{
    "gpsHeading": 257, 
    "gpsLatitude": 51.26085927954334, 
    "gpsLongitude": 7.143545451541476, 
    "outsideTemperature": 10.0, 
    "speed": 10.4488125, 
    "yawRate": -0.0639768730291872
}