{
    "gpsHeading": 123, 
    "gpsLatitude": 51.25076730048257, 
    "gpsLongitude": 7.153576242709059, 
    "outsideTemperature": 10.0, 
    "speed": 10.0165625, 
    "yawRate": 0.1523966451648516
}