{
    "gpsHeading": 250, 
    "gpsLatitude": 51.25445785245053, 
    "gpsLongitude": 7.1391459582029775, 
    "outsideTemperature": 10.5, 
    "speed": 13.3748125, 
    "yawRate": 0.008192907636299419
}