{
    "gpsHeading": 304, 
    "gpsLatitude": 51.25188402144258, 
    "gpsLongitude": 7.13847155027353, 
    "outsideTemperature": 10.5, 
    "speed": 3.7988125, 
    "yawRate": 0.012302712658137115
}