{
    "gpsHeading": 83, 
    "gpsLatitude": 51.25901567994, 
    "gpsLongitude": 7.149864568345116, 
    "outsideTemperature": 11.5, 
    "speed": 9.858625, 
    "yawRate": -0.015331062297962925
}