{
    "gpsHeading": 310, 
    "gpsLatitude": 51.251624014806104, 
    "gpsLongitude": 7.138920401188532, 
    "outsideTemperature": 11.0, 
    "speed": 7.930125, 
    "yawRate": -0.007419507889398396
}