{
    "gpsHeading": 228, 
    "gpsLatitude": 51.2491665246142, 
    "gpsLongitude": 7.149084632254672, 
    "outsideTemperature": 11.0, 
    "speed": 11.928437500000001, 
    "yawRate": -0.12437224729163189
}