{
    "gpsHeading": 249, 
    "gpsLatitude": 51.253335683253454, 
    "gpsLongitude": 7.1348281884204345, 
    "outsideTemperature": 14.5, 
    "speed": 10.382312500000001, 
    "yawRate": 0.0317854060524874
}