{
    "gpsHeading": 249, 
    "gpsLatitude": 51.253657045421186, 
    "gpsLongitude": 7.135973240213195, 
    "outsideTemperature": 16.0, 
    "speed": 10.20775, 
    "yawRate": 0.040861118162857445
}