{
    "gpsHeading": 28, 
    "gpsLatitude": 51.25569761974914, 
    "gpsLongitude": 7.141846523586942, 
    "outsideTemperature": 23.0, 
    "speed": 0.0, 
    "yawRate": 0.0006973947868368664
}