{
    "gpsHeading": 0, 
    "gpsLatitude": 51.26614867954193, 
    "gpsLongitude": 7.1476120995049, 
    "outsideTemperature": 10.5, 
    "speed": 12.1778125, 
    "yawRate": -0.015323889370730641
}