{
    "gpsHeading": 152, 
    "gpsLatitude": 51.2638206897541, 
    "gpsLongitude": 7.153679340118103, 
    "outsideTemperature": 10.0, 
    "speed": 6.2759375, 
    "yawRate": 0.17412929581049866
}