{
    "gpsHeading": 114, 
    "gpsLatitude": 51.25504927953855, 
    "gpsLongitude": 7.153926857718858, 
    "outsideTemperature": 11.0, 
    "speed": 8.0049375, 
    "yawRate": -0.22554123947307417
}