{
    "gpsHeading": 213, 
    "gpsLatitude": 51.257057332082184, 
    "gpsLongitude": 7.141926235486136, 
    "outsideTemperature": 12.5, 
    "speed": 5.569375, 
    "yawRate": -0.01955782747041051
}