{
    "gpsHeading": 51, 
    "gpsLatitude": 51.253904563021955, 
    "gpsLongitude": 7.1464631920366815, 
    "outsideTemperature": 9.0, 
    "speed": 7.3233125, 
    "yawRate": 0.019638175790445325
}