{
    "gpsHeading": 249, 
    "gpsLatitude": 51.2508262252619, 
    "gpsLongitude": 7.154117126920951, 
    "outsideTemperature": 14.5, 
    "speed": 9.127125000000001, 
    "yawRate": -0.04912160917707261
}