{
    "gpsHeading": 154, 
    "gpsLatitude": 51.26425202249149, 
    "gpsLongitude": 7.1310581760103835, 
    "outsideTemperature": 12.5, 
    "speed": 8.911000000000001, 
    "yawRate": 0.003966236187076338
}