{
    "gpsHeading": 245, 
    "gpsLatitude": 51.25358202738778, 
    "gpsLongitude": 7.135706025139954, 
    "outsideTemperature": 15.5, 
    "speed": 11.5294375, 
    "yawRate": 0.0036856050953789307
}