{
    "gpsHeading": 107, 
    "gpsLatitude": 51.2591392291928, 
    "gpsLongitude": 7.147663480571343, 
    "outsideTemperature": 12.0, 
    "speed": 4.422250000000001, 
    "yawRate": -0.0050336197111969915
}