{
    "gpsHeading": 51, 
    "gpsLatitude": 51.25212650990143, 
    "gpsLongitude": 7.142241562683582, 
    "outsideTemperature": 9.5, 
    "speed": 8.94425, 
    "yawRate": -0.008636158091862415
}