{
    "gpsHeading": 120, 
    "gpsLatitude": 51.2516884716415, 
    "gpsLongitude": 7.147784347615142, 
    "outsideTemperature": 10.0, 
    "speed": 9.060625, 
    "yawRate": -0.056459344220553924
}