{
    "gpsHeading": 157, 
    "gpsLatitude": 51.26329229457795, 
    "gpsLongitude": 7.1551954587644, 
    "outsideTemperature": 10.0, 
    "speed": 6.8079375, 
    "yawRate": 0.001516232788261639
}