{
    "gpsHeading": 340, 
    "gpsLatitude": 51.25789786933258, 
    "gpsLongitude": 7.154695142963892, 
    "outsideTemperature": 10.0, 
    "speed": 1.047375, 
    "yawRate": -0.13415489757383228
}