{
    "gpsHeading": 319, 
    "gpsLatitude": 51.26506565383268, 
    "gpsLongitude": 7.133218779191805, 
    "outsideTemperature": 8.5, 
    "speed": 10.681562500000002, 
    "yawRate": -0.08526988990351814
}