{
    "gpsHeading": 75, 
    "gpsLatitude": 51.2545314455604, 
    "gpsLongitude": 7.140852932784556, 
    "outsideTemperature": 14.0, 
    "speed": 5.735625000000001, 
    "yawRate": 0.00816849531498401
}