{
    "gpsHeading": 16, 
    "gpsLatitude": 51.258823734357286, 
    "gpsLongitude": 7.144561505844361, 
    "outsideTemperature": 10.0, 
    "speed": 4.4471875, 
    "yawRate": -0.10841949871823535
}