{
    "gpsHeading": 9, 
    "gpsLatitude": 51.26561760215676, 
    "gpsLongitude": 7.133439642340475, 
    "outsideTemperature": 8.5, 
    "speed": 9.40975, 
    "yawRate": 0.12539135081219374
}