{
    "gpsHeading": 129, 
    "gpsLatitude": 51.24998258670733, 
    "gpsLongitude": 7.149058229259682, 
    "outsideTemperature": 12.5, 
    "speed": 9.6508125, 
    "yawRate": -0.0028973313528289704
}