{
    "gpsHeading": 232, 
    "gpsLatitude": 51.25770567229278, 
    "gpsLongitude": 7.142954862643777, 
    "outsideTemperature": 10.5, 
    "speed": 7.5061875, 
    "yawRate": 0.0011896585191836905
}