{
    "gpsHeading": 47, 
    "gpsLatitude": 51.25908617174571, 
    "gpsLongitude": 7.146994353240893, 
    "outsideTemperature": 11.5, 
    "speed": 6.791312500000001, 
    "yawRate": -0.04650136998701395
}