{
    "gpsHeading": 89, 
    "gpsLatitude": 51.25067954195634, 
    "gpsLongitude": 7.137618775444494, 
    "outsideTemperature": 12.0, 
    "speed": 0.0, 
    "yawRate": -0.0008322507212361289
}