{
    "gpsHeading": 265, 
    "gpsLatitude": 51.26082533283548, 
    "gpsLongitude": 7.143249318902293, 
    "outsideTemperature": 10.0, 
    "speed": 10.2160625, 
    "yawRate": -0.02680135996170869
}