{
    "gpsHeading": 55, 
    "gpsLatitude": 51.258925406842806, 
    "gpsLongitude": 7.146404351076417, 
    "outsideTemperature": 9.5, 
    "speed": 5.935125, 
    "yawRate": -0.030196872345376727
}