{
    "gpsHeading": 0, 
    "gpsLatitude": 51.26809261052627, 
    "gpsLongitude": 7.148429335064457, 
    "outsideTemperature": 9.0, 
    "speed": 13.7073125, 
    "yawRate": -0.033192520252713256
}