{
    "gpsHeading": 92, 
    "gpsLatitude": 51.25288373103426, 
    "gpsLongitude": 7.1547287543956095, 
    "outsideTemperature": 11.5, 
    "speed": 5.012437500000001, 
    "yawRate": 0.018106724105330763
}