{
    "gpsHeading": 172, 
    "gpsLatitude": 51.25966678617863, 
    "gpsLongitude": 7.147859617105656, 
    "outsideTemperature": 9.0, 
    "speed": 7.3399375000000004, 
    "yawRate": 0.007365390905195457
}