{
    "gpsHeading": 54, 
    "gpsLatitude": 51.255403666404796, 
    "gpsLongitude": 7.143896234189337, 
    "outsideTemperature": 10.5, 
    "speed": 5.253500000000001, 
    "yawRate": -0.0013989396874701833
}