{
    "gpsHeading": 290, 
    "gpsLatitude": 51.2576061791021, 
    "gpsLongitude": 7.142747661997277, 
    "outsideTemperature": 11.5, 
    "speed": 6.0930625, 
    "yawRate": 0.06035383994961374
}