{
    "gpsHeading": 338, 
    "gpsLatitude": 51.25518204888484, 
    "gpsLongitude": 7.131403175145088, 
    "outsideTemperature": 12.0, 
    "speed": 8.744750000000002, 
    "yawRate": -0.07869393559875251
}