{
    "gpsHeading": 74, 
    "gpsLatitude": 51.25451761542016, 
    "gpsLongitude": 7.140551854822536, 
    "outsideTemperature": 9.5, 
    "speed": 1.3549375, 
    "yawRate": -0.005674178637403699
}