{
    "gpsHeading": 4, 
    "gpsLatitude": 51.2601025613247, 
    "gpsLongitude": 7.147699355116949, 
    "outsideTemperature": 11.0, 
    "speed": 9.526125, 
    "yawRate": -0.04269715325039179
}