{
    "gpsHeading": 73, 
    "gpsLatitude": 51.25134422687811, 
    "gpsLongitude": 7.150616844155059, 
    "outsideTemperature": 9.5, 
    "speed": 6.001625000000001, 
    "yawRate": -0.026360204330165213
}