{
    "gpsHeading": 150, 
    "gpsLatitude": 51.252000613715744, 
    "gpsLongitude": 7.138269630226029, 
    "outsideTemperature": 10.5, 
    "speed": 7.265125, 
    "yawRate": -0.004976046936605622
}