{
    "gpsHeading": 353, 
    "gpsLatitude": 51.256276725439506, 
    "gpsLongitude": 7.146343749916453, 
    "outsideTemperature": 14.5, 
    "speed": 6.916, 
    "yawRate": 0.033609242679524975
}