{
    "gpsHeading": 98, 
    "gpsLatitude": 51.25887897109922, 
    "gpsLongitude": 7.146263786560164, 
    "outsideTemperature": 12.0, 
    "speed": 5.361562500000001, 
    "yawRate": -0.003566270387954526
}