{
    "gpsHeading": 325, 
    "gpsLatitude": 51.256727588011294, 
    "gpsLongitude": 7.150496563844515, 
    "outsideTemperature": 11.0, 
    "speed": 7.3565625, 
    "yawRate": 0.060694868726672735
}