{
    "gpsHeading": 266, 
    "gpsLatitude": 51.25911760388262, 
    "gpsLongitude": 7.148444841585325, 
    "outsideTemperature": 11.5, 
    "speed": 6.0847500000000005, 
    "yawRate": 0.02729054975457948
}