{
    "gpsHeading": 308, 
    "gpsLatitude": 51.249324858765185, 
    "gpsLongitude": 7.143316290308667, 
    "outsideTemperature": 10.5, 
    "speed": 7.4064375, 
    "yawRate": -0.004119061829224861
}