{
    "gpsHeading": 181, 
    "gpsLatitude": 51.26254177896766, 
    "gpsLongitude": 7.147736235490904, 
    "outsideTemperature": 9.0, 
    "speed": 11.562687500000001, 
    "yawRate": -0.007993506512354304
}