{
    "gpsHeading": 229, 
    "gpsLatitude": 51.25351539125753, 
    "gpsLongitude": 7.145478737508787, 
    "outsideTemperature": 9.5, 
    "speed": 5.2451875, 
    "yawRate": 0.08508802274023158
}