{
    "gpsHeading": 77, 
    "gpsLatitude": 51.25833037553642, 
    "gpsLongitude": 7.144615401481754, 
    "outsideTemperature": 11.0, 
    "speed": 0.8229375000000001, 
    "yawRate": 0.0008405926687841559
}