{
    "gpsHeading": 199, 
    "gpsLatitude": 51.256458948014526, 
    "gpsLongitude": 7.156578221331205, 
    "outsideTemperature": 12.0, 
    "speed": 3.3748750000000003, 
    "yawRate": -0.32678976634738677
}