{
    "gpsHeading": 149, 
    "gpsLatitude": 51.259672066777625, 
    "gpsLongitude": 7.15363768205934, 
    "outsideTemperature": 10.5, 
    "speed": 1.5045625, 
    "yawRate": -0.0009272281645301431
}