{
    "gpsHeading": 343, 
    "gpsLatitude": 51.25761674030009, 
    "gpsLongitude": 7.1314893411097255, 
    "outsideTemperature": 11.0, 
    "speed": 12.768, 
    "yawRate": 0.011539586729353082
}