{
    "gpsHeading": 341, 
    "gpsLatitude": 51.263709545717994, 
    "gpsLongitude": 7.131614902019268, 
    "outsideTemperature": 10.0, 
    "speed": 14.197750000000001, 
    "yawRate": 0.04941323149762967
}