{
    "gpsHeading": 256, 
    "gpsLatitude": 51.26602035260432, 
    "gpsLongitude": 7.131356571763422, 
    "outsideTemperature": 9.0, 
    "speed": 12.302500000000002, 
    "yawRate": -0.09766172759267731
}