{
    "gpsHeading": 134, 
    "gpsLatitude": 51.25156374892226, 
    "gpsLongitude": 7.1479651452666175, 
    "outsideTemperature": 10.0, 
    "speed": 9.700687499999999, 
    "yawRate": -0.12208372409553944
}