{
    "gpsHeading": 153, 
    "gpsLatitude": 51.2503212155956, 
    "gpsLongitude": 7.148793193481265, 
    "outsideTemperature": 13.0, 
    "speed": 11.188625, 
    "yawRate": 0.023457140352285792
}