{
    "gpsHeading": 117, 
    "gpsLatitude": 51.25537927506655, 
    "gpsLongitude": 7.143717951108812, 
    "outsideTemperature": 17.0, 
    "speed": 7.7389375000000005, 
    "yawRate": 0.1371072673227861
}