{
    "gpsHeading": 273, 
    "gpsLatitude": 51.266082043411686, 
    "gpsLongitude": 7.131017104684843, 
    "outsideTemperature": 9.0, 
    "speed": 12.543562500000002, 
    "yawRate": -0.05542475969441497
}