{
    "gpsHeading": 244, 
    "gpsLatitude": 51.25371982587597, 
    "gpsLongitude": 7.136199300141798, 
    "outsideTemperature": 16.5, 
    "speed": 8.5369375, 
    "yawRate": -0.014291286200162876
}