{
    "gpsHeading": 261, 
    "gpsLatitude": 51.25903562886956, 
    "gpsLongitude": 7.149567932791743, 
    "outsideTemperature": 10.0, 
    "speed": 4.438875, 
    "yawRate": 0.0074503522450428145
}