{
    "gpsHeading": 16, 
    "gpsLatitude": 51.25110400153312, 
    "gpsLongitude": 7.15565629580097, 
    "outsideTemperature": 18.5, 
    "speed": 0.016625, 
    "yawRate": 0.0006182848830140618
}