{
    "gpsHeading": 277, 
    "gpsLatitude": 51.25746561458584, 
    "gpsLongitude": 7.142485476065972, 
    "outsideTemperature": 11.5, 
    "speed": 4.663312500000001, 
    "yawRate": 0.020734865929342455
}