{
    "gpsHeading": 319, 
    "gpsLatitude": 51.257605927644995, 
    "gpsLongitude": 7.1461526425240764, 
    "outsideTemperature": 13.0, 
    "speed": 2.128, 
    "yawRate": -0.004788000864350417
}