{
    "gpsHeading": 321, 
    "gpsLatitude": 51.262521494761984, 
    "gpsLongitude": 7.136674637870855, 
    "outsideTemperature": 9.0, 
    "speed": 12.094687500000001, 
    "yawRate": -0.0011450199573929923
}