{
    "gpsHeading": 24, 
    "gpsLatitude": 51.25836096948301, 
    "gpsLongitude": 7.1462112320272455, 
    "outsideTemperature": 9.5, 
    "speed": 4.671625000000001, 
    "yawRate": -2.67628587502088e-06
}