{
    "gpsHeading": 59, 
    "gpsLatitude": 51.25814815296138, 
    "gpsLongitude": 7.142510705594519, 
    "outsideTemperature": 10.0, 
    "speed": 8.794625, 
    "yawRate": -0.003176144822979535
}