{
    "gpsHeading": 163, 
    "gpsLatitude": 51.25140541477129, 
    "gpsLongitude": 7.1529020862367085, 
    "outsideTemperature": 11.5, 
    "speed": 5.843687500000001, 
    "yawRate": -0.00010620189616857142
}