{
    "gpsHeading": 52, 
    "gpsLatitude": 51.25289454368935, 
    "gpsLongitude": 7.1439443463135754, 
    "outsideTemperature": 9.0, 
    "speed": 11.2385, 
    "yawRate": -0.01142868489505274
}