{
    "gpsHeading": 347, 
    "gpsLatitude": 51.25621453171794, 
    "gpsLongitude": 7.146375433510443, 
    "outsideTemperature": 10.5, 
    "speed": 5.719, 
    "yawRate": 0.05759318902993708
}