{
    "gpsHeading": 1, 
    "gpsLatitude": 51.261373425484095, 
    "gpsLongitude": 7.13280546754625, 
    "outsideTemperature": 10.5, 
    "speed": 12.892687500000001, 
    "yawRate": 0.06739012279317048
}