{
    "gpsHeading": 178, 
    "gpsLatitude": 51.26140846183937, 
    "gpsLongitude": 7.132799013480809, 
    "outsideTemperature": 10.0, 
    "speed": 13.208562500000001, 
    "yawRate": -0.039492462187581893
}