{
    "gpsHeading": 317, 
    "gpsLatitude": 51.25763979053382, 
    "gpsLongitude": 7.151836243428952, 
    "outsideTemperature": 10.0, 
    "speed": 4.039875, 
    "yawRate": 0.06777969688190813
}