{
    "gpsHeading": 274, 
    "gpsLatitude": 51.270696197290484, 
    "gpsLongitude": 7.148624884865515, 
    "outsideTemperature": 9.5, 
    "speed": 0.0, 
    "yawRate": -6.056203758974632e-05
}