{
    "gpsHeading": 262, 
    "gpsLatitude": 51.266070644023365, 
    "gpsLongitude": 7.132202641069921, 
    "outsideTemperature": 8.5, 
    "speed": 11.6956875, 
    "yawRate": -0.004635678461381394
}