{
    "gpsHeading": 50, 
    "gpsLatitude": 51.250838965754724, 
    "gpsLongitude": 7.1391959981649435, 
    "outsideTemperature": 11.0, 
    "speed": 10.340750000000002, 
    "yawRate": -0.042670078505751066
}