{
    "gpsHeading": 23, 
    "gpsLatitude": 51.262005923897696, 
    "gpsLongitude": 7.155361001352104, 
    "outsideTemperature": 10.5, 
    "speed": 11.7954375, 
    "yawRate": 0.0520386468290163
}