{
    "gpsHeading": 311, 
    "gpsLatitude": 51.262248412356534, 
    "gpsLongitude": 7.137360696645743, 
    "outsideTemperature": 9.0, 
    "speed": 11.172, 
    "yawRate": 0.02398772127132588
}