{
    "gpsHeading": 111, 
    "gpsLatitude": 51.25788839778199, 
    "gpsLongitude": 7.155161512056555, 
    "outsideTemperature": 10.0, 
    "speed": 7.3731875, 
    "yawRate": 0.01105649619209337
}