{
    "gpsHeading": 262, 
    "gpsLatitude": 51.24891422932864, 
    "gpsLongitude": 7.145567082768247, 
    "outsideTemperature": 10.0, 
    "speed": 13.940062500000002, 
    "yawRate": 0.00809824293473504
}