{
    "gpsHeading": 316, 
    "gpsLatitude": 51.26543035043982, 
    "gpsLongitude": 7.133420950696402, 
    "outsideTemperature": 8.5, 
    "speed": 10.482062500000001, 
    "yawRate": 0.18455801245480127
}