{
    "gpsHeading": 318, 
    "gpsLatitude": 51.25663647672378, 
    "gpsLongitude": 7.146191031640601, 
    "outsideTemperature": 14.0, 
    "speed": 6.982500000000001, 
    "yawRate": -0.03934552005383688
}