{
    "gpsHeading": 51, 
    "gpsLatitude": 51.25254811963114, 
    "gpsLongitude": 7.143159883995421, 
    "outsideTemperature": 9.0, 
    "speed": 10.8395, 
    "yawRate": 0.017369247762852813
}