{
    "gpsHeading": 0, 
    "gpsLatitude": 51.256109841747296, 
    "gpsLongitude": 7.131430751606524, 
    "outsideTemperature": 11.5, 
    "speed": 3.7156875000000005, 
    "yawRate": -0.01376768742456407
}