{
    "gpsHeading": 192, 
    "gpsLatitude": 51.259508116751526, 
    "gpsLongitude": 7.153524861642586, 
    "outsideTemperature": 10.5, 
    "speed": 1.3965, 
    "yawRate": 0.024903644764985813
}