{
    "gpsHeading": 0, 
    "gpsLatitude": 51.255391512645204, 
    "gpsLongitude": 7.131326816007164, 
    "outsideTemperature": 11.0, 
    "speed": 9.14375, 
    "yawRate": 0.09695264225841649
}