{
    "gpsHeading": 17, 
    "gpsLatitude": 51.26270589663182, 
    "gpsLongitude": 7.155740114832719, 
    "outsideTemperature": 10.5, 
    "speed": 10.8810625, 
    "yawRate": 0.004565691174771857
}