{
    "gpsHeading": 204, 
    "gpsLatitude": 51.2587975828194, 
    "gpsLongitude": 7.145986848479245, 
    "outsideTemperature": 10.0, 
    "speed": 6.749750000000001, 
    "yawRate": -0.050478719974478524
}