{
    "gpsHeading": 2, 
    "gpsLatitude": 51.251184803079724, 
    "gpsLongitude": 7.1415234850385785, 
    "outsideTemperature": 11.5, 
    "speed": 0.0, 
    "yawRate": 0.0002794690942980551
}