{
    "gpsHeading": 234, 
    "gpsLatitude": 51.25819173885791, 
    "gpsLongitude": 7.1441868347724276, 
    "outsideTemperature": 11.0, 
    "speed": 5.3449375, 
    "yawRate": -0.003350677748178806
}