{
    "gpsHeading": 264, 
    "gpsLatitude": 51.258904535903895, 
    "gpsLongitude": 7.1510443212170065, 
    "outsideTemperature": 10.5, 
    "speed": 10.1163125, 
    "yawRate": -0.016286125582079904
}