{
    "gpsHeading": 335, 
    "gpsLatitude": 51.24947145825172, 
    "gpsLongitude": 7.143086542342635, 
    "outsideTemperature": 10.5, 
    "speed": 8.8361875, 
    "yawRate": 0.033405517088653185
}