{
    "gpsHeading": 186, 
    "gpsLatitude": 51.26164868718436, 
    "gpsLongitude": 7.147577649882832, 
    "outsideTemperature": 9.0, 
    "speed": 10.7646875, 
    "yawRate": -0.005026446783964708
}