{
    "gpsHeading": 170, 
    "gpsLatitude": 51.26039508974551, 
    "gpsLongitude": 7.1476053939823645, 
    "outsideTemperature": 9.5, 
    "speed": 9.609250000000001, 
    "yawRate": 0.03494159308670512
}