{
    "gpsHeading": 174, 
    "gpsLatitude": 51.27013980655773, 
    "gpsLongitude": 7.148473507694171, 
    "outsideTemperature": 9.0, 
    "speed": 13.258437500000001, 
    "yawRate": -0.0031728571184118076
}