{
    "gpsHeading": 346, 
    "gpsLatitude": 51.25167874863383, 
    "gpsLongitude": 7.150833516352143, 
    "outsideTemperature": 9.5, 
    "speed": 7.2069375, 
    "yawRate": 0.004183057579735038
}