{
    "gpsHeading": 313, 
    "gpsLatitude": 51.26357652491462, 
    "gpsLongitude": 7.134579078258077, 
    "outsideTemperature": 8.5, 
    "speed": 12.1113125, 
    "yawRate": -0.008126336965369796
}