{
    "gpsHeading": 95, 
    "gpsLatitude": 51.25545286817643, 
    "gpsLongitude": 7.142187667046156, 
    "outsideTemperature": 12.5, 
    "speed": 6.8245625, 
    "yawRate": -0.01763050173101729
}