{
    "gpsHeading": 249, 
    "gpsLatitude": 51.25091205595041, 
    "gpsLongitude": 7.154367913463943, 
    "outsideTemperature": 15.0, 
    "speed": 9.850312500000001, 
    "yawRate": -0.011422497333995295
}