{
    "gpsHeading": 70, 
    "gpsLatitude": 51.25542562699112, 
    "gpsLongitude": 7.14403872654332, 
    "outsideTemperature": 16.5, 
    "speed": 8.811250000000001, 
    "yawRate": 0.015108752608385357
}