{
    "gpsHeading": 171, 
    "gpsLatitude": 51.26152396446513, 
    "gpsLongitude": 7.132752661556236, 
    "outsideTemperature": 10.0, 
    "speed": 13.150375, 
    "yawRate": -0.05746935348312271
}