{
    "gpsHeading": 26, 
    "gpsLatitude": 51.25084122886858, 
    "gpsLongitude": 7.154634877080055, 
    "outsideTemperature": 10.5, 
    "speed": 0.0, 
    "yawRate": -6.852302999663931e-05
}