{
    "gpsHeading": 0, 
    "gpsLatitude": 51.26495895220526, 
    "gpsLongitude": 7.147214042923119, 
    "outsideTemperature": 9.5, 
    "speed": 12.2609375, 
    "yawRate": 0.11452860697764523
}