{
    "gpsHeading": 216, 
    "gpsLatitude": 51.25948925746939, 
    "gpsLongitude": 7.131973479837113, 
    "outsideTemperature": 10.0, 
    "speed": 12.892687500000001, 
    "yawRate": 0.039745485852959686
}