{
    "gpsHeading": 147, 
    "gpsLatitude": 51.25704174174229, 
    "gpsLongitude": 7.1501257484480405, 
    "outsideTemperature": 13.0, 
    "speed": 5.0207500000000005, 
    "yawRate": 0.1162998500873492
}