{
    "gpsHeading": 85, 
    "gpsLatitude": 51.25538430420847, 
    "gpsLongitude": 7.1460093119797765, 
    "outsideTemperature": 15.5, 
    "speed": 5.602625000000001, 
    "yawRate": 0.04635014621908269
}