{
    "gpsHeading": 248, 
    "gpsLatitude": 51.25882867968016, 
    "gpsLongitude": 7.151883517362872, 
    "outsideTemperature": 11.0, 
    "speed": 9.526125, 
    "yawRate": -0.002323491566125305
}