{
    "gpsHeading": 59, 
    "gpsLatitude": 51.25043453892653, 
    "gpsLongitude": 7.138384629937609, 
    "outsideTemperature": 12.0, 
    "speed": 9.709000000000001, 
    "yawRate": 0.013180457558066336
}