{
    "gpsHeading": 314, 
    "gpsLatitude": 51.25391562713414, 
    "gpsLongitude": 7.1324520865084065, 
    "outsideTemperature": 13.5, 
    "speed": 9.243500000000001, 
    "yawRate": 0.008397994075763224
}