{
    "gpsHeading": 157, 
    "gpsLatitude": 51.25242289399771, 
    "gpsLongitude": 7.15286126636823, 
    "outsideTemperature": 10.0, 
    "speed": 7.3648750000000005, 
    "yawRate": -0.011040274402974323
}