{
    "gpsHeading": 27, 
    "gpsLatitude": 51.261702079907586, 
    "gpsLongitude": 7.1550954626595304, 
    "outsideTemperature": 10.5, 
    "speed": 12.950875, 
    "yawRate": -0.008873344065583936
}