{
    "gpsHeading": 52, 
    "gpsLatitude": 51.26415873190914, 
    "gpsLongitude": 7.156464311267038, 
    "outsideTemperature": 11.0, 
    "speed": 4.7796875, 
    "yawRate": 0.028394303268974217
}