{
    "gpsHeading": 21, 
    "gpsLatitude": 51.25767147412783, 
    "gpsLongitude": 7.154579640338156, 
    "outsideTemperature": 10.0, 
    "speed": 5.403125, 
    "yawRate": 0.004249712109315838
}