{
    "gpsHeading": 267, 
    "gpsLatitude": 51.26104929728832, 
    "gpsLongitude": 7.146907935819162, 
    "outsideTemperature": 10.5, 
    "speed": 8.4870625, 
    "yawRate": 0.003916434873390835
}