{
    "gpsHeading": 237, 
    "gpsLatitude": 51.258830104603696, 
    "gpsLongitude": 7.152672086813581, 
    "outsideTemperature": 11.5, 
    "speed": 8.304187500000001, 
    "yawRate": -0.13235052083970048
}