{
    "gpsHeading": 266, 
    "gpsLatitude": 51.25117566680527, 
    "gpsLongitude": 7.149712688259581, 
    "outsideTemperature": 11.5, 
    "speed": 7.3731875, 
    "yawRate": -0.02680973945168188
}