{
    "gpsHeading": 314, 
    "gpsLatitude": 51.266968178215336, 
    "gpsLongitude": 7.147938239357438, 
    "outsideTemperature": 11.0, 
    "speed": 0.0, 
    "yawRate": 6.377362894648044e-05
}