{
    "gpsHeading": 250, 
    "gpsLatitude": 51.25320291390717, 
    "gpsLongitude": 7.134305744395554, 
    "outsideTemperature": 14.0, 
    "speed": 7.032375, 
    "yawRate": -0.032966309196501765
}