{
    "gpsHeading": 279, 
    "gpsLatitude": 51.25630757084319, 
    "gpsLongitude": 7.152175459050469, 
    "outsideTemperature": 12.0, 
    "speed": 5.6857500000000005, 
    "yawRate": -0.022906402443853602
}