{
    "gpsHeading": 304, 
    "gpsLatitude": 51.263656739728, 
    "gpsLongitude": 7.134461228699452, 
    "outsideTemperature": 8.5, 
    "speed": 12.4355, 
    "yawRate": 0.004090967798590106
}