{
    "gpsHeading": 62, 
    "gpsLatitude": 51.25441233871628, 
    "gpsLongitude": 7.139657673391832, 
    "outsideTemperature": 9.5, 
    "speed": 7.6059375000000005, 
    "yawRate": -0.0039288493854090015
}