{
    "gpsHeading": 51, 
    "gpsLatitude": 51.25913093110866, 
    "gpsLongitude": 7.147399282983276, 
    "outsideTemperature": 11.5, 
    "speed": 4.605125, 
    "yawRate": -0.022939425085090503
}