{
    "gpsHeading": 231, 
    "gpsLatitude": 51.257181216611116, 
    "gpsLongitude": 7.1420720806013875, 
    "outsideTemperature": 16.5, 
    "speed": 0.0, 
    "yawRate": 0.0003676533872595878
}