{
    "gpsHeading": 0, 
    "gpsLatitude": 51.253755113688335, 
    "gpsLongitude": 7.132593740672038, 
    "outsideTemperature": 10.5, 
    "speed": 6.68325, 
    "yawRate": -0.008465244562039596
}