{
    "gpsHeading": 297, 
    "gpsLatitude": 51.25100232904761, 
    "gpsLongitude": 7.153223448404438, 
    "outsideTemperature": 13.5, 
    "speed": 6.134625000000001, 
    "yawRate": -0.08298099666576199
}