{
    "gpsHeading": 171, 
    "gpsLatitude": 51.2556433888356, 
    "gpsLongitude": 7.131307118534676, 
    "outsideTemperature": 11.0, 
    "speed": 9.326625000000002, 
    "yawRate": 0.07810308633687733
}