{
    "gpsHeading": 351, 
    "gpsLatitude": 51.25722731707857, 
    "gpsLongitude": 7.146138477107683, 
    "outsideTemperature": 13.0, 
    "speed": 5.910187500000001, 
    "yawRate": -0.01700530562831032
}