{
    "gpsHeading": 119, 
    "gpsLatitude": 51.250844833086944, 
    "gpsLongitude": 7.137360696645743, 
    "outsideTemperature": 9.5, 
    "speed": 9.002437500000001, 
    "yawRate": -0.04040476987353501
}