{
    "gpsHeading": 147, 
    "gpsLatitude": 51.25407924188412, 
    "gpsLongitude": 7.132159055173396, 
    "outsideTemperature": 11.0, 
    "speed": 8.886062500000001, 
    "yawRate": 0.02364881367465608
}