{
    "gpsHeading": 91, 
    "gpsLatitude": 51.2502990035522, 
    "gpsLongitude": 7.138196540030339, 
    "outsideTemperature": 12.0, 
    "speed": 7.697375, 
    "yawRate": 0.16240610860357918
}