{
    "gpsHeading": 253, 
    "gpsLatitude": 51.25104591494411, 
    "gpsLongitude": 7.154947689706551, 
    "outsideTemperature": 16.0, 
    "speed": 10.955875, 
    "yawRate": 0.009695986615135379
}