{
    "gpsHeading": 60, 
    "gpsLatitude": 51.252780382168126, 
    "gpsLongitude": 7.143669838984608, 
    "outsideTemperature": 9.0, 
    "speed": 11.537749999999999, 
    "yawRate": -0.025914917686606146
}