{
    "gpsHeading": 17, 
    "gpsLatitude": 51.2575145649004, 
    "gpsLongitude": 7.154480398604539, 
    "outsideTemperature": 10.0, 
    "speed": 6.384, 
    "yawRate": 0.0026789157825204118
}