{
    "gpsHeading": 0, 
    "gpsLatitude": 51.267384255888956, 
    "gpsLongitude": 7.148115432790551, 
    "outsideTemperature": 9.5, 
    "speed": 11.645812500000002, 
    "yawRate": 0.009393513495947628
}