{
    "gpsHeading": 163, 
    "gpsLatitude": 51.255229825732954, 
    "gpsLongitude": 7.131380963101652, 
    "outsideTemperature": 11.0, 
    "speed": 9.359875, 
    "yawRate": -0.0065453823848456265
}