{
    "gpsHeading": 343, 
    "gpsLatitude": 51.25142871646212, 
    "gpsLongitude": 7.152904014074437, 
    "outsideTemperature": 15.5, 
    "speed": 7.589312500000001, 
    "yawRate": -0.20407368967354395
}