{
    "gpsHeading": 332, 
    "gpsLatitude": 51.250337057392606, 
    "gpsLongitude": 7.142164365355339, 
    "outsideTemperature": 10.5, 
    "speed": 9.3848125, 
    "yawRate": 0.012112500214322247
}