{
    "gpsHeading": 0, 
    "gpsLatitude": 51.25739285966629, 
    "gpsLongitude": 7.149108772135808, 
    "outsideTemperature": 10.0, 
    "speed": 8.8528125, 
    "yawRate": -0.12151750518153215
}