{
    "gpsHeading": 264, 
    "gpsLatitude": 51.2610170269611, 
    "gpsLongitude": 7.146401585048371, 
    "outsideTemperature": 10.0, 
    "speed": 9.044, 
    "yawRate": -0.0011450199573929923
}