{
    "gpsHeading": 164, 
    "gpsLatitude": 51.25663647672378, 
    "gpsLongitude": 7.141870998744203, 
    "outsideTemperature": 19.0, 
    "speed": 8.029875, 
    "yawRate": -0.06370578486105527
}