{
    "gpsHeading": 286, 
    "gpsLatitude": 51.25115596933281, 
    "gpsLongitude": 7.153034352668788, 
    "outsideTemperature": 16.0, 
    "speed": 5.220250000000001, 
    "yawRate": 0.0008279645105870362
}