{
    "gpsHeading": 204, 
    "gpsLatitude": 51.26081452018039, 
    "gpsLongitude": 7.154341510468953, 
    "outsideTemperature": 9.5, 
    "speed": 10.9309375, 
    "yawRate": 0.0025634303394582586
}