{
    "gpsHeading": 255, 
    "gpsLatitude": 51.25909790641015, 
    "gpsLongitude": 7.147070963835915, 
    "outsideTemperature": 12.5, 
    "speed": 5.7771875, 
    "yawRate": 0.028073234338862576
}