{
    "gpsHeading": 272, 
    "gpsLatitude": 51.256346462873935, 
    "gpsLongitude": 7.151008781947525, 
    "outsideTemperature": 11.0, 
    "speed": 6.1761875, 
    "yawRate": -0.08661092014164615
}