{
    "gpsHeading": 282, 
    "gpsLatitude": 51.24893845302883, 
    "gpsLongitude": 7.144220194747049, 
    "outsideTemperature": 10.0, 
    "speed": 3.2335625, 
    "yawRate": -0.028728204282343937
}