{
    "gpsHeading": 76, 
    "gpsLatitude": 51.25420589244108, 
    "gpsLongitude": 7.138714625465604, 
    "outsideTemperature": 9.5, 
    "speed": 10.4155625, 
    "yawRate": -0.007768573739796938
}