{
    "gpsHeading": 74, 
    "gpsLatitude": 51.254288957101544, 
    "gpsLongitude": 7.1540732057483, 
    "outsideTemperature": 10.0, 
    "speed": 8.894375, 
    "yawRate": -0.015403597532960073
}