{
    "gpsHeading": 244, 
    "gpsLatitude": 51.261004537925366, 
    "gpsLongitude": 7.146206286704374, 
    "outsideTemperature": 10.0, 
    "speed": 9.052312500000001, 
    "yawRate": -0.0007959541069934578
}