{
    "gpsHeading": 181, 
    "gpsLatitude": 51.25771036615856, 
    "gpsLongitude": 7.142964334194361, 
    "outsideTemperature": 9.5, 
    "speed": 5.012437500000001, 
    "yawRate": -0.019748787165781406
}