{
    "gpsHeading": 300, 
    "gpsLatitude": 51.258856759055796, 
    "gpsLongitude": 7.146176279491019, 
    "outsideTemperature": 9.5, 
    "speed": 5.6940625, 
    "yawRate": -0.0216447590106045
}