{
    "gpsHeading": 246, 
    "gpsLatitude": 51.24901313578612, 
    "gpsLongitude": 7.146962921104, 
    "outsideTemperature": 10.5, 
    "speed": 15.935062500000003, 
    "yawRate": 0.012810631915120324
}