{
    "gpsHeading": 190, 
    "gpsLatitude": 51.260105662628874, 
    "gpsLongitude": 7.132615952715476, 
    "outsideTemperature": 10.0, 
    "speed": 13.524437500000001, 
    "yawRate": -0.0878380824678237
}