{
    "gpsHeading": 246, 
    "gpsLatitude": 51.25432927405581, 
    "gpsLongitude": 7.138608510571387, 
    "outsideTemperature": 10.5, 
    "speed": 13.042312500000001, 
    "yawRate": 0.004702249132311017
}