{
    "gpsHeading": 41, 
    "gpsLatitude": 51.25569761974914, 
    "gpsLongitude": 7.141846523586942, 
    "outsideTemperature": 26.0, 
    "speed": 0.0, 
    "yawRate": 4.2687951200348975e-06
}