{
    "gpsHeading": 29, 
    "gpsLatitude": 51.25162041058773, 
    "gpsLongitude": 7.153008201130894, 
    "outsideTemperature": 15.0, 
    "speed": 9.2351875, 
    "yawRate": -0.008247747599784
}