{
    "gpsHeading": 225, 
    "gpsLatitude": 51.25111649056884, 
    "gpsLongitude": 7.139805194887685, 
    "outsideTemperature": 11.0, 
    "speed": 3.2501875000000005, 
    "yawRate": -0.25385999827099365
}