{
    "gpsHeading": 275, 
    "gpsLatitude": 51.259137636631195, 
    "gpsLongitude": 7.147741264632806, 
    "outsideTemperature": 12.0, 
    "speed": 0.0, 
    "yawRate": -0.0006336761230377419
}