{
    "gpsHeading": 61, 
    "gpsLatitude": 51.25232423899734, 
    "gpsLongitude": 7.153958206036752, 
    "outsideTemperature": 13.0, 
    "speed": 10.6316875, 
    "yawRate": 0.01775765825493123
}