{
    "gpsHeading": 286, 
    "gpsLatitude": 51.25810842274033, 
    "gpsLongitude": 7.148359597630037, 
    "outsideTemperature": 11.5, 
    "speed": 0.0, 
    "yawRate": -0.00018204682817099895
}