{
    "gpsHeading": 153, 
    "gpsLatitude": 51.265742073418906, 
    "gpsLongitude": 7.130029632671773, 
    "outsideTemperature": 9.0, 
    "speed": 9.7671875, 
    "yawRate": 0.0065344287513828805
}