{
    "gpsHeading": 104, 
    "gpsLatitude": 51.25744231289502, 
    "gpsLongitude": 7.1526901917244325, 
    "outsideTemperature": 10.0, 
    "speed": 8.0880625, 
    "yawRate": -0.007094928028647708
}