{
    "gpsHeading": 335, 
    "gpsLatitude": 51.2585320441268, 
    "gpsLongitude": 7.148336547396315, 
    "outsideTemperature": 11.0, 
    "speed": 0.0, 
    "yawRate": -4.7119962850918767e-07
}