{
    "gpsHeading": 76, 
    "gpsLatitude": 51.25141790380703, 
    "gpsLongitude": 7.150986234627995, 
    "outsideTemperature": 9.5, 
    "speed": 0.23274999999999998, 
    "yawRate": 0.012211572138908462
}