{
    "gpsHeading": 91, 
    "gpsLatitude": 51.25542956648561, 
    "gpsLongitude": 7.145443198239339, 
    "outsideTemperature": 13.5, 
    "speed": 2.5519375, 
    "yawRate": -0.0049625337895496885
}