{
    "gpsHeading": 132, 
    "gpsLatitude": 51.25114398321126, 
    "gpsLongitude": 7.136908241512344, 
    "outsideTemperature": 9.5, 
    "speed": 8.960875, 
    "yawRate": 0.016667496666678286
}