{
    "gpsHeading": 3, 
    "gpsLatitude": 51.256755080653704, 
    "gpsLongitude": 7.131757142916157, 
    "outsideTemperature": 11.5, 
    "speed": 10.257624999999999, 
    "yawRate": 0.046446171769239084
}