{
    "gpsHeading": 338, 
    "gpsLatitude": 51.25869540741968, 
    "gpsLongitude": 7.146012413283951, 
    "outsideTemperature": 9.5, 
    "speed": 4.389, 
    "yawRate": -0.26459459088821136
}