{
    "gpsHeading": 206, 
    "gpsLatitude": 51.26286842173439, 
    "gpsLongitude": 7.155455130124787, 
    "outsideTemperature": 10.0, 
    "speed": 4.638375, 
    "yawRate": 0.20990854547638102
}