{
    "gpsHeading": 27, 
    "gpsLatitude": 51.25904007127824, 
    "gpsLongitude": 7.153201823094222, 
    "outsideTemperature": 11.0, 
    "speed": 8.661624999999999, 
    "yawRate": 0.03528348600987138
}