{
    "gpsHeading": 13, 
    "gpsLatitude": 51.260227284043935, 
    "gpsLongitude": 7.132675464227993, 
    "outsideTemperature": 10.5, 
    "speed": 14.06475, 
    "yawRate": 0.04155924986365453
}