{
    "gpsHeading": 273, 
    "gpsLatitude": 51.26628203562143, 
    "gpsLongitude": 7.129919075368908, 
    "outsideTemperature": 9.0, 
    "speed": 7.497875, 
    "yawRate": 0.40307323480448737
}