{
    "gpsHeading": 321, 
    "gpsLatitude": 51.24987563362282, 
    "gpsLongitude": 7.142568792183531, 
    "outsideTemperature": 10.5, 
    "speed": 9.609250000000001, 
    "yawRate": 0.03323098416345292
}