{
    "gpsHeading": 142, 
    "gpsLatitude": 51.251240961830995, 
    "gpsLongitude": 7.152959083178274, 
    "outsideTemperature": 11.5, 
    "speed": 4.031562500000001, 
    "yawRate": -0.6165564937005552
}