{
    "gpsHeading": 246, 
    "gpsLatitude": 51.25750844611107, 
    "gpsLongitude": 7.1425465801401264, 
    "outsideTemperature": 10.5, 
    "speed": 6.9658750000000005, 
    "yawRate": 0.022308142468314366
}