{
    "gpsHeading": 215, 
    "gpsLatitude": 51.25327231606547, 
    "gpsLongitude": 7.144850178589688, 
    "outsideTemperature": 15.5, 
    "speed": 6.6250625, 
    "yawRate": 0.18649048765705295
}