{
    "gpsHeading": 244, 
    "gpsLatitude": 51.25091314559781, 
    "gpsLongitude": 7.148398238203691, 
    "outsideTemperature": 15.5, 
    "speed": 6.0431875, 
    "yawRate": 0.34599398612083176
}