{
    "gpsHeading": 26, 
    "gpsLatitude": 51.260042882174105, 
    "gpsLongitude": 7.153868184396657, 
    "outsideTemperature": 10.5, 
    "speed": 12.285875, 
    "yawRate": 0.006311020426766553
}