{
    "gpsHeading": 165, 
    "gpsLatitude": 51.25638007430565, 
    "gpsLongitude": 7.141886840541197, 
    "outsideTemperature": 10.5, 
    "speed": 9.709000000000001, 
    "yawRate": 0.0582895672362597
}