{
    "gpsHeading": 176, 
    "gpsLatitude": 51.256758181957885, 
    "gpsLongitude": 7.14181433707873, 
    "outsideTemperature": 20.5, 
    "speed": 6.6998750000000005, 
    "yawRate": -0.048870486219103317
}