{
    "gpsHeading": 137, 
    "gpsLatitude": 51.252774514835885, 
    "gpsLongitude": 7.145465158825648, 
    "outsideTemperature": 13.5, 
    "speed": 7.54775, 
    "yawRate": 0.017019017288406744
}