{
    "gpsHeading": 68, 
    "gpsLatitude": 51.2510170811972, 
    "gpsLongitude": 7.14887684487495, 
    "outsideTemperature": 11.5, 
    "speed": 8.362375, 
    "yawRate": -0.041893634672914244
}