{
    "gpsHeading": 33, 
    "gpsLatitude": 51.25506704917329, 
    "gpsLongitude": 7.141422399286297, 
    "outsideTemperature": 12.0, 
    "speed": 9.226875000000001, 
    "yawRate": -0.017313311764133404
}