{
    "gpsHeading": 236, 
    "gpsLatitude": 51.25335152505046, 
    "gpsLongitude": 7.145059055616823, 
    "outsideTemperature": 16.0, 
    "speed": 5.652500000000001, 
    "yawRate": 0.23937396399247976
}