{
    "gpsHeading": 87, 
    "gpsLatitude": 51.2590745209003, 
    "gpsLongitude": 7.1469288067580585, 
    "outsideTemperature": 9.5, 
    "speed": 7.0240625, 
    "yawRate": -0.06719785248765597
}