{
    "gpsHeading": 250, 
    "gpsLatitude": 51.25424285663409, 
    "gpsLongitude": 7.138260745408667, 
    "outsideTemperature": 10.5, 
    "speed": 12.984125, 
    "yawRate": 0.006098512533906179
}