{
    "gpsHeading": 159, 
    "gpsLatitude": 51.25703235401073, 
    "gpsLongitude": 7.131757394373251, 
    "outsideTemperature": 12.5, 
    "speed": 8.5535625, 
    "yawRate": -0.0555891343658855
}