{
    "gpsHeading": 249, 
    "gpsLatitude": 51.25437177030492, 
    "gpsLongitude": 7.138782686519391, 
    "outsideTemperature": 10.5, 
    "speed": 13.017375, 
    "yawRate": 0.008541973486697961
}