{
    "gpsHeading": 319, 
    "gpsLatitude": 51.258768749072466, 
    "gpsLongitude": 7.146049293657905, 
    "outsideTemperature": 12.0, 
    "speed": 5.461312500000001, 
    "yawRate": -0.230110007296814
}