{
    "gpsHeading": 351, 
    "gpsLatitude": 51.25553760921752, 
    "gpsLongitude": 7.13130234084987, 
    "outsideTemperature": 11.5, 
    "speed": 11.6375, 
    "yawRate": -0.05146679926764139
}