{
    "gpsHeading": 19, 
    "gpsLatitude": 51.251561234351314, 
    "gpsLongitude": 7.152615676605205, 
    "outsideTemperature": 11.0, 
    "speed": 5.2950625, 
    "yawRate": 0.36012975571545475
}