{
    "gpsHeading": 60, 
    "gpsLatitude": 51.25745312555012, 
    "gpsLongitude": 7.151112382270759, 
    "outsideTemperature": 11.0, 
    "speed": 5.9766875, 
    "yawRate": 0.01227822666848926
}