{
    "gpsHeading": 199, 
    "gpsLatitude": 51.25131204036992, 
    "gpsLongitude": 7.156013197238146, 
    "outsideTemperature": 19.0, 
    "speed": 9.492875, 
    "yawRate": 0.0007948074299646071
}