{
    "gpsHeading": 175, 
    "gpsLatitude": 51.26914680248859, 
    "gpsLongitude": 7.148546514070829, 
    "outsideTemperature": 9.0, 
    "speed": 13.2916875, 
    "yawRate": -0.006139916846801404
}