{
    "gpsHeading": 358, 
    "gpsLatitude": 51.2561642402989, 
    "gpsLongitude": 7.141892624054385, 
    "outsideTemperature": 10.5, 
    "speed": 8.113000000000001, 
    "yawRate": -0.019058641016127108
}