{
    "gpsHeading": 317, 
    "gpsLatitude": 51.2537587179067, 
    "gpsLongitude": 7.132704633251064, 
    "outsideTemperature": 13.5, 
    "speed": 8.0215625, 
    "yawRate": -0.005564639940191376
}