{
    "gpsHeading": 239, 
    "gpsLatitude": 51.2531465036988, 
    "gpsLongitude": 7.133964349479244, 
    "outsideTemperature": 14.0, 
    "speed": 4.1146875000000005, 
    "yawRate": -0.13890779479255566
}