{
    "gpsHeading": 184, 
    "gpsLatitude": 51.27046427002965, 
    "gpsLongitude": 7.148442075557278, 
    "outsideTemperature": 9.0, 
    "speed": 11.487875, 
    "yawRate": 0.018469225606317672
}