{
    "gpsHeading": 292, 
    "gpsLatitude": 51.25678374676255, 
    "gpsLongitude": 7.15526712403655, 
    "outsideTemperature": 10.5, 
    "speed": 7.7223125, 
    "yawRate": 0.01337490486630243
}