{
    "gpsHeading": 56, 
    "gpsLatitude": 51.2515192410164, 
    "gpsLongitude": 7.140902972746524, 
    "outsideTemperature": 10.0, 
    "speed": 6.5419375, 
    "yawRate": 0.03412440858199774
}