{
    "gpsHeading": 166, 
    "gpsLatitude": 51.2641522778437, 
    "gpsLongitude": 7.153394355410172, 
    "outsideTemperature": 10.5, 
    "speed": 5.7938125000000005, 
    "yawRate": -0.037230076606011304
}