{
    "gpsHeading": 181, 
    "gpsLatitude": 51.25820565281717, 
    "gpsLongitude": 7.131281805187099, 
    "outsideTemperature": 14.0, 
    "speed": 7.1155, 
    "yawRate": 0.012478706461891807
}