{
    "gpsHeading": 319, 
    "gpsLatitude": 51.25940091220992, 
    "gpsLongitude": 7.1479757064646146, 
    "outsideTemperature": 10.5, 
    "speed": 0.0, 
    "yawRate": -0.0010827317266896798
}