{
    "gpsHeading": 216, 
    "gpsLatitude": 51.25691701902304, 
    "gpsLongitude": 7.141791538302104, 
    "outsideTemperature": 21.5, 
    "speed": 4.655, 
    "yawRate": 0.2584819950570932
}