{
    "gpsHeading": 318, 
    "gpsLatitude": 51.26425562670986, 
    "gpsLongitude": 7.133629073352217, 
    "outsideTemperature": 8.5, 
    "speed": 11.762187500000001, 
    "yawRate": -0.021216306355327046
}