{
    "gpsHeading": 196, 
    "gpsLatitude": 51.26674873999023, 
    "gpsLongitude": 7.147846541336707, 
    "outsideTemperature": 11.0, 
    "speed": 9.925125000000001, 
    "yawRate": 0.006492726279198109
}