{
    "gpsHeading": 350, 
    "gpsLatitude": 51.25699983222641, 
    "gpsLongitude": 7.146139315298001, 
    "outsideTemperature": 13.5, 
    "speed": 6.450500000000001, 
    "yawRate": -0.00967492276993398
}