{
    "gpsHeading": 144, 
    "gpsLatitude": 51.252938464862005, 
    "gpsLongitude": 7.145269860481686, 
    "outsideTemperature": 14.0, 
    "speed": 7.664125, 
    "yawRate": -0.006368394688317431
}