{
    "gpsHeading": 273, 
    "gpsLatitude": 51.25781036226343, 
    "gpsLongitude": 7.143171786297923, 
    "outsideTemperature": 11.5, 
    "speed": 5.3865, 
    "yawRate": -0.10475430728904768
}