{
    "gpsHeading": 54, 
    "gpsLatitude": 51.25643874762788, 
    "gpsLongitude": 7.131625127941138, 
    "outsideTemperature": 11.5, 
    "speed": 7.971687500000001, 
    "yawRate": 0.07262611054915359
}