{
    "gpsHeading": 196, 
    "gpsLatitude": 51.257362600995826, 
    "gpsLongitude": 7.142321274582776, 
    "outsideTemperature": 11.5, 
    "speed": 5.7771875, 
    "yawRate": 0.04066174179111743
}