{
    "gpsHeading": 241, 
    "gpsLatitude": 51.25377732573175, 
    "gpsLongitude": 7.1364246056991485, 
    "outsideTemperature": 17.0, 
    "speed": 8.47875, 
    "yawRate": -0.02022540565694306
}