{
    "gpsHeading": 60, 
    "gpsLatitude": 51.25638175068628, 
    "gpsLongitude": 7.141886840541197, 
    "outsideTemperature": 10.5, 
    "speed": 7.5145, 
    "yawRate": 0.0442968108312659
}