{
    "gpsHeading": 265, 
    "gpsLatitude": 51.2565681642129, 
    "gpsLongitude": 7.141881811399294, 
    "outsideTemperature": 12.0, 
    "speed": 9.2850625, 
    "yawRate": -0.07767729156182043
}