{
    "gpsHeading": 5, 
    "gpsLatitude": 51.254678464142096, 
    "gpsLongitude": 7.154162389198077, 
    "outsideTemperature": 10.0, 
    "speed": 7.0988750000000005, 
    "yawRate": 0.07413179309434745
}