{
    "gpsHeading": 199, 
    "gpsLatitude": 51.25887478014763, 
    "gpsLongitude": 7.152871576109131, 
    "outsideTemperature": 11.5, 
    "speed": 6.8578125, 
    "yawRate": -0.038975405858006
}