{
    "gpsHeading": 0, 
    "gpsLatitude": 51.26149839966043, 
    "gpsLongitude": 7.139628252911667, 
    "outsideTemperature": 9.5, 
    "speed": 9.085562500000002, 
    "yawRate": 0.04528073814565583
}