{
    "gpsHeading": 56, 
    "gpsLatitude": 51.25390179699391, 
    "gpsLongitude": 7.137578793766366, 
    "outsideTemperature": 9.5, 
    "speed": 12.7763125, 
    "yawRate": 0.004623263949362235
}