{
    "gpsHeading": 152, 
    "gpsLatitude": 51.25791010691123, 
    "gpsLongitude": 7.13134768694606, 
    "outsideTemperature": 13.5, 
    "speed": 8.595125, 
    "yawRate": 0.008988047957903407
}