{
    "gpsHeading": 44, 
    "gpsLatitude": 51.25519068224513, 
    "gpsLongitude": 7.14160017945263, 
    "outsideTemperature": 11.5, 
    "speed": 8.379, 
    "yawRate": -0.0012562826457855666
}