{
    "gpsHeading": 312, 
    "gpsLatitude": 51.26390400587166, 
    "gpsLongitude": 7.1340979570158325, 
    "outsideTemperature": 8.5, 
    "speed": 12.8760625, 
    "yawRate": -0.016503917374942754
}