{
    "gpsHeading": 280, 
    "gpsLatitude": 51.257181216611116, 
    "gpsLongitude": 7.1420720806013875, 
    "outsideTemperature": 20.5, 
    "speed": 0.0, 
    "yawRate": 4.2554986139650176e-05
}