{
    "gpsHeading": 3, 
    "gpsLatitude": 51.26073262898636, 
    "gpsLongitude": 7.132778477818038, 
    "outsideTemperature": 10.5, 
    "speed": 14.480375, 
    "yawRate": 0.004383736796176015
}