{
    "gpsHeading": 241, 
    "gpsLatitude": 51.253965415638994, 
    "gpsLongitude": 7.137161794083383, 
    "outsideTemperature": 10.5, 
    "speed": 5.910187500000001, 
    "yawRate": -0.009609450734043117
}