{
    "gpsHeading": 285, 
    "gpsLatitude": 51.26631011499708, 
    "gpsLongitude": 7.130162653475172, 
    "outsideTemperature": 9.0, 
    "speed": 8.6865625, 
    "yawRate": 0.1856052100059979
}