{
    "gpsHeading": 119, 
    "gpsLatitude": 51.25202039500725, 
    "gpsLongitude": 7.152869564452369, 
    "outsideTemperature": 12.5, 
    "speed": 4.405625000000001, 
    "yawRate": -0.0008043335969666486
}