{
    "gpsHeading": 242, 
    "gpsLatitude": 51.25646037293807, 
    "gpsLongitude": 7.150735699542097, 
    "outsideTemperature": 11.0, 
    "speed": 6.201125, 
    "yawRate": -0.19010894478490828
}