{
    "gpsHeading": 256, 
    "gpsLatitude": 51.25629147758909, 
    "gpsLongitude": 7.1533506856946145, 
    "outsideTemperature": 12.5, 
    "speed": 5.652500000000001, 
    "yawRate": 0.0011791412336676571
}