{
    "gpsHeading": 6, 
    "gpsLatitude": 51.25826952291935, 
    "gpsLongitude": 7.146299912562833, 
    "outsideTemperature": 12.0, 
    "speed": 4.7464375, 
    "yawRate": 0.06886489356980953
}