{
    "gpsHeading": 0, 
    "gpsLatitude": 51.257758729739884, 
    "gpsLongitude": 7.146187343603207, 
    "outsideTemperature": 12.5, 
    "speed": 4.239375, 
    "yawRate": -0.0211940958330968
}