{
    "gpsHeading": 252, 
    "gpsLatitude": 51.24888204282045, 
    "gpsLongitude": 7.144510460054013, 
    "outsideTemperature": 10.0, 
    "speed": 6.5419375, 
    "yawRate": -0.05194108333386884
}