{
    "gpsHeading": 94, 
    "gpsLatitude": 51.25073117447988, 
    "gpsLongitude": 7.153857371741566, 
    "outsideTemperature": 10.0, 
    "speed": 10.241000000000001, 
    "yawRate": 0.15326930979084794
}