{
    "gpsHeading": 187, 
    "gpsLatitude": 51.262457037926566, 
    "gpsLongitude": 7.155654619420336, 
    "outsideTemperature": 10.5, 
    "speed": 11.2385, 
    "yawRate": -0.017507856058475796
}