{
    "gpsHeading": 347, 
    "gpsLatitude": 51.25742177723224, 
    "gpsLongitude": 7.14614568554441, 
    "outsideTemperature": 13.0, 
    "speed": 4.0481875, 
    "yawRate": -0.0019954740611591005
}