{
    "gpsHeading": 250, 
    "gpsLatitude": 51.25102068541556, 
    "gpsLongitude": 7.148915736905701, 
    "outsideTemperature": 15.0, 
    "speed": 0.2743125, 
    "yawRate": 0.054818828733135934
}