{
    "gpsHeading": 62, 
    "gpsLatitude": 51.25095756968465, 
    "gpsLongitude": 7.148610970906249, 
    "outsideTemperature": 11.5, 
    "speed": 7.7555625, 
    "yawRate": 0.0317592597612447
}