{
    "gpsHeading": 219, 
    "gpsLatitude": 51.255326217619455, 
    "gpsLongitude": 7.141625408981177, 
    "outsideTemperature": 11.0, 
    "speed": 9.9085, 
    "yawRate": -0.03683658706515423
}