{
    "gpsHeading": 71, 
    "gpsLatitude": 51.25114146864031, 
    "gpsLongitude": 7.149527615837488, 
    "outsideTemperature": 10.5, 
    "speed": 7.7638750000000005, 
    "yawRate": -0.0005293314006502468
}