{
    "gpsHeading": 52, 
    "gpsLatitude": 51.25117591826236, 
    "gpsLongitude": 7.155827370444768, 
    "outsideTemperature": 19.5, 
    "speed": 4.9459375, 
    "yawRate": 0.004188768114000881
}