{
    "gpsHeading": 205, 
    "gpsLatitude": 51.26173594279641, 
    "gpsLongitude": 7.155124883139663, 
    "outsideTemperature": 10.0, 
    "speed": 10.640000000000002, 
    "yawRate": 0.001690765713461902
}