{
    "gpsHeading": 0, 
    "gpsLatitude": 51.265195405693824, 
    "gpsLongitude": 7.130398771687613, 
    "outsideTemperature": 9.0, 
    "speed": 0.798, 
    "yawRate": 0.00025124344420316184
}