{
    "gpsHeading": 30, 
    "gpsLatitude": 51.264462911175364, 
    "gpsLongitude": 7.155963744009434, 
    "outsideTemperature": 10.5, 
    "speed": 3.5743750000000003, 
    "yawRate": -0.0012762940149286855
}