{
    "gpsHeading": 282, 
    "gpsLatitude": 51.2661097875112, 
    "gpsLongitude": 7.132515453696382, 
    "outsideTemperature": 8.5, 
    "speed": 11.388125, 
    "yawRate": 0.08315438291393241
}