{
    "gpsHeading": 61, 
    "gpsLatitude": 51.25449062569194, 
    "gpsLongitude": 7.14016880184743, 
    "outsideTemperature": 9.5, 
    "speed": 6.741437500000001, 
    "yawRate": -0.031505051566919656
}