{
    "gpsHeading": 103, 
    "gpsLatitude": 51.257719837709146, 
    "gpsLongitude": 7.156650473336544, 
    "outsideTemperature": 9.5, 
    "speed": 5.6608125000000005, 
    "yawRate": -0.0006372097962687183
}