{
    "gpsHeading": 54, 
    "gpsLatitude": 51.25134540034456, 
    "gpsLongitude": 7.140404081869556, 
    "outsideTemperature": 10.5, 
    "speed": 8.8694375, 
    "yawRate": -0.04022661755295929
}