{
    "gpsHeading": 276, 
    "gpsLatitude": 51.25632617866824, 
    "gpsLongitude": 7.151699869864318, 
    "outsideTemperature": 11.5, 
    "speed": 8.603437500000002, 
    "yawRate": 0.023868421509593757
}