{
    "gpsHeading": 35, 
    "gpsLatitude": 51.261078466311375, 
    "gpsLongitude": 7.147497686526543, 
    "outsideTemperature": 10.5, 
    "speed": 0.0, 
    "yawRate": -0.0008021654417010804
}