{
    "gpsHeading": 330, 
    "gpsLatitude": 51.262631213874535, 
    "gpsLongitude": 7.13235485643155, 
    "outsideTemperature": 10.0, 
    "speed": 13.4745625, 
    "yawRate": -0.00940436429457832
}