{
    "gpsHeading": 263, 
    "gpsLatitude": 51.249028726126014, 
    "gpsLongitude": 7.147182107872002, 
    "outsideTemperature": 10.5, 
    "speed": 15.336562500000001, 
    "yawRate": 0.018395685521501965
}