{
    "gpsHeading": 85, 
    "gpsLatitude": 51.25876204354993, 
    "gpsLongitude": 7.152257350244488, 
    "outsideTemperature": 11.0, 
    "speed": 5.810437500000001, 
    "yawRate": 0.0012495655959827265
}