{
    "gpsHeading": 87, 
    "gpsLatitude": 51.25872457644274, 
    "gpsLongitude": 7.152523224213189, 
    "outsideTemperature": 11.0, 
    "speed": 4.505375, 
    "yawRate": -0.16577844381987167
}