{
    "gpsHeading": 332, 
    "gpsLatitude": 51.256828673763586, 
    "gpsLongitude": 7.150367063440448, 
    "outsideTemperature": 10.5, 
    "speed": 7.813750000000001, 
    "yawRate": 0.0713413771638382
}