{
    "gpsHeading": 67, 
    "gpsLatitude": 51.253797023204214, 
    "gpsLongitude": 7.137202949227988, 
    "outsideTemperature": 10.0, 
    "speed": 10.67325, 
    "yawRate": -0.016146154149369894
}