{
    "gpsHeading": 290, 
    "gpsLatitude": 51.266219506623756, 
    "gpsLongitude": 7.130537659823232, 
    "outsideTemperature": 9.0, 
    "speed": 9.750562500000001, 
    "yawRate": 0.0349832955588899
}