{
    "gpsHeading": 342, 
    "gpsLatitude": 51.255041484368604, 
    "gpsLongitude": 7.131473247855603, 
    "outsideTemperature": 12.0, 
    "speed": 3.973375, 
    "yawRate": -0.004866508239393299
}