{
    "gpsHeading": 286, 
    "gpsLatitude": 51.26113898365229, 
    "gpsLongitude": 7.1410251808948315, 
    "outsideTemperature": 9.5, 
    "speed": 12.360687500000001, 
    "yawRate": -0.019645510028531623
}