{
    "gpsHeading": 288, 
    "gpsLatitude": 51.251581518556996, 
    "gpsLongitude": 7.141081507284144, 
    "outsideTemperature": 11.0, 
    "speed": 5.9185, 
    "yawRate": 0.26851704685090044
}