{
    "gpsHeading": 51, 
    "gpsLatitude": 51.25227093009314, 
    "gpsLongitude": 7.142554040033949, 
    "outsideTemperature": 9.5, 
    "speed": 9.484562500000001, 
    "yawRate": 0.05698822178312311
}