{
    "gpsHeading": 207, 
    "gpsLatitude": 51.25870261585641, 
    "gpsLongitude": 7.145682417755954, 
    "outsideTemperature": 11.0, 
    "speed": 2.078125, 
    "yawRate": 0.004336756511739854
}