{
    "gpsHeading": 317, 
    "gpsLatitude": 51.25403733236824, 
    "gpsLongitude": 7.132257626354726, 
    "outsideTemperature": 13.0, 
    "speed": 9.268437500000001, 
    "yawRate": 0.0026384075441823105
}