{
    "gpsHeading": 9, 
    "gpsLatitude": 51.25094868486729, 
    "gpsLongitude": 7.155147681916322, 
    "outsideTemperature": 14.0, 
    "speed": 0.0, 
    "yawRate": -0.00028967232266748836
}