{
    "gpsHeading": 151, 
    "gpsLatitude": 51.26325172616659, 
    "gpsLongitude": 7.131790419071747, 
    "outsideTemperature": 11.5, 
    "speed": 13.8901875, 
    "yawRate": 0.004664367887874415
}