{
    "gpsHeading": 164, 
    "gpsLatitude": 51.25641728995574, 
    "gpsLongitude": 7.141885750893785, 
    "outsideTemperature": 18.0, 
    "speed": 8.14625, 
    "yawRate": -0.025483074242380135
}