{
    "gpsHeading": 299, 
    "gpsLatitude": 51.2629331300269, 
    "gpsLongitude": 7.135627402888172, 
    "outsideTemperature": 8.5, 
    "speed": 12.8760625, 
    "yawRate": -0.09382200323828938
}