{
    "gpsHeading": 314, 
    "gpsLatitude": 51.253265610542925, 
    "gpsLongitude": 7.133495968729821, 
    "outsideTemperature": 14.5, 
    "speed": 7.797125, 
    "yawRate": -0.015513016676558767
}