{
    "gpsHeading": 162, 
    "gpsLatitude": 51.26187013706624, 
    "gpsLongitude": 7.132613186687429, 
    "outsideTemperature": 10.5, 
    "speed": 13.1088125, 
    "yawRate": -0.013661589258065935
}