{
    "gpsHeading": 96, 
    "gpsLatitude": 51.2588314457082, 
    "gpsLongitude": 7.151896006398598, 
    "outsideTemperature": 11.0, 
    "speed": 6.899375000000001, 
    "yawRate": -0.02231237930594072
}