{
    "gpsHeading": 339, 
    "gpsLatitude": 51.25328120088282, 
    "gpsLongitude": 7.136702968703607, 
    "outsideTemperature": 10.0, 
    "speed": 7.597625, 
    "yawRate": -0.0789780072211641
}