{
    "gpsHeading": 263, 
    "gpsLatitude": 51.26097318960749, 
    "gpsLongitude": 7.145179084470271, 
    "outsideTemperature": 10.0, 
    "speed": 10.07475, 
    "yawRate": -0.006031941862976556
}