{
    "gpsHeading": 273, 
    "gpsLatitude": 51.25912422558612, 
    "gpsLongitude": 7.147294593012631, 
    "outsideTemperature": 10.0, 
    "speed": 5.6774375, 
    "yawRate": 0.025094036636875382
}