{
    "gpsHeading": 19, 
    "gpsLatitude": 51.26035259349641, 
    "gpsLongitude": 7.15405317299972, 
    "outsideTemperature": 10.5, 
    "speed": 12.0780625, 
    "yawRate": -0.01899625372715159
}