{
    "gpsHeading": 175, 
    "gpsLatitude": 51.258371446861965, 
    "gpsLongitude": 7.148313245705466, 
    "outsideTemperature": 11.0, 
    "speed": 6.68325, 
    "yawRate": 0.03785640560552403
}