{
    "gpsHeading": 210, 
    "gpsLatitude": 51.267616769883034, 
    "gpsLongitude": 7.148219033113784, 
    "outsideTemperature": 9.5, 
    "speed": 13.557687500000002, 
    "yawRate": 0.02300708166150269
}