{
    "gpsHeading": 29, 
    "gpsLatitude": 51.26190701744021, 
    "gpsLongitude": 7.155274332473279, 
    "outsideTemperature": 10.5, 
    "speed": 12.352375, 
    "yawRate": 0.032141893356281516
}