{
    "gpsHeading": 169, 
    "gpsLatitude": 51.26431145018499, 
    "gpsLongitude": 7.153332664602797, 
    "outsideTemperature": 10.5, 
    "speed": 5.095562500000001, 
    "yawRate": -0.04857471674397485
}