{
    "gpsHeading": 0, 
    "gpsLatitude": 51.26845563075277, 
    "gpsLongitude": 7.14853042081674, 
    "outsideTemperature": 9.0, 
    "speed": 13.549375000000001, 
    "yawRate": -0.020277083787955275
}