{
    "gpsHeading": 74, 
    "gpsLatitude": 51.25541481433602, 
    "gpsLongitude": 7.14561930202504, 
    "outsideTemperature": 10.0, 
    "speed": 2.7846875, 
    "yawRate": 0.005931443170905163
}