{
    "gpsHeading": 275, 
    "gpsLatitude": 51.25909790641015, 
    "gpsLongitude": 7.148685150749352, 
    "outsideTemperature": 11.5, 
    "speed": 5.635875, 
    "yawRate": -0.004648975556915932
}