{
    "gpsHeading": 257, 
    "gpsLatitude": 51.25138261599466, 
    "gpsLongitude": 7.15080845446166, 
    "outsideTemperature": 12.0, 
    "speed": 7.5145, 
    "yawRate": 0.008794977289002201
}