{
    "gpsHeading": 338, 
    "gpsLatitude": 51.25940091220992, 
    "gpsLongitude": 7.1479757064646146, 
    "outsideTemperature": 11.5, 
    "speed": 0.0, 
    "yawRate": -0.0004733454829183893
}