{
    "gpsHeading": 337, 
    "gpsLatitude": 51.2632192882013, 
    "gpsLongitude": 7.131944059356947, 
    "outsideTemperature": 10.0, 
    "speed": 14.6715625, 
    "yawRate": -0.02336699831053292
}