{
    "gpsHeading": 173, 
    "gpsLatitude": 51.25806818960509, 
    "gpsLongitude": 7.131300161555044, 
    "outsideTemperature": 14.0, 
    "speed": 8.985812500000002, 
    "yawRate": 0.015271233265083122
}