{
    "gpsHeading": 0, 
    "gpsLatitude": 51.255837848989266, 
    "gpsLongitude": 7.141901257414685, 
    "outsideTemperature": 11.0, 
    "speed": 9.659125, 
    "yawRate": 0.005400380833108102
}