{
    "gpsHeading": 271, 
    "gpsLatitude": 51.25887402577634, 
    "gpsLongitude": 7.1513248635162565, 
    "outsideTemperature": 10.5, 
    "speed": 9.8669375, 
    "yawRate": -0.04106980096039924
}