{
    "gpsHeading": 15, 
    "gpsLatitude": 51.261078466311375, 
    "gpsLongitude": 7.147497686526543, 
    "outsideTemperature": 10.0, 
    "speed": 0.0, 
    "yawRate": 2.376203462211386e-06
}