{
    "gpsHeading": 194, 
    "gpsLatitude": 51.25986728130258, 
    "gpsLongitude": 7.153762656235662, 
    "outsideTemperature": 10.0, 
    "speed": 3.5826875, 
    "yawRate": -0.006861347621310327
}