{
    "gpsHeading": 141, 
    "gpsLatitude": 51.264007857652004, 
    "gpsLongitude": 7.15348848418282, 
    "outsideTemperature": 10.0, 
    "speed": 6.259312500000001, 
    "yawRate": 0.007624885170242086
}