{
    "gpsHeading": 261, 
    "gpsLatitude": 51.24907340166994, 
    "gpsLongitude": 7.147816282666225, 
    "outsideTemperature": 10.5, 
    "speed": 14.480375, 
    "yawRate": -0.0048171935300219465
}