{
    "gpsHeading": 354, 
    "gpsLatitude": 51.26170928834431, 
    "gpsLongitude": 7.132844862491191, 
    "outsideTemperature": 10.5, 
    "speed": 10.265937500000001, 
    "yawRate": 0.05813987775760117
}