{
    "gpsHeading": 117, 
    "gpsLatitude": 51.257664517148186, 
    "gpsLongitude": 7.156964627067546, 
    "outsideTemperature": 9.5, 
    "speed": 5.893562500000001, 
    "yawRate": -0.022802891296596014
}