{
    "gpsHeading": 286, 
    "gpsLatitude": 51.25126954412083, 
    "gpsLongitude": 7.150174363486468, 
    "outsideTemperature": 11.5, 
    "speed": 8.2875625, 
    "yawRate": -0.010054578632535963
}