{
    "gpsHeading": 316, 
    "gpsLatitude": 51.25137121660632, 
    "gpsLongitude": 7.139357349801063, 
    "outsideTemperature": 11.0, 
    "speed": 8.229375000000001, 
    "yawRate": -0.0007872567318201347
}