{
    "gpsHeading": 200, 
    "gpsLatitude": 51.26208203157852, 
    "gpsLongitude": 7.1554265478349395, 
    "outsideTemperature": 10.0, 
    "speed": 11.0473125, 
    "yawRate": -0.015064395105684013
}