{
    "gpsHeading": 257, 
    "gpsLatitude": 51.24887206835567, 
    "gpsLongitude": 7.144969872167044, 
    "outsideTemperature": 10.0, 
    "speed": 11.07225, 
    "yawRate": -0.07271050143260097
}