{
    "gpsHeading": 293, 
    "gpsLatitude": 51.26101845188463, 
    "gpsLongitude": 7.141535471160113, 
    "outsideTemperature": 9.5, 
    "speed": 12.510312500000001, 
    "yawRate": -0.0034139479849855034
}