{
    "gpsHeading": 144, 
    "gpsLatitude": 51.251412287931885, 
    "gpsLongitude": 7.148102357021602, 
    "outsideTemperature": 10.0, 
    "speed": 8.669937500000001, 
    "yawRate": -0.06675678680731986
}