{
    "gpsHeading": 0, 
    "gpsLatitude": 51.258884503155315, 
    "gpsLongitude": 7.151234338961971, 
    "outsideTemperature": 11.0, 
    "speed": 9.592625, 
    "yawRate": 0.00508928995036967
}