{
    "gpsHeading": 153, 
    "gpsLatitude": 51.25053788779269, 
    "gpsLongitude": 7.13784047678348, 
    "outsideTemperature": 13.0, 
    "speed": 6.134625000000001, 
    "yawRate": 0.07671044233065863
}