{
    "gpsHeading": 27, 
    "gpsLatitude": 51.26119371748002, 
    "gpsLongitude": 7.154641247326467, 
    "outsideTemperature": 10.5, 
    "speed": 12.502, 
    "yawRate": 0.01678299593873176
}