{
    "gpsHeading": 327, 
    "gpsLatitude": 51.26135288982132, 
    "gpsLongitude": 7.140187074396344, 
    "outsideTemperature": 9.5, 
    "speed": 8.354062500000001, 
    "yawRate": -0.06432593887958574
}