{
    "gpsHeading": 0, 
    "gpsLatitude": 51.257510960682026, 
    "gpsLongitude": 7.1489290641317425, 
    "outsideTemperature": 10.0, 
    "speed": 8.9775, 
    "yawRate": -0.037218102310206745
}