{
    "gpsHeading": 104, 
    "gpsLatitude": 51.25547591841017, 
    "gpsLongitude": 7.14497850552731, 
    "outsideTemperature": 10.5, 
    "speed": 5.137125, 
    "yawRate": 0.01518168820647547
}