{
    "gpsHeading": 192, 
    "gpsLatitude": 51.25380012450839, 
    "gpsLongitude": 7.153939598211712, 
    "outsideTemperature": 10.0, 
    "speed": 6.65, 
    "yawRate": -0.08469316883713425
}