{
    "gpsHeading": 336, 
    "gpsLatitude": 51.25151513388385, 
    "gpsLongitude": 7.141273201409777, 
    "outsideTemperature": 11.0, 
    "speed": 5.253500000000001, 
    "yawRate": 0.20132187064912055
}