{
    "gpsHeading": 154, 
    "gpsLatitude": 51.25753619021058, 
    "gpsLongitude": 7.131530412435266, 
    "outsideTemperature": 13.0, 
    "speed": 8.669937500000001, 
    "yawRate": 0.014398568639085776
}