{
    "gpsHeading": 214, 
    "gpsLatitude": 51.25896228721678, 
    "gpsLongitude": 7.14651624948379, 
    "outsideTemperature": 10.0, 
    "speed": 6.741437500000001, 
    "yawRate": 0.029980958542458948
}