{
    "gpsHeading": 93, 
    "gpsLatitude": 51.258844521477165, 
    "gpsLongitude": 7.151646309503018, 
    "outsideTemperature": 11.0, 
    "speed": 8.761375, 
    "yawRate": -0.03016636093991487
}