{
    "gpsHeading": 21, 
    "gpsLatitude": 51.257400068103024, 
    "gpsLongitude": 7.141234560836122, 
    "outsideTemperature": 9.5, 
    "speed": 5.602625000000001, 
    "yawRate": 0.015498878173359359
}