{
    "gpsHeading": 0, 
    "gpsLatitude": 51.251221767272725, 
    "gpsLongitude": 7.149942939139803, 
    "outsideTemperature": 11.5, 
    "speed": 8.6533125, 
    "yawRate": 0.010365773615797626
}