{
    "gpsHeading": 104, 
    "gpsLatitude": 51.25185091292503, 
    "gpsLongitude": 7.152846262761553, 
    "outsideTemperature": 12.0, 
    "speed": 5.35325, 
    "yawRate": 0.05591886709284811
}