{
    "gpsHeading": 8, 
    "gpsLatitude": 51.263655063347365, 
    "gpsLongitude": 7.1561137800762715, 
    "outsideTemperature": 10.0, 
    "speed": 9.0190625, 
    "yawRate": 0.02900030070269166
}