{
    "gpsHeading": 189, 
    "gpsLatitude": 51.257481456382855, 
    "gpsLongitude": 7.142510705594519, 
    "outsideTemperature": 11.5, 
    "speed": 3.773875, 
    "yawRate": 0.00017010314484979167
}