{
    "gpsHeading": 21, 
    "gpsLatitude": 51.25965622498063, 
    "gpsLongitude": 7.1536267855852165, 
    "outsideTemperature": 11.0, 
    "speed": 11.446312500000001, 
    "yawRate": 0.01468860083633852
}