{
    "gpsHeading": 41, 
    "gpsLatitude": 51.2557531917672, 
    "gpsLongitude": 7.14185624659462, 
    "outsideTemperature": 12.5, 
    "speed": 0.0, 
    "yawRate": -6.13166485763948e-05
}