{
    "gpsHeading": 177, 
    "gpsLatitude": 51.25699874257901, 
    "gpsLongitude": 7.156942415024141, 
    "outsideTemperature": 9.5, 
    "speed": 5.511187500000001, 
    "yawRate": -0.06294546409246511
}