{
    "gpsHeading": 355, 
    "gpsLatitude": 51.260821477160015, 
    "gpsLongitude": 7.147533728710213, 
    "outsideTemperature": 10.0, 
    "speed": 7.4563125, 
    "yawRate": -0.011630292564892735
}