{
    "gpsHeading": 179, 
    "gpsLatitude": 51.26116262061925, 
    "gpsLongitude": 7.147507074258095, 
    "outsideTemperature": 9.5, 
    "speed": 11.172, 
    "yawRate": 0.06304139404381358
}