{
    "gpsHeading": 261, 
    "gpsLatitude": 51.249114556814526, 
    "gpsLongitude": 7.148395723632706, 
    "outsideTemperature": 10.5, 
    "speed": 13.183625000000001, 
    "yawRate": -0.012845708089196361
}