{
    "gpsHeading": 351, 
    "gpsLatitude": 51.25137205479665, 
    "gpsLongitude": 7.156287117833926, 
    "outsideTemperature": 19.5, 
    "speed": 4.239375, 
    "yawRate": 0.7872401683785962
}