{
    "gpsHeading": 315, 
    "gpsLatitude": 51.26499289891312, 
    "gpsLongitude": 7.153793501639366, 
    "outsideTemperature": 10.0, 
    "speed": 2.5935, 
    "yawRate": -0.019776784086068307
}