{
    "gpsHeading": 11, 
    "gpsLatitude": 51.25860035663768, 
    "gpsLongitude": 7.143844014932579, 
    "outsideTemperature": 9.5, 
    "speed": 4.3141875, 
    "yawRate": 0.006423166062989314
}