{
    "gpsHeading": 217, 
    "gpsLatitude": 51.25708096904915, 
    "gpsLongitude": 7.14988041014211, 
    "outsideTemperature": 10.5, 
    "speed": 9.218562499999999, 
    "yawRate": 0.021424960556800984
}