{
    "gpsHeading": 154, 
    "gpsLatitude": 51.26256373955398, 
    "gpsLongitude": 7.1322734681517215, 
    "outsideTemperature": 10.5, 
    "speed": 13.5909375, 
    "yawRate": -0.04560111456956135
}