{
    "gpsHeading": 109, 
    "gpsLatitude": 51.25730929209164, 
    "gpsLongitude": 7.153217664891249, 
    "outsideTemperature": 9.5, 
    "speed": 7.655812500000001, 
    "yawRate": 0.0009335865305267073
}