{
    "gpsHeading": 306, 
    "gpsLatitude": 51.26605178474123, 
    "gpsLongitude": 7.1330699165914115, 
    "outsideTemperature": 8.5, 
    "speed": 9.758875, 
    "yawRate": 0.16483579190726577
}