{
    "gpsHeading": 192, 
    "gpsLatitude": 51.25632483756373, 
    "gpsLongitude": 7.1315476791557995, 
    "outsideTemperature": 11.5, 
    "speed": 9.6674375, 
    "yawRate": 0.03202639408422805
}