{
    "gpsHeading": 262, 
    "gpsLatitude": 51.25091985112036, 
    "gpsLongitude": 7.153427128651573, 
    "outsideTemperature": 14.0, 
    "speed": 8.512, 
    "yawRate": -0.2098664332857473
}