{
    "gpsHeading": 254, 
    "gpsLatitude": 51.25462037755309, 
    "gpsLongitude": 7.1402234518561425, 
    "outsideTemperature": 10.5, 
    "speed": 12.369, 
    "yawRate": 0.02128287702625667
}