{
    "gpsHeading": 130, 
    "gpsLatitude": 51.25085539428496, 
    "gpsLongitude": 7.1533454050956164, 
    "outsideTemperature": 10.5, 
    "speed": 9.47625, 
    "yawRate": 0.1628686206768168
}