{
    "gpsHeading": 195, 
    "gpsLatitude": 51.26001287496073, 
    "gpsLongitude": 7.147734894386397, 
    "outsideTemperature": 9.0, 
    "speed": 7.797125, 
    "yawRate": -0.05930618652098669
}