{
    "gpsHeading": 45, 
    "gpsLatitude": 51.25899455754401, 
    "gpsLongitude": 7.150147373758223, 
    "outsideTemperature": 11.0, 
    "speed": 9.47625, 
    "yawRate": -0.020392517128746752
}