{
    "gpsHeading": 356, 
    "gpsLatitude": 51.25854034221094, 
    "gpsLongitude": 7.146052394962078, 
    "outsideTemperature": 9.5, 
    "speed": 3.8819375000000003, 
    "yawRate": -0.11659067031909438
}