{
    "gpsHeading": 7, 
    "gpsLatitude": 51.25597011542136, 
    "gpsLongitude": 7.146598475953936, 
    "outsideTemperature": 15.0, 
    "speed": 7.3399375000000004, 
    "yawRate": 0.04896814009707474
}