{
    "gpsHeading": 51, 
    "gpsLatitude": 51.25259648321246, 
    "gpsLongitude": 7.154330446356733, 
    "outsideTemperature": 12.0, 
    "speed": 7.4479999999999995, 
    "yawRate": -0.007898681749384465
}