{
    "gpsHeading": 162, 
    "gpsLatitude": 51.25768840557224, 
    "gpsLongitude": 7.131454304754436, 
    "outsideTemperature": 13.5, 
    "speed": 8.761375, 
    "yawRate": 0.030804663607832156
}