{
    "gpsHeading": 338, 
    "gpsLatitude": 51.259565951883445, 
    "gpsLongitude": 7.148028512454628, 
    "outsideTemperature": 11.0, 
    "speed": 7.996625, 
    "yawRate": -0.01512095106888213
}