{
    "gpsHeading": 252, 
    "gpsLatitude": 51.25411427823939, 
    "gpsLongitude": 7.137748527305656, 
    "outsideTemperature": 10.5, 
    "speed": 12.3274375, 
    "yawRate": 0.005400380833108102
}