{
    "gpsHeading": 180, 
    "gpsLatitude": 51.25544423481617, 
    "gpsLongitude": 7.14178793408374, 
    "outsideTemperature": 11.0, 
    "speed": 8.3873125, 
    "yawRate": -0.26163499472202
}