{
    "gpsHeading": 73, 
    "gpsLatitude": 51.25119896849609, 
    "gpsLongitude": 7.149830118723048, 
    "outsideTemperature": 10.5, 
    "speed": 5.602625000000001, 
    "yawRate": 0.01622582941849567
}