{
    "gpsHeading": 0, 
    "gpsLatitude": 51.268336188632546, 
    "gpsLongitude": 7.148497060842116, 
    "outsideTemperature": 9.0, 
    "speed": 13.682375, 
    "yawRate": -0.02638573616993572
}