{
    "gpsHeading": 323, 
    "gpsLatitude": 51.25130533484739, 
    "gpsLongitude": 7.152922621899479, 
    "outsideTemperature": 15.5, 
    "speed": 6.9575625, 
    "yawRate": -0.16846897293285987
}