{
    "gpsHeading": 155, 
    "gpsLatitude": 51.262907062308024, 
    "gpsLongitude": 7.1320318178831865, 
    "outsideTemperature": 11.0, 
    "speed": 13.898500000000002, 
    "yawRate": -0.02081743919124201
}