{
    "gpsHeading": 10, 
    "gpsLatitude": 51.25882230943375, 
    "gpsLongitude": 7.14830125958393, 
    "outsideTemperature": 11.0, 
    "speed": 5.669125, 
    "yawRate": 0.02177791105808625
}