{
    "gpsHeading": 194, 
    "gpsLatitude": 51.25730568787326, 
    "gpsLongitude": 7.157121284837888, 
    "outsideTemperature": 9.0, 
    "speed": 7.414750000000001, 
    "yawRate": -0.013552646261026698
}