{
    "gpsHeading": 328, 
    "gpsLatitude": 51.2553397963026, 
    "gpsLongitude": 7.131341232880619, 
    "outsideTemperature": 11.5, 
    "speed": 10.8976875, 
    "yawRate": -0.09003857573671506
}