{
    "gpsHeading": 231, 
    "gpsLatitude": 51.25724173395205, 
    "gpsLongitude": 7.142144081149664, 
    "outsideTemperature": 11.5, 
    "speed": 6.359062500000001, 
    "yawRate": -0.0033205553591386097
}