{
    "gpsHeading": 337, 
    "gpsLatitude": 51.26469735300718, 
    "gpsLongitude": 7.133224311247899, 
    "outsideTemperature": 8.5, 
    "speed": 10.2160625, 
    "yawRate": -0.1379788333137457
}