{
    "gpsHeading": 152, 
    "gpsLatitude": 51.264028980047996, 
    "gpsLongitude": 7.131214917599756, 
    "outsideTemperature": 12.0, 
    "speed": 9.8336875, 
    "yawRate": -0.001269751568906761
}