{
    "gpsHeading": 171, 
    "gpsLatitude": 51.2587876083546, 
    "gpsLongitude": 7.148182404196924, 
    "outsideTemperature": 11.5, 
    "speed": 8.0714375, 
    "yawRate": -0.016597867056698207
}