{
    "gpsHeading": 346, 
    "gpsLatitude": 51.25747701397417, 
    "gpsLongitude": 7.146147697201172, 
    "outsideTemperature": 10.0, 
    "speed": 3.9484375, 
    "yawRate": -0.009951053022242412
}