{
    "gpsHeading": 300, 
    "gpsLatitude": 51.251686208527644, 
    "gpsLongitude": 7.152424569212826, 
    "outsideTemperature": 11.0, 
    "speed": 5.810437500000001, 
    "yawRate": 0.19275268044920177
}