{
    "gpsHeading": 40, 
    "gpsLatitude": 51.270696197290484, 
    "gpsLongitude": 7.148624884865515, 
    "outsideTemperature": 9.5, 
    "speed": 0.0, 
    "yawRate": 5.575644198275976e-05
}