{
    "gpsHeading": 345, 
    "gpsLatitude": 51.258092078029144, 
    "gpsLongitude": 7.148365716419352, 
    "outsideTemperature": 12.0, 
    "speed": 9.093875, 
    "yawRate": -0.09526852423072585
}