{
    "gpsHeading": 267, 
    "gpsLatitude": 51.2647256838399, 
    "gpsLongitude": 7.15498515681376, 
    "outsideTemperature": 10.0, 
    "speed": 6.8328750000000005, 
    "yawRate": -0.040720735109999705
}