{
    "gpsHeading": 146, 
    "gpsLatitude": 51.2645139569657, 
    "gpsLongitude": 7.153382117831541, 
    "outsideTemperature": 11.0, 
    "speed": 5.635875, 
    "yawRate": 0.20955947962598248
}