{
    "gpsHeading": 131, 
    "gpsLatitude": 51.25298783427171, 
    "gpsLongitude": 7.133650698662433, 
    "outsideTemperature": 11.0, 
    "speed": 8.761375, 
    "yawRate": 0.018936424694270794
}