{
    "gpsHeading": 159, 
    "gpsLatitude": 51.255067300630394, 
    "gpsLongitude": 7.13146184846729, 
    "outsideTemperature": 11.0, 
    "speed": 9.9334375, 
    "yawRate": -0.012479501841626802
}