{
    "gpsHeading": 339, 
    "gpsLatitude": 51.25287174491273, 
    "gpsLongitude": 7.136944870429237, 
    "outsideTemperature": 10.0, 
    "speed": 8.911000000000001, 
    "yawRate": -0.006721376188600319
}