{
    "gpsHeading": 251, 
    "gpsLatitude": 51.257717323138195, 
    "gpsLongitude": 7.142978499610722, 
    "outsideTemperature": 11.5, 
    "speed": 6.8245625, 
    "yawRate": -0.04698390904803631
}