{
    "gpsHeading": 301, 
    "gpsLatitude": 51.261293713584905, 
    "gpsLongitude": 7.140417073819471, 
    "outsideTemperature": 9.5, 
    "speed": 8.603437500000002, 
    "yawRate": -0.009522600366964958
}