{
    "gpsHeading": 86, 
    "gpsLatitude": 51.25901148898841, 
    "gpsLongitude": 7.146665698817405, 
    "outsideTemperature": 9.5, 
    "speed": 6.3175, 
    "yawRate": -0.034909261325761026
}