{
    "gpsHeading": 298, 
    "gpsLatitude": 51.26466122700449, 
    "gpsLongitude": 7.155246001640558, 
    "outsideTemperature": 10.0, 
    "speed": 6.467125, 
    "yawRate": 0.03363029102495732
}