{
    "gpsHeading": 351, 
    "gpsLatitude": 51.26578339620156, 
    "gpsLongitude": 7.1333762751524645, 
    "outsideTemperature": 8.5, 
    "speed": 9.301687500000002, 
    "yawRate": 0.16378859435606916
}