{
    "gpsHeading": 157, 
    "gpsLatitude": 51.25544121733102, 
    "gpsLongitude": 7.143384602819547, 
    "outsideTemperature": 11.0, 
    "speed": 1.6708125, 
    "yawRate": -0.020946627309806422
}