{
    "gpsHeading": 65, 
    "gpsLatitude": 51.253994500843014, 
    "gpsLongitude": 7.137909627484678, 
    "outsideTemperature": 9.5, 
    "speed": 12.7430625, 
    "yawRate": -0.011084699318586069
}