{
    "gpsHeading": 313, 
    "gpsLatitude": 51.26316564402098, 
    "gpsLongitude": 7.135211828128761, 
    "outsideTemperature": 8.5, 
    "speed": 13.316625, 
    "yawRate": -0.009173534516566415
}