{
    "gpsHeading": 26, 
    "gpsLatitude": 51.26148540771052, 
    "gpsLongitude": 7.154902678886519, 
    "outsideTemperature": 10.5, 
    "speed": 13.1088125, 
    "yawRate": 0.0066600862771650955
}