{
    "gpsHeading": 334, 
    "gpsLatitude": 51.25056512897799, 
    "gpsLongitude": 7.141994631816049, 
    "outsideTemperature": 10.5, 
    "speed": 8.711500000000001, 
    "yawRate": -0.006038924006418829
}