{
    "gpsHeading": 226, 
    "gpsLatitude": 51.25140340311452, 
    "gpsLongitude": 7.140572139028211, 
    "outsideTemperature": 11.0, 
    "speed": 5.602625000000001, 
    "yawRate": -0.029236123539327145
}