{
    "gpsHeading": 151, 
    "gpsLatitude": 50.67468320239738, 
    "gpsLongitude": 7.191134293550749, 
    "outsideTemperature": 26.0, 
    "speed": 9.343250000000001, 
    "yawRate": -0.002005325803229971
}