{
    "gpsHeading": 272, 
    "gpsLatitude": 50.677592644808456, 
    "gpsLongitude": 7.194203746493458, 
    "outsideTemperature": 22.0, 
    "speed": 5.037375, 
    "yawRate": 0.34913576103505817
}