{
    "gpsHeading": 340, 
    "gpsLatitude": 50.67168491181266, 
    "gpsLongitude": 7.195086779992944, 
    "outsideTemperature": 25.5, 
    "speed": 6.9658750000000005, 
    "yawRate": -0.01790698065934366
}