{
    "gpsHeading": 150, 
    "gpsLatitude": 50.67210157621948, 
    "gpsLongitude": 7.193161540652678, 
    "outsideTemperature": 32.0, 
    "speed": 9.268437500000001, 
    "yawRate": 6.991063619814697e-05
}