{
    "gpsHeading": 227, 
    "gpsLatitude": 50.67746959846985, 
    "gpsLongitude": 7.193736539210478, 
    "outsideTemperature": 22.5, 
    "speed": 8.5369375, 
    "yawRate": -0.0056896758953837575
}