{
    "gpsHeading": 238, 
    "gpsLatitude": 50.677017646250654, 
    "gpsLongitude": 7.1905740471425315, 
    "outsideTemperature": 22.0, 
    "speed": 8.794625, 
    "yawRate": -0.01249645997816129
}