{
    "gpsHeading": 149, 
    "gpsLatitude": 50.67483960871064, 
    "gpsLongitude": 7.191023736247883, 
    "outsideTemperature": 26.5, 
    "speed": 9.492875, 
    "yawRate": -0.00619411600801645
}