{
    "gpsHeading": 145, 
    "gpsLatitude": 50.67572071437239, 
    "gpsLongitude": 7.190349076861342, 
    "outsideTemperature": 28.5, 
    "speed": 9.7173125, 
    "yawRate": -0.021727546350765483
}