{
    "gpsHeading": 217, 
    "gpsLatitude": 50.676630402323966, 
    "gpsLongitude": 7.189612391391264, 
    "outsideTemperature": 32.0, 
    "speed": 5.735625000000001, 
    "yawRate": 0.2547326071651312
}