{
    "gpsHeading": 150, 
    "gpsLatitude": 50.67347629215922, 
    "gpsLongitude": 7.1919923489787845, 
    "outsideTemperature": 25.0, 
    "speed": 5.403125, 
    "yawRate": 0.02417461297668453
}