{
    "gpsHeading": 317, 
    "gpsLatitude": 50.67154904116218, 
    "gpsLongitude": 7.195124079462057, 
    "outsideTemperature": 26.0, 
    "speed": 7.88025, 
    "yawRate": 0.011938149549758513
}