{
    "gpsHeading": 247, 
    "gpsLatitude": 50.67725988325242, 
    "gpsLongitude": 7.192908490995798, 
    "outsideTemperature": 22.5, 
    "speed": 10.1994375, 
    "yawRate": 0.006353095943376873
}