{
    "gpsHeading": 344, 
    "gpsLatitude": 50.67205153625753, 
    "gpsLongitude": 7.194991813029945, 
    "outsideTemperature": 25.0, 
    "speed": 6.8578125, 
    "yawRate": 0.00705122764417495
}