{
    "gpsHeading": 148, 
    "gpsLatitude": 50.67036124166326, 
    "gpsLongitude": 7.1946909865250195, 
    "outsideTemperature": 27.5, 
    "speed": 10.108, 
    "yawRate": -0.0013263527653980072
}