{
    "gpsHeading": 163, 
    "gpsLatitude": 50.67416402731473, 
    "gpsLongitude": 7.191492368454403, 
    "outsideTemperature": 25.5, 
    "speed": 8.5785, 
    "yawRate": 0.0007872009999603537
}