{
    "gpsHeading": 75, 
    "gpsLatitude": 50.674587648701184, 
    "gpsLongitude": 7.195543174620801, 
    "outsideTemperature": 23.0, 
    "speed": 6.65, 
    "yawRate": -0.03815279998247698
}