{
    "gpsHeading": 154, 
    "gpsLatitude": 50.67368072677766, 
    "gpsLongitude": 7.191837367589076, 
    "outsideTemperature": 25.0, 
    "speed": 6.4588125, 
    "yawRate": 0.038835378693436215
}