{
    "gpsHeading": 150, 
    "gpsLatitude": 50.67612933215217, 
    "gpsLongitude": 7.189979602569374, 
    "outsideTemperature": 29.5, 
    "speed": 6.4920625, 
    "yawRate": 0.006023188755943452
}