{
    "gpsHeading": 322, 
    "gpsLatitude": 50.67533405717893, 
    "gpsLongitude": 7.196236022737257, 
    "outsideTemperature": 23.0, 
    "speed": 6.101375000000001, 
    "yawRate": 0.013508945876553938
}