{
    "gpsHeading": 0, 
    "gpsLatitude": 50.671006564388705, 
    "gpsLongitude": 7.195273193519546, 
    "outsideTemperature": 27.0, 
    "speed": 7.54775, 
    "yawRate": -0.0027226161669931695
}