{
    "gpsHeading": 251, 
    "gpsLatitude": 50.67713264596222, 
    "gpsLongitude": 7.190829611370365, 
    "outsideTemperature": 22.0, 
    "speed": 6.9243125, 
    "yawRate": 0.09990274385027159
}