{
    "gpsHeading": 336, 
    "gpsLatitude": 50.6761946271779, 
    "gpsLongitude": 7.195641242887973, 
    "outsideTemperature": 22.5, 
    "speed": 12.859437500000002, 
    "yawRate": 0.02642438234131192
}