{
    "gpsHeading": 155, 
    "gpsLatitude": 50.673032889481256, 
    "gpsLongitude": 7.192359560156895, 
    "outsideTemperature": 38.0, 
    "speed": 6.101375000000001, 
    "yawRate": -0.020350441612135443
}