{
    "gpsHeading": 156, 
    "gpsLatitude": 50.6764781869623, 
    "gpsLongitude": 7.1896506966887905, 
    "outsideTemperature": 31.0, 
    "speed": 7.8054375, 
    "yawRate": 0.004975991204746833
}