{
    "gpsHeading": 353, 
    "gpsLatitude": 50.673508730124496, 
    "gpsLongitude": 7.194674893270929, 
    "outsideTemperature": 24.0, 
    "speed": 7.140437500000001, 
    "yawRate": 0.02642438234131192
}