{
    "gpsHeading": 328, 
    "gpsLatitude": 50.67744378220806, 
    "gpsLongitude": 7.194445145304899, 
    "outsideTemperature": 22.0, 
    "speed": 10.265937500000001, 
    "yawRate": -0.06939419359317531
}