{
    "gpsHeading": 347, 
    "gpsLatitude": 50.67024372738075, 
    "gpsLongitude": 7.195489865716629, 
    "outsideTemperature": 29.0, 
    "speed": 9.027375000000001, 
    "yawRate": -0.007260472222178191
}