{
    "gpsHeading": 150, 
    "gpsLatitude": 50.670814283529864, 
    "gpsLongitude": 7.1942660240340235, 
    "outsideTemperature": 28.5, 
    "speed": 13.3665, 
    "yawRate": 0.005654964242579788
}