{
    "gpsHeading": 152, 
    "gpsLatitude": 50.67179597202973, 
    "gpsLongitude": 7.193422636936571, 
    "outsideTemperature": 30.5, 
    "speed": 9.758875, 
    "yawRate": 0.03864168710527183
}