{
    "gpsHeading": 148, 
    "gpsLatitude": 50.67053566906833, 
    "gpsLongitude": 7.194527120317948, 
    "outsideTemperature": 27.5, 
    "speed": 11.0140625, 
    "yawRate": 0.019443065333334123
}