{
    "gpsHeading": 92, 
    "gpsLatitude": 50.67452654462704, 
    "gpsLongitude": 7.195080158289439, 
    "outsideTemperature": 23.5, 
    "speed": 5.3283125, 
    "yawRate": -0.12838632231058258
}