{
    "gpsHeading": 10, 
    "gpsLatitude": 50.676806506109685, 
    "gpsLongitude": 7.189971304485236, 
    "outsideTemperature": 34.0, 
    "speed": 0.0, 
    "yawRate": 7.983485430528925e-05
}