{
    "gpsHeading": 143, 
    "gpsLatitude": 50.67195321653329, 
    "gpsLongitude": 7.193288526485761, 
    "outsideTemperature": 31.0, 
    "speed": 9.891875, 
    "yawRate": 0.006353095943376873
}