{
    "gpsHeading": 331, 
    "gpsLatitude": 50.67315878566695, 
    "gpsLongitude": 7.192255456919437, 
    "outsideTemperature": 32.0, 
    "speed": 0.0, 
    "yawRate": 0.00035685967436394897
}