{
    "gpsHeading": 353, 
    "gpsLatitude": 50.67261044156125, 
    "gpsLongitude": 7.194854601274993, 
    "outsideTemperature": 24.0, 
    "speed": 7.049, 
    "yawRate": 0.0032115032897870144
}