{
    "gpsHeading": 24, 
    "gpsLatitude": 50.67447155934221, 
    "gpsLongitude": 7.194787629868619, 
    "outsideTemperature": 23.0, 
    "speed": 2.8179375, 
    "yawRate": 0.026249849416112647
}