{
    "gpsHeading": 158, 
    "gpsLatitude": 50.672240967269296, 
    "gpsLongitude": 7.193043188179829, 
    "outsideTemperature": 32.5, 
    "speed": 8.744750000000002, 
    "yawRate": 0.002513371588989929
}