{
    "gpsHeading": 262, 
    "gpsLatitude": 50.677190145817995, 
    "gpsLongitude": 7.192633229295545, 
    "outsideTemperature": 22.0, 
    "speed": 10.80625, 
    "yawRate": -0.00394434664338906
}