{
    "gpsHeading": 351, 
    "gpsLatitude": 50.67311821725558, 
    "gpsLongitude": 7.194779080327385, 
    "outsideTemperature": 24.0, 
    "speed": 7.431375000000001, 
    "yawRate": -0.008656735623773353
}