{
    "gpsHeading": 328, 
    "gpsLatitude": 50.67599455114911, 
    "gpsLongitude": 7.195808210399217, 
    "outsideTemperature": 23.0, 
    "speed": 12.4770625, 
    "yawRate": 0.021537460435727362
}