{
    "gpsHeading": 71, 
    "gpsLatitude": 50.67461983520938, 
    "gpsLongitude": 7.195922958653667, 
    "outsideTemperature": 23.0, 
    "speed": 6.916, 
    "yawRate": 0.024155454313719408
}