{
    "gpsHeading": 158, 
    "gpsLatitude": 50.675859015774776, 
    "gpsLongitude": 7.190232400769126, 
    "outsideTemperature": 28.5, 
    "speed": 8.844500000000002, 
    "yawRate": -0.01596795981918457
}