{
    "gpsHeading": 149, 
    "gpsLatitude": 50.67071043174954, 
    "gpsLongitude": 7.194363170291847, 
    "outsideTemperature": 28.5, 
    "speed": 13.0256875, 
    "yawRate": 0.0114145507741607
}