{
    "gpsHeading": 337, 
    "gpsLatitude": 50.674019607123014, 
    "gpsLongitude": 7.194206847797631, 
    "outsideTemperature": 23.5, 
    "speed": 5.311687500000001, 
    "yawRate": -0.005340610044984223
}