{
    "gpsHeading": 220, 
    "gpsLatitude": 50.67280071076332, 
    "gpsLongitude": 7.194823504414194, 
    "outsideTemperature": 24.0, 
    "speed": 7.0240625, 
    "yawRate": -0.0025480832417938983
}