{
    "gpsHeading": 346, 
    "gpsLatitude": 50.67498788457779, 
    "gpsLongitude": 7.196249601420395, 
    "outsideTemperature": 22.5, 
    "speed": 7.0988750000000005, 
    "yawRate": 0.018395867782137504
}