{
    "gpsHeading": 278, 
    "gpsLatitude": 50.67718930762768, 
    "gpsLongitude": 7.191112919697662, 
    "outsideTemperature": 22.0, 
    "speed": 2.8428750000000003, 
    "yawRate": 0.2114292830527071
}