{
    "gpsHeading": 22, 
    "gpsLatitude": 50.66976512070946, 
    "gpsLongitude": 7.19528316798432, 
    "outsideTemperature": 30.0, 
    "speed": 5.6857500000000005, 
    "yawRate": 0.166748854201653
}