{
    "gpsHeading": 345, 
    "gpsLatitude": 50.67062711563196, 
    "gpsLongitude": 7.195384589012728, 
    "outsideTemperature": 28.0, 
    "speed": 8.669937500000001, 
    "yawRate": -0.017557914808945117
}