{
    "gpsHeading": 148, 
    "gpsLatitude": 50.67629956860566, 
    "gpsLongitude": 7.189818753847446, 
    "outsideTemperature": 30.0, 
    "speed": 7.4479999999999995, 
    "yawRate": -0.0013071941024328855
}