{
    "gpsHeading": 354, 
    "gpsLatitude": 50.673317371275026, 
    "gpsLongitude": 7.194732644583782, 
    "outsideTemperature": 24.0, 
    "speed": 7.08225, 
    "yawRate": 0.020315729959331473
}