{
    "gpsHeading": 338, 
    "gpsLatitude": 50.67549239132991, 
    "gpsLongitude": 7.196134601708849, 
    "outsideTemperature": 23.0, 
    "speed": 8.5203125, 
    "yawRate": 0.011065484923762157
}