{
    "gpsHeading": 345, 
    "gpsLatitude": 50.67040289972204, 
    "gpsLongitude": 7.195447620924612, 
    "outsideTemperature": 28.5, 
    "speed": 8.354062500000001, 
    "yawRate": 0.008971089821368919
}