{
    "gpsHeading": 188, 
    "gpsLatitude": 49.448419987988366, 
    "gpsLongitude": 11.06299898093813, 
    "outsideTemperature": 26.5, 
    "speed": 0.0, 
    "yawRate": 0.0003100449217413397
}