{
    "gpsHeading": 274, 
    "gpsLatitude": 49.433371621942165, 
    "gpsLongitude": 11.070247566984825, 
    "outsideTemperature": 11.5, 
    "speed": 8.445500000000001, 
    "yawRate": -0.014436272532516576
}