{
    "gpsHeading": 357, 
    "gpsLatitude": 49.454435512259, 
    "gpsLongitude": 11.040361472119189, 
    "outsideTemperature": 14.5, 
    "speed": 8.0465, 
    "yawRate": -0.0862904708349747
}