{
    "gpsHeading": 49, 
    "gpsLatitude": 49.449096910488784, 
    "gpsLongitude": 11.057251509931021, 
    "outsideTemperature": 15.5, 
    "speed": 7.3233125, 
    "yawRate": 0.02126289934612197
}