{
    "gpsHeading": 314, 
    "gpsLatitude": 49.44782830944326, 
    "gpsLongitude": 11.088881711209284, 
    "outsideTemperature": 19.0, 
    "speed": 11.6375, 
    "yawRate": 0.07178094160700581
}