{
    "gpsHeading": 265, 
    "gpsLatitude": 49.433363323858025, 
    "gpsLongitude": 11.070803957717585, 
    "outsideTemperature": 11.0, 
    "speed": 10.889375000000001, 
    "yawRate": -0.03956901376123445
}