{
    "gpsHeading": 90, 
    "gpsLatitude": 49.44902968762533, 
    "gpsLongitude": 11.056841215770607, 
    "outsideTemperature": 16.0, 
    "speed": 5.444687500000001, 
    "yawRate": -0.020101403926143024
}