{
    "gpsHeading": 78, 
    "gpsLatitude": 49.43803028372683, 
    "gpsLongitude": 11.074819224614533, 
    "outsideTemperature": 14.5, 
    "speed": 9.725625, 
    "yawRate": -0.02096270840584125
}