{
    "gpsHeading": 91, 
    "gpsLatitude": 49.447893353011885, 
    "gpsLongitude": 11.072937822627855, 
    "outsideTemperature": 14.5, 
    "speed": 2.344125, 
    "yawRate": 0.4881649985393889
}