{
    "gpsHeading": 270, 
    "gpsLatitude": 49.43335720506871, 
    "gpsLongitude": 11.070503131212625, 
    "outsideTemperature": 11.0, 
    "speed": 9.2351875, 
    "yawRate": -0.02159212246569265
}