{
    "gpsHeading": 168, 
    "gpsLatitude": 49.44325078448131, 
    "gpsLongitude": 11.080903983405397, 
    "outsideTemperature": 16.5, 
    "speed": 9.3765, 
    "yawRate": 0.030099210029662052
}