{
    "gpsHeading": 221, 
    "gpsLatitude": 49.452367445288644, 
    "gpsLongitude": 11.068683671490417, 
    "outsideTemperature": 19.0, 
    "speed": 10.756375, 
    "yawRate": -0.03115934951450043
}