{
    "gpsHeading": 97, 
    "gpsLatitude": 49.451839385388624, 
    "gpsLongitude": 11.076568108712005, 
    "outsideTemperature": 12.5, 
    "speed": 4.322500000000001, 
    "yawRate": 0.006484404405092502
}