{
    "gpsHeading": 273, 
    "gpsLatitude": 49.45569330064945, 
    "gpsLongitude": 11.077841990356545, 
    "outsideTemperature": 13.0, 
    "speed": 5.5610625, 
    "yawRate": 0.017678491098952885
}