{
    "gpsHeading": 259, 
    "gpsLatitude": 49.448839418423255, 
    "gpsLongitude": 11.06400422258589, 
    "outsideTemperature": 13.5, 
    "speed": 7.863625000000001, 
    "yawRate": 0.24782517076058364
}