{
    "gpsHeading": 265, 
    "gpsLatitude": 49.43662857805888, 
    "gpsLongitude": 11.085877888568474, 
    "outsideTemperature": 13.0, 
    "speed": 12.344062500000001, 
    "yawRate": -0.009417088373104898
}