{
    "gpsHeading": 303, 
    "gpsLatitude": 49.44585688581649, 
    "gpsLongitude": 11.09528456322564, 
    "outsideTemperature": 13.5, 
    "speed": 13.715625, 
    "yawRate": 0.07978872970057561
}