{
    "gpsHeading": 147, 
    "gpsLatitude": 49.44971356710538, 
    "gpsLongitude": 11.054114247391652, 
    "outsideTemperature": 14.0, 
    "speed": 7.54775, 
    "yawRate": -0.022371220886752682
}