{
    "gpsHeading": 325, 
    "gpsLatitude": 49.453130785210796, 
    "gpsLongitude": 11.080642300388282, 
    "outsideTemperature": 15.0, 
    "speed": 4.2643125, 
    "yawRate": -0.0109449086337534
}