{
    "gpsHeading": 307, 
    "gpsLatitude": 49.44884360937484, 
    "gpsLongitude": 11.064775357678002, 
    "outsideTemperature": 14.0, 
    "speed": 9.052312500000001, 
    "yawRate": 0.18359705428719325
}