{
    "gpsHeading": 318, 
    "gpsLatitude": 49.447473587300884, 
    "gpsLongitude": 11.067793932468394, 
    "outsideTemperature": 20.0, 
    "speed": 9.027375000000001, 
    "yawRate": 0.13205741881638056
}