{
    "gpsHeading": 271, 
    "gpsLatitude": 49.43663276901045, 
    "gpsLongitude": 11.08669177136676, 
    "outsideTemperature": 13.5, 
    "speed": 11.8453125, 
    "yawRate": 0.01641378455641007
}