{
    "gpsHeading": 174, 
    "gpsLatitude": 49.440697489136156, 
    "gpsLongitude": 11.07622176847279, 
    "outsideTemperature": 13.5, 
    "speed": 7.2568125, 
    "yawRate": 0.07966656078629973
}