{
    "gpsHeading": 121, 
    "gpsLatitude": 49.45412194526124, 
    "gpsLongitude": 11.040706219796801, 
    "outsideTemperature": 19.0, 
    "speed": 6.367375, 
    "yawRate": -0.05466536807282871
}