{
    "gpsHeading": 219, 
    "gpsLatitude": 49.452089669017425, 
    "gpsLongitude": 11.070545376004642, 
    "outsideTemperature": 12.0, 
    "speed": 5.054, 
    "yawRate": -0.00259130770527754
}