{
    "gpsHeading": 275, 
    "gpsLatitude": 49.43645557557734, 
    "gpsLongitude": 11.091199810351362, 
    "outsideTemperature": 17.5, 
    "speed": 10.6316875, 
    "yawRate": -0.020412662660668907
}