{
    "gpsHeading": 269, 
    "gpsLatitude": 49.43662162107924, 
    "gpsLongitude": 11.0883645477834, 
    "outsideTemperature": 15.0, 
    "speed": 11.961687500000002, 
    "yawRate": 0.012399527276823853
}