{
    "gpsHeading": 38, 
    "gpsLatitude": 49.436749948016846, 
    "gpsLongitude": 11.06845979085664, 
    "outsideTemperature": 12.5, 
    "speed": 7.2401875, 
    "yawRate": -0.0009749458527489659
}