{
    "gpsHeading": 170, 
    "gpsLatitude": 49.447351965885815, 
    "gpsLongitude": 11.071778437780704, 
    "outsideTemperature": 14.0, 
    "speed": 4.1978125, 
    "yawRate": 0.00793992296277268
}