{
    "gpsHeading": 204, 
    "gpsLatitude": 49.45522165095779, 
    "gpsLongitude": 11.040758690510657, 
    "outsideTemperature": 14.5, 
    "speed": 11.953375, 
    "yawRate": -0.002229892154899484
}