{
    "gpsHeading": 67, 
    "gpsLatitude": 49.43695941177721, 
    "gpsLongitude": 11.069453716935117, 
    "outsideTemperature": 12.0, 
    "speed": 9.052312500000001, 
    "yawRate": 0.004784640678831947
}