{
    "gpsHeading": 180, 
    "gpsLatitude": 49.45683248510996, 
    "gpsLongitude": 11.077493135546378, 
    "outsideTemperature": 12.5, 
    "speed": 6.3008750000000004, 
    "yawRate": -0.041837236394053186
}