{
    "gpsHeading": 191, 
    "gpsLatitude": 49.453789686619366, 
    "gpsLongitude": 11.069578691111472, 
    "outsideTemperature": 12.5, 
    "speed": 11.679062500000002, 
    "yawRate": 0.0036918776019021784
}