{
    "gpsHeading": 250, 
    "gpsLatitude": 49.44930721243945, 
    "gpsLongitude": 11.064614006041884, 
    "outsideTemperature": 15.5, 
    "speed": 9.1520625, 
    "yawRate": 0.033200000519310276
}