{
    "gpsHeading": 104, 
    "gpsLatitude": 49.44915105758331, 
    "gpsLongitude": 11.056240400951006, 
    "outsideTemperature": 16.0, 
    "speed": 6.500375000000001, 
    "yawRate": -0.00997849426457636
}