{
    "gpsHeading": 163, 
    "gpsLatitude": 49.4410183483897, 
    "gpsLongitude": 11.076119006339876, 
    "outsideTemperature": 14.0, 
    "speed": 9.01075, 
    "yawRate": -0.006029105486619843
}