{
    "gpsHeading": 90, 
    "gpsLatitude": 49.44722858427108, 
    "gpsLongitude": 11.068595912964177, 
    "outsideTemperature": 17.5, 
    "speed": 10.93925, 
    "yawRate": -0.00937528575216539
}