{
    "gpsHeading": 77, 
    "gpsLatitude": 49.44903773425238, 
    "gpsLongitude": 11.069771726341578, 
    "outsideTemperature": 14.0, 
    "speed": 6.400625000000001, 
    "yawRate": 0.06649345125756659
}