{
    "gpsHeading": 113, 
    "gpsLatitude": 49.44282917475162, 
    "gpsLongitude": 11.092498418610262, 
    "outsideTemperature": 13.5, 
    "speed": 5.7273125, 
    "yawRate": 0.02218555809077078
}