{
    "gpsHeading": 21, 
    "gpsLatitude": 49.45010944439234, 
    "gpsLongitude": 11.061702887250153, 
    "outsideTemperature": 14.0, 
    "speed": 4.7630625, 
    "yawRate": 0.006144074022910771
}