{
    "gpsHeading": 106, 
    "gpsLatitude": 49.453235810457564, 
    "gpsLongitude": 11.048164772518046, 
    "outsideTemperature": 20.0, 
    "speed": 10.0830625, 
    "yawRate": 0.04063516511024178
}