{
    "gpsHeading": 206, 
    "gpsLatitude": 49.45558668284106, 
    "gpsLongitude": 11.041035125677386, 
    "outsideTemperature": 15.0, 
    "speed": 11.255125, 
    "yawRate": -0.0017062933793006779
}