{
    "gpsHeading": 240, 
    "gpsLatitude": 49.4567919166986, 
    "gpsLongitude": 11.085468432598377, 
    "outsideTemperature": 12.5, 
    "speed": 9.492875, 
    "yawRate": 0.004246915994100169
}