{
    "gpsHeading": 73, 
    "gpsLatitude": 49.44026389328491, 
    "gpsLongitude": 11.080925943991705, 
    "outsideTemperature": 18.5, 
    "speed": 7.2401875, 
    "yawRate": 0.01460717913906534
}