{
    "gpsHeading": 336, 
    "gpsLatitude": 49.440345533021826, 
    "gpsLongitude": 11.081943171761035, 
    "outsideTemperature": 16.0, 
    "speed": 7.1155, 
    "yawRate": -0.005982202620897364
}