{
    "gpsHeading": 188, 
    "gpsLatitude": 49.454194113447556, 
    "gpsLongitude": 11.069738953100178, 
    "outsideTemperature": 12.5, 
    "speed": 11.537749999999999, 
    "yawRate": -0.019346468524422462
}