{
    "gpsHeading": 300, 
    "gpsLatitude": 49.44845334796301, 
    "gpsLongitude": 11.087131486007307, 
    "outsideTemperature": 15.5, 
    "speed": 11.27175, 
    "yawRate": -0.0025700845279512164
}