{
    "gpsHeading": 269, 
    "gpsLatitude": 49.436592200599094, 
    "gpsLongitude": 11.08504900216351, 
    "outsideTemperature": 13.0, 
    "speed": 12.302500000000002, 
    "yawRate": 0.0214752393871939
}