{
    "gpsHeading": 32, 
    "gpsLatitude": 49.45237222297346, 
    "gpsLongitude": 11.072506154614356, 
    "outsideTemperature": 11.5, 
    "speed": 1.2635, 
    "yawRate": 0.23347721412488084
}