{
    "gpsHeading": 290, 
    "gpsLatitude": 49.44883195852943, 
    "gpsLongitude": 11.061988710148432, 
    "outsideTemperature": 13.0, 
    "speed": 11.762187500000001, 
    "yawRate": -0.0015823793494022238
}