{
    "gpsHeading": 142, 
    "gpsLatitude": 49.457051671878, 
    "gpsLongitude": 11.082958136416474, 
    "outsideTemperature": 12.5, 
    "speed": 3.8985625, 
    "yawRate": 0.293098907199157
}