{
    "gpsHeading": 270, 
    "gpsLatitude": 49.44634161127711, 
    "gpsLongitude": 11.092316196035245, 
    "outsideTemperature": 13.0, 
    "speed": 14.638312500000001, 
    "yawRate": -0.0024162780683555673
}