{
    "gpsHeading": 210, 
    "gpsLatitude": 49.44864998741149, 
    "gpsLongitude": 11.07223038999991, 
    "outsideTemperature": 13.5, 
    "speed": 7.61425, 
    "yawRate": 0.01692610050092791
}