{
    "gpsHeading": 287, 
    "gpsLatitude": 49.4540616793774, 
    "gpsLongitude": 11.040887268905374, 
    "outsideTemperature": 13.0, 
    "speed": 5.103875, 
    "yawRate": 0.002406898467384588
}