{
    "gpsHeading": 292, 
    "gpsLatitude": 49.455615265130895, 
    "gpsLongitude": 11.051635048070548, 
    "outsideTemperature": 12.5, 
    "speed": 11.263437500000002, 
    "yawRate": 0.0038976975599269484
}