{
    "gpsHeading": 295, 
    "gpsLatitude": 49.44946026599142, 
    "gpsLongitude": 11.084304521523482, 
    "outsideTemperature": 19.0, 
    "speed": 9.160375, 
    "yawRate": -0.004949408914493513
}