{
    "gpsHeading": 23, 
    "gpsLatitude": 49.44386551326018, 
    "gpsLongitude": 11.08860393493808, 
    "outsideTemperature": 14.5, 
    "speed": 8.503687500000002, 
    "yawRate": -0.017158110760706724
}