{
    "gpsHeading": 251, 
    "gpsLatitude": 49.4335100071636, 
    "gpsLongitude": 11.071871476905942, 
    "outsideTemperature": 11.0, 
    "speed": 14.9625, 
    "yawRate": -0.027177176072074292
}