{
    "gpsHeading": 327, 
    "gpsLatitude": 49.440252493896594, 
    "gpsLongitude": 11.081975945002435, 
    "outsideTemperature": 14.5, 
    "speed": 0.7564375000000001, 
    "yawRate": 0.004061474690799764
}