{
    "gpsHeading": 60, 
    "gpsLatitude": 49.44724057039262, 
    "gpsLongitude": 11.08339039116323, 
    "outsideTemperature": 13.5, 
    "speed": 7.888562500000001, 
    "yawRate": 0.24413689839302335
}