{
    "gpsHeading": 209, 
    "gpsLatitude": 49.45037523454201, 
    "gpsLongitude": 11.065951506331494, 
    "outsideTemperature": 13.5, 
    "speed": 11.371500000000001, 
    "yawRate": 0.05924870573880443
}