{
    "gpsHeading": 77, 
    "gpsLatitude": 49.44119302725186, 
    "gpsLongitude": 11.087868171477384, 
    "outsideTemperature": 14.5, 
    "speed": 8.886062500000001, 
    "yawRate": 0.0009925810915837364
}