{
    "gpsHeading": 61, 
    "gpsLatitude": 49.440151911058486, 
    "gpsLongitude": 11.080103427833151, 
    "outsideTemperature": 18.0, 
    "speed": 0.282625, 
    "yawRate": 0.0070716186055460786
}