{
    "gpsHeading": 237, 
    "gpsLatitude": 49.4517524650527, 
    "gpsLongitude": 11.074670362014142, 
    "outsideTemperature": 12.0, 
    "speed": 6.691562500000001, 
    "yawRate": 0.024112229850234777
}