{
    "gpsHeading": 82, 
    "gpsLatitude": 49.45555390959965, 
    "gpsLongitude": 11.086653968983457, 
    "outsideTemperature": 11.5, 
    "speed": 8.1711875, 
    "yawRate": 0.010173575315377274
}