{
    "gpsHeading": 247, 
    "gpsLatitude": 49.433717207810076, 
    "gpsLongitude": 11.072805640014806, 
    "outsideTemperature": 11.0, 
    "speed": 13.856937499999999, 
    "yawRate": -0.009374817701732749
}