{
    "gpsHeading": 70, 
    "gpsLatitude": 49.44016054441875, 
    "gpsLongitude": 11.080165118640528, 
    "outsideTemperature": 19.0, 
    "speed": 0.96425, 
    "yawRate": 0.0011681438987085559
}