{
    "gpsHeading": 41, 
    "gpsLatitude": 49.45096188394523, 
    "gpsLongitude": 11.06973233139667, 
    "outsideTemperature": 12.0, 
    "speed": 5.137125, 
    "yawRate": 0.07786837081165993
}