{
    "gpsHeading": 75, 
    "gpsLatitude": 49.438470836557705, 
    "gpsLongitude": 11.077820365046328, 
    "outsideTemperature": 12.5, 
    "speed": 9.359875, 
    "yawRate": -0.036321605823392
}