{
    "gpsHeading": 110, 
    "gpsLatitude": 49.44294467737737, 
    "gpsLongitude": 11.091917887996368, 
    "outsideTemperature": 14.0, 
    "speed": 7.6059375000000005, 
    "yawRate": 0.0038596009448304313
}