{
    "gpsHeading": 293, 
    "gpsLatitude": 49.454155808150055, 
    "gpsLongitude": 11.04060370912095, 
    "outsideTemperature": 14.5, 
    "speed": 4.538625, 
    "yawRate": 0.0161603562570908
}