{
    "gpsHeading": 121, 
    "gpsLatitude": 49.45890415629869, 
    "gpsLongitude": 11.082085664115016, 
    "outsideTemperature": 20.0, 
    "speed": 0.0, 
    "yawRate": 0.00030775226916564995
}