{
    "gpsHeading": 99, 
    "gpsLatitude": 49.44706605916853, 
    "gpsLongitude": 11.070907893316944, 
    "outsideTemperature": 17.5, 
    "speed": 6.0847500000000005, 
    "yawRate": 0.0024929531613959695
}