{
    "gpsHeading": 75, 
    "gpsLatitude": 49.4389444140871, 
    "gpsLongitude": 11.080970368078548, 
    "outsideTemperature": 20.5, 
    "speed": 4.3640625, 
    "yawRate": 0.015310814253433572
}