{
    "gpsHeading": 115, 
    "gpsLatitude": 49.45443081839323, 
    "gpsLongitude": 11.045122896036803, 
    "outsideTemperature": 13.5, 
    "speed": 12.019875, 
    "yawRate": -0.03305792864914834
}