{
    "gpsHeading": 137, 
    "gpsLatitude": 49.443344661796885, 
    "gpsLongitude": 11.09153617612577, 
    "outsideTemperature": 14.0, 
    "speed": 6.866125, 
    "yawRate": 0.015204241082792986
}