{
    "gpsHeading": 250, 
    "gpsLatitude": 49.451571918858306, 
    "gpsLongitude": 11.073593455094231, 
    "outsideTemperature": 11.5, 
    "speed": 6.28425, 
    "yawRate": 0.011022260460277523
}