{
    "gpsHeading": 114, 
    "gpsLatitude": 49.4523802696005, 
    "gpsLongitude": 11.050872546338704, 
    "outsideTemperature": 15.0, 
    "speed": 12.950875, 
    "yawRate": -0.00753592224480173
}