{
    "gpsHeading": 187, 
    "gpsLatitude": 49.44909305481333, 
    "gpsLongitude": 11.075018965367178, 
    "outsideTemperature": 16.0, 
    "speed": 2.0615, 
    "yawRate": -0.34617522481157437
}