{
    "gpsHeading": 256, 
    "gpsLatitude": 49.44181605411486, 
    "gpsLongitude": 11.077564549361433, 
    "outsideTemperature": 14.0, 
    "speed": 7.788812500000001, 
    "yawRate": -0.006901770112617192
}