{
    "gpsHeading": 302, 
    "gpsLatitude": 49.455265236854295, 
    "gpsLongitude": 11.052648671621514, 
    "outsideTemperature": 12.5, 
    "speed": 12.152875, 
    "yawRate": 0.03461549239502647
}