{
    "gpsHeading": 296, 
    "gpsLatitude": 49.450153030288845, 
    "gpsLongitude": 11.081611499852405, 
    "outsideTemperature": 14.0, 
    "speed": 8.985812500000002, 
    "yawRate": 0.013836010440795164
}