{
    "gpsHeading": 294, 
    "gpsLatitude": 49.453883563934944, 
    "gpsLongitude": 11.041423123975363, 
    "outsideTemperature": 13.0, 
    "speed": 8.41225, 
    "yawRate": -0.03721207555288571
}