{
    "gpsHeading": 0, 
    "gpsLatitude": 49.44715750573216, 
    "gpsLongitude": 11.069810618372326, 
    "outsideTemperature": 16.5, 
    "speed": 7.589312500000001, 
    "yawRate": 0.00022402513380345886
}