{
    "gpsHeading": 43, 
    "gpsLatitude": 49.44955162873604, 
    "gpsLongitude": 11.057615116890736, 
    "outsideTemperature": 15.0, 
    "speed": 6.4089374999999995, 
    "yawRate": 0.017597707916933304
}