{
    "gpsHeading": 74, 
    "gpsLatitude": 49.4575047137446, 
    "gpsLongitude": 11.079925060933597, 
    "outsideTemperature": 12.0, 
    "speed": 3.740625, 
    "yawRate": 0.04996708226084783
}