{
    "gpsHeading": 25, 
    "gpsLatitude": 49.4497471785371, 
    "gpsLongitude": 11.072754258948333, 
    "outsideTemperature": 18.0, 
    "speed": 1.6126250000000002, 
    "yawRate": -0.11422096722153152
}