{
    "gpsHeading": 151, 
    "gpsLatitude": 49.4521775113627, 
    "gpsLongitude": 11.042594494944048, 
    "outsideTemperature": 15.0, 
    "speed": 9.925125000000001, 
    "yawRate": 0.13156126311496338
}