{
    "gpsHeading": 339, 
    "gpsLatitude": 49.44746470248352, 
    "gpsLongitude": 11.067798961610297, 
    "outsideTemperature": 21.0, 
    "speed": 7.6475, 
    "yawRate": 0.23695170686123784
}