{
    "gpsHeading": 286, 
    "gpsLatitude": 49.449874667284405, 
    "gpsLongitude": 11.082773734546635, 
    "outsideTemperature": 15.5, 
    "speed": 9.80875, 
    "yawRate": -0.007052232488218305
}