{
    "gpsHeading": 254, 
    "gpsLatitude": 49.45166160522227, 
    "gpsLongitude": 11.074128723430963, 
    "outsideTemperature": 11.5, 
    "speed": 6.4089374999999995, 
    "yawRate": -0.0010205113784831066
}