{
    "gpsHeading": 66, 
    "gpsLatitude": 49.446800017561735, 
    "gpsLongitude": 11.081763715214066, 
    "outsideTemperature": 14.5, 
    "speed": 9.850312500000001, 
    "yawRate": 0.047787357543664595
}