{
    "gpsHeading": 357, 
    "gpsLatitude": 49.453401688321414, 
    "gpsLongitude": 11.078736507063375, 
    "outsideTemperature": 12.5, 
    "speed": 5.1953125, 
    "yawRate": -0.12945276484416673
}