{
    "gpsHeading": 254, 
    "gpsLatitude": 49.45748216642505, 
    "gpsLongitude": 11.087781167322431, 
    "outsideTemperature": 14.0, 
    "speed": 8.403937500000001, 
    "yawRate": 0.046658416817561776
}