{
    "gpsHeading": 119, 
    "gpsLatitude": 49.454141056000466, 
    "gpsLongitude": 11.046025627008742, 
    "outsideTemperature": 13.5, 
    "speed": 13.524437500000001, 
    "yawRate": 0.0020231893159369306
}