{
    "gpsHeading": 136, 
    "gpsLatitude": 49.449070004579596, 
    "gpsLongitude": 11.069430331425266, 
    "outsideTemperature": 14.0, 
    "speed": 5.5943125, 
    "yawRate": 0.2364885204018106
}