{
    "gpsHeading": 177, 
    "gpsLatitude": 49.45609362034509, 
    "gpsLongitude": 11.070282268063956, 
    "outsideTemperature": 12.0, 
    "speed": 10.423875, 
    "yawRate": 0.03126807978341184
}