{
    "gpsHeading": 256, 
    "gpsLatitude": 49.43962804211005, 
    "gpsLongitude": 11.07570368303756, 
    "outsideTemperature": 12.5, 
    "speed": 12.0780625, 
    "yawRate": -0.013389074981319957
}