{
    "gpsHeading": 78, 
    "gpsLatitude": 49.455714171588355, 
    "gpsLongitude": 11.078806998869082, 
    "outsideTemperature": 12.0, 
    "speed": 8.603437500000002, 
    "yawRate": -0.013388369586545181
}