{
    "gpsHeading": 255, 
    "gpsLatitude": 49.44021636789392, 
    "gpsLongitude": 11.080023967391055, 
    "outsideTemperature": 16.0, 
    "speed": 5.270125000000001, 
    "yawRate": -0.013563607906519228
}