{
    "gpsHeading": 172, 
    "gpsLatitude": 49.44969244470938, 
    "gpsLongitude": 11.083639836601714, 
    "outsideTemperature": 18.0, 
    "speed": 0.0, 
    "yawRate": -0.000284771261449009
}