{
    "gpsHeading": 190, 
    "gpsLatitude": 49.449573589322355, 
    "gpsLongitude": 11.054087844396632, 
    "outsideTemperature": 14.5, 
    "speed": 8.61175, 
    "yawRate": -0.0024744674140179026
}