{
    "gpsHeading": 248, 
    "gpsLatitude": 49.43938915786957, 
    "gpsLongitude": 11.0740025757882, 
    "outsideTemperature": 12.5, 
    "speed": 6.8079375, 
    "yawRate": 0.32136507555118693
}