{
    "gpsHeading": 259, 
    "gpsLatitude": 49.455718027263806, 
    "gpsLongitude": 11.077274535511599, 
    "outsideTemperature": 13.0, 
    "speed": 3.7988125, 
    "yawRate": -0.18827036063637473
}