{
    "gpsHeading": 66, 
    "gpsLatitude": 49.45669829084013, 
    "gpsLongitude": 11.07747176169329, 
    "outsideTemperature": 12.5, 
    "speed": 4.48875, 
    "yawRate": 0.031815658040106755
}