{
    "gpsHeading": 75, 
    "gpsLatitude": 49.43760666234037, 
    "gpsLongitude": 11.072624507087205, 
    "outsideTemperature": 11.5, 
    "speed": 11.7705, 
    "yawRate": -0.006385466533931336
}