{
    "gpsHeading": 258, 
    "gpsLatitude": 49.43967246619688, 
    "gpsLongitude": 11.076049771819644, 
    "outsideTemperature": 12.5, 
    "speed": 12.817874999999999, 
    "yawRate": -0.002742566544154487
}