{
    "gpsHeading": 122, 
    "gpsLatitude": 49.45319440385588, 
    "gpsLongitude": 11.048284214638272, 
    "outsideTemperature": 19.5, 
    "speed": 11.404750000000002, 
    "yawRate": -0.005266994217209219
}