{
    "gpsHeading": 42, 
    "gpsLatitude": 49.45108384063642, 
    "gpsLongitude": 11.070600612746544, 
    "outsideTemperature": 13.5, 
    "speed": 2.9509375, 
    "yawRate": 0.021668768897442993
}