{
    "gpsHeading": 241, 
    "gpsLatitude": 49.45153302682757, 
    "gpsLongitude": 11.073344764027032, 
    "outsideTemperature": 11.5, 
    "speed": 5.7938125000000005, 
    "yawRate": -0.003114906480875354
}