{
    "gpsHeading": 163, 
    "gpsLatitude": 49.43569106218876, 
    "gpsLongitude": 11.075499248419106, 
    "outsideTemperature": 12.0, 
    "speed": 13.0755625, 
    "yawRate": 0.021168444208167502
}