{
    "gpsHeading": 83, 
    "gpsLatitude": 49.4558074621707, 
    "gpsLongitude": 11.080840951493515, 
    "outsideTemperature": 11.5, 
    "speed": 8.2210625, 
    "yawRate": 0.04542922620566182
}