{
    "gpsHeading": 295, 
    "gpsLatitude": 49.44940972311528, 
    "gpsLongitude": 11.084448103524876, 
    "outsideTemperature": 16.0, 
    "speed": 9.443000000000001, 
    "yawRate": 0.007552825133615446
}