{
    "gpsHeading": 80, 
    "gpsLatitude": 49.442659944126525, 
    "gpsLongitude": 11.09328061781456, 
    "outsideTemperature": 16.0, 
    "speed": 6.3258125000000005, 
    "yawRate": -0.04727854613860268
}