{
    "gpsHeading": 260, 
    "gpsLatitude": 49.43662606348793, 
    "gpsLongitude": 11.088034216979278, 
    "outsideTemperature": 14.5, 
    "speed": 11.8951875, 
    "yawRate": 0.0010548871388603076
}