{
    "gpsHeading": 84, 
    "gpsLatitude": 49.45185388608111, 
    "gpsLongitude": 11.075982046041984, 
    "outsideTemperature": 12.5, 
    "speed": 6.1429375, 
    "yawRate": -0.0144595466188389
}