{
    "gpsHeading": 27, 
    "gpsLatitude": 49.449250299316894, 
    "gpsLongitude": 11.057369527127708, 
    "outsideTemperature": 15.0, 
    "speed": 7.5560625, 
    "yawRate": -0.005440638209391339
}