{
    "gpsHeading": 165, 
    "gpsLatitude": 49.44248828274949, 
    "gpsLongitude": 11.081132893181111, 
    "outsideTemperature": 15.5, 
    "speed": 5.7688749999999995, 
    "yawRate": -0.02295879923096503
}