{
    "gpsHeading": 343, 
    "gpsLatitude": 49.45522357879552, 
    "gpsLongitude": 11.078513716076976, 
    "outsideTemperature": 12.0, 
    "speed": 5.5776875, 
    "yawRate": 0.03600444824489323
}