{
    "gpsHeading": 356, 
    "gpsLatitude": 49.43540356290986, 
    "gpsLongitude": 11.068200370953349, 
    "outsideTemperature": 14.0, 
    "speed": 9.883562500000002, 
    "yawRate": 0.025030460001965273
}