{
    "gpsHeading": 248, 
    "gpsLatitude": 49.43417611700891, 
    "gpsLongitude": 11.07465619659778, 
    "outsideTemperature": 11.0, 
    "speed": 14.696500000000002, 
    "yawRate": -0.0015208360677585965
}