{
    "gpsHeading": 207, 
    "gpsLatitude": 49.44969244470938, 
    "gpsLongitude": 11.083639836601714, 
    "outsideTemperature": 17.5, 
    "speed": 0.0, 
    "yawRate": 0.0008618562891276123
}