{
    "gpsHeading": 230, 
    "gpsLatitude": 49.45885579271738, 
    "gpsLongitude": 11.081653409368261, 
    "outsideTemperature": 18.5, 
    "speed": 6.741437500000001, 
    "yawRate": 0.007317343368281756
}