{
    "gpsHeading": 250, 
    "gpsLatitude": 49.44027411920678, 
    "gpsLongitude": 11.081968401289583, 
    "outsideTemperature": 17.0, 
    "speed": 0.0, 
    "yawRate": 0.0009060178278825989
}