{
    "gpsHeading": 282, 
    "gpsLatitude": 49.45852529427519, 
    "gpsLongitude": 11.08221809818516, 
    "outsideTemperature": 13.0, 
    "speed": 2.4521875, 
    "yawRate": -0.09418965381837811
}