{
    "gpsHeading": 275, 
    "gpsLatitude": 49.4589413719488, 
    "gpsLongitude": 11.076145660791958, 
    "outsideTemperature": 12.0, 
    "speed": 10.124625000000002, 
    "yawRate": -0.005772626021675494
}