{
    "gpsHeading": 100, 
    "gpsLatitude": 49.4401252566064, 
    "gpsLongitude": 11.076412037674883, 
    "outsideTemperature": 13.0, 
    "speed": 5.602625000000001, 
    "yawRate": -0.0053309737858227586
}