{
    "gpsHeading": 275, 
    "gpsLatitude": 49.43655305711127, 
    "gpsLongitude": 11.08980866588142, 
    "outsideTemperature": 16.0, 
    "speed": 11.554375, 
    "yawRate": -0.008893489597507083
}