{
    "gpsHeading": 298, 
    "gpsLatitude": 49.45801106451541, 
    "gpsLongitude": 11.0462522736706, 
    "outsideTemperature": 11.5, 
    "speed": 13.1753125, 
    "yawRate": -0.006748810877238521
}