{
    "gpsHeading": 273, 
    "gpsLatitude": 49.45673466829992, 
    "gpsLongitude": 11.07721703565581, 
    "outsideTemperature": 13.5, 
    "speed": 4.4305625, 
    "yawRate": -0.007105184279366456
}