{
    "gpsHeading": 16, 
    "gpsLatitude": 49.45163218474214, 
    "gpsLongitude": 11.081142029455568, 
    "outsideTemperature": 13.5, 
    "speed": 4.738125, 
    "yawRate": 0.061888272965556344
}