{
    "gpsHeading": 271, 
    "gpsLatitude": 49.43661692721347, 
    "gpsLongitude": 11.088697309339445, 
    "outsideTemperature": 15.0, 
    "speed": 12.094687500000001, 
    "yawRate": -0.0013885738139314747
}