{
    "gpsHeading": 167, 
    "gpsLatitude": 49.44089974445976, 
    "gpsLongitude": 11.076156724904177, 
    "outsideTemperature": 14.0, 
    "speed": 7.389812500000001, 
    "yawRate": -0.054200192841662366
}