{
    "gpsHeading": 81, 
    "gpsLatitude": 49.44042918441553, 
    "gpsLongitude": 11.08217811650703, 
    "outsideTemperature": 17.0, 
    "speed": 10.307500000000001, 
    "yawRate": -0.00511504140847017
}