{
    "gpsHeading": 61, 
    "gpsLatitude": 49.43890552205636, 
    "gpsLongitude": 11.080714803850716, 
    "outsideTemperature": 20.5, 
    "speed": 2.5935, 
    "yawRate": -0.011567256227279004
}