{
    "gpsHeading": 12, 
    "gpsLatitude": 49.444163909013206, 
    "gpsLongitude": 11.088756737032963, 
    "outsideTemperature": 14.0, 
    "speed": 8.570187500000001, 
    "yawRate": -0.00022841701636253185
}