{
    "gpsHeading": 68, 
    "gpsLatitude": 49.45806747472377, 
    "gpsLongitude": 11.079102293317913, 
    "outsideTemperature": 12.0, 
    "speed": 1.463, 
    "yawRate": -0.013388369586545181
}