{
    "gpsHeading": 295, 
    "gpsLatitude": 49.451174113733614, 
    "gpsLongitude": 11.058706440684134, 
    "outsideTemperature": 12.5, 
    "speed": 6.8079375, 
    "yawRate": 0.018535911712069943
}