{
    "gpsHeading": 297, 
    "gpsLatitude": 49.450555529279306, 
    "gpsLongitude": 11.06128144515852, 
    "outsideTemperature": 13.5, 
    "speed": 8.196125, 
    "yawRate": 0.012776325180489032
}