{
    "gpsHeading": 221, 
    "gpsLatitude": 49.44906220940964, 
    "gpsLongitude": 11.084531754918562, 
    "outsideTemperature": 16.5, 
    "speed": 0.0, 
    "yawRate": 0.00017627874777858318
}