{
    "gpsHeading": 311, 
    "gpsLatitude": 49.44146778603794, 
    "gpsLongitude": 11.089820652002954, 
    "outsideTemperature": 17.0, 
    "speed": 0.0, 
    "yawRate": -0.0004029928817813845
}