{
    "gpsHeading": 163, 
    "gpsLatitude": 49.43767137063288, 
    "gpsLongitude": 11.0745551108455, 
    "outsideTemperature": 12.0, 
    "speed": 11.6375, 
    "yawRate": 0.0010971578102334488
}