{
    "gpsHeading": 317, 
    "gpsLatitude": 49.44284082559703, 
    "gpsLongitude": 11.088576442295642, 
    "outsideTemperature": 14.5, 
    "speed": 4.339125, 
    "yawRate": 0.06295250190583121
}