{
    "gpsHeading": 311, 
    "gpsLatitude": 49.452225539667886, 
    "gpsLongitude": 11.080821170202029, 
    "outsideTemperature": 13.0, 
    "speed": 3.3333125, 
    "yawRate": 0.01092465880732251
}