{
    "gpsHeading": 278, 
    "gpsLatitude": 49.44924887439335, 
    "gpsLongitude": 11.084902570315036, 
    "outsideTemperature": 16.5, 
    "speed": 8.9359375, 
    "yawRate": 0.02221359085036812
}