{
    "gpsHeading": 350, 
    "gpsLatitude": 49.45487723855633, 
    "gpsLongitude": 11.078603989174164, 
    "outsideTemperature": 12.0, 
    "speed": 6.0764375, 
    "yawRate": -0.0009965318973860085
}