{
    "gpsHeading": 119, 
    "gpsLatitude": 49.45117914287552, 
    "gpsLongitude": 11.054575084428224, 
    "outsideTemperature": 15.5, 
    "speed": 2.1113750000000002, 
    "yawRate": -0.23268339575206604
}