{
    "gpsHeading": 293, 
    "gpsLatitude": 49.449858071116104, 
    "gpsLongitude": 11.08301588772936, 
    "outsideTemperature": 16.0, 
    "speed": 9.2518125, 
    "yawRate": 0.022443831870485324
}