{
    "gpsHeading": 267, 
    "gpsLatitude": 49.436625225297604, 
    "gpsLongitude": 11.085538672946987, 
    "outsideTemperature": 13.0, 
    "speed": 11.928437500000001, 
    "yawRate": -0.0216343931370648
}