{
    "gpsHeading": 300, 
    "gpsLatitude": 49.45548417216524, 
    "gpsLongitude": 11.052065123522448, 
    "outsideTemperature": 12.5, 
    "speed": 11.8453125, 
    "yawRate": 0.03164843266663588
}