{
    "gpsHeading": 298, 
    "gpsLatitude": 49.457876954064595, 
    "gpsLongitude": 11.04657371965736, 
    "outsideTemperature": 11.5, 
    "speed": 13.8735625, 
    "yawRate": 0.00407223048512622
}