{
    "gpsHeading": 313, 
    "gpsLatitude": 49.452359147204504, 
    "gpsLongitude": 11.05532895279977, 
    "outsideTemperature": 12.5, 
    "speed": 9.459624999999999, 
    "yawRate": 0.007714870349705204
}