{
    "gpsHeading": 345, 
    "gpsLatitude": 49.44591304456777, 
    "gpsLongitude": 11.068826499120526, 
    "outsideTemperature": 17.0, 
    "speed": 11.6291875, 
    "yawRate": 0.052044123446076916
}