{
    "gpsHeading": 305, 
    "gpsLatitude": 49.45182362741064, 
    "gpsLongitude": 11.076926770348846, 
    "outsideTemperature": 14.0, 
    "speed": 5.0789375, 
    "yawRate": 0.019748906720249027
}