{
    "gpsHeading": 164, 
    "gpsLatitude": 49.43975611759056, 
    "gpsLongitude": 11.07653676039411, 
    "outsideTemperature": 15.0, 
    "speed": 3.6491875000000005, 
    "yawRate": 0.22106889806486746
}