{
    "gpsHeading": 89, 
    "gpsLatitude": 49.443085241893606, 
    "gpsLongitude": 11.097075608296063, 
    "outsideTemperature": 13.5, 
    "speed": 12.884375, 
    "yawRate": -0.05024560586699327
}