{
    "gpsHeading": 116, 
    "gpsLatitude": 49.4519708136304, 
    "gpsLongitude": 11.052148439640005, 
    "outsideTemperature": 14.5, 
    "speed": 11.6291875, 
    "yawRate": 0.006775777621551411
}