{
    "gpsHeading": 346, 
    "gpsLatitude": 49.457544443965645, 
    "gpsLongitude": 11.083753411389722, 
    "outsideTemperature": 13.5, 
    "speed": 6.774687500000001, 
    "yawRate": 0.016813286608459606
}