{
    "gpsHeading": 97, 
    "gpsLatitude": 49.455666394740255, 
    "gpsLongitude": 11.07833090676874, 
    "outsideTemperature": 12.0, 
    "speed": 4.6217500000000005, 
    "yawRate": 0.03565538239449469
}