{
    "gpsHeading": 274, 
    "gpsLatitude": 49.43654190918005, 
    "gpsLongitude": 11.08997060425076, 
    "outsideTemperature": 16.0, 
    "speed": 11.787125000000001, 
    "yawRate": 0.004720078568048972
}