{
    "gpsHeading": 115, 
    "gpsLatitude": 49.45275133645405, 
    "gpsLongitude": 11.049729841478865, 
    "outsideTemperature": 16.5, 
    "speed": 13.26675, 
    "yawRate": 0.007299376397150217
}