{
    "gpsHeading": 93, 
    "gpsLatitude": 49.455584671184305, 
    "gpsLongitude": 11.085541774251162, 
    "outsideTemperature": 11.5, 
    "speed": 9.642500000000002, 
    "yawRate": 0.02273994592973671
}