{
    "gpsHeading": 179, 
    "gpsLatitude": 49.45104109293023, 
    "gpsLongitude": 11.069514821009271, 
    "outsideTemperature": 12.0, 
    "speed": 2.5768750000000002, 
    "yawRate": 0.17962106620292734
}