{
    "gpsHeading": 72, 
    "gpsLatitude": 49.45151467045962, 
    "gpsLongitude": 11.073244013550845, 
    "outsideTemperature": 12.5, 
    "speed": 4.721500000000001, 
    "yawRate": 0.005262673928696612
}