{
    "gpsHeading": 332, 
    "gpsLatitude": 49.4529647397089, 
    "gpsLongitude": 11.080704494109815, 
    "outsideTemperature": 15.0, 
    "speed": 0.6650000000000001, 
    "yawRate": 0.15102164595131717
}