{
    "gpsHeading": 74, 
    "gpsLatitude": 49.4410885887383, 
    "gpsLongitude": 11.087048421346843, 
    "outsideTemperature": 15.0, 
    "speed": 10.490375, 
    "yawRate": 0.02385639429270911
}