{
    "gpsHeading": 222, 
    "gpsLatitude": 49.457405807287124, 
    "gpsLongitude": 11.072146738606227, 
    "outsideTemperature": 12.0, 
    "speed": 10.108, 
    "yawRate": -0.008041554049268004
}