{
    "gpsHeading": 93, 
    "gpsLatitude": 49.44309328852067, 
    "gpsLongitude": 11.097600063977739, 
    "outsideTemperature": 13.0, 
    "speed": 11.67075, 
    "yawRate": -0.01481542205150846
}