{
    "gpsHeading": 8, 
    "gpsLatitude": 49.451653558595225, 
    "gpsLongitude": 11.081154518491292, 
    "outsideTemperature": 14.0, 
    "speed": 3.4496875000000005, 
    "yawRate": -0.007980605209133587
}