{
    "gpsHeading": 252, 
    "gpsLatitude": 49.44194278849086, 
    "gpsLongitude": 11.078442553719016, 
    "outsideTemperature": 14.5, 
    "speed": 6.791312500000001, 
    "yawRate": -0.031161846715337723
}