{
    "gpsHeading": 67, 
    "gpsLatitude": 49.45170276036686, 
    "gpsLongitude": 11.07437146334691, 
    "outsideTemperature": 12.5, 
    "speed": 3.142125, 
    "yawRate": -0.009747157638454606
}