{
    "gpsHeading": 301, 
    "gpsLatitude": 49.456750845373044, 
    "gpsLongitude": 11.048418408908114, 
    "outsideTemperature": 11.5, 
    "speed": 15.910125, 
    "yawRate": -0.0790054419098023
}