{
    "gpsHeading": 328, 
    "gpsLatitude": 49.44974550215646, 
    "gpsLongitude": 11.057770349737538, 
    "outsideTemperature": 14.5, 
    "speed": 4.7796875, 
    "yawRate": 0.01497971403894225
}