{
    "gpsHeading": 257, 
    "gpsLatitude": 49.43943333049929, 
    "gpsLongitude": 11.074313125300838, 
    "outsideTemperature": 12.5, 
    "speed": 7.8553125, 
    "yawRate": 0.15241720395813857
}