{
    "gpsHeading": 76, 
    "gpsLatitude": 49.44101943803712, 
    "gpsLongitude": 11.086535365053514, 
    "outsideTemperature": 15.5, 
    "speed": 9.368187500000001, 
    "yawRate": -0.0009272810856102316
}