{
    "gpsHeading": 251, 
    "gpsLatitude": 49.43670636212035, 
    "gpsLongitude": 11.093075093548729, 
    "outsideTemperature": 19.5, 
    "speed": 12.086375, 
    "yawRate": -0.01859305634547478
}