{
    "gpsHeading": 21, 
    "gpsLatitude": 49.45286139084274, 
    "gpsLongitude": 11.055642016883358, 
    "outsideTemperature": 12.0, 
    "speed": 9.9999375, 
    "yawRate": 0.005620475247312957
}