{
    "gpsHeading": 265, 
    "gpsLatitude": 49.45880416019381, 
    "gpsLongitude": 11.078973714923228, 
    "outsideTemperature": 13.5, 
    "speed": 10.024875000000002, 
    "yawRate": 0.012902396974663399
}