{
    "gpsHeading": 313, 
    "gpsLatitude": 49.44492163306022, 
    "gpsLongitude": 11.09700033880558, 
    "outsideTemperature": 15.5, 
    "speed": 12.768, 
    "yawRate": 0.01015009254600387
}