{
    "gpsHeading": 127, 
    "gpsLatitude": 49.444294163788555, 
    "gpsLongitude": 11.092263976778453, 
    "outsideTemperature": 15.5, 
    "speed": 3.6824375000000003, 
    "yawRate": -0.07991620315089616
}