{
    "gpsHeading": 115, 
    "gpsLatitude": 49.45362799970713, 
    "gpsLongitude": 11.046970938048826, 
    "outsideTemperature": 13.0, 
    "speed": 12.360687500000001, 
    "yawRate": 0.0009759917647403108
}