{
    "gpsHeading": 131, 
    "gpsLatitude": 49.45782750083587, 
    "gpsLongitude": 11.082149785674279, 
    "outsideTemperature": 12.5, 
    "speed": 5.6857500000000005, 
    "yawRate": 0.01594062198246226
}