{
    "gpsHeading": 288, 
    "gpsLatitude": 49.44912750443538, 
    "gpsLongitude": 11.07443533344911, 
    "outsideTemperature": 15.0, 
    "speed": 4.073125, 
    "yawRate": -0.010722942578269406
}