{
    "gpsHeading": 148, 
    "gpsLatitude": 49.45432914590772, 
    "gpsLongitude": 11.040080091629624, 
    "outsideTemperature": 20.0, 
    "speed": 6.1928125000000005, 
    "yawRate": 0.19282231985996315
}