{
    "gpsHeading": 264, 
    "gpsLatitude": 49.456653280020085, 
    "gpsLongitude": 11.078683701073361, 
    "outsideTemperature": 12.0, 
    "speed": 4.68825, 
    "yawRate": -0.019322489043326355
}