{
    "gpsHeading": 89, 
    "gpsLatitude": 49.444326350296734, 
    "gpsLongitude": 11.091121774832803, 
    "outsideTemperature": 15.0, 
    "speed": 6.783, 
    "yawRate": -0.0003291892599560477
}