{
    "gpsHeading": 78, 
    "gpsLatitude": 49.440392471679615, 
    "gpsLongitude": 11.081926994687915, 
    "outsideTemperature": 17.5, 
    "speed": 9.4346875, 
    "yawRate": -0.051366266586319716
}