{
    "gpsHeading": 73, 
    "gpsLatitude": 49.438273275099874, 
    "gpsLongitude": 11.07646065271328, 
    "outsideTemperature": 13.5, 
    "speed": 9.8336875, 
    "yawRate": 0.002424703570881934
}