{
    "gpsHeading": 212, 
    "gpsLatitude": 49.44214579818576, 
    "gpsLongitude": 11.079785669883787, 
    "outsideTemperature": 14.5, 
    "speed": 7.2401875, 
    "yawRate": -0.01405762004579426
}