{
    "gpsHeading": 26, 
    "gpsLatitude": 49.44970132952674, 
    "gpsLongitude": 11.060120635387829, 
    "outsideTemperature": 14.5, 
    "speed": 5.187, 
    "yawRate": -0.3001612097020891
}