{
    "gpsHeading": 99, 
    "gpsLatitude": 49.447103861551845, 
    "gpsLongitude": 11.07045401326004, 
    "outsideTemperature": 18.0, 
    "speed": 2.9176875, 
    "yawRate": -0.000997705342593424
}