{
    "gpsHeading": 106, 
    "gpsLatitude": 49.44848804904215, 
    "gpsLongitude": 11.062780883817506, 
    "outsideTemperature": 25.0, 
    "speed": 3.82375, 
    "yawRate": -6.631923041329566e-05
}