{
    "gpsHeading": 324, 
    "gpsLatitude": 49.44010279310589, 
    "gpsLongitude": 11.079744263282086, 
    "outsideTemperature": 16.5, 
    "speed": 0.0, 
    "yawRate": 0.00010903775466008679
}