{
    "gpsHeading": 213, 
    "gpsLatitude": 49.44158747961528, 
    "gpsLongitude": 11.075922031615278, 
    "outsideTemperature": 14.0, 
    "speed": 5.569375, 
    "yawRate": 0.36240989960937714
}