{
    "gpsHeading": 90, 
    "gpsLatitude": 49.446628272365686, 
    "gpsLongitude": 11.076518152569069, 
    "outsideTemperature": 21.5, 
    "speed": 5.203625000000001, 
    "yawRate": 0.003442842091650949
}