{
    "gpsHeading": 344, 
    "gpsLatitude": 49.449340823871175, 
    "gpsLongitude": 11.054933159331844, 
    "outsideTemperature": 18.0, 
    "speed": 1.8536875000000002, 
    "yawRate": -0.3543319556830521
}