{
    "gpsHeading": 43, 
    "gpsLatitude": 49.44822527637763, 
    "gpsLongitude": 11.066343695581057, 
    "outsideTemperature": 16.0, 
    "speed": 7.132125, 
    "yawRate": -0.02565993324773297
}