{
    "gpsHeading": 261, 
    "gpsLatitude": 49.45316967724152, 
    "gpsLongitude": 11.07878897777723, 
    "outsideTemperature": 12.5, 
    "speed": 3.2169375000000002, 
    "yawRate": -0.32213711426433683
}