{
    "gpsHeading": 186, 
    "gpsLatitude": 49.4481225142447, 
    "gpsLongitude": 11.072013382526702, 
    "outsideTemperature": 13.5, 
    "speed": 7.655812500000001, 
    "yawRate": 0.025742281333114223
}