{
    "gpsHeading": 161, 
    "gpsLatitude": 49.435021348125076, 
    "gpsLongitude": 11.075819520939422, 
    "outsideTemperature": 11.5, 
    "speed": 11.80375, 
    "yawRate": -0.001346303142559325
}