{
    "gpsHeading": 300, 
    "gpsLatitude": 49.4550893845257, 
    "gpsLongitude": 11.053058379048705, 
    "outsideTemperature": 13.0, 
    "speed": 11.8120625, 
    "yawRate": 0.013147942595496263
}