{
    "gpsHeading": 316, 
    "gpsLatitude": 49.45637382736823, 
    "gpsLongitude": 11.083937897078627, 
    "outsideTemperature": 12.0, 
    "speed": 8.2709375, 
    "yawRate": 0.0018034550413083866
}