{
    "gpsHeading": 220, 
    "gpsLatitude": 49.45134166797808, 
    "gpsLongitude": 11.066931769907837, 
    "outsideTemperature": 14.5, 
    "speed": 12.319125000000001, 
    "yawRate": 0.03935195226606965
}