{
    "gpsHeading": 94, 
    "gpsLatitude": 49.44308775646456, 
    "gpsLongitude": 11.09821177527146, 
    "outsideTemperature": 13.0, 
    "speed": 8.9359375, 
    "yawRate": 0.02777061169715242
}