{
    "gpsHeading": 18, 
    "gpsLatitude": 49.45615606552374, 
    "gpsLongitude": 11.07733312501477, 
    "outsideTemperature": 13.0, 
    "speed": 4.9958125, 
    "yawRate": -0.001869196523383357
}