{
    "gpsHeading": 134, 
    "gpsLatitude": 49.44461384957563, 
    "gpsLongitude": 11.089543378645942, 
    "outsideTemperature": 17.5, 
    "speed": 7.830375000000001, 
    "yawRate": 0.02777061169715242
}