{
    "gpsHeading": 92, 
    "gpsLatitude": 49.45554385131584, 
    "gpsLongitude": 11.085864812799525, 
    "outsideTemperature": 11.5, 
    "speed": 8.9525625, 
    "yawRate": 0.03932057382368236
}