{
    "gpsHeading": 169, 
    "gpsLatitude": 49.443425547162526, 
    "gpsLongitude": 11.08086567810787, 
    "outsideTemperature": 17.0, 
    "speed": 9.9085, 
    "yawRate": -0.002363914057432171
}