{
    "gpsHeading": 226, 
    "gpsLatitude": 49.44951801730431, 
    "gpsLongitude": 11.064980379029645, 
    "outsideTemperature": 16.0, 
    "speed": 8.495375000000001, 
    "yawRate": -0.0058953747253622036
}