{
    "gpsHeading": 293, 
    "gpsLatitude": 49.44878971373743, 
    "gpsLongitude": 11.062138410939143, 
    "outsideTemperature": 13.0, 
    "speed": 11.837, 
    "yawRate": -0.0024550439753995724
}