{
    "gpsHeading": 345, 
    "gpsLatitude": 49.442626332694786, 
    "gpsLongitude": 11.0812665007177, 
    "outsideTemperature": 13.0, 
    "speed": 10.1745, 
    "yawRate": -0.034780135278802915
}