{
    "gpsHeading": 147, 
    "gpsLatitude": 49.43776717578618, 
    "gpsLongitude": 11.074510602939625, 
    "outsideTemperature": 12.5, 
    "speed": 11.205250000000001, 
    "yawRate": 0.018026851554577644
}