{
    "gpsHeading": 70, 
    "gpsLatitude": 49.43691079673877, 
    "gpsLongitude": 11.069228662834863, 
    "outsideTemperature": 12.0, 
    "speed": 8.603437500000002, 
    "yawRate": 0.0009449163244440104
}