{
    "gpsHeading": 166, 
    "gpsLatitude": 49.44924744946981, 
    "gpsLongitude": 11.075030364755523, 
    "outsideTemperature": 15.0, 
    "speed": 2.0365625, 
    "yawRate": -0.02311478026742957
}