{
    "gpsHeading": 224, 
    "gpsLatitude": 49.45134166797808, 
    "gpsLongitude": 11.072222343372866, 
    "outsideTemperature": 12.5, 
    "speed": 5.735625000000001, 
    "yawRate": -0.155556676144648
}