{
    "gpsHeading": 109, 
    "gpsLatitude": 49.44288390857935, 
    "gpsLongitude": 11.092223659824198, 
    "outsideTemperature": 13.5, 
    "speed": 7.2318750000000005, 
    "yawRate": -0.031221517020254844
}