{
    "gpsHeading": 257, 
    "gpsLatitude": 49.45727722889242, 
    "gpsLongitude": 11.086932583444979, 
    "outsideTemperature": 13.0, 
    "speed": 8.6533125, 
    "yawRate": 0.0110537000768777
}