{
    "gpsHeading": 27, 
    "gpsLatitude": 49.44928609004345, 
    "gpsLongitude": 11.054920670296118, 
    "outsideTemperature": 14.5, 
    "speed": 1.9368125, 
    "yawRate": -0.11574633586844812
}