{
    "gpsHeading": 0, 
    "gpsLatitude": 49.45738577453855, 
    "gpsLongitude": 11.089408932919005, 
    "outsideTemperature": 18.0, 
    "speed": 6.118, 
    "yawRate": 0.21316282745781837
}