{
    "gpsHeading": 230, 
    "gpsLatitude": 49.45192747919099, 
    "gpsLongitude": 11.067884792298806, 
    "outsideTemperature": 16.5, 
    "speed": 11.662437500000001, 
    "yawRate": 0.0035727026001862996
}