{
    "gpsHeading": 93, 
    "gpsLatitude": 49.44303528575069, 
    "gpsLongitude": 11.098851230664682, 
    "outsideTemperature": 13.0, 
    "speed": 2.1861875000000004, 
    "yawRate": -0.007834105043531657
}