{
    "gpsHeading": 110, 
    "gpsLatitude": 49.45397827944081, 
    "gpsLongitude": 11.04113872600062, 
    "outsideTemperature": 17.5, 
    "speed": 7.7638750000000005, 
    "yawRate": -0.0023054905129997047
}