{
    "gpsHeading": 306, 
    "gpsLatitude": 49.45902276022863, 
    "gpsLongitude": 11.082038725457224, 
    "outsideTemperature": 19.0, 
    "speed": 5.469625, 
    "yawRate": 0.29494760409694276
}