{
    "gpsHeading": 121, 
    "gpsLatitude": 49.45765273815467, 
    "gpsLongitude": 11.08232421307938, 
    "outsideTemperature": 12.5, 
    "speed": 5.7439375, 
    "yawRate": 0.003199718442903549
}