{
    "gpsHeading": 250, 
    "gpsLatitude": 49.44849165326052, 
    "gpsLongitude": 11.063252030594978, 
    "outsideTemperature": 13.5, 
    "speed": 9.1853125, 
    "yawRate": -0.09111776997670973
}