{
    "gpsHeading": 295, 
    "gpsLatitude": 49.45557855239499, 
    "gpsLongitude": 11.051776199320024, 
    "outsideTemperature": 12.5, 
    "speed": 11.022375000000002, 
    "yawRate": 0.0021523683079322513
}