{
    "gpsHeading": 273, 
    "gpsLatitude": 49.45878940804424, 
    "gpsLongitude": 11.080409283480012, 
    "outsideTemperature": 15.0, 
    "speed": 8.9026875, 
    "yawRate": 0.05985175385331003
}