{
    "gpsHeading": 85, 
    "gpsLatitude": 49.443078871647195, 
    "gpsLongitude": 11.095860399973756, 
    "outsideTemperature": 14.0, 
    "speed": 12.518625000000002, 
    "yawRate": 0.0029869363188330823
}