{
    "gpsHeading": 241, 
    "gpsLatitude": 49.456902725458576, 
    "gpsLongitude": 11.071045607986118, 
    "outsideTemperature": 12.0, 
    "speed": 4.1479375, 
    "yawRate": -0.019870067300021266
}