{
    "gpsHeading": 285, 
    "gpsLatitude": 49.455700844362305, 
    "gpsLongitude": 11.051355930694804, 
    "outsideTemperature": 12.5, 
    "speed": 12.410562500000001, 
    "yawRate": -0.0034326852984493898
}