{
    "gpsHeading": 337, 
    "gpsLatitude": 49.453741406857084, 
    "gpsLongitude": 11.05596924638331, 
    "outsideTemperature": 16.5, 
    "speed": 8.0714375, 
    "yawRate": 0.11577330261276103
}