{
    "gpsHeading": 287, 
    "gpsLatitude": 49.44988162426403, 
    "gpsLongitude": 11.082917819462219, 
    "outsideTemperature": 15.0, 
    "speed": 8.4870625, 
    "yawRate": 0.02832224323234758
}