{
    "gpsHeading": 195, 
    "gpsLatitude": 49.4498796964263, 
    "gpsLongitude": 11.054144841338228, 
    "outsideTemperature": 14.0, 
    "speed": 3.4496875000000005, 
    "yawRate": 0.17118579315941473
}