{
    "gpsHeading": 214, 
    "gpsLatitude": 49.452497783883004, 
    "gpsLongitude": 11.068861451656785, 
    "outsideTemperature": 20.0, 
    "speed": 9.758875, 
    "yawRate": -0.07723604176714972
}