{
    "gpsHeading": 284, 
    "gpsLatitude": 49.4337030423937, 
    "gpsLongitude": 11.06826533070296, 
    "outsideTemperature": 13.0, 
    "speed": 4.305875, 
    "yawRate": -0.0033673034153168845
}