{
    "gpsHeading": 290, 
    "gpsLatitude": 49.44996913133318, 
    "gpsLongitude": 11.08237366630809, 
    "outsideTemperature": 14.5, 
    "speed": 8.462125, 
    "yawRate": 0.001444172751635991
}