{
    "gpsHeading": 99, 
    "gpsLatitude": 49.44679440168662, 
    "gpsLongitude": 11.074172560784586, 
    "outsideTemperature": 16.0, 
    "speed": 9.3515625, 
    "yawRate": 0.014012126224557792
}