{
    "gpsHeading": 161, 
    "gpsLatitude": 49.43747833540277, 
    "gpsLongitude": 11.07464094153401, 
    "outsideTemperature": 12.5, 
    "speed": 11.163687500000002, 
    "yawRate": -0.03799821743443903
}