{
    "gpsHeading": 224, 
    "gpsLatitude": 49.457247473136164, 
    "gpsLongitude": 11.042770095815559, 
    "outsideTemperature": 12.5, 
    "speed": 7.2900625, 
    "yawRate": -0.00238548774725277
}