{
    "gpsHeading": 247, 
    "gpsLatitude": 49.43407938984627, 
    "gpsLongitude": 11.074274568546215, 
    "outsideTemperature": 11.0, 
    "speed": 14.53025, 
    "yawRate": 0.004762349239421122
}