{
    "gpsHeading": 257, 
    "gpsLatitude": 49.43984052335553, 
    "gpsLongitude": 11.077387858842512, 
    "outsideTemperature": 13.5, 
    "speed": 12.003250000000001, 
    "yawRate": -0.004836961646547727
}