{
    "gpsHeading": 116, 
    "gpsLatitude": 49.45402940905017, 
    "gpsLongitude": 11.04635176686128, 
    "outsideTemperature": 13.0, 
    "speed": 13.216875, 
    "yawRate": 0.001150524689939582
}