{
    "gpsHeading": 114, 
    "gpsLatitude": 49.44865057414472, 
    "gpsLongitude": 11.062260619087418, 
    "outsideTemperature": 17.5, 
    "speed": 1.5045625, 
    "yawRate": -0.0009494498913424313
}