{
    "gpsHeading": 293, 
    "gpsLatitude": 49.45623552596584, 
    "gpsLongitude": 11.049641747676498, 
    "outsideTemperature": 12.0, 
    "speed": 14.596750000000002, 
    "yawRate": -0.012857463259217975
}