{
    "gpsHeading": 116, 
    "gpsLatitude": 49.454942785039165, 
    "gpsLongitude": 11.043535112118354, 
    "outsideTemperature": 14.0, 
    "speed": 12.6433125, 
    "yawRate": 0.012669697753102399
}