{
    "gpsHeading": 308, 
    "gpsLatitude": 49.445729145612106, 
    "gpsLongitude": 11.095584551540282, 
    "outsideTemperature": 13.5, 
    "speed": 13.100500000000002, 
    "yawRate": 0.09357683079133094
}