{
    "gpsHeading": 123, 
    "gpsLatitude": 49.45769523440377, 
    "gpsLongitude": 11.079637310197585, 
    "outsideTemperature": 12.0, 
    "speed": 4.788, 
    "yawRate": -0.012864770810947368
}