{
    "gpsHeading": 97, 
    "gpsLatitude": 49.44683497009798, 
    "gpsLongitude": 11.073671742069886, 
    "outsideTemperature": 16.5, 
    "speed": 8.5785, 
    "yawRate": 0.0033656177873923263
}