{
    "gpsHeading": 135, 
    "gpsLatitude": 49.45795750415411, 
    "gpsLongitude": 11.082011484271916, 
    "outsideTemperature": 12.5, 
    "speed": 5.7855, 
    "yawRate": 0.008435706198886646
}