{
    "gpsHeading": 294, 
    "gpsLatitude": 49.45179605094921, 
    "gpsLongitude": 11.056685060914457, 
    "outsideTemperature": 12.0, 
    "speed": 6.4089374999999995, 
    "yawRate": 0.011205528853694597
}