{
    "gpsHeading": 289, 
    "gpsLatitude": 49.443656636233065, 
    "gpsLongitude": 11.091851754780311, 
    "outsideTemperature": 14.5, 
    "speed": 6.9575625, 
    "yawRate": -0.008881302594728278
}