{
    "gpsHeading": 277, 
    "gpsLatitude": 49.45904472081493, 
    "gpsLongitude": 11.075335885126226, 
    "outsideTemperature": 12.0, 
    "speed": 9.850312500000001, 
    "yawRate": -0.029683636773997487
}