{
    "gpsHeading": 257, 
    "gpsLatitude": 49.43338721228208, 
    "gpsLongitude": 11.071137557463944, 
    "outsideTemperature": 11.0, 
    "speed": 12.028187500000001, 
    "yawRate": -0.042187007639225504
}