{
    "gpsHeading": 114, 
    "gpsLatitude": 49.44813357835689, 
    "gpsLongitude": 11.06394479489237, 
    "outsideTemperature": 25.5, 
    "speed": 10.6316875, 
    "yawRate": 0.007030809216580991
}