{
    "gpsHeading": 75, 
    "gpsLatitude": 49.438621124081635, 
    "gpsLongitude": 11.078873383542232, 
    "outsideTemperature": 12.5, 
    "speed": 6.774687500000001, 
    "yawRate": -0.008221804866283534
}