{
    "gpsHeading": 291, 
    "gpsLatitude": 49.449830243197574, 
    "gpsLongitude": 11.083145052857297, 
    "outsideTemperature": 15.0, 
    "speed": 8.711500000000001, 
    "yawRate": 0.017152136019584294
}