{
    "gpsHeading": 340, 
    "gpsLatitude": 49.44066077640025, 
    "gpsLongitude": 11.081832027724912, 
    "outsideTemperature": 15.0, 
    "speed": 8.61175, 
    "yawRate": 0.0008245814618811605
}