{
    "gpsHeading": 312, 
    "gpsLatitude": 49.445293873380216, 
    "gpsLongitude": 11.0963623083359, 
    "outsideTemperature": 14.5, 
    "speed": 12.510312500000001, 
    "yawRate": -0.005034271946346621
}