{
    "gpsHeading": 244, 
    "gpsLatitude": 49.456861067399785, 
    "gpsLongitude": 11.075279810194008, 
    "outsideTemperature": 14.0, 
    "speed": 1.6708125, 
    "yawRate": -0.2940373133072294
}