{
    "gpsHeading": 267, 
    "gpsLatitude": 49.436631679363046, 
    "gpsLongitude": 11.087027047493756, 
    "outsideTemperature": 14.0, 
    "speed": 12.169500000000001, 
    "yawRate": -0.005926429869116496
}