{
    "gpsHeading": 205, 
    "gpsLatitude": 49.45760554803978, 
    "gpsLongitude": 11.088545932168099, 
    "outsideTemperature": 15.0, 
    "speed": 7.930125, 
    "yawRate": -0.0046542631910706025
}