{
    "gpsHeading": 278, 
    "gpsLatitude": 49.45049945434705, 
    "gpsLongitude": 11.061521502865453, 
    "outsideTemperature": 14.0, 
    "speed": 5.536125, 
    "yawRate": -0.20975315444878423
}