{
    "gpsHeading": 55, 
    "gpsLatitude": 49.449123313483796, 
    "gpsLongitude": 11.068452833877005, 
    "outsideTemperature": 14.0, 
    "speed": 8.304187500000001, 
    "yawRate": 0.026350878461697487
}