{
    "gpsHeading": 256, 
    "gpsLatitude": 49.442178068512995, 
    "gpsLongitude": 11.080027068695227, 
    "outsideTemperature": 15.0, 
    "speed": 5.3781875, 
    "yawRate": 0.09310559602665651
}