{
    "gpsHeading": 110, 
    "gpsLatitude": 49.44891359826635, 
    "gpsLongitude": 11.061470624713202, 
    "outsideTemperature": 19.0, 
    "speed": 9.085562500000002, 
    "yawRate": 0.004112004939441396
}