{
    "gpsHeading": 291, 
    "gpsLatitude": 49.451108567250785, 
    "gpsLongitude": 11.058980361279879, 
    "outsideTemperature": 12.5, 
    "speed": 7.173687500000001, 
    "yawRate": 0.0005590204165291297
}