{
    "gpsHeading": 22, 
    "gpsLatitude": 49.449911631477406, 
    "gpsLongitude": 11.05787093257566, 
    "outsideTemperature": 15.0, 
    "speed": 4.081437500000001, 
    "yawRate": -0.16286933673927687
}