{
    "gpsHeading": 194, 
    "gpsLatitude": 49.45890415629869, 
    "gpsLongitude": 11.082085664115016, 
    "outsideTemperature": 19.0, 
    "speed": 0.0, 
    "yawRate": 0.0003791004340235062
}