{
    "gpsHeading": 69, 
    "gpsLatitude": 49.43836111744516, 
    "gpsLongitude": 11.076948982392283, 
    "outsideTemperature": 13.0, 
    "speed": 8.6200625, 
    "yawRate": 0.007486158401665761
}