{
    "gpsHeading": 305, 
    "gpsLatitude": 49.45408162830697, 
    "gpsLongitude": 11.055369269754024, 
    "outsideTemperature": 15.0, 
    "speed": 11.188625, 
    "yawRate": -0.004828948700044551
}