{
    "gpsHeading": 11, 
    "gpsLatitude": 49.45651883429314, 
    "gpsLongitude": 11.077436725338035, 
    "outsideTemperature": 13.0, 
    "speed": 5.2451875, 
    "yawRate": -0.009548645232158239
}