{
    "gpsHeading": 233, 
    "gpsLatitude": 49.45708360692908, 
    "gpsLongitude": 11.042554261808824, 
    "outsideTemperature": 14.5, 
    "speed": 5.2867500000000005, 
    "yawRate": 0.4126538083769923
}