{
    "gpsHeading": 115, 
    "gpsLatitude": 49.44794356061192, 
    "gpsLongitude": 11.064649796768427, 
    "outsideTemperature": 14.0, 
    "speed": 5.5278125000000005, 
    "yawRate": -0.010956829556146032
}