{
    "gpsHeading": 105, 
    "gpsLatitude": 49.45182832127642, 
    "gpsLongitude": 11.076827277158166, 
    "outsideTemperature": 12.5, 
    "speed": 3.9816875, 
    "yawRate": 0.0021210812751067524
}