{
    "gpsHeading": 96, 
    "gpsLatitude": 49.4471977388674, 
    "gpsLongitude": 11.069192285375097, 
    "outsideTemperature": 17.0, 
    "speed": 9.393125, 
    "yawRate": -0.005535561397778445
}