{
    "gpsHeading": 54, 
    "gpsLatitude": 49.455507222398964, 
    "gpsLongitude": 11.041376185317569, 
    "outsideTemperature": 15.5, 
    "speed": 7.5560625, 
    "yawRate": -0.25907806678241
}