{
    "gpsHeading": 207, 
    "gpsLatitude": 49.45103497414092, 
    "gpsLongitude": 11.070293667452303, 
    "outsideTemperature": 11.5, 
    "speed": 0.532, 
    "yawRate": -0.0019677019691493776
}