{
    "gpsHeading": 200, 
    "gpsLatitude": 49.453058281748326, 
    "gpsLongitude": 11.069281720281971, 
    "outsideTemperature": 12.5, 
    "speed": 9.301687500000002, 
    "yawRate": -0.03976682077275605
}