{
    "gpsHeading": 103, 
    "gpsLatitude": 49.44735883904642, 
    "gpsLongitude": 11.066991197601325, 
    "outsideTemperature": 19.0, 
    "speed": 14.0231875, 
    "yawRate": 0.024484101736523992
}