{
    "gpsHeading": 68, 
    "gpsLatitude": 49.45567108860604, 
    "gpsLongitude": 11.089165941545962, 
    "outsideTemperature": 11.5, 
    "speed": 7.4064375, 
    "yawRate": 0.31438446393798386
}