{
    "gpsHeading": 349, 
    "gpsLatitude": 49.441559400239626, 
    "gpsLongitude": 11.081531787953212, 
    "outsideTemperature": 13.5, 
    "speed": 7.74725, 
    "yawRate": -0.0058076696956980926
}