{
    "gpsHeading": 353, 
    "gpsLatitude": 49.44600692188332, 
    "gpsLongitude": 11.080604498004945, 
    "outsideTemperature": 17.5, 
    "speed": 5.2451875, 
    "yawRate": 0.021607418763750098
}