{
    "gpsHeading": 317, 
    "gpsLatitude": 49.4435413850644, 
    "gpsLongitude": 11.09897067278491, 
    "outsideTemperature": 19.0, 
    "speed": 12.103000000000002, 
    "yawRate": -0.01568078038351209
}