{
    "gpsHeading": 147, 
    "gpsLatitude": 49.45813662542497, 
    "gpsLongitude": 11.08184149927553, 
    "outsideTemperature": 12.5, 
    "speed": 5.9517500000000005, 
    "yawRate": 0.001977987966507658
}