{
    "gpsHeading": 72, 
    "gpsLatitude": 49.438190545715536, 
    "gpsLongitude": 11.075901160676347, 
    "outsideTemperature": 13.5, 
    "speed": 10.340750000000002, 
    "yawRate": -0.008396337791482805
}