{
    "gpsHeading": 72, 
    "gpsLatitude": 49.45796001872506, 
    "gpsLongitude": 11.07884312487175, 
    "outsideTemperature": 12.0, 
    "speed": 4.1895, 
    "yawRate": -0.022464081696916216
}