{
    "gpsHeading": 291, 
    "gpsLatitude": 49.4478682911214, 
    "gpsLongitude": 11.066603702217572, 
    "outsideTemperature": 17.5, 
    "speed": 5.6940625, 
    "yawRate": -6.400555958881475e-05
}