{
    "gpsHeading": 107, 
    "gpsLatitude": 49.44835913537132, 
    "gpsLongitude": 11.063194279282092, 
    "outsideTemperature": 29.5, 
    "speed": 6.8578125, 
    "yawRate": 0.00022402513380345886
}