{
    "gpsHeading": 120, 
    "gpsLatitude": 49.44857446646388, 
    "gpsLongitude": 11.06251232763979, 
    "outsideTemperature": 26.5, 
    "speed": 5.860312500000001, 
    "yawRate": -0.02153386902994251
}