{
    "gpsHeading": 299, 
    "gpsLatitude": 49.45678194223382, 
    "gpsLongitude": 11.076427544195752, 
    "outsideTemperature": 12.5, 
    "speed": 3.2501875000000005, 
    "yawRate": -0.10292376021385369
}