{
    "gpsHeading": 77, 
    "gpsLatitude": 49.44130106998379, 
    "gpsLongitude": 11.088677276590863, 
    "outsideTemperature": 14.0, 
    "speed": 7.572687500000001, 
    "yawRate": -0.0031962091132027425
}