{
    "gpsHeading": 265, 
    "gpsLatitude": 49.45878077468396, 
    "gpsLongitude": 11.078700045784545, 
    "outsideTemperature": 13.0, 
    "speed": 9.958375, 
    "yawRate": 0.017440253029848418
}