{
    "gpsHeading": 78, 
    "gpsLatitude": 49.44046690297981, 
    "gpsLongitude": 11.082453378207283, 
    "outsideTemperature": 16.5, 
    "speed": 10.6649375, 
    "yawRate": -0.0009262512036846834
}