{
    "gpsHeading": 259, 
    "gpsLatitude": 49.43640251813026, 
    "gpsLongitude": 11.083636483840445, 
    "outsideTemperature": 13.0, 
    "speed": 8.14625, 
    "yawRate": -0.03716782347981482
}