{
    "gpsHeading": 347, 
    "gpsLatitude": 49.44225501438414, 
    "gpsLongitude": 11.081353672510716, 
    "outsideTemperature": 13.0, 
    "speed": 10.332437500000001, 
    "yawRate": 0.0008245814618811605
}