{
    "gpsHeading": 262, 
    "gpsLatitude": 49.458808602602495, 
    "gpsLongitude": 11.07952147229572, 
    "outsideTemperature": 14.0, 
    "speed": 9.8170625, 
    "yawRate": 0.001557756836700844
}