{
    "gpsHeading": 70, 
    "gpsLatitude": 49.438150228761266, 
    "gpsLongitude": 11.07562866500414, 
    "outsideTemperature": 14.0, 
    "speed": 10.0331875, 
    "yawRate": 0.05565724575670829
}