{
    "gpsHeading": 116, 
    "gpsLatitude": 49.44780358282888, 
    "gpsLongitude": 11.065119267165262, 
    "outsideTemperature": 21.5, 
    "speed": 11.579312500000002, 
    "yawRate": 0.01680465302774911
}