{
    "gpsHeading": 69, 
    "gpsLatitude": 49.43866160867398, 
    "gpsLongitude": 11.079160379906925, 
    "outsideTemperature": 12.5, 
    "speed": 8.196125, 
    "yawRate": 0.02249598996881599
}