{
    "gpsHeading": 93, 
    "gpsLatitude": 49.44018862379439, 
    "gpsLongitude": 11.080369804716042, 
    "outsideTemperature": 19.5, 
    "speed": 5.336625, 
    "yawRate": -0.002497047530479117
}