{
    "gpsHeading": 291, 
    "gpsLatitude": 49.44892583584499, 
    "gpsLongitude": 11.061695343537297, 
    "outsideTemperature": 13.0, 
    "speed": 11.3964375, 
    "yawRate": -0.003502241526596192
}