{
    "gpsHeading": 267, 
    "gpsLatitude": 49.449328586292545, 
    "gpsLongitude": 11.072999764892325, 
    "outsideTemperature": 14.5, 
    "speed": 2.1529375, 
    "yawRate": -0.026954504621816512
}