{
    "gpsHeading": 36, 
    "gpsLatitude": 49.457756925211136, 
    "gpsLongitude": 11.07792178607477, 
    "outsideTemperature": 12.0, 
    "speed": 4.3557500000000005, 
    "yawRate": -0.12753290266697276
}