{
    "gpsHeading": 252, 
    "gpsLatitude": 49.456867186189115, 
    "gpsLongitude": 11.085698432021504, 
    "outsideTemperature": 12.5, 
    "speed": 9.2850625, 
    "yawRate": -0.0063995924430653005
}