{
    "gpsHeading": 90, 
    "gpsLatitude": 49.45569246245914, 
    "gpsLongitude": 11.077789268185562, 
    "outsideTemperature": 12.0, 
    "speed": 4.2643125, 
    "yawRate": -0.00553438795257103
}