{
    "gpsHeading": 283, 
    "gpsLatitude": 49.45185690356625, 
    "gpsLongitude": 11.075778701070975, 
    "outsideTemperature": 12.5, 
    "speed": 4.738125, 
    "yawRate": 0.1064917705443662
}