{
    "gpsHeading": 80, 
    "gpsLatitude": 49.43686855194678, 
    "gpsLongitude": 11.06903143665317, 
    "outsideTemperature": 12.5, 
    "speed": 7.348250000000001, 
    "yawRate": 0.01298768816320464
}