{
    "gpsHeading": 283, 
    "gpsLatitude": 49.45675051009691, 
    "gpsLongitude": 11.0783450721851, 
    "outsideTemperature": 12.0, 
    "speed": 1.9534375000000002, 
    "yawRate": -0.09978216756026384
}