{
    "gpsHeading": 286, 
    "gpsLatitude": 49.440443852746085, 
    "gpsLongitude": 11.08174200608482, 
    "outsideTemperature": 21.0, 
    "speed": 4.239375, 
    "yawRate": 0.09098161428793951
}