{
    "gpsHeading": 190, 
    "gpsLatitude": 49.45323161950597, 
    "gpsLongitude": 11.069376435787845, 
    "outsideTemperature": 12.5, 
    "speed": 10.27425, 
    "yawRate": -0.0354034976427703
}