{
    "gpsHeading": 293, 
    "gpsLatitude": 49.455845851287236, 
    "gpsLongitude": 11.05088117969897, 
    "outsideTemperature": 12.5, 
    "speed": 14.0730625, 
    "yawRate": 0.005119428036322839
}