{
    "gpsHeading": 19, 
    "gpsLatitude": 49.44826827554092, 
    "gpsLongitude": 11.083922558195791, 
    "outsideTemperature": 12.5, 
    "speed": 11.562687500000001, 
    "yawRate": -0.03982817090644994
}