{
    "gpsHeading": 255, 
    "gpsLatitude": 49.45108995942574, 
    "gpsLongitude": 11.070633385987977, 
    "outsideTemperature": 11.5, 
    "speed": 5.444687500000001, 
    "yawRate": -0.006331025099135128
}