{
    "gpsHeading": 14, 
    "gpsLatitude": 49.45127000270593, 
    "gpsLongitude": 11.081000626748997, 
    "outsideTemperature": 13.5, 
    "speed": 5.170375000000001, 
    "yawRate": 0.016977603094385025
}