{
    "gpsHeading": 345, 
    "gpsLatitude": 49.43650779483412, 
    "gpsLongitude": 11.067945644915866, 
    "outsideTemperature": 12.5, 
    "speed": 5.461312500000001, 
    "yawRate": -0.3891361714962815
}