{
    "gpsHeading": 115, 
    "gpsLatitude": 49.4493627844575, 
    "gpsLongitude": 11.05520171550956, 
    "outsideTemperature": 17.5, 
    "speed": 7.2734375, 
    "yawRate": -0.009629428414177818
}