{
    "gpsHeading": 295, 
    "gpsLatitude": 49.451736371798596, 
    "gpsLongitude": 11.05692428043107, 
    "outsideTemperature": 12.0, 
    "speed": 6.21775, 
    "yawRate": -0.007644027067844557
}