{
    "gpsHeading": 56, 
    "gpsLatitude": 49.45004582574723, 
    "gpsLongitude": 11.058193971124027, 
    "outsideTemperature": 16.0, 
    "speed": 0.3740625, 
    "yawRate": -0.012596488142567412
}