{
    "gpsHeading": 299, 
    "gpsLatitude": 49.44963276555877, 
    "gpsLongitude": 11.083810659788416, 
    "outsideTemperature": 17.5, 
    "speed": 4.8960625, 
    "yawRate": 0.01058402142825651
}