{
    "gpsHeading": 309, 
    "gpsLatitude": 49.45184164850248, 
    "gpsLongitude": 11.075503104094564, 
    "outsideTemperature": 12.5, 
    "speed": 6.0764375, 
    "yawRate": -0.03819602444596162
}