{
    "gpsHeading": 257, 
    "gpsLatitude": 49.43995803763805, 
    "gpsLongitude": 11.078283381377723, 
    "outsideTemperature": 14.0, 
    "speed": 10.6316875, 
    "yawRate": -0.013389074981319957
}