{
    "gpsHeading": 257, 
    "gpsLatitude": 49.45872469975171, 
    "gpsLongitude": 11.081259795195162, 
    "outsideTemperature": 16.5, 
    "speed": 7.2318750000000005, 
    "yawRate": -0.07017527542026512
}