{
    "gpsHeading": 301, 
    "gpsLatitude": 49.45021245798235, 
    "gpsLongitude": 11.081380326962835, 
    "outsideTemperature": 14.0, 
    "speed": 8.379, 
    "yawRate": -0.02264137092588626
}