{
    "gpsHeading": 312, 
    "gpsLatitude": 49.44919749332689, 
    "gpsLongitude": 11.07387341066026, 
    "outsideTemperature": 14.5, 
    "speed": 6.9658750000000005, 
    "yawRate": -0.00566148774748657
}