{
    "gpsHeading": 73, 
    "gpsLatitude": 49.45588692261279, 
    "gpsLongitude": 11.083026448927356, 
    "outsideTemperature": 11.5, 
    "speed": 5.893562500000001, 
    "yawRate": 5.0665653810611205e-05
}