{
    "gpsHeading": 247, 
    "gpsLatitude": 49.44009918888752, 
    "gpsLongitude": 11.079189213653837, 
    "outsideTemperature": 15.0, 
    "speed": 6.3923125, 
    "yawRate": -0.01181827865452453
}