{
    "gpsHeading": 289, 
    "gpsLatitude": 49.446001389827224, 
    "gpsLongitude": 11.094748372879526, 
    "outsideTemperature": 13.5, 
    "speed": 14.6549375, 
    "yawRate": -0.005732403647144698
}