{
    "gpsHeading": 87, 
    "gpsLatitude": 49.45584274998307, 
    "gpsLongitude": 11.082740626029107, 
    "outsideTemperature": 11.5, 
    "speed": 7.6059375000000005, 
    "yawRate": 0.002843192457000936
}