{
    "gpsHeading": 60, 
    "gpsLatitude": 49.447030855175186, 
    "gpsLongitude": 11.082520349613658, 
    "outsideTemperature": 14.0, 
    "speed": 9.368187500000001, 
    "yawRate": -0.038082841654455246
}