{
    "gpsHeading": 265, 
    "gpsLatitude": 49.43662832660178, 
    "gpsLongitude": 11.087869764038986, 
    "outsideTemperature": 14.5, 
    "speed": 11.9118125, 
    "yawRate": -0.0020867055147285596
}