{
    "gpsHeading": 317, 
    "gpsLatitude": 49.4575736129887, 
    "gpsLongitude": 11.04722373624858, 
    "outsideTemperature": 11.5, 
    "speed": 14.596750000000002, 
    "yawRate": 0.10826838682918642
}