{
    "gpsHeading": 290, 
    "gpsLatitude": 49.447682212870916, 
    "gpsLongitude": 11.067139557287527, 
    "outsideTemperature": 19.0, 
    "speed": 10.423875, 
    "yawRate": 0.023672472267533905
}