{
    "gpsHeading": 75, 
    "gpsLatitude": 49.44112446328388, 
    "gpsLongitude": 11.087331226759982, 
    "outsideTemperature": 15.0, 
    "speed": 10.4155625, 
    "yawRate": 0.0008180481663844653
}