{
    "gpsHeading": 232, 
    "gpsLatitude": 49.444586608390324, 
    "gpsLongitude": 11.070778141455817, 
    "outsideTemperature": 13.5, 
    "speed": 6.209437500000001, 
    "yawRate": -0.1829990972054037
}