{
    "gpsHeading": 81, 
    "gpsLatitude": 49.44897168485535, 
    "gpsLongitude": 11.054785051102737, 
    "outsideTemperature": 14.5, 
    "speed": 2.7514375, 
    "yawRate": 0.3741675851663518
}