{
    "gpsHeading": 102, 
    "gpsLatitude": 49.446925829928404, 
    "gpsLongitude": 11.072619813221428, 
    "outsideTemperature": 16.5, 
    "speed": 7.714, 
    "yawRate": -0.0032666333701859345
}