{
    "gpsHeading": 345, 
    "gpsLatitude": 49.44081357849513, 
    "gpsLongitude": 11.081782574496202, 
    "outsideTemperature": 15.0, 
    "speed": 7.921812500000001, 
    "yawRate": 0.009900293572251204
}