{
    "gpsHeading": 283, 
    "gpsLatitude": 49.43351193500133, 
    "gpsLongitude": 11.069149286211795, 
    "outsideTemperature": 11.5, 
    "speed": 8.9525625, 
    "yawRate": -0.03014423580046488
}