{
    "gpsHeading": 38, 
    "gpsLatitude": 49.45717111399824, 
    "gpsLongitude": 11.083435904897451, 
    "outsideTemperature": 12.0, 
    "speed": 5.710687500000001, 
    "yawRate": -0.13939368144503103
}