{
    "gpsHeading": 327, 
    "gpsLatitude": 49.44803081622396, 
    "gpsLongitude": 11.088313166716926, 
    "outsideTemperature": 18.0, 
    "speed": 11.479562500000002, 
    "yawRate": -0.008155138134332858
}