{
    "gpsHeading": 353, 
    "gpsLatitude": 49.45274161344637, 
    "gpsLongitude": 11.080777332848408, 
    "outsideTemperature": 13.0, 
    "speed": 6.641687500000001, 
    "yawRate": 0.05246349500478677
}