{
    "gpsHeading": 283, 
    "gpsLatitude": 49.450368026105274, 
    "gpsLongitude": 11.080780601790647, 
    "outsideTemperature": 14.0, 
    "speed": 3.408125, 
    "yawRate": -0.030963243240540297
}