{
    "gpsHeading": 115, 
    "gpsLatitude": 49.44970191625995, 
    "gpsLongitude": 11.059067030158738, 
    "outsideTemperature": 19.0, 
    "speed": 7.5560625, 
    "yawRate": 0.014281582338144173
}