{
    "gpsHeading": 294, 
    "gpsLatitude": 49.45020910522108, 
    "gpsLongitude": 11.081389211780197, 
    "outsideTemperature": 14.5, 
    "speed": 8.1213125, 
    "yawRate": -0.0026889093582325553
}