{
    "gpsHeading": 163, 
    "gpsLatitude": 49.44409668614975, 
    "gpsLongitude": 11.092685670327212, 
    "outsideTemperature": 15.0, 
    "speed": 7.54775, 
    "yawRate": -0.004517979464742527
}