{
    "gpsHeading": 0, 
    "gpsLatitude": 49.4357613863564, 
    "gpsLongitude": 11.068139266879227, 
    "outsideTemperature": 13.5, 
    "speed": 10.9143125, 
    "yawRate": 0.017874610068789196
}