{
    "gpsHeading": 68, 
    "gpsLatitude": 49.452290499417494, 
    "gpsLongitude": 11.072223097744153, 
    "outsideTemperature": 11.0, 
    "speed": 4.3806875, 
    "yawRate": 0.04550525368509507
}