{
    "gpsHeading": 257, 
    "gpsLatitude": 49.45840861818298, 
    "gpsLongitude": 11.08183177626782, 
    "outsideTemperature": 12.0, 
    "speed": 4.1479375, 
    "yawRate": 0.2836741292383874
}