{
    "gpsHeading": 81, 
    "gpsLatitude": 49.45115693083211, 
    "gpsLongitude": 11.071095061214862, 
    "outsideTemperature": 13.5, 
    "speed": 4.8461875, 
    "yawRate": -0.020742731926018616
}