{
    "gpsHeading": 73, 
    "gpsLatitude": 49.45783135651133, 
    "gpsLongitude": 11.078277011131313, 
    "outsideTemperature": 12.0, 
    "speed": 5.444687500000001, 
    "yawRate": 0.026928736134523186
}