{
    "gpsHeading": 112, 
    "gpsLatitude": 49.4540397187911, 
    "gpsLongitude": 11.040953402121431, 
    "outsideTemperature": 18.5, 
    "speed": 7.439687500000001, 
    "yawRate": -0.005796149016988106
}