{
    "gpsHeading": 36, 
    "gpsLatitude": 49.450963895601994, 
    "gpsLongitude": 11.080844807168972, 
    "outsideTemperature": 14.0, 
    "speed": 3.059, 
    "yawRate": -0.006528633712620491
}