{
    "gpsHeading": 77, 
    "gpsLatitude": 49.455754991456814, 
    "gpsLongitude": 11.079479562779829, 
    "outsideTemperature": 11.5, 
    "speed": 7.298375000000001, 
    "yawRate": 0.031641125114907485
}