{
    "gpsHeading": 289, 
    "gpsLatitude": 49.44776611572169, 
    "gpsLongitude": 11.066888686925504, 
    "outsideTemperature": 18.5, 
    "speed": 8.5369375, 
    "yawRate": -0.04579163196183955
}