{
    "gpsHeading": 314, 
    "gpsLatitude": 49.44943327626321, 
    "gpsLongitude": 11.06011677971237, 
    "outsideTemperature": 14.5, 
    "speed": 1.8619999999999999, 
    "yawRate": 0.0010826191921269432
}