{
    "gpsHeading": 64, 
    "gpsLatitude": 49.442896900529284, 
    "gpsLongitude": 11.093719494264821, 
    "outsideTemperature": 16.0, 
    "speed": 9.193625, 
    "yawRate": -0.03925003157942926
}