{
    "gpsHeading": 194, 
    "gpsLatitude": 49.454497789799596, 
    "gpsLongitude": 11.069872895912892, 
    "outsideTemperature": 12.5, 
    "speed": 11.687375000000001, 
    "yawRate": 0.018352643318653862
}