{
    "gpsHeading": 126, 
    "gpsLatitude": 49.44920721633457, 
    "gpsLongitude": 11.072485618951585, 
    "outsideTemperature": 18.5, 
    "speed": 0.0, 
    "yawRate": -0.000331400041527965
}