{
    "gpsHeading": 284, 
    "gpsLatitude": 49.458905832679335, 
    "gpsLongitude": 11.076423101787071, 
    "outsideTemperature": 12.0, 
    "speed": 10.27425, 
    "yawRate": -0.0015838358168890152
}