{
    "gpsHeading": 291, 
    "gpsLatitude": 49.45184692910148, 
    "gpsLongitude": 11.07637926443345, 
    "outsideTemperature": 13.0, 
    "speed": 5.868625, 
    "yawRate": -0.02772404893399542
}