{
    "gpsHeading": 289, 
    "gpsLatitude": 49.448080269452696, 
    "gpsLongitude": 11.088174781495496, 
    "outsideTemperature": 17.0, 
    "speed": 10.7646875, 
    "yawRate": 0.0003969752004393712
}