{
    "gpsHeading": 81, 
    "gpsLatitude": 49.439747484230296, 
    "gpsLongitude": 11.07717370121638, 
    "outsideTemperature": 15.0, 
    "speed": 7.6308750000000005, 
    "yawRate": -0.0037295095919983212
}