{
    "gpsHeading": 264, 
    "gpsLatitude": 49.436425233087846, 
    "gpsLongitude": 11.083424254052042, 
    "outsideTemperature": 13.0, 
    "speed": 6.051500000000001, 
    "yawRate": -0.3544686814923787
}