{
    "gpsHeading": 336, 
    "gpsLatitude": 49.43756802176674, 
    "gpsLongitude": 11.08250040068411, 
    "outsideTemperature": 12.5, 
    "speed": 7.015750000000001, 
    "yawRate": -0.006100962794315767
}