{
    "gpsHeading": 161, 
    "gpsLatitude": 49.43557832559105, 
    "gpsLongitude": 11.075553144056531, 
    "outsideTemperature": 12.0, 
    "speed": 13.0921875, 
    "yawRate": -0.00309163239455303
}