{
    "gpsHeading": 26, 
    "gpsLatitude": 49.449229679835085, 
    "gpsLongitude": 11.072495341959263, 
    "outsideTemperature": 21.0, 
    "speed": 3.8320625, 
    "yawRate": 0.009871942595263455
}