{
    "gpsHeading": 203, 
    "gpsLatitude": 49.45503188466991, 
    "gpsLongitude": 11.040615611423451, 
    "outsideTemperature": 14.5, 
    "speed": 11.07225, 
    "yawRate": 0.034422022136981215
}