{
    "gpsHeading": 115, 
    "gpsLatitude": 49.454688561915866, 
    "gpsLongitude": 11.044320077350703, 
    "outsideTemperature": 14.0, 
    "speed": 13.117125, 
    "yawRate": 0.0018486563907376594
}