{
    "gpsHeading": 196, 
    "gpsLatitude": 49.44937502203613, 
    "gpsLongitude": 11.072696759092542, 
    "outsideTemperature": 15.5, 
    "speed": 0.0, 
    "yawRate": 0.00045704623597748757
}