{
    "gpsHeading": 338, 
    "gpsLatitude": 49.44770911878011, 
    "gpsLongitude": 11.089084804723228, 
    "outsideTemperature": 19.5, 
    "speed": 10.066437500000001, 
    "yawRate": 0.18959066611662106
}