{
    "gpsHeading": 214, 
    "gpsLatitude": 49.4489113351525, 
    "gpsLongitude": 11.064078653886087, 
    "outsideTemperature": 14.5, 
    "speed": 10.20775, 
    "yawRate": 0.017841103101760517
}