{
    "gpsHeading": 300, 
    "gpsLatitude": 49.4580746831605, 
    "gpsLongitude": 11.04609922011862, 
    "outsideTemperature": 11.5, 
    "speed": 12.1113125, 
    "yawRate": 0.012275277969499905
}