{
    "gpsHeading": 261, 
    "gpsLatitude": 49.43980054167739, 
    "gpsLongitude": 11.077063143913513, 
    "outsideTemperature": 13.0, 
    "speed": 12.410562500000001, 
    "yawRate": 0.018026851554577644
}