{
    "gpsHeading": 105, 
    "gpsLatitude": 49.4443246739161, 
    "gpsLongitude": 11.090805106530851, 
    "outsideTemperature": 15.0, 
    "speed": 7.714, 
    "yawRate": 0.018520366661582112
}