{
    "gpsHeading": 114, 
    "gpsLatitude": 49.45529415442026, 
    "gpsLongitude": 11.0420376012971, 
    "outsideTemperature": 15.0, 
    "speed": 12.5685, 
    "yawRate": 0.032740984151036455
}