{
    "gpsHeading": 153, 
    "gpsLatitude": 49.443793847988026, 
    "gpsLongitude": 11.093111219551396, 
    "outsideTemperature": 15.5, 
    "speed": 4.039875, 
    "yawRate": -0.1532200317346566
}