{
    "gpsHeading": 299, 
    "gpsLatitude": 49.449609966782134, 
    "gpsLongitude": 11.083875954814154, 
    "outsideTemperature": 15.5, 
    "speed": 3.2335625, 
    "yawRate": -0.002919150378349759
}