{
    "gpsHeading": 298, 
    "gpsLatitude": 49.45742801933055, 
    "gpsLongitude": 11.074546728942327, 
    "outsideTemperature": 12.5, 
    "speed": 2.0864375, 
    "yawRate": -0.19437901301835417
}