{
    "gpsHeading": 309, 
    "gpsLatitude": 49.448147743773255, 
    "gpsLongitude": 11.065938933476739, 
    "outsideTemperature": 16.5, 
    "speed": 9.2850625, 
    "yawRate": 0.02058330215092507
}