{
    "gpsHeading": 160, 
    "gpsLatitude": 49.44863137958646, 
    "gpsLongitude": 11.062323986275429, 
    "outsideTemperature": 22.0, 
    "speed": 0.0, 
    "yawRate": -0.00018714830914856508
}