{
    "gpsHeading": 13, 
    "gpsLatitude": 49.44856273179945, 
    "gpsLongitude": 11.073168157327109, 
    "outsideTemperature": 13.5, 
    "speed": 6.259312500000001, 
    "yawRate": 0.043978703906839764
}