{
    "gpsHeading": 206, 
    "gpsLatitude": 49.44853607734735, 
    "gpsLongitude": 11.06373005053305, 
    "outsideTemperature": 13.5, 
    "speed": 6.949250000000001, 
    "yawRate": -0.05498945446042784
}