{
    "gpsHeading": 64, 
    "gpsLatitude": 49.43757472728928, 
    "gpsLongitude": 11.072468100773955, 
    "outsideTemperature": 11.5, 
    "speed": 11.886875000000002, 
    "yawRate": 0.0037374431276353264
}