{
    "gpsHeading": 89, 
    "gpsLatitude": 49.45579388348755, 
    "gpsLongitude": 11.081324000573488, 
    "outsideTemperature": 11.5, 
    "speed": 9.534437500000001, 
    "yawRate": 0.005112120484594439
}