{
    "gpsHeading": 211, 
    "gpsLatitude": 49.458123298198906, 
    "gpsLongitude": 11.043942304974594, 
    "outsideTemperature": 12.5, 
    "speed": 11.1470625, 
    "yawRate": -0.008494140129232225
}