{
    "gpsHeading": 111, 
    "gpsLatitude": 49.44766444323619, 
    "gpsLongitude": 11.065557892158395, 
    "outsideTemperature": 20.5, 
    "speed": 12.917625, 
    "yawRate": 0.019771712756138708
}