{
    "gpsHeading": 96, 
    "gpsLatitude": 49.44725691510381, 
    "gpsLongitude": 11.068088975460164, 
    "outsideTemperature": 18.0, 
    "speed": 12.485375000000001, 
    "yawRate": -0.005186495547378911
}