{
    "gpsHeading": 188, 
    "gpsLatitude": 49.44580022415102, 
    "gpsLongitude": 11.071416758658719, 
    "outsideTemperature": 13.5, 
    "speed": 8.844500000000002, 
    "yawRate": -0.020334410919535063
}