{
    "gpsHeading": 42, 
    "gpsLatitude": 49.451651127843306, 
    "gpsLongitude": 11.070567001314824, 
    "outsideTemperature": 11.0, 
    "speed": 5.735625000000001, 
    "yawRate": 0.058944288925450866
}