{
    "gpsHeading": 105, 
    "gpsLatitude": 49.44907914085406, 
    "gpsLongitude": 11.056597553845313, 
    "outsideTemperature": 16.0, 
    "speed": 2.09475, 
    "yawRate": -0.08345685577353604
}