{
    "gpsHeading": 290, 
    "gpsLatitude": 49.43358661775862, 
    "gpsLongitude": 11.068804789991313, 
    "outsideTemperature": 11.5, 
    "speed": 7.4479999999999995, 
    "yawRate": -0.08965996329347095
}