{
    "gpsHeading": 248, 
    "gpsLatitude": 49.4338994303851, 
    "gpsLongitude": 11.073526986602047, 
    "outsideTemperature": 11.0, 
    "speed": 14.098, 
    "yawRate": 0.00668221141661509
}