{
    "gpsHeading": 336, 
    "gpsLatitude": 49.44019247946986, 
    "gpsLongitude": 11.081997067398428, 
    "outsideTemperature": 14.5, 
    "speed": 3.4496875000000005, 
    "yawRate": 0.006758700918661344
}