{
    "gpsHeading": 58, 
    "gpsLatitude": 49.449204115030405, 
    "gpsLongitude": 11.068634218261705, 
    "outsideTemperature": 14.0, 
    "speed": 5.253500000000001, 
    "yawRate": 0.03542659057206753
}