{
    "gpsHeading": 282, 
    "gpsLatitude": 49.43375827913564, 
    "gpsLongitude": 11.067985626594027, 
    "outsideTemperature": 12.5, 
    "speed": 4.6300625, 
    "yawRate": -0.38472174497607087
}