{
    "gpsHeading": 167, 
    "gpsLatitude": 49.44899113087072, 
    "gpsLongitude": 11.053977873826987, 
    "outsideTemperature": 14.0, 
    "speed": 3.3000625, 
    "yawRate": 0.5521911688697702
}