{
    "gpsHeading": 205, 
    "gpsLatitude": 49.45566966368249, 
    "gpsLongitude": 11.041098660503458, 
    "outsideTemperature": 15.5, 
    "speed": 10.2326875, 
    "yawRate": -0.0013572275289021355
}