{
    "gpsHeading": 299, 
    "gpsLatitude": 49.44826383313224, 
    "gpsLongitude": 11.087658707717027, 
    "outsideTemperature": 16.0, 
    "speed": 10.856125, 
    "yawRate": -0.0008247552759575118
}