{
    "gpsHeading": 254, 
    "gpsLatitude": 49.45121191611694, 
    "gpsLongitude": 11.0714212010674, 
    "outsideTemperature": 12.0, 
    "speed": 6.9658750000000005, 
    "yawRate": 0.04655245123629169
}