{
    "gpsHeading": 277, 
    "gpsLatitude": 49.45887054486697, 
    "gpsLongitude": 11.076700626601179, 
    "outsideTemperature": 12.0, 
    "speed": 10.1828125, 
    "yawRate": -0.027240175821205703
}