{
    "gpsHeading": 265, 
    "gpsLatitude": 49.453397748826916, 
    "gpsLongitude": 11.080056740632454, 
    "outsideTemperature": 13.0, 
    "speed": 6.109687500000001, 
    "yawRate": 0.03932057382368236
}