{
    "gpsHeading": 0, 
    "gpsLatitude": 49.45718360303397, 
    "gpsLongitude": 11.089397617349723, 
    "outsideTemperature": 18.5, 
    "speed": 7.838687500000001, 
    "yawRate": 0.04177149491197722
}