{
    "gpsHeading": 246, 
    "gpsLatitude": 49.45334276354209, 
    "gpsLongitude": 11.079837050950262, 
    "outsideTemperature": 13.0, 
    "speed": 5.0456875000000005, 
    "yawRate": 0.02902313123691544
}