{
    "gpsHeading": 254, 
    "gpsLatitude": 49.4368319230299, 
    "gpsLongitude": 11.093691163432068, 
    "outsideTemperature": 21.0, 
    "speed": 11.620875000000002, 
    "yawRate": -0.010390008861101096
}