{
    "gpsHeading": 98, 
    "gpsLatitude": 49.447281641718185, 
    "gpsLongitude": 11.067732576937178, 
    "outsideTemperature": 18.5, 
    "speed": 13.034, 
    "yawRate": 0.018724515204943077
}