{
    "gpsHeading": 116, 
    "gpsLatitude": 49.451876349581624, 
    "gpsLongitude": 11.052438453489872, 
    "outsideTemperature": 14.5, 
    "speed": 11.886875000000002, 
    "yawRate": -0.0021254015636193602
}