{
    "gpsHeading": 20, 
    "gpsLatitude": 49.45302693343044, 
    "gpsLongitude": 11.055747545044323, 
    "outsideTemperature": 12.0, 
    "speed": 9.501187500000002, 
    "yawRate": -0.0025825722370607295
}