{
    "gpsHeading": 317, 
    "gpsLatitude": 49.45726306347607, 
    "gpsLongitude": 11.04764425633086, 
    "outsideTemperature": 11.5, 
    "speed": 15.577625000000001, 
    "yawRate": -0.004828948700044551
}