{
    "gpsHeading": 255, 
    "gpsLatitude": 49.439562747084324, 
    "gpsLongitude": 11.075221723604995, 
    "outsideTemperature": 12.5, 
    "speed": 10.498687499999999, 
    "yawRate": -0.008851218926134934
}