{
    "gpsHeading": 266, 
    "gpsLatitude": 49.44915834983907, 
    "gpsLongitude": 11.074139536086056, 
    "outsideTemperature": 15.0, 
    "speed": 6.367375, 
    "yawRate": -0.023812911968226654
}