{
    "gpsHeading": 155, 
    "gpsLatitude": 49.45753413422475, 
    "gpsLongitude": 11.079767062058746, 
    "outsideTemperature": 12.0, 
    "speed": 2.5020625, 
    "yawRate": -0.07168236660315537
}