{
    "gpsHeading": 7, 
    "gpsLatitude": 49.43483384495106, 
    "gpsLongitude": 11.068148151696588, 
    "outsideTemperature": 14.5, 
    "speed": 7.930125, 
    "yawRate": 0.04737067442749283
}