{
    "gpsHeading": 169, 
    "gpsLatitude": 49.443202504719025, 
    "gpsLongitude": 11.091531482259995, 
    "outsideTemperature": 14.0, 
    "speed": 4.571875, 
    "yawRate": -0.010801164771922245
}