{
    "gpsHeading": 290, 
    "gpsLatitude": 49.448419987988366, 
    "gpsLongitude": 11.06299898093813, 
    "outsideTemperature": 30.5, 
    "speed": 0.0, 
    "yawRate": 0.0005580887950844687
}