{
    "gpsHeading": 163, 
    "gpsLatitude": 49.43869161588734, 
    "gpsLongitude": 11.07419091715253, 
    "outsideTemperature": 12.5, 
    "speed": 9.958375, 
    "yawRate": -0.007629488449738052
}