{
    "gpsHeading": 356, 
    "gpsLatitude": 49.457016886979815, 
    "gpsLongitude": 11.089387894342044, 
    "outsideTemperature": 19.0, 
    "speed": 6.3923125, 
    "yawRate": -0.0360701897269682
}