{
    "gpsHeading": 350, 
    "gpsLatitude": 49.45686442016107, 
    "gpsLongitude": 11.08937951243884, 
    "outsideTemperature": 11.0, 
    "speed": 1.7206875000000001, 
    "yawRate": -0.013911968362143987
}