{
    "gpsHeading": 75, 
    "gpsLatitude": 49.45216418413665, 
    "gpsLongitude": 11.071670395048791, 
    "outsideTemperature": 11.0, 
    "speed": 5.0207500000000005, 
    "yawRate": -0.05903996850936366
}