{
    "gpsHeading": 351, 
    "gpsLatitude": 49.436312496490146, 
    "gpsLongitude": 11.067994259954293, 
    "outsideTemperature": 13.0, 
    "speed": 8.495375000000001, 
    "yawRate": 0.035327902588732196
}