{
    "gpsHeading": 164, 
    "gpsLatitude": 49.44030412642015, 
    "gpsLongitude": 11.07635143651492, 
    "outsideTemperature": 13.5, 
    "speed": 7.298375000000001, 
    "yawRate": -0.01772281147498193
}