{
    "gpsHeading": 224, 
    "gpsLatitude": 49.43890468386605, 
    "gpsLongitude": 11.08071010998494, 
    "outsideTemperature": 17.0, 
    "speed": 0.0, 
    "yawRate": -0.000851773933002167
}