{
    "gpsHeading": 278, 
    "gpsLatitude": 49.45091913623904, 
    "gpsLongitude": 11.05974956853426, 
    "outsideTemperature": 12.5, 
    "speed": 7.1570625, 
    "yawRate": 0.011903660554491682
}