{
    "gpsHeading": 259, 
    "gpsLatitude": 49.43648583424781, 
    "gpsLongitude": 11.08423226951811, 
    "outsideTemperature": 13.0, 
    "speed": 11.521125000000001, 
    "yawRate": -0.002959370140725908
}