{
    "gpsHeading": 75, 
    "gpsLatitude": 49.44301055913633, 
    "gpsLongitude": 11.099387337191732, 
    "outsideTemperature": 21.0, 
    "speed": 3.8653125000000004, 
    "yawRate": 0.4333924361546216
}