{
    "gpsHeading": 93, 
    "gpsLatitude": 49.4523644278035, 
    "gpsLongitude": 11.070339013548459, 
    "outsideTemperature": 12.5, 
    "speed": 5.469625, 
    "yawRate": -0.1425667137152201
}