{
    "gpsHeading": 203, 
    "gpsLatitude": 49.45693273267194, 
    "gpsLongitude": 11.08007895267589, 
    "outsideTemperature": 12.5, 
    "speed": 6.517, 
    "yawRate": 0.00964997653977946
}