{
    "gpsHeading": 323, 
    "gpsLatitude": 49.44953251799679, 
    "gpsLongitude": 11.059925923777058, 
    "outsideTemperature": 14.5, 
    "speed": 3.807125, 
    "yawRate": -0.36613465542747314
}