{
    "gpsHeading": 70, 
    "gpsLatitude": 49.43907081318698, 
    "gpsLongitude": 11.081757596424717, 
    "outsideTemperature": 18.0, 
    "speed": 7.3233125, 
    "yawRate": -0.0284969499716232
}