{
    "gpsHeading": 115, 
    "gpsLatitude": 49.45212361572529, 
    "gpsLongitude": 11.051676203215122, 
    "outsideTemperature": 14.5, 
    "speed": 12.285875, 
    "yawRate": 0.003110586192363739
}