{
    "gpsHeading": 19, 
    "gpsLatitude": 49.44483664056203, 
    "gpsLongitude": 11.068694232688447, 
    "outsideTemperature": 20.0, 
    "speed": 8.129625, 
    "yawRate": 0.010330754323413384
}