{
    "gpsHeading": 125, 
    "gpsLatitude": 49.437900531865694, 
    "gpsLongitude": 11.07406200348172, 
    "outsideTemperature": 15.0, 
    "speed": 0.0, 
    "yawRate": -8.198139255277963e-05
}