{
    "gpsHeading": 320, 
    "gpsLatitude": 49.443705838004696, 
    "gpsLongitude": 11.098758442996505, 
    "outsideTemperature": 18.5, 
    "speed": 11.961687500000002, 
    "yawRate": -0.015506247458312817
}