{
    "gpsHeading": 241, 
    "gpsLatitude": 49.45694245567962, 
    "gpsLongitude": 11.071177287685009, 
    "outsideTemperature": 12.0, 
    "speed": 3.1753750000000003, 
    "yawRate": 0.005746547041487323
}