{
    "gpsHeading": 52, 
    "gpsLatitude": 49.457888604910025, 
    "gpsLongitude": 11.0785573019735, 
    "outsideTemperature": 12.0, 
    "speed": 4.5801875, 
    "yawRate": 0.00528665340979371
}