{
    "gpsHeading": 67, 
    "gpsLatitude": 49.45146890526828, 
    "gpsLongitude": 11.072993729922043, 
    "outsideTemperature": 12.5, 
    "speed": 4.5968125, 
    "yawRate": -0.008350894236858452
}