{
    "gpsHeading": 354, 
    "gpsLatitude": 49.45596831089263, 
    "gpsLongitude": 11.041312063758273, 
    "outsideTemperature": 16.5, 
    "speed": 0.0, 
    "yawRate": -3.229854163750963e-05
}