{
    "gpsHeading": 15, 
    "gpsLatitude": 49.44998329674954, 
    "gpsLongitude": 11.061652847288217, 
    "outsideTemperature": 14.0, 
    "speed": 5.2451875, 
    "yawRate": -0.028238912241377416
}