{
    "gpsHeading": 321, 
    "gpsLatitude": 49.44387582300108, 
    "gpsLongitude": 11.09855560093969, 
    "outsideTemperature": 18.0, 
    "speed": 12.1113125, 
    "yawRate": 0.008579296219208445
}