{
    "gpsHeading": 337, 
    "gpsLatitude": 49.441184142434494, 
    "gpsLongitude": 11.081655085748896, 
    "outsideTemperature": 14.0, 
    "speed": 8.3706875, 
    "yawRate": -0.021341100038447126
}