{
    "gpsHeading": 97, 
    "gpsLatitude": 49.4492461083653, 
    "gpsLongitude": 11.055757268052, 
    "outsideTemperature": 17.0, 
    "speed": 6.999125000000001, 
    "yawRate": 0.00625306777897075
}