{
    "gpsHeading": 301, 
    "gpsLatitude": 49.45495720191262, 
    "gpsLongitude": 11.053321738446453, 
    "outsideTemperature": 13.0, 
    "speed": 12.1113125, 
    "yawRate": -0.003956284074047203
}