{
    "gpsHeading": 213, 
    "gpsLatitude": 49.45088862611148, 
    "gpsLongitude": 11.066398680865898, 
    "outsideTemperature": 14.0, 
    "speed": 13.3914375, 
    "yawRate": 0.0210259951201293
}