{
    "gpsHeading": 274, 
    "gpsLatitude": 49.45658412931889, 
    "gpsLongitude": 11.077927821045053, 
    "outsideTemperature": 12.5, 
    "speed": 3.3998125000000003, 
    "yawRate": -0.09751323953267133
}