{
    "gpsHeading": 66, 
    "gpsLatitude": 49.44719555957257, 
    "gpsLongitude": 11.083071208290326, 
    "outsideTemperature": 14.0, 
    "speed": 8.1046875, 
    "yawRate": 0.092642319319918
}