{
    "gpsHeading": 285, 
    "gpsLatitude": 49.45015194064144, 
    "gpsLongitude": 11.081607895634042, 
    "outsideTemperature": 14.5, 
    "speed": 8.6200625, 
    "yawRate": -0.00199077765743547
}