{
    "gpsHeading": 216, 
    "gpsLatitude": 49.45098971186376, 
    "gpsLongitude": 11.066502029732034, 
    "outsideTemperature": 14.0, 
    "speed": 13.549375000000001, 
    "yawRate": 0.03690849131327688
}