{
    "gpsHeading": 17, 
    "gpsLatitude": 49.45337771607832, 
    "gpsLongitude": 11.05597176095426, 
    "outsideTemperature": 12.0, 
    "speed": 4.4638125, 
    "yawRate": -0.04796113278891293
}