{
    "gpsHeading": 265, 
    "gpsLatitude": 49.441679177636004, 
    "gpsLongitude": 11.076528378490936, 
    "outsideTemperature": 14.5, 
    "speed": 6.118, 
    "yawRate": -0.01667561392378531
}