{
    "gpsHeading": 220, 
    "gpsLatitude": 49.453279396354084, 
    "gpsLongitude": 11.079587605511744, 
    "outsideTemperature": 13.0, 
    "speed": 5.2784375, 
    "yawRate": -0.11252307109982156
}