{
    "gpsHeading": 131, 
    "gpsLatitude": 49.455920282587414, 
    "gpsLongitude": 11.08426537803567, 
    "outsideTemperature": 12.0, 
    "speed": 8.162875000000001, 
    "yawRate": 0.16864947139645944
}