{
    "gpsHeading": 108, 
    "gpsLatitude": 49.44741776382573, 
    "gpsLongitude": 11.066599511265952, 
    "outsideTemperature": 19.5, 
    "speed": 14.2891875, 
    "yawRate": 0.022564239559330023
}