{
    "gpsHeading": 298, 
    "gpsLatitude": 49.43364939821339, 
    "gpsLongitude": 11.06854369370742, 
    "outsideTemperature": 11.5, 
    "speed": 4.131312500000001, 
    "yawRate": 0.10599144585509072
}