{
    "gpsHeading": 293, 
    "gpsLatitude": 49.45600804111368, 
    "gpsLongitude": 11.050350353770918, 
    "outsideTemperature": 12.0, 
    "speed": 14.4554375, 
    "yawRate": -0.003956284074047203
}