{
    "gpsHeading": 10, 
    "gpsLatitude": 49.43433805537825, 
    "gpsLongitude": 11.068025105357963, 
    "outsideTemperature": 12.0, 
    "speed": 4.031562500000001, 
    "yawRate": -0.00040024368692629666
}