{
    "gpsHeading": 300, 
    "gpsLatitude": 49.4480058381525, 
    "gpsLongitude": 11.066182595402035, 
    "outsideTemperature": 17.0, 
    "speed": 7.61425, 
    "yawRate": -0.01641767799135417
}