{
    "gpsHeading": 98, 
    "gpsLatitude": 49.44977441972242, 
    "gpsLongitude": 11.073059779319065, 
    "outsideTemperature": 17.5, 
    "speed": 6.483750000000001, 
    "yawRate": 0.0028906255872856597
}