{
    "gpsHeading": 304, 
    "gpsLatitude": 49.454435512259, 
    "gpsLongitude": 11.054647336433563, 
    "outsideTemperature": 14.0, 
    "speed": 10.8395, 
    "yawRate": 0.038455216749414406
}