{
    "gpsHeading": 54, 
    "gpsLatitude": 49.449001105335505, 
    "gpsLongitude": 11.054336786920958, 
    "outsideTemperature": 14.0, 
    "speed": 4.8129375, 
    "yawRate": 0.20469611479770558
}