{
    "gpsHeading": 68, 
    "gpsLatitude": 49.4572594592577, 
    "gpsLongitude": 11.08374896898104, 
    "outsideTemperature": 12.0, 
    "speed": 2.8179375, 
    "yawRate": 0.06027198498311684
}