{
    "gpsHeading": 115, 
    "gpsLatitude": 49.44947744889294, 
    "gpsLongitude": 11.074638426963057, 
    "outsideTemperature": 15.5, 
    "speed": 5.203625000000001, 
    "yawRate": 0.007253948717271409
}