{
    "gpsHeading": 9, 
    "gpsLatitude": 49.44554055279067, 
    "gpsLongitude": 11.068927584872808, 
    "outsideTemperature": 18.0, 
    "speed": 9.9168125, 
    "yawRate": 0.13669259216780086
}