{
    "gpsHeading": 293, 
    "gpsLatitude": 49.454669115900494, 
    "gpsLongitude": 11.053992039243346, 
    "outsideTemperature": 13.5, 
    "speed": 11.471250000000001, 
    "yawRate": -0.036768474011539966
}