{
    "gpsHeading": 119, 
    "gpsLatitude": 49.44830716757164, 
    "gpsLongitude": 11.063372897638743, 
    "outsideTemperature": 28.0, 
    "speed": 8.453812500000002, 
    "yawRate": 0.011743198196965284
}