{
    "gpsHeading": 260, 
    "gpsLatitude": 49.44018610922344, 
    "gpsLongitude": 11.079809223031699, 
    "outsideTemperature": 16.0, 
    "speed": 6.749750000000001, 
    "yawRate": 0.00231888828662934
}