{
    "gpsHeading": 114, 
    "gpsLatitude": 49.455781897366016, 
    "gpsLongitude": 11.084512057446108, 
    "outsideTemperature": 11.5, 
    "speed": 8.1046875, 
    "yawRate": -0.0231622133977133
}