{
    "gpsHeading": 328, 
    "gpsLatitude": 49.43795023655151, 
    "gpsLongitude": 11.082305605254303, 
    "outsideTemperature": 13.0, 
    "speed": 8.827875, 
    "yawRate": -0.03524796130262085
}