{
    "gpsHeading": 316, 
    "gpsLatitude": 49.44335136731942, 
    "gpsLongitude": 11.099302009417414, 
    "outsideTemperature": 20.0, 
    "speed": 10.581812500000002, 
    "yawRate": -0.04308244963982248
}