{
    "gpsHeading": 225, 
    "gpsLatitude": 49.447137472983556, 
    "gpsLongitude": 11.067940951050089, 
    "outsideTemperature": 18.0, 
    "speed": 0.0, 
    "yawRate": 0.00025533791185340356
}