{
    "gpsHeading": 116, 
    "gpsLatitude": 49.451279725713626, 
    "gpsLongitude": 11.054255901555317, 
    "outsideTemperature": 15.5, 
    "speed": 6.2759375, 
    "yawRate": -0.0022999344888186314
}