{
    "gpsHeading": 116, 
    "gpsLatitude": 49.454790821134594, 
    "gpsLongitude": 11.04400399578197, 
    "outsideTemperature": 14.0, 
    "speed": 12.8345, 
    "yawRate": -0.00042027163685485125
}