{
    "gpsHeading": 231, 
    "gpsLatitude": 49.45233609697076, 
    "gpsLongitude": 11.07108567348328, 
    "outsideTemperature": 11.0, 
    "speed": 3.2917500000000004, 
    "yawRate": -0.011217947004719684
}