{
    "gpsHeading": 228, 
    "gpsLatitude": 49.45157443342926, 
    "gpsLongitude": 11.067276769042511, 
    "outsideTemperature": 15.0, 
    "speed": 11.953375, 
    "yawRate": 0.026960114576909482
}