{
    "gpsHeading": 11, 
    "gpsLatitude": 49.434546094215044, 
    "gpsLongitude": 11.068077576071852, 
    "outsideTemperature": 14.5, 
    "speed": 3.2003125000000003, 
    "yawRate": 0.039516692793518673
}