{
    "gpsHeading": 329, 
    "gpsLatitude": 49.457048570573825, 
    "gpsLongitude": 11.083380332879424, 
    "outsideTemperature": 12.0, 
    "speed": 4.073125, 
    "yawRate": 0.019605813411649933
}