{
    "gpsHeading": 67, 
    "gpsLatitude": 49.44803416898523, 
    "gpsLongitude": 11.064323154001698, 
    "outsideTemperature": 14.5, 
    "speed": 7.572687500000001, 
    "yawRate": 0.026218683511332483
}