{
    "gpsHeading": 182, 
    "gpsLatitude": 49.44758079184248, 
    "gpsLongitude": 11.071840882959366, 
    "outsideTemperature": 13.5, 
    "speed": 4.9875, 
    "yawRate": 0.04232290922705988
}