{
    "gpsHeading": 121, 
    "gpsLatitude": 49.44935138506919, 
    "gpsLongitude": 11.069172336445549, 
    "outsideTemperature": 14.0, 
    "speed": 5.569375, 
    "yawRate": -0.22707092892787556
}