{
    "gpsHeading": 95, 
    "gpsLatitude": 49.44309136068294, 
    "gpsLongitude": 11.097923437802228, 
    "outsideTemperature": 13.0, 
    "speed": 10.4654375, 
    "yawRate": 0.004906798496027051
}