{
    "gpsHeading": 34, 
    "gpsLatitude": 49.450993567539236, 
    "gpsLongitude": 11.070053945021495, 
    "outsideTemperature": 12.0, 
    "speed": 3.9235, 
    "yawRate": 0.005786272704295417
}