{
    "gpsHeading": 274, 
    "gpsLatitude": 49.45876132866859, 
    "gpsLongitude": 11.07756731538948, 
    "outsideTemperature": 12.5, 
    "speed": 8.329125, 
    "yawRate": -0.020782457588826714
}