{
    "gpsHeading": 21, 
    "gpsLatitude": 49.44845636544815, 
    "gpsLongitude": 11.084051471866632, 
    "outsideTemperature": 12.5, 
    "speed": 11.296687499999999, 
    "yawRate": -0.02254941131170621
}