{
    "gpsHeading": 303, 
    "gpsLatitude": 49.45666694252226, 
    "gpsLongitude": 11.048591746665767, 
    "outsideTemperature": 11.5, 
    "speed": 15.660750000000002, 
    "yawRate": -0.04654231782270809
}