{
    "gpsHeading": 123, 
    "gpsLatitude": 49.45419218560983, 
    "gpsLongitude": 11.045866203210354, 
    "outsideTemperature": 13.5, 
    "speed": 13.083875, 
    "yawRate": 0.0248870025170623
}