{
    "gpsHeading": 66, 
    "gpsLatitude": 49.44861444814203, 
    "gpsLongitude": 11.06724366052495, 
    "outsideTemperature": 15.0, 
    "speed": 7.7555625, 
    "yawRate": -0.0167587540625622
}