{
    "gpsHeading": 73, 
    "gpsLatitude": 49.44667303172864, 
    "gpsLongitude": 11.081320899269313, 
    "outsideTemperature": 15.0, 
    "speed": 8.794625, 
    "yawRate": 0.0022342640666131283
}