{
    "gpsHeading": 179, 
    "gpsLatitude": 49.443595532158916, 
    "gpsLongitude": 11.08084120295061, 
    "outsideTemperature": 17.0, 
    "speed": 9.426375, 
    "yawRate": 0.08944040459746785
}