{
    "gpsHeading": 190, 
    "gpsLatitude": 49.45343555121022, 
    "gpsLongitude": 11.069448687793214, 
    "outsideTemperature": 12.5, 
    "speed": 11.122125, 
    "yawRate": -0.03924322199715824
}