{
    "gpsHeading": 322, 
    "gpsLatitude": 49.44232584146595, 
    "gpsLongitude": 11.089150099748966, 
    "outsideTemperature": 15.5, 
    "speed": 9.509500000000001, 
    "yawRate": -0.007384266949538606
}