{
    "gpsHeading": 343, 
    "gpsLatitude": 49.441334429958424, 
    "gpsLongitude": 11.081604794329868, 
    "outsideTemperature": 14.0, 
    "speed": 8.595125, 
    "yawRate": -0.006156735546096635
}