{
    "gpsHeading": 313, 
    "gpsLatitude": 49.436604689634834, 
    "gpsLongitude": 11.083185118354457, 
    "outsideTemperature": 13.0, 
    "speed": 9.3183125, 
    "yawRate": -0.05985710375573993
}