{
    "gpsHeading": 235, 
    "gpsLatitude": 49.456456389114514, 
    "gpsLongitude": 11.08447811073823, 
    "outsideTemperature": 12.0, 
    "speed": 6.167875, 
    "yawRate": 0.0389789681087869
}