{
    "gpsHeading": 98, 
    "gpsLatitude": 49.44674084132534, 
    "gpsLongitude": 11.07486976749069, 
    "outsideTemperature": 16.0, 
    "speed": 3.6159375000000002, 
    "yawRate": -0.001695837043390509
}