{
    "gpsHeading": 109, 
    "gpsLatitude": 49.44968498481555, 
    "gpsLongitude": 11.073536206695534, 
    "outsideTemperature": 16.5, 
    "speed": 6.8744375, 
    "yawRate": 0.014409798650448476
}