{
    "gpsHeading": 277, 
    "gpsLatitude": 49.43339190614786, 
    "gpsLongitude": 11.069891503737963, 
    "outsideTemperature": 11.5, 
    "speed": 8.661624999999999, 
    "yawRate": -0.013040009130920422
}