{
    "gpsHeading": 80, 
    "gpsLatitude": 49.439775228329815, 
    "gpsLongitude": 11.077381488596101, 
    "outsideTemperature": 15.0, 
    "speed": 8.196125, 
    "yawRate": 0.005869801293970528
}