{
    "gpsHeading": 88, 
    "gpsLatitude": 49.45184860548211, 
    "gpsLongitude": 11.07629787615362, 
    "outsideTemperature": 12.5, 
    "speed": 4.8877500000000005, 
    "yawRate": 0.002470147125506287
}