{
    "gpsHeading": 92, 
    "gpsLatitude": 49.45553471504138, 
    "gpsLongitude": 11.086415922933286, 
    "outsideTemperature": 11.5, 
    "speed": 8.7696875, 
    "yawRate": 0.014362365520163753
}