{
    "gpsHeading": 250, 
    "gpsLatitude": 49.44202719425583, 
    "gpsLongitude": 11.078958962773648, 
    "outsideTemperature": 14.5, 
    "speed": 7.572687500000001, 
    "yawRate": 0.01927816866729731
}