{
    "gpsHeading": 358, 
    "gpsLatitude": 49.44909858686942, 
    "gpsLongitude": 11.0724381773796, 
    "outsideTemperature": 15.5, 
    "speed": 0.482125, 
    "yawRate": 0.0075013225401583325
}