{
    "gpsHeading": 287, 
    "gpsLatitude": 49.44604556245696, 
    "gpsLongitude": 11.094558103677464, 
    "outsideTemperature": 13.5, 
    "speed": 14.413875, 
    "yawRate": -0.007477732899139394
}