{
    "gpsHeading": 96, 
    "gpsLatitude": 49.44690940139818, 
    "gpsLongitude": 11.072835647228162, 
    "outsideTemperature": 16.5, 
    "speed": 7.8719375000000005, 
    "yawRate": 0.004587348263789209
}