{
    "gpsHeading": 99, 
    "gpsLatitude": 49.44672106003384, 
    "gpsLongitude": 11.07514922014253, 
    "outsideTemperature": 17.5, 
    "speed": 4.073125, 
    "yawRate": -0.0032666333701859345
}