{
    "gpsHeading": 273, 
    "gpsLatitude": 49.458765268163084, 
    "gpsLongitude": 11.080642887121504, 
    "outsideTemperature": 15.5, 
    "speed": 8.545250000000001, 
    "yawRate": -0.012753943029652296
}