{
    "gpsHeading": 75, 
    "gpsLatitude": 49.43981914950245, 
    "gpsLongitude": 11.077713411961826, 
    "outsideTemperature": 14.5, 
    "speed": 8.8195625, 
    "yawRate": 0.012152986601149253
}