{
    "gpsHeading": 86, 
    "gpsLatitude": 49.45558022877562, 
    "gpsLongitude": 11.086983377778232, 
    "outsideTemperature": 11.5, 
    "speed": 5.35325, 
    "yawRate": 0.006857449736588143
}