{
    "gpsHeading": 348, 
    "gpsLatitude": 49.457401616335545, 
    "gpsLongitude": 11.083791716687248, 
    "outsideTemperature": 13.5, 
    "speed": 4.721500000000001, 
    "yawRate": -0.04374963843574309
}