{
    "gpsHeading": 181, 
    "gpsLatitude": 49.45666141046617, 
    "gpsLongitude": 11.077466732551388, 
    "outsideTemperature": 13.0, 
    "speed": 6.375687500000001, 
    "yawRate": 0.0012723961302065021
}