{
    "gpsHeading": 232, 
    "gpsLatitude": 49.45205580612859, 
    "gpsLongitude": 11.06812200015866, 
    "outsideTemperature": 17.0, 
    "speed": 11.346562500000001, 
    "yawRate": -0.00951726678977095
}