{
    "gpsHeading": 121, 
    "gpsLatitude": 49.45725744760094, 
    "gpsLongitude": 11.07528869501137, 
    "outsideTemperature": 13.0, 
    "speed": 5.2285625, 
    "yawRate": 0.02570700565812631
}