{
    "gpsHeading": 304, 
    "gpsLatitude": 49.44890077395449, 
    "gpsLongitude": 11.072815363022485, 
    "outsideTemperature": 14.0, 
    "speed": 3.591, 
    "yawRate": 0.005581460362965357
}