{
    "gpsHeading": 69, 
    "gpsLatitude": 49.439897185021, 
    "gpsLongitude": 11.078313388591111, 
    "outsideTemperature": 14.0, 
    "speed": 4.655, 
    "yawRate": 0.00621886714436907
}