{
    "gpsHeading": 100, 
    "gpsLatitude": 49.45562389849116, 
    "gpsLongitude": 11.087515628629822, 
    "outsideTemperature": 11.5, 
    "speed": 9.792125, 
    "yawRate": -0.003614525775377062
}