{
    "gpsHeading": 301, 
    "gpsLatitude": 49.456518582836054, 
    "gpsLongitude": 11.048951497950023, 
    "outsideTemperature": 11.5, 
    "speed": 15.502812500000001, 
    "yawRate": -0.031357953330357596
}