{
    "gpsHeading": 69, 
    "gpsLatitude": 49.44297468459075, 
    "gpsLongitude": 11.093942285251186, 
    "outsideTemperature": 15.5, 
    "speed": 9.1354375, 
    "yawRate": -0.04378788763461428
}