{
    "gpsHeading": 250, 
    "gpsLatitude": 49.44039942865924, 
    "gpsLongitude": 11.081408993071681, 
    "outsideTemperature": 19.5, 
    "speed": 2.2526875, 
    "yawRate": 0.0010971578102334488
}