{
    "gpsHeading": 347, 
    "gpsLatitude": 49.44054301066064, 
    "gpsLongitude": 11.081870668298569, 
    "outsideTemperature": 15.5, 
    "speed": 8.8195625, 
    "yawRate": 0.005886036292663996
}