{
    "gpsHeading": 297, 
    "gpsLatitude": 49.4483572075336, 
    "gpsLongitude": 11.087397276157008, 
    "outsideTemperature": 16.0, 
    "speed": 11.039, 
    "yawRate": -0.007806072283934314
}