{
    "gpsHeading": 114, 
    "gpsLatitude": 49.448099715468054, 
    "gpsLongitude": 11.064081168457038, 
    "outsideTemperature": 24.5, 
    "speed": 10.1329375, 
    "yawRate": 0.00022402513380345886
}