{
    "gpsHeading": 348, 
    "gpsLatitude": 49.44191663695296, 
    "gpsLongitude": 11.081414525127775, 
    "outsideTemperature": 13.5, 
    "speed": 9.467937500000001, 
    "yawRate": -0.005633136770497829
}