{
    "gpsHeading": 164, 
    "gpsLatitude": 49.43728446198233, 
    "gpsLongitude": 11.074736746687293, 
    "outsideTemperature": 12.0, 
    "speed": 11.188625, 
    "yawRate": 0.000573559034634643
}