{
    "gpsHeading": 69, 
    "gpsLatitude": 49.451748022644004, 
    "gpsLongitude": 11.074642869371738, 
    "outsideTemperature": 12.5, 
    "speed": 2.4023125000000003, 
    "yawRate": 0.013116655562670764
}