{
    "gpsHeading": 273, 
    "gpsLatitude": 49.44889750501225, 
    "gpsLongitude": 11.073093390750785, 
    "outsideTemperature": 14.5, 
    "speed": 4.0980625, 
    "yawRate": 0.029143405264887817
}