{
    "gpsHeading": 334, 
    "gpsLatitude": 49.43774689158048, 
    "gpsLongitude": 11.082393699056672, 
    "outsideTemperature": 13.0, 
    "speed": 7.5560625, 
    "yawRate": -0.04083301490900249
}