{
    "gpsHeading": 12, 
    "gpsLatitude": 49.446373043414006, 
    "gpsLongitude": 11.080390675654941, 
    "outsideTemperature": 16.0, 
    "speed": 5.0290625, 
    "yawRate": -0.247347818968572
}