{
    "gpsHeading": 77, 
    "gpsLatitude": 49.449070004579596, 
    "gpsLongitude": 11.070783170597718, 
    "outsideTemperature": 13.5, 
    "speed": 6.400625000000001, 
    "yawRate": -0.08639739121713494
}