{
    "gpsHeading": 274, 
    "gpsLatitude": 49.458745822147726, 
    "gpsLongitude": 11.080864839917552, 
    "outsideTemperature": 16.0, 
    "speed": 7.94675, 
    "yawRate": -0.016768200309239506
}