{
    "gpsHeading": 287, 
    "gpsLatitude": 49.44621244614917, 
    "gpsLongitude": 11.093801217820776, 
    "outsideTemperature": 13.5, 
    "speed": 13.73225, 
    "yawRate": 0.0010743804356328343
}