{
    "gpsHeading": 225, 
    "gpsLatitude": 49.45230164734871, 
    "gpsLongitude": 11.06857646694882, 
    "outsideTemperature": 18.5, 
    "speed": 10.7148125, 
    "yawRate": -0.0023614168565948765
}