{
    "gpsHeading": 62, 
    "gpsLatitude": 49.438508890398126, 
    "gpsLongitude": 11.078074252893526, 
    "outsideTemperature": 12.5, 
    "speed": 9.7671875, 
    "yawRate": -0.0005423561575086536
}