{
    "gpsHeading": 250, 
    "gpsLatitude": 49.45147996938048, 
    "gpsLongitude": 11.073055672186513, 
    "outsideTemperature": 11.5, 
    "speed": 2.6849374999999998, 
    "yawRate": -0.0029403735556760824
}