{
    "gpsHeading": 272, 
    "gpsLatitude": 49.44440664892914, 
    "gpsLongitude": 11.069265124113693, 
    "outsideTemperature": 12.5, 
    "speed": 6.5751875, 
    "yawRate": 0.009510719289567114
}