{
    "gpsHeading": 206, 
    "gpsLatitude": 49.448995238003285, 
    "gpsLongitude": 11.072392831283443, 
    "outsideTemperature": 14.0, 
    "speed": 7.522812500000001, 
    "yawRate": 0.0034020669075876583
}