{
    "gpsHeading": 29, 
    "gpsLatitude": 49.447959737685046, 
    "gpsLongitude": 11.06632232172797, 
    "outsideTemperature": 17.5, 
    "speed": 0.0, 
    "yawRate": -0.00043107290806022403
}