{
    "gpsHeading": 344, 
    "gpsLatitude": 49.44243723695915, 
    "gpsLongitude": 11.08132257564995, 
    "outsideTemperature": 13.0, 
    "speed": 10.789625000000001, 
    "yawRate": -0.0010952807153128074
}