{
    "gpsHeading": 248, 
    "gpsLatitude": 49.43403412756913, 
    "gpsLongitude": 11.074086478638979, 
    "outsideTemperature": 11.0, 
    "speed": 14.2725625, 
    "yawRate": -0.0016953689929578677
}