{
    "gpsHeading": 0, 
    "gpsLatitude": 49.44392888044817, 
    "gpsLongitude": 11.080835670894517, 
    "outsideTemperature": 18.0, 
    "speed": 9.3765, 
    "yawRate": -0.021562535829368876
}