{
    "gpsHeading": 83, 
    "gpsLatitude": 49.455735545441456, 
    "gpsLongitude": 11.079158452069196, 
    "outsideTemperature": 12.0, 
    "speed": 7.9051875, 
    "yawRate": -0.0009965318973860085
}