{
    "gpsHeading": 253, 
    "gpsLatitude": 49.44189744239469, 
    "gpsLongitude": 11.078166453828446, 
    "outsideTemperature": 14.0, 
    "speed": 7.1570625, 
    "yawRate": -0.009519763990608245
}