{
    "gpsHeading": 302, 
    "gpsLatitude": 49.45037523454201, 
    "gpsLongitude": 11.080758725023367, 
    "outsideTemperature": 13.5, 
    "speed": 4.28925, 
    "yawRate": -0.18565512306215345
}