{
    "gpsHeading": 199, 
    "gpsLatitude": 49.445419685746884, 
    "gpsLongitude": 11.071212826954456, 
    "outsideTemperature": 13.5, 
    "speed": 8.8029375, 
    "yawRate": -0.05314660085702782
}