{
    "gpsHeading": 119, 
    "gpsLatitude": 49.449333028701226, 
    "gpsLongitude": 11.060121725035243, 
    "outsideTemperature": 22.0, 
    "speed": 10.681562500000002, 
    "yawRate": -0.0006003840409428967
}