{
    "gpsHeading": 322, 
    "gpsLatitude": 49.45733112452985, 
    "gpsLongitude": 11.083138431153793, 
    "outsideTemperature": 11.5, 
    "speed": 7.4729375000000005, 
    "yawRate": 0.013846226880069016
}