{
    "gpsHeading": 25, 
    "gpsLatitude": 49.448959698733816, 
    "gpsLongitude": 11.084452545933557, 
    "outsideTemperature": 12.0, 
    "speed": 4.5303125, 
    "yawRate": 0.09054792421752476
}