{
    "gpsHeading": 326, 
    "gpsLatitude": 49.45718360303397, 
    "gpsLongitude": 11.083267344824604, 
    "outsideTemperature": 12.0, 
    "speed": 6.309187500000001, 
    "yawRate": -0.037117387278164826
}