{
    "gpsHeading": 112, 
    "gpsLatitude": 49.453005224301236, 
    "gpsLongitude": 11.048938170723982, 
    "outsideTemperature": 18.5, 
    "speed": 12.46875, 
    "yawRate": -0.005616060067607762
}