{
    "gpsHeading": 16, 
    "gpsLatitude": 49.445049959997824, 
    "gpsLongitude": 11.068775118054086, 
    "outsideTemperature": 19.5, 
    "speed": 9.2850625, 
    "yawRate": 0.028656711469353734
}