{
    "gpsHeading": 51, 
    "gpsLatitude": 49.45137636905722, 
    "gpsLongitude": 11.072445385816328, 
    "outsideTemperature": 12.5, 
    "speed": 4.08975, 
    "yawRate": 0.01678184699185943
}