{
    "gpsHeading": 150, 
    "gpsLatitude": 49.446059392597206, 
    "gpsLongitude": 11.080553452214598, 
    "outsideTemperature": 19.5, 
    "speed": 3.6741250000000005, 
    "yawRate": -0.001200254881948834
}