{
    "gpsHeading": 291, 
    "gpsLatitude": 49.451061628593, 
    "gpsLongitude": 11.059171720129385, 
    "outsideTemperature": 12.5, 
    "speed": 7.281750000000001, 
    "yawRate": 0.0014316850425264782
}