{
    "gpsHeading": 106, 
    "gpsLatitude": 49.45140805265123, 
    "gpsLongitude": 11.053839237148463, 
    "outsideTemperature": 14.5, 
    "speed": 1.5045625, 
    "yawRate": 0.0053795142199562496
}