{
    "gpsHeading": 110, 
    "gpsLatitude": 49.43798192014552, 
    "gpsLongitude": 11.074456455845104, 
    "outsideTemperature": 15.0, 
    "speed": 8.778, 
    "yawRate": -0.020090043779844892
}