{
    "gpsHeading": 220, 
    "gpsLatitude": 49.457686098129294, 
    "gpsLongitude": 11.043356493761705, 
    "outsideTemperature": 12.5, 
    "speed": 9.052312500000001, 
    "yawRate": 0.0059920926623201875
}