{
    "gpsHeading": 273, 
    "gpsLatitude": 49.44440664892914, 
    "gpsLongitude": 11.069500320316784, 
    "outsideTemperature": 12.5, 
    "speed": 8.744750000000002, 
    "yawRate": -0.0035792501003901376
}