{
    "gpsHeading": 300, 
    "gpsLatitude": 49.450288314206084, 
    "gpsLongitude": 11.08108561924719, 
    "outsideTemperature": 14.0, 
    "speed": 6.774687500000001, 
    "yawRate": -0.04422774555569781
}