{
    "gpsHeading": 215, 
    "gpsLatitude": 49.45699584840285, 
    "gpsLongitude": 11.042438675364025, 
    "outsideTemperature": 14.5, 
    "speed": 11.7455625, 
    "yawRate": 0.017685798650682275
}