{
    "gpsHeading": 291, 
    "gpsLatitude": 49.450736075473685, 
    "gpsLongitude": 11.060513998103838, 
    "outsideTemperature": 13.0, 
    "speed": 8.8694375, 
    "yawRate": 0.012776325180489032
}