{
    "gpsHeading": 114, 
    "gpsLatitude": 49.44874193688932, 
    "gpsLongitude": 11.061960630772809, 
    "outsideTemperature": 18.0, 
    "speed": 5.9185, 
    "yawRate": 0.010395190246621114
}