{
    "gpsHeading": 99, 
    "gpsLatitude": 49.44646164013058, 
    "gpsLongitude": 11.079219556143348, 
    "outsideTemperature": 17.0, 
    "speed": 9.742250000000002, 
    "yawRate": 0.025084924816380427
}