{
    "gpsHeading": 295, 
    "gpsLatitude": 49.451333872808135, 
    "gpsLongitude": 11.058184248116346, 
    "outsideTemperature": 12.0, 
    "speed": 7.48125, 
    "yawRate": 0.006842205723708848
}