{
    "gpsHeading": 270, 
    "gpsLatitude": 49.45170695131845, 
    "gpsLongitude": 11.074395938504203, 
    "outsideTemperature": 12.0, 
    "speed": 6.9908125000000005, 
    "yawRate": -0.007652762536061368
}