{
    "gpsHeading": 58, 
    "gpsLatitude": 49.452005514709555, 
    "gpsLongitude": 11.071220957400532, 
    "outsideTemperature": 11.0, 
    "speed": 6.334125, 
    "yawRate": -0.008949018977127174
}