{
    "gpsHeading": 94, 
    "gpsLatitude": 49.45716583339922, 
    "gpsLongitude": 11.075850953076348, 
    "outsideTemperature": 13.0, 
    "speed": 4.837875, 
    "yawRate": 0.018202089874551686
}