{
    "gpsHeading": 108, 
    "gpsLatitude": 49.44963385520618, 
    "gpsLongitude": 11.07380954055806, 
    "outsideTemperature": 16.0, 
    "speed": 7.0739375, 
    "yawRate": -0.005312421897087035
}