{
    "gpsHeading": 187, 
    "gpsLatitude": 49.45520723408434, 
    "gpsLongitude": 11.070161736296315, 
    "outsideTemperature": 12.5, 
    "speed": 11.5128125, 
    "yawRate": -0.0388941561467587
}