{
    "gpsHeading": 284, 
    "gpsLatitude": 49.457957755611204, 
    "gpsLongitude": 11.08256510897663, 
    "outsideTemperature": 12.0, 
    "speed": 6.550250000000001, 
    "yawRate": 0.05346520090033931
}