{
    "gpsHeading": 256, 
    "gpsLatitude": 49.451790854169225, 
    "gpsLongitude": 11.074957274559834, 
    "outsideTemperature": 12.0, 
    "speed": 7.040687500000001, 
    "yawRate": 0.006309871479893231
}