{
    "gpsHeading": 264, 
    "gpsLatitude": 49.45881078189734, 
    "gpsLongitude": 11.079787597721516, 
    "outsideTemperature": 14.5, 
    "speed": 9.584312500000001, 
    "yawRate": -0.002631033368085635
}