{
    "gpsHeading": 78, 
    "gpsLatitude": 49.455806623980386, 
    "gpsLongitude": 11.079658935507767, 
    "outsideTemperature": 11.5, 
    "speed": 8.129625, 
    "yawRate": -0.03049259625608964
}