{
    "gpsHeading": 202, 
    "gpsLatitude": 49.456838017166056, 
    "gpsLongitude": 11.042234240745604, 
    "outsideTemperature": 14.5, 
    "speed": 13.1088125, 
    "yawRate": -0.021409576593990204
}