{
    "gpsHeading": 29, 
    "gpsLatitude": 49.45360578766372, 
    "gpsLongitude": 11.056140656303235, 
    "outsideTemperature": 17.0, 
    "speed": 5.6441875, 
    "yawRate": 0.34842569190360195
}