{
    "gpsHeading": 297, 
    "gpsLatitude": 49.44855217060145, 
    "gpsLongitude": 11.08685756541156, 
    "outsideTemperature": 15.0, 
    "speed": 11.778812499999999, 
    "yawRate": 0.014185076291193706
}