{
    "gpsHeading": 187, 
    "gpsLatitude": 49.447920007463985, 
    "gpsLongitude": 11.071942303987774, 
    "outsideTemperature": 13.5, 
    "speed": 8.063125000000001, 
    "yawRate": -0.026792129151914052
}