{
    "gpsHeading": 70, 
    "gpsLatitude": 49.43767053244256, 
    "gpsLongitude": 11.072935894790126, 
    "outsideTemperature": 11.5, 
    "speed": 11.205250000000001, 
    "yawRate": -0.006385466533931336
}