{
    "gpsHeading": 55, 
    "gpsLatitude": 49.440099691801706, 
    "gpsLongitude": 11.079722302695776, 
    "outsideTemperature": 15.5, 
    "speed": 0.914375, 
    "yawRate": -0.0037581571499038617
}