{
    "gpsHeading": 187, 
    "gpsLatitude": 49.44674411026757, 
    "gpsLongitude": 11.071620355086822, 
    "outsideTemperature": 14.0, 
    "speed": 10.324125, 
    "yawRate": 0.030280137388299242
}