{
    "gpsHeading": 77, 
    "gpsLatitude": 49.44921023381972, 
    "gpsLongitude": 11.070205657468934, 
    "outsideTemperature": 14.0, 
    "speed": 6.309187500000001, 
    "yawRate": -0.07173662550038226
}