{
    "gpsHeading": 94, 
    "gpsLatitude": 49.44688467478381, 
    "gpsLongitude": 11.073158685776523, 
    "outsideTemperature": 16.5, 
    "speed": 7.847, 
    "yawRate": -0.0022194358189893152
}