{
    "gpsHeading": 310, 
    "gpsLatitude": 49.44859441539345, 
    "gpsLongitude": 11.065213982671134, 
    "outsideTemperature": 14.5, 
    "speed": 10.922625000000002, 
    "yawRate": 0.030880744737691996
}