{
    "gpsHeading": 84, 
    "gpsLatitude": 49.45566077886513, 
    "gpsLongitude": 11.088322302991383, 
    "outsideTemperature": 11.5, 
    "speed": 9.47625, 
    "yawRate": -0.017053561015733847
}