{
    "gpsHeading": 92, 
    "gpsLatitude": 49.44721274247408, 
    "gpsLongitude": 11.068903947905865, 
    "outsideTemperature": 17.0, 
    "speed": 10.2326875, 
    "yawRate": 0.0012712226850000786
}