{
    "gpsHeading": 165, 
    "gpsLatitude": 49.45719994774515, 
    "gpsLongitude": 11.082801730103228, 
    "outsideTemperature": 12.5, 
    "speed": 5.635875, 
    "yawRate": -0.00098907176188293
}