{
    "gpsHeading": 224, 
    "gpsLatitude": 49.45142355917209, 
    "gpsLongitude": 11.067043416858116, 
    "outsideTemperature": 15.0, 
    "speed": 12.202750000000002, 
    "yawRate": 0.023818521923319624
}