{
    "gpsHeading": 95, 
    "gpsLatitude": 49.44700696675113, 
    "gpsLongitude": 11.071732840227419, 
    "outsideTemperature": 17.0, 
    "speed": 8.5868125, 
    "yawRate": 0.003889216562991132
}