{
    "gpsHeading": 103, 
    "gpsLatitude": 49.45243223740018, 
    "gpsLongitude": 11.069778683321209, 
    "outsideTemperature": 12.5, 
    "speed": 7.564375, 
    "yawRate": 0.03231527733460846
}