{
    "gpsHeading": 346, 
    "gpsLatitude": 49.44319160824491, 
    "gpsLongitude": 11.081098946473233, 
    "outsideTemperature": 13.0, 
    "speed": 2.95925, 
    "yawRate": 0.0013481802374789745
}