{
    "gpsHeading": 277, 
    "gpsLatitude": 49.458789156587144, 
    "gpsLongitude": 11.077341171641814, 
    "outsideTemperature": 12.5, 
    "speed": 8.9775, 
    "yawRate": 0.007142810443082485
}