{
    "gpsHeading": 311, 
    "gpsLatitude": 49.44565856998738, 
    "gpsLongitude": 11.095719835457537, 
    "outsideTemperature": 14.0, 
    "speed": 12.7098125, 
    "yawRate": 0.05675038357425097
}