{
    "gpsHeading": 309, 
    "gpsLatitude": 49.457368843094144, 
    "gpsLongitude": 11.047500674329465, 
    "outsideTemperature": 11.5, 
    "speed": 15.037312500000002, 
    "yawRate": -0.012508397408819432
}