{
    "gpsHeading": 252, 
    "gpsLatitude": 49.44171304052484, 
    "gpsLongitude": 11.07679316281226, 
    "outsideTemperature": 14.0, 
    "speed": 6.6998750000000005, 
    "yawRate": -0.0016657823566340936
}