{
    "gpsHeading": 79, 
    "gpsLatitude": 49.441054725849476, 
    "gpsLongitude": 11.086788666167456, 
    "outsideTemperature": 15.5, 
    "speed": 9.567687500000002, 
    "yawRate": -0.012271921223572785
}