{
    "gpsHeading": 54, 
    "gpsLatitude": 49.448983587157855, 
    "gpsLongitude": 11.068139518336322, 
    "outsideTemperature": 14.5, 
    "speed": 9.243500000000001, 
    "yawRate": 0.003661598185771389
}