{
    "gpsHeading": 164, 
    "gpsLatitude": 49.435912763527746, 
    "gpsLongitude": 11.075393384982014, 
    "outsideTemperature": 12.0, 
    "speed": 12.9093125, 
    "yawRate": -0.00047363851656197675
}