{
    "gpsHeading": 302, 
    "gpsLatitude": 49.458410797477825, 
    "gpsLongitude": 11.045368737256922, 
    "outsideTemperature": 11.5, 
    "speed": 9.3183125, 
    "yawRate": -0.04671685074790736
}