{
    "gpsHeading": 279, 
    "gpsLatitude": 49.456844722688594, 
    "gpsLongitude": 11.075891772944793, 
    "outsideTemperature": 12.5, 
    "speed": 4.3141875, 
    "yawRate": -0.058243331362799564
}