{
    "gpsHeading": 57, 
    "gpsLatitude": 49.446461891587674, 
    "gpsLongitude": 11.07998976922608, 
    "outsideTemperature": 22.0, 
    "speed": 0.0, 
    "yawRate": -0.00024633627199903635
}