{
    "gpsHeading": 339, 
    "gpsLatitude": 49.44324164820685, 
    "gpsLongitude": 11.099465624167388, 
    "outsideTemperature": 20.5, 
    "speed": 8.3374375, 
    "yawRate": 0.11120465623647321
}