{
    "gpsHeading": 199, 
    "gpsLatitude": 49.44832384755896, 
    "gpsLongitude": 11.072084796341757, 
    "outsideTemperature": 13.5, 
    "speed": 6.9658750000000005, 
    "yawRate": -0.00017812616861654718
}