{
    "gpsHeading": 168, 
    "gpsLatitude": 49.441182717510955, 
    "gpsLongitude": 11.076066451806987, 
    "outsideTemperature": 14.0, 
    "speed": 9.459624999999999, 
    "yawRate": 0.03219360513205529
}