{
    "gpsHeading": 291, 
    "gpsLatitude": 49.45088083094152, 
    "gpsLongitude": 11.059908405599428, 
    "outsideTemperature": 12.5, 
    "speed": 3.1753750000000003, 
    "yawRate": 0.07543364532708496
}