{
    "gpsHeading": 180, 
    "gpsLatitude": 49.44742027839669, 
    "gpsLongitude": 11.089133168304528, 
    "outsideTemperature": 20.0, 
    "speed": 3.009125, 
    "yawRate": 0.03547809316552464
}