{
    "gpsHeading": 203, 
    "gpsLatitude": 49.45485636761743, 
    "gpsLongitude": 11.040482339162992, 
    "outsideTemperature": 14.0, 
    "speed": 10.1495625, 
    "yawRate": 0.006322221179872745
}