{
    "gpsHeading": 27, 
    "gpsLatitude": 49.45473667404009, 
    "gpsLongitude": 11.040595662493905, 
    "outsideTemperature": 14.5, 
    "speed": 7.714, 
    "yawRate": -0.04370443708631381
}