{
    "gpsHeading": 336, 
    "gpsLatitude": 49.44331306202191, 
    "gpsLongitude": 11.08832121334397, 
    "outsideTemperature": 15.0, 
    "speed": 8.0465, 
    "yawRate": -0.004417207221149011
}