{
    "gpsHeading": 65, 
    "gpsLatitude": 49.44854445925053, 
    "gpsLongitude": 11.06701617567281, 
    "outsideTemperature": 15.0, 
    "speed": 5.893562500000001, 
    "yawRate": 0.09022992908468831
}