{
    "gpsHeading": 187, 
    "gpsLatitude": 49.44655610417935, 
    "gpsLongitude": 11.07157676919033, 
    "outsideTemperature": 14.0, 
    "speed": 10.390625, 
    "yawRate": 0.01474670704555021
}