{
    "gpsHeading": 115, 
    "gpsLatitude": 49.454636677935206, 
    "gpsLongitude": 11.044481177529725, 
    "outsideTemperature": 14.0, 
    "speed": 13.1254375, 
    "yawRate": -0.0019910679636502768
}