{
    "gpsHeading": 290, 
    "gpsLatitude": 49.450091674757594, 
    "gpsLongitude": 11.081845941684213, 
    "outsideTemperature": 15.0, 
    "speed": 9.3848125, 
    "yawRate": 0.0037688088741454425
}