{
    "gpsHeading": 318, 
    "gpsLatitude": 49.44910470565874, 
    "gpsLongitude": 11.061135348586175, 
    "outsideTemperature": 12.5, 
    "speed": 11.205250000000001, 
    "yawRate": -0.03387097051129717
}