{
    "gpsHeading": 353, 
    "gpsLatitude": 49.454448588027965, 
    "gpsLongitude": 11.078667607819272, 
    "outsideTemperature": 12.5, 
    "speed": 6.4920625, 
    "yawRate": 0.0021450607562038503
}