{
    "gpsHeading": 326, 
    "gpsLatitude": 49.44673966785888, 
    "gpsLongitude": 11.068225097567737, 
    "outsideTemperature": 15.5, 
    "speed": 9.343250000000001, 
    "yawRate": -0.028939153846458367
}