{
    "gpsHeading": 255, 
    "gpsLatitude": 49.459023011685716, 
    "gpsLongitude": 11.074289823609988, 
    "outsideTemperature": 11.5, 
    "speed": 9.2518125, 
    "yawRate": 0.10296138637756971
}