{
    "gpsHeading": 184, 
    "gpsLatitude": 49.44077166897926, 
    "gpsLongitude": 11.084724790148668, 
    "outsideTemperature": 18.5, 
    "speed": 0.0, 
    "yawRate": 0.0002569808862573474
}