{
    "gpsHeading": 77, 
    "gpsLatitude": 49.44036724215107, 
    "gpsLongitude": 11.081694564512869, 
    "outsideTemperature": 17.5, 
    "speed": 8.561874999999999, 
    "yawRate": 0.052131758056942396
}