{
    "gpsHeading": 130, 
    "gpsLatitude": 49.449930574578566, 
    "gpsLongitude": 11.058404273074666, 
    "outsideTemperature": 20.5, 
    "speed": 7.0988750000000005, 
    "yawRate": 0.03470193458647776
}