{
    "gpsHeading": 39, 
    "gpsLatitude": 49.45152581839084, 
    "gpsLongitude": 11.07039316064298, 
    "outsideTemperature": 11.0, 
    "speed": 6.500375000000001, 
    "yawRate": -0.057818238032967775
}