{
    "gpsHeading": 298, 
    "gpsLatitude": 49.455952720552716, 
    "gpsLongitude": 11.050530648508202, 
    "outsideTemperature": 12.0, 
    "speed": 14.4720625, 
    "yawRate": -0.0013382901960561503
}