{
    "gpsHeading": 293, 
    "gpsLatitude": 49.45617299696816, 
    "gpsLongitude": 11.049813409053517, 
    "outsideTemperature": 12.0, 
    "speed": 14.280875000000002, 
    "yawRate": -0.058410556736269444
}