{
    "gpsHeading": 296, 
    "gpsLatitude": 49.45423132909767, 
    "gpsLongitude": 11.040375637535552, 
    "outsideTemperature": 14.5, 
    "speed": 4.505375, 
    "yawRate": -0.43238926150544416
}