{
    "gpsHeading": 297, 
    "gpsLatitude": 49.45489802567621, 
    "gpsLongitude": 11.053459285477565, 
    "outsideTemperature": 13.0, 
    "speed": 11.9450625, 
    "yawRate": -0.007970541353634411
}