{
    "gpsHeading": 244, 
    "gpsLatitude": 49.45720522834416, 
    "gpsLongitude": 11.086722281494305, 
    "outsideTemperature": 13.0, 
    "speed": 9.0190625, 
    "yawRate": 0.003025185517704277
}