{
    "gpsHeading": 170, 
    "gpsLatitude": 49.44140886125862, 
    "gpsLongitude": 11.075994786534837, 
    "outsideTemperature": 14.0, 
    "speed": 8.3706875, 
    "yawRate": 0.015612977238109636
}