{
    "gpsHeading": 72, 
    "gpsLatitude": 49.43858248350801, 
    "gpsLongitude": 11.07859870857517, 
    "outsideTemperature": 12.5, 
    "speed": 7.48125, 
    "yawRate": -0.004731146362295133
}