{
    "gpsHeading": 328, 
    "gpsLatitude": 49.44657890295598, 
    "gpsLongitude": 11.068347054258917, 
    "outsideTemperature": 15.5, 
    "speed": 10.340750000000002, 
    "yawRate": -0.014801986905304498
}