{
    "gpsHeading": 287, 
    "gpsLatitude": 49.446087220515736, 
    "gpsLongitude": 11.094368672665722, 
    "outsideTemperature": 13.5, 
    "speed": 14.563500000000001, 
    "yawRate": -0.0015436134423582187
}