{
    "gpsHeading": 258, 
    "gpsLatitude": 49.43644191307518, 
    "gpsLongitude": 11.083919289253553, 
    "outsideTemperature": 12.5, 
    "speed": 10.590125, 
    "yawRate": 0.031947214899160095
}