{
    "gpsHeading": 93, 
    "gpsLatitude": 49.455667484387675, 
    "gpsLongitude": 11.085050930001238, 
    "outsideTemperature": 11.5, 
    "speed": 8.744750000000002, 
    "yawRate": 0.03582991531969396
}