{
    "gpsHeading": 99, 
    "gpsLatitude": 49.447292202916174, 
    "gpsLongitude": 11.067560328826904, 
    "outsideTemperature": 18.5, 
    "speed": 13.46625, 
    "yawRate": 0.02465863466172326
}