{
    "gpsHeading": 92, 
    "gpsLatitude": 49.44660497067486, 
    "gpsLongitude": 11.076828115348485, 
    "outsideTemperature": 20.5, 
    "speed": 6.367375, 
    "yawRate": -0.014184983353491323
}