{
    "gpsHeading": 350, 
    "gpsLatitude": 49.452150521634465, 
    "gpsLongitude": 11.081056450224152, 
    "outsideTemperature": 13.5, 
    "speed": 4.854500000000001, 
    "yawRate": 0.23572306646418828
}