{
    "gpsHeading": 69, 
    "gpsLatitude": 49.438545854591126, 
    "gpsLongitude": 11.078338953395784, 
    "outsideTemperature": 12.5, 
    "speed": 9.7671875, 
    "yawRate": 0.005740829149671065
}