{
    "gpsHeading": 349, 
    "gpsLatitude": 49.4579102302202, 
    "gpsLongitude": 11.08365810915063, 
    "outsideTemperature": 13.5, 
    "speed": 6.8079375, 
    "yawRate": -0.0055269278170679515
}