{
    "gpsHeading": 282, 
    "gpsLatitude": 49.45780973120115, 
    "gpsLongitude": 11.082697291589678, 
    "outsideTemperature": 12.0, 
    "speed": 6.384, 
    "yawRate": 0.028856058447220237
}