{
    "gpsHeading": 62, 
    "gpsLatitude": 49.44687109610068, 
    "gpsLongitude": 11.08199815704584, 
    "outsideTemperature": 14.5, 
    "speed": 10.540250000000002, 
    "yawRate": -0.020804082059711515
}