{
    "gpsHeading": 78, 
    "gpsLatitude": 49.440625823864, 
    "gpsLongitude": 11.083596753619378, 
    "outsideTemperature": 16.0, 
    "speed": 11.155375, 
    "yawRate": 0.002389874375104447
}