{
    "gpsHeading": 232, 
    "gpsLatitude": 49.45137888362817, 
    "gpsLongitude": 11.072477823781634, 
    "outsideTemperature": 12.0, 
    "speed": 1.7123750000000002, 
    "yawRate": -0.00032237967768502943
}