{
    "gpsHeading": 262, 
    "gpsLatitude": 49.444394998083744, 
    "gpsLongitude": 11.070388969691393, 
    "outsideTemperature": 13.0, 
    "speed": 8.811250000000001, 
    "yawRate": -0.032726248608695226
}