{
    "gpsHeading": 211, 
    "gpsLatitude": 49.44354691712049, 
    "gpsLongitude": 11.091561489473381, 
    "outsideTemperature": 14.0, 
    "speed": 7.414750000000001, 
    "yawRate": 0.0645970589142314
}