{
    "gpsHeading": 116, 
    "gpsLatitude": 49.453763870357605, 
    "gpsLongitude": 11.04670539935622, 
    "outsideTemperature": 13.0, 
    "speed": 12.252625, 
    "yawRate": 0.006386512445922681
}