{
    "gpsHeading": 85, 
    "gpsLatitude": 49.440794383936854, 
    "gpsLongitude": 11.084899552829892, 
    "outsideTemperature": 18.5, 
    "speed": 7.2318750000000005, 
    "yawRate": 0.0011671140167830076
}