{
    "gpsHeading": 74, 
    "gpsLatitude": 49.457204390153834, 
    "gpsLongitude": 11.077245115031433, 
    "outsideTemperature": 13.0, 
    "speed": 3.7988125, 
    "yawRate": -0.034855919386075386
}