{
    "gpsHeading": 275, 
    "gpsLatitude": 49.4365977326552, 
    "gpsLongitude": 11.089181196609735, 
    "outsideTemperature": 15.5, 
    "speed": 11.537749999999999, 
    "yawRate": 0.03316894537555599
}