{
    "gpsHeading": 208, 
    "gpsLatitude": 49.450575813484974, 
    "gpsLongitude": 11.066125095546276, 
    "outsideTemperature": 13.5, 
    "speed": 12.585125000000001, 
    "yawRate": 0.0006056428717957116
}