{
    "gpsHeading": 94, 
    "gpsLatitude": 49.443078871647195, 
    "gpsLongitude": 11.095353127193617, 
    "outsideTemperature": 14.5, 
    "speed": 12.2941875, 
    "yawRate": -0.02354206831147996
}