{
    "gpsHeading": 325, 
    "gpsLatitude": 49.44201830943847, 
    "gpsLongitude": 11.089452854091624, 
    "outsideTemperature": 16.5, 
    "speed": 10.365687500000002, 
    "yawRate": 0.007276498767213077
}