{
    "gpsHeading": 158, 
    "gpsLatitude": 49.43642665801139, 
    "gpsLongitude": 11.075147879038022, 
    "outsideTemperature": 12.0, 
    "speed": 11.537749999999999, 
    "yawRate": -0.08965996329347095
}