{
    "gpsHeading": 290, 
    "gpsLatitude": 49.44362805394323, 
    "gpsLongitude": 11.092479810785221, 
    "outsideTemperature": 15.0, 
    "speed": 7.589312500000001, 
    "yawRate": -0.014466356201109918
}