{
    "gpsHeading": 109, 
    "gpsLatitude": 49.44822577929182, 
    "gpsLongitude": 11.06383842854109, 
    "outsideTemperature": 14.5, 
    "speed": 8.985812500000002, 
    "yawRate": 0.038435988275293376
}