{
    "gpsHeading": 68, 
    "gpsLatitude": 49.45183661936058, 
    "gpsLongitude": 11.075430097717941, 
    "outsideTemperature": 12.5, 
    "speed": 3.7905, 
    "yawRate": 0.011022260460277523
}