{
    "gpsHeading": 247, 
    "gpsLatitude": 49.44177665916993, 
    "gpsLongitude": 11.077274284054504, 
    "outsideTemperature": 14.0, 
    "speed": 5.6109375, 
    "yawRate": 0.004442870025345361
}