{
    "gpsHeading": 220, 
    "gpsLatitude": 49.45782222023687, 
    "gpsLongitude": 11.043538716336718, 
    "outsideTemperature": 12.5, 
    "speed": 10.0830625, 
    "yawRate": -0.00465441577484528
}