{
    "gpsHeading": 111, 
    "gpsLatitude": 49.45250717161456, 
    "gpsLongitude": 11.069535943405263, 
    "outsideTemperature": 12.5, 
    "speed": 7.198625000000001, 
    "yawRate": 0.06250947339411016
}