{
    "gpsHeading": 326, 
    "gpsLatitude": 49.44217471575172, 
    "gpsLongitude": 11.089299213806424, 
    "outsideTemperature": 16.0, 
    "speed": 9.850312500000001, 
    "yawRate": -0.004766273071547553
}