{
    "gpsHeading": 289, 
    "gpsLatitude": 49.448626350444556, 
    "gpsLongitude": 11.062745679824152, 
    "outsideTemperature": 13.0, 
    "speed": 11.97, 
    "yawRate": 0.002955476705782798
}