{
    "gpsHeading": 58, 
    "gpsLatitude": 49.438879705794584, 
    "gpsLongitude": 11.080545321768522, 
    "outsideTemperature": 12.5, 
    "speed": 3.3831875, 
    "yawRate": 0.005566296224471793
}