{
    "gpsHeading": 251, 
    "gpsLatitude": 49.436977181411926, 
    "gpsLongitude": 11.094211176705063, 
    "outsideTemperature": 22.5, 
    "speed": 9.858625, 
    "yawRate": 0.006365151958043828
}