{
    "gpsHeading": 250, 
    "gpsLatitude": 49.457055527553464, 
    "gpsLongitude": 11.086273430579304, 
    "outsideTemperature": 12.5, 
    "speed": 9.4180625, 
    "yawRate": -0.0025598680886773635
}