{
    "gpsHeading": 271, 
    "gpsLatitude": 49.44634831679964, 
    "gpsLongitude": 11.091713118101822, 
    "outsideTemperature": 13.0, 
    "speed": 14.048125, 
    "yawRate": 0.00910289499480725
}