{
    "gpsHeading": 296, 
    "gpsLatitude": 49.452002497224406, 
    "gpsLongitude": 11.055825077648691, 
    "outsideTemperature": 12.0, 
    "speed": 3.1005625, 
    "yawRate": -0.01043655387103488
}