{
    "gpsHeading": 89, 
    "gpsLatitude": 49.443078871647195, 
    "gpsLongitude": 11.096720634696613, 
    "outsideTemperature": 13.5, 
    "speed": 12.867750000000001, 
    "yawRate": -0.008532236744329735
}