{
    "gpsHeading": 96, 
    "gpsLatitude": 49.449635280129726, 
    "gpsLongitude": 11.06080786762913, 
    "outsideTemperature": 14.0, 
    "speed": 8.07975, 
    "yawRate": -0.0067713624418472085
}