{
    "gpsHeading": 313, 
    "gpsLatitude": 49.4502957740999, 
    "gpsLongitude": 11.081062066099278, 
    "outsideTemperature": 14.0, 
    "speed": 7.173687500000001, 
    "yawRate": -0.025084831878678045
}