{
    "gpsHeading": 96, 
    "gpsLatitude": 49.446569179948305, 
    "gpsLongitude": 11.07731510392295, 
    "outsideTemperature": 19.5, 
    "speed": 7.489562500000001, 
    "yawRate": -0.05066236472017176
}