{
    "gpsHeading": 180, 
    "gpsLatitude": 49.45161718113545, 
    "gpsLongitude": 11.073865364033216, 
    "outsideTemperature": 11.5, 
    "speed": 6.9741875, 
    "yawRate": -0.017426606347229485
}