{
    "gpsHeading": 116, 
    "gpsLatitude": 49.452589398084704, 
    "gpsLongitude": 11.050224792861341, 
    "outsideTemperature": 16.0, 
    "speed": 13.167000000000002, 
    "yawRate": 0.02283280673989925
}