{
    "gpsHeading": 154, 
    "gpsLatitude": 49.44625192491313, 
    "gpsLongitude": 11.080452282643286, 
    "outsideTemperature": 21.0, 
    "speed": 6.167875, 
    "yawRate": 0.004384798724432807
}