{
    "gpsHeading": 70, 
    "gpsLatitude": 49.436811052091, 
    "gpsLongitude": 11.068753660381933, 
    "outsideTemperature": 12.5, 
    "speed": 7.3399375000000004, 
    "yawRate": -0.05176402708578354
}