{
    "gpsHeading": 226, 
    "gpsLatitude": 49.45876132866859, 
    "gpsLongitude": 11.081491470998921, 
    "outsideTemperature": 17.5, 
    "speed": 6.051500000000001, 
    "yawRate": -0.17576769516592047
}