{
    "gpsHeading": 284, 
    "gpsLatitude": 49.44629333151481, 
    "gpsLongitude": 11.093438449051346, 
    "outsideTemperature": 13.0, 
    "speed": 13.283375000000001, 
    "yawRate": 0.0693167541886104
}