{
    "gpsHeading": 182, 
    "gpsLatitude": 49.44457470608781, 
    "gpsLongitude": 11.088967541897793, 
    "outsideTemperature": 17.5, 
    "speed": 0.0, 
    "yawRate": 0.00037412757162410756
}