{
    "gpsHeading": 176, 
    "gpsLatitude": 49.45588021709025, 
    "gpsLongitude": 11.077260370095205, 
    "outsideTemperature": 12.5, 
    "speed": 2.9758750000000003, 
    "yawRate": -0.006407052578568379
}