{
    "gpsHeading": 12, 
    "gpsLatitude": 49.45201632736464, 
    "gpsLongitude": 11.081197601473594, 
    "outsideTemperature": 13.5, 
    "speed": 5.586, 
    "yawRate": 0.0837048886154851
}