{
    "gpsHeading": 71, 
    "gpsLatitude": 49.440506130286664, 
    "gpsLongitude": 11.082741212762329, 
    "outsideTemperature": 16.5, 
    "speed": 10.781312500000002, 
    "yawRate": -0.013143555967644584
}