{
    "gpsHeading": 344, 
    "gpsLatitude": 49.45462301543303, 
    "gpsLongitude": 11.07864899999423, 
    "outsideTemperature": 12.0, 
    "speed": 6.292562500000001, 
    "yawRate": 0.02902313123691544
}