{
    "gpsHeading": 185, 
    "gpsLatitude": 49.44667831232764, 
    "gpsLongitude": 11.075760093245936, 
    "outsideTemperature": 23.0, 
    "speed": 0.0, 
    "yawRate": 0.0002502873526458154
}