{
    "gpsHeading": 302, 
    "gpsLatitude": 49.45099415427246, 
    "gpsLongitude": 11.070058722706305, 
    "outsideTemperature": 11.5, 
    "speed": 3.0257500000000004, 
    "yawRate": -0.3651707193091632
}