{
    "gpsHeading": 335, 
    "gpsLatitude": 49.454413300215606, 
    "gpsLongitude": 11.040144213188917, 
    "outsideTemperature": 20.0, 
    "speed": 0.0, 
    "yawRate": -8.48079247860521e-05
}