{
    "gpsHeading": 86, 
    "gpsLatitude": 49.443078871647195, 
    "gpsLongitude": 11.095689828244147, 
    "outsideTemperature": 14.0, 
    "speed": 12.360687500000001, 
    "yawRate": 0.012935313055200475
}