{
    "gpsHeading": 71, 
    "gpsLatitude": 49.451291628016136, 
    "gpsLongitude": 11.071899807738696, 
    "outsideTemperature": 13.0, 
    "speed": 5.120500000000001, 
    "yawRate": 0.006658937330291773
}