{
    "gpsHeading": 91, 
    "gpsLatitude": 49.44676556793969, 
    "gpsLongitude": 11.074544801104597, 
    "outsideTemperature": 16.0, 
    "speed": 6.4588125, 
    "yawRate": 0.003889216562991132
}