{
    "gpsHeading": 84, 
    "gpsLatitude": 49.45185162296726, 
    "gpsLongitude": 11.075666215930383, 
    "outsideTemperature": 12.5, 
    "speed": 5.7688749999999995, 
    "yawRate": -0.05041332920992152
}