{
    "gpsHeading": 96, 
    "gpsLatitude": 49.44697578607132, 
    "gpsLongitude": 11.072076162981489, 
    "outsideTemperature": 17.0, 
    "speed": 6.9409375, 
    "yawRate": -0.0027430345945871288
}