{
    "gpsHeading": 65, 
    "gpsLatitude": 49.45178247226605, 
    "gpsLongitude": 11.074876221556133, 
    "outsideTemperature": 12.5, 
    "speed": 4.9791875, 
    "yawRate": -0.05861637669429421
}