{
    "gpsHeading": 190, 
    "gpsLatitude": 49.453941063790715, 
    "gpsLongitude": 11.069636442424322, 
    "outsideTemperature": 12.5, 
    "speed": 11.579312500000002, 
    "yawRate": -0.01114342104004977
}