{
    "gpsHeading": 299, 
    "gpsLatitude": 49.449699988422225, 
    "gpsLongitude": 11.083617540739276, 
    "outsideTemperature": 15.5, 
    "speed": 6.5751875, 
    "yawRate": -0.00047568942555797715
}