{
    "gpsHeading": 278, 
    "gpsLatitude": 49.4334205722567, 
    "gpsLongitude": 11.069662342505156, 
    "outsideTemperature": 11.5, 
    "speed": 9.709000000000001, 
    "yawRate": -0.01827599688690352
}