{
    "gpsHeading": 156, 
    "gpsLatitude": 49.443082727322654, 
    "gpsLongitude": 11.080940109408068, 
    "outsideTemperature": 16.5, 
    "speed": 9.700687499999999, 
    "yawRate": 0.006013666352140787
}