{
    "gpsHeading": 16, 
    "gpsLatitude": 49.44468995725646, 
    "gpsLongitude": 11.068645617650018, 
    "outsideTemperature": 16.5, 
    "speed": 2.6849374999999998, 
    "yawRate": -0.0022125575317477743
}