{
    "gpsHeading": 201, 
    "gpsLatitude": 49.44906220940964, 
    "gpsLongitude": 11.084531754918562, 
    "outsideTemperature": 19.5, 
    "speed": 0.0, 
    "yawRate": -0.000261131443445053
}