{
    "gpsHeading": 178, 
    "gpsLatitude": 49.44879440760321, 
    "gpsLongitude": 11.072299792158207, 
    "outsideTemperature": 14.0, 
    "speed": 8.603437500000002, 
    "yawRate": 0.0037511327579862006
}