{
    "gpsHeading": 354, 
    "gpsLatitude": 49.44879247976548, 
    "gpsLongitude": 11.073198667454687, 
    "outsideTemperature": 13.5, 
    "speed": 1.23025, 
    "yawRate": -0.02147114304294649
}