{
    "gpsHeading": 304, 
    "gpsLatitude": 49.45194390772121, 
    "gpsLongitude": 11.056072343792351, 
    "outsideTemperature": 12.0, 
    "speed": 5.2119375, 
    "yawRate": -0.011134685571832958
}