{
    "gpsHeading": 73, 
    "gpsLatitude": 49.438430519603436, 
    "gpsLongitude": 11.077567902122702, 
    "outsideTemperature": 13.0, 
    "speed": 9.5510625, 
    "yawRate": 0.017260002212833882
}