{
    "gpsHeading": 67, 
    "gpsLatitude": 49.437786118887345, 
    "gpsLongitude": 11.073499829235772, 
    "outsideTemperature": 11.5, 
    "speed": 9.027375000000001, 
    "yawRate": -0.01895183714829077
}