{
    "gpsHeading": 336, 
    "gpsLatitude": 49.44621110504467, 
    "gpsLongitude": 11.06863254188107, 
    "outsideTemperature": 16.5, 
    "speed": 11.928437500000001, 
    "yawRate": 0.00544383241782982
}