{
    "gpsHeading": 191, 
    "gpsLatitude": 49.45710774681023, 
    "gpsLongitude": 11.08013452469392, 
    "outsideTemperature": 12.5, 
    "speed": 6.450500000000001, 
    "yawRate": -0.015831830539337954
}