{
    "gpsHeading": 104, 
    "gpsLatitude": 49.44270445203238, 
    "gpsLongitude": 11.09308012269063, 
    "outsideTemperature": 14.5, 
    "speed": 3.2418750000000003, 
    "yawRate": 0.1646044250535051
}