{
    "gpsHeading": 63, 
    "gpsLatitude": 49.441433336415884, 
    "gpsLongitude": 11.089583947057294, 
    "outsideTemperature": 13.5, 
    "speed": 4.172875, 
    "yawRate": 0.0011671140167830076
}