{
    "gpsHeading": 257, 
    "gpsLatitude": 49.4444094149572, 
    "gpsLongitude": 11.070583681302136, 
    "outsideTemperature": 13.5, 
    "speed": 6.8411875, 
    "yawRate": -0.1882350849613868
}