{
    "gpsHeading": 264, 
    "gpsLatitude": 49.440317788922314, 
    "gpsLongitude": 11.08081538668884, 
    "outsideTemperature": 17.5, 
    "speed": 4.1396250000000006, 
    "yawRate": 0.00022449318423610042
}