{
    "gpsHeading": 63, 
    "gpsLatitude": 49.44654939865681, 
    "gpsLongitude": 11.08081588960303, 
    "outsideTemperature": 15.5, 
    "speed": 7.1238125000000005, 
    "yawRate": -0.02359660886290283
}