{
    "gpsHeading": 95, 
    "gpsLatitude": 49.44779327308798, 
    "gpsLongitude": 11.06565512223525, 
    "outsideTemperature": 17.5, 
    "speed": 5.6441875, 
    "yawRate": 0.2967023795956147
}