{
    "gpsHeading": 347, 
    "gpsLatitude": 49.43827939388921, 
    "gpsLongitude": 11.082232598877649, 
    "outsideTemperature": 13.0, 
    "speed": 9.9666875, 
    "yawRate": -0.0478143319169793
}