{
    "gpsHeading": 324, 
    "gpsLatitude": 49.44265692664138, 
    "gpsLongitude": 11.088797892177533, 
    "outsideTemperature": 14.5, 
    "speed": 6.899375000000001, 
    "yawRate": -0.028328217973471
}