{
    "gpsHeading": 180, 
    "gpsLatitude": 49.44921886717998, 
    "gpsLongitude": 11.054020621533194, 
    "outsideTemperature": 14.0, 
    "speed": 5.461312500000001, 
    "yawRate": -0.0066632576188043816
}