{
    "gpsHeading": 62, 
    "gpsLatitude": 49.43725051527447, 
    "gpsLongitude": 11.070804795907902, 
    "outsideTemperature": 11.5, 
    "speed": 7.9135, 
    "yawRate": -0.05298575756217942
}