{
    "gpsHeading": 87, 
    "gpsLatitude": 49.45578994399306, 
    "gpsLongitude": 11.081852563387717, 
    "outsideTemperature": 11.5, 
    "speed": 9.509500000000001, 
    "yawRate": 0.04979254933564757
}