{
    "gpsHeading": 356, 
    "gpsLatitude": 49.43862606940452, 
    "gpsLongitude": 11.082241483695011, 
    "outsideTemperature": 13.0, 
    "speed": 8.279250000000001, 
    "yawRate": -0.014129477353490183
}