{
    "gpsHeading": 274, 
    "gpsLatitude": 49.436449708245135, 
    "gpsLongitude": 11.091837002630731, 
    "outsideTemperature": 19.5, 
    "speed": 0.04156250000000001, 
    "yawRate": 0.0013547023171135036
}