{
    "gpsHeading": 200, 
    "gpsLatitude": 49.450236346406406, 
    "gpsLongitude": 11.054273419732947, 
    "outsideTemperature": 14.0, 
    "speed": 5.3948125000000005, 
    "yawRate": 0.13627920811952873
}