{
    "gpsHeading": 158, 
    "gpsLatitude": 49.44421554153677, 
    "gpsLongitude": 11.092432033937142, 
    "outsideTemperature": 15.5, 
    "speed": 7.680750000000001, 
    "yawRate": 0.029515940949146127
}