{
    "gpsHeading": 207, 
    "gpsLatitude": 49.448760544714375, 
    "gpsLongitude": 11.06390816597551, 
    "outsideTemperature": 14.5, 
    "speed": 9.426375, 
    "yawRate": 0.038435988275293376
}