{
    "gpsHeading": 77, 
    "gpsLatitude": 49.44066496735183, 
    "gpsLongitude": 11.08389866977175, 
    "outsideTemperature": 15.5, 
    "speed": 10.8311875, 
    "yawRate": -0.008780232837658835
}