{
    "gpsHeading": 200, 
    "gpsLatitude": 49.45286750963206, 
    "gpsLongitude": 11.069169821874597, 
    "outsideTemperature": 12.5, 
    "speed": 7.431375000000001, 
    "yawRate": 0.10614270469396767
}