{
    "gpsHeading": 250, 
    "gpsLatitude": 49.436890512533104, 
    "gpsLongitude": 11.093974807035524, 
    "outsideTemperature": 21.5, 
    "speed": 11.0473125, 
    "yawRate": -0.003757757703522835
}