{
    "gpsHeading": 343, 
    "gpsLatitude": 49.4472771993095, 
    "gpsLongitude": 11.067890072897837, 
    "outsideTemperature": 21.5, 
    "speed": 7.140437500000001, 
    "yawRate": 0.014247694306765316
}