{
    "gpsHeading": 118, 
    "gpsLatitude": 49.44899356162264, 
    "gpsLongitude": 11.061227549521094, 
    "outsideTemperature": 19.5, 
    "speed": 10.1495625, 
    "yawRate": 0.010220657321421843
}