{
    "gpsHeading": 171, 
    "gpsLatitude": 49.437900531865694, 
    "gpsLongitude": 11.07406200348172, 
    "outsideTemperature": 14.5, 
    "speed": 0.0, 
    "yawRate": -0.0003034839684683949
}