{
    "gpsHeading": 337, 
    "gpsLatitude": 49.452496610416574, 
    "gpsLongitude": 11.072382856818669, 
    "outsideTemperature": 12.0, 
    "speed": 3.2668125000000003, 
    "yawRate": 0.0825062338273743
}