{
    "gpsHeading": 30, 
    "gpsLatitude": 49.44474217651326, 
    "gpsLongitude": 11.089053121129208, 
    "outsideTemperature": 18.5, 
    "speed": 1.2385625, 
    "yawRate": -0.0767746104973063
}