{
    "gpsHeading": 270, 
    "gpsLatitude": 49.436631679363046, 
    "gpsLongitude": 11.086207884096469, 
    "outsideTemperature": 13.5, 
    "speed": 12.086375, 
    "yawRate": 0.005069144418447515
}