{
    "gpsHeading": 118, 
    "gpsLatitude": 49.444687442685506, 
    "gpsLongitude": 11.089306757519312, 
    "outsideTemperature": 18.0, 
    "speed": 5.81875, 
    "yawRate": 0.0008925412164398432
}