{
    "gpsHeading": 70, 
    "gpsLatitude": 49.439975220539566, 
    "gpsLongitude": 11.078834240054388, 
    "outsideTemperature": 14.0, 
    "speed": 5.2784375, 
    "yawRate": -0.0061729705447901035
}