{
    "gpsHeading": 82, 
    "gpsLatitude": 49.44433691149475, 
    "gpsLongitude": 11.091397036533088, 
    "outsideTemperature": 14.5, 
    "speed": 5.3865, 
    "yawRate": 0.004383199720428245
}