{
    "gpsHeading": 180, 
    "gpsLatitude": 49.43447023799133, 
    "gpsLongitude": 11.075829243947133, 
    "outsideTemperature": 11.5, 
    "speed": 8.61175, 
    "yawRate": -0.021766655390891922
}