{
    "gpsHeading": 114, 
    "gpsLatitude": 49.45418581536342, 
    "gpsLongitude": 11.040512849290536, 
    "outsideTemperature": 19.5, 
    "speed": 6.61675, 
    "yawRate": 0.04795999194443606
}