{
    "gpsHeading": 116, 
    "gpsLatitude": 49.4539349450014, 
    "gpsLongitude": 11.046462827078335, 
    "outsideTemperature": 13.0, 
    "speed": 12.8345, 
    "yawRate": 0.007957308772718106
}