{
    "gpsHeading": 323, 
    "gpsLatitude": 49.44822024723572, 
    "gpsLongitude": 11.073089786532421, 
    "outsideTemperature": 14.0, 
    "speed": 6.342437500000001, 
    "yawRate": 0.01710063342612718
}