{
    "gpsHeading": 265, 
    "gpsLatitude": 49.453215777708984, 
    "gpsLongitude": 11.079300357689956, 
    "outsideTemperature": 12.5, 
    "speed": 6.1429375, 
    "yawRate": 0.009300910689379925
}