{
    "gpsHeading": 116, 
    "gpsLatitude": 49.45378884842905, 
    "gpsLongitude": 11.04170450446493, 
    "outsideTemperature": 17.0, 
    "speed": 6.7248125000000005, 
    "yawRate": 0.007119287447769873
}