{
    "gpsHeading": 279, 
    "gpsLatitude": 49.456710779875856, 
    "gpsLongitude": 11.079558939402897, 
    "outsideTemperature": 12.0, 
    "speed": 6.3923125, 
    "yawRate": 0.024485275181730416
}