{
    "gpsHeading": 255, 
    "gpsLatitude": 49.439501643010175, 
    "gpsLongitude": 11.074794246543082, 
    "outsideTemperature": 12.5, 
    "speed": 9.459624999999999, 
    "yawRate": -0.002568033618955216
}