{
    "gpsHeading": 192, 
    "gpsLatitude": 49.454854439779695, 
    "gpsLongitude": 11.070030056597425, 
    "outsideTemperature": 12.5, 
    "speed": 11.645812500000002, 
    "yawRate": -0.011841552740846854
}