{
    "gpsHeading": 168, 
    "gpsLatitude": 49.45121275430725, 
    "gpsLongitude": 11.069516748847, 
    "outsideTemperature": 12.0, 
    "speed": 2.4605, 
    "yawRate": 0.03598046876379613
}