{
    "gpsHeading": 2, 
    "gpsLatitude": 49.4399180559599, 
    "gpsLongitude": 11.076482026566397, 
    "outsideTemperature": 14.5, 
    "speed": 1.9451250000000002, 
    "yawRate": -0.0018096474148043531
}