{
    "gpsHeading": 44, 
    "gpsLatitude": 49.896584928053784, 
    "gpsLongitude": 10.90278150013798, 
    "outsideTemperature": 17.0, 
    "speed": 3.9068750000000003, 
    "yawRate": 0.083960487567935
}