{
    "gpsHeading": 92, 
    "gpsLatitude": 49.89698549920651, 
    "gpsLongitude": 10.893325623709163, 
    "outsideTemperature": 14.0, 
    "speed": 8.5535625, 
    "yawRate": 0.00518118398655146
}