{
    "gpsHeading": 307, 
    "gpsLatitude": 49.8984052259663, 
    "gpsLongitude": 10.900917867786056, 
    "outsideTemperature": 15.0, 
    "speed": 12.269250000000001, 
    "yawRate": 0.04661044157525722
}