{
    "gpsHeading": 254, 
    "gpsLatitude": 49.89563936555661, 
    "gpsLongitude": 10.881416196582977, 
    "outsideTemperature": 14.0, 
    "speed": 7.032375, 
    "yawRate": -0.001435900621284842
}