{
    "gpsHeading": 10, 
    "gpsLatitude": 49.89394772985783, 
    "gpsLongitude": 10.900262319138712, 
    "outsideTemperature": 15.5, 
    "speed": 11.1470625, 
    "yawRate": -0.01185992496119715
}