{
    "gpsHeading": 92, 
    "gpsLatitude": 49.89701383003925, 
    "gpsLongitude": 10.892235138106079, 
    "outsideTemperature": 14.5, 
    "speed": 7.439687500000001, 
    "yawRate": 0.000643327931365447
}