{
    "gpsHeading": 39, 
    "gpsLatitude": 49.897778846342035, 
    "gpsLongitude": 10.887323175207476, 
    "outsideTemperature": 14.0, 
    "speed": 10.1495625, 
    "yawRate": 0.008322776640140327
}