{
    "gpsHeading": 154, 
    "gpsLatitude": 49.89997021110811, 
    "gpsLongitude": 10.875825383346212, 
    "outsideTemperature": 14.0, 
    "speed": 11.7289375, 
    "yawRate": 0.02875829543821687
}