{
    "gpsHeading": 14, 
    "gpsLatitude": 49.895814631152, 
    "gpsLongitude": 10.901190950191484, 
    "outsideTemperature": 19.5, 
    "speed": 7.0573125, 
    "yawRate": -0.03891069177246408
}