{
    "gpsHeading": 158, 
    "gpsLatitude": 49.89143525438113, 
    "gpsLongitude": 10.892633446144957, 
    "outsideTemperature": 16.5, 
    "speed": 8.8361875, 
    "yawRate": -0.02997402469003901
}