{
    "gpsHeading": 190, 
    "gpsLatitude": 49.89197018744175, 
    "gpsLongitude": 10.89260478003611, 
    "outsideTemperature": 17.5, 
    "speed": 6.7580625, 
    "yawRate": -0.023690839382860283
}