{
    "gpsHeading": 101, 
    "gpsLatitude": 49.894666310417016, 
    "gpsLongitude": 10.89637898339775, 
    "outsideTemperature": 14.5, 
    "speed": 7.830375000000001, 
    "yawRate": -0.013674898452357686
}