{
    "gpsHeading": 138, 
    "gpsLatitude": 49.89752990381774, 
    "gpsLongitude": 10.889884014265503, 
    "outsideTemperature": 14.5, 
    "speed": 9.1188125, 
    "yawRate": 0.05335227134159398
}