{
    "gpsHeading": 250, 
    "gpsLatitude": 49.899117687736165, 
    "gpsLongitude": 10.896479817692935, 
    "outsideTemperature": 14.5, 
    "speed": 9.218562499999999, 
    "yawRate": 1.0150547009129835e-05
}