{
    "gpsHeading": 87, 
    "gpsLatitude": 49.90043632874366, 
    "gpsLongitude": 10.87331173440304, 
    "outsideTemperature": 13.5, 
    "speed": 13.624187500000001, 
    "yawRate": -0.04192753926755249
}