{
    "gpsHeading": 321, 
    "gpsLatitude": 49.89390498215163, 
    "gpsLongitude": 10.881073125286003, 
    "outsideTemperature": 14.0, 
    "speed": 9.443000000000001, 
    "yawRate": 0.012701266319869026
}