{
    "gpsHeading": 304, 
    "gpsLatitude": 49.895835250633816, 
    "gpsLongitude": 10.883835130020246, 
    "outsideTemperature": 14.5, 
    "speed": 8.5868125, 
    "yawRate": 0.010781404142676053
}