{
    "gpsHeading": 275, 
    "gpsLatitude": 49.89186465928079, 
    "gpsLongitude": 10.892043192523387, 
    "outsideTemperature": 17.0, 
    "speed": 6.799625000000001, 
    "yawRate": -0.01604771659338475
}