{
    "gpsHeading": 321, 
    "gpsLatitude": 49.89932907933426, 
    "gpsLongitude": 10.899568968108097, 
    "outsideTemperature": 14.5, 
    "speed": 11.255125, 
    "yawRate": -0.002782376256182187
}