{
    "gpsHeading": 39, 
    "gpsLatitude": 49.8974899221396, 
    "gpsLongitude": 10.8869506834304, 
    "outsideTemperature": 14.0, 
    "speed": 10.1994375, 
    "yawRate": -0.0012765342458275293
}