{
    "gpsHeading": 70, 
    "gpsLatitude": 49.89827438445773, 
    "gpsLongitude": 10.888228672207461, 
    "outsideTemperature": 14.0, 
    "speed": 1.8869375, 
    "yawRate": -0.0026727976474236834
}