{
    "gpsHeading": 44, 
    "gpsLatitude": 49.89635601827808, 
    "gpsLongitude": 10.88550094945722, 
    "outsideTemperature": 14.0, 
    "speed": 9.925125000000001, 
    "yawRate": 0.02403073990808962
}