{
    "gpsHeading": 189, 
    "gpsLatitude": 49.89416356386459, 
    "gpsLongitude": 10.882377852334246, 
    "outsideTemperature": 14.0, 
    "speed": 7.838687500000001, 
    "yawRate": 0.030329091765012292
}