{
    "gpsHeading": 284, 
    "gpsLatitude": 49.89208853991458, 
    "gpsLongitude": 10.892646521913939, 
    "outsideTemperature": 18.0, 
    "speed": 0.548625, 
    "yawRate": -0.0013506249573327252
}