{
    "gpsHeading": 237, 
    "gpsLatitude": 49.898687193189105, 
    "gpsLongitude": 10.895798955698046, 
    "outsideTemperature": 15.0, 
    "speed": 3.4164375000000002, 
    "yawRate": -0.0008625140789882187
}