{
    "gpsHeading": 138, 
    "gpsLatitude": 49.89076629468873, 
    "gpsLongitude": 10.887856515706511, 
    "outsideTemperature": 19.5, 
    "speed": 4.671625000000001, 
    "yawRate": -0.009337525948253638
}