{
    "gpsHeading": 167, 
    "gpsLatitude": 49.8942710198633, 
    "gpsLongitude": 10.882571474297576, 
    "outsideTemperature": 14.0, 
    "speed": 5.095562500000001, 
    "yawRate": -0.20145063289983128
}