{
    "gpsHeading": 230, 
    "gpsLatitude": 49.898599686119944, 
    "gpsLongitude": 10.895662330676283, 
    "outsideTemperature": 15.0, 
    "speed": 7.223562500000001, 
    "yawRate": -0.006796633535768402
}