{
    "gpsHeading": 151, 
    "gpsLatitude": 49.89740048723272, 
    "gpsLongitude": 10.89438341988984, 
    "outsideTemperature": 14.5, 
    "speed": 3.740625, 
    "yawRate": 0.006642401704587391
}