{
    "gpsHeading": 0, 
    "gpsLatitude": 49.89720493743164, 
    "gpsLongitude": 10.886606773943106, 
    "outsideTemperature": 14.0, 
    "speed": 10.357375, 
    "yawRate": -0.007559719553007248
}