{
    "gpsHeading": 138, 
    "gpsLatitude": 49.895525204035366, 
    "gpsLongitude": 10.894312592808008, 
    "outsideTemperature": 16.0, 
    "speed": 7.065625, 
    "yawRate": 0.02384968046552036
}