{
    "gpsHeading": 251, 
    "gpsLatitude": 49.89223580995337, 
    "gpsLongitude": 10.887330635101296, 
    "outsideTemperature": 14.5, 
    "speed": 4.3557500000000005, 
    "yawRate": -0.01796757877057872
}