{
    "gpsHeading": 86, 
    "gpsLatitude": 49.89536192456153, 
    "gpsLongitude": 10.894747362125713, 
    "outsideTemperature": 15.5, 
    "speed": 8.1213125, 
    "yawRate": -0.005122785117585456
}