{
    "gpsHeading": 44, 
    "gpsLatitude": 49.89834219405443, 
    "gpsLongitude": 10.888739549205997, 
    "outsideTemperature": 15.0, 
    "speed": 4.472125, 
    "yawRate": -0.012970240234189618
}