{
    "gpsHeading": 297, 
    "gpsLatitude": 49.896091317775806, 
    "gpsLongitude": 10.883303968816035, 
    "outsideTemperature": 14.5, 
    "speed": 5.901875, 
    "yawRate": 0.3699701642031027
}