{
    "gpsHeading": 104, 
    "gpsLatitude": 49.89600297251635, 
    "gpsLongitude": 10.883481246068179, 
    "outsideTemperature": 13.5, 
    "speed": 9.4513125, 
    "yawRate": -0.005624690826070328
}