{
    "gpsHeading": 274, 
    "gpsLatitude": 49.891901036740556, 
    "gpsLongitude": 10.891765416252182, 
    "outsideTemperature": 16.5, 
    "speed": 7.21525, 
    "yawRate": 0.012924748989721065
}