{
    "gpsHeading": 315, 
    "gpsLatitude": 49.89887796530537, 
    "gpsLongitude": 10.900078420183062, 
    "outsideTemperature": 14.5, 
    "speed": 8.9691875, 
    "yawRate": -0.0020842445553841096
}