{
    "gpsHeading": 274, 
    "gpsLatitude": 49.89176080750045, 
    "gpsLongitude": 10.893339286211331, 
    "outsideTemperature": 14.5, 
    "speed": 9.692375, 
    "yawRate": -0.014041843267859656
}