{
    "gpsHeading": 250, 
    "gpsLatitude": 49.89015525394728, 
    "gpsLongitude": 10.892664543005758, 
    "outsideTemperature": 15.0, 
    "speed": 8.703187500000002, 
    "yawRate": 0.005456159125444808
}