{
    "gpsHeading": 297, 
    "gpsLatitude": 49.89427328297716, 
    "gpsLongitude": 10.880118677971462, 
    "outsideTemperature": 13.5, 
    "speed": 10.8395, 
    "yawRate": -0.003704828648877353
}