{
    "gpsHeading": 348, 
    "gpsLatitude": 49.89301406966317, 
    "gpsLongitude": 10.89928339666691, 
    "outsideTemperature": 17.0, 
    "speed": 0.0, 
    "yawRate": -0.00015639336320117758
}