{
    "gpsHeading": 285, 
    "gpsLatitude": 49.89147104510769, 
    "gpsLongitude": 10.895269303236404, 
    "outsideTemperature": 15.5, 
    "speed": 9.4513125, 
    "yawRate": 0.009520101634063792
}