{
    "gpsHeading": 323, 
    "gpsLatitude": 49.89956913704118, 
    "gpsLongitude": 10.899297310626176, 
    "outsideTemperature": 14.5, 
    "speed": 9.443000000000001, 
    "yawRate": 0.0007082822478072068
}