{
    "gpsHeading": 96, 
    "gpsLatitude": 49.89692883754106, 
    "gpsLongitude": 10.894200359124508, 
    "outsideTemperature": 19.0, 
    "speed": 2.9343125, 
    "yawRate": -0.011580503349964445
}