{
    "gpsHeading": 337, 
    "gpsLatitude": 49.8932490982282, 
    "gpsLongitude": 10.886197066515916, 
    "outsideTemperature": 14.5, 
    "speed": 7.4563125, 
    "yawRate": 0.007688761233737966
}