{
    "gpsHeading": 122, 
    "gpsLatitude": 49.895046848821174, 
    "gpsLongitude": 10.895525621835489, 
    "outsideTemperature": 15.0, 
    "speed": 8.262625000000002, 
    "yawRate": 0.004127459917984851
}