{
    "gpsHeading": 119, 
    "gpsLatitude": 49.893492760153485, 
    "gpsLongitude": 10.898545370092359, 
    "outsideTemperature": 14.0, 
    "speed": 7.930125, 
    "yawRate": 0.003603861142386045
}