{
    "gpsHeading": 179, 
    "gpsLatitude": 49.89639164136656, 
    "gpsLongitude": 10.894199856210317, 
    "outsideTemperature": 15.0, 
    "speed": 9.393125, 
    "yawRate": -0.07082007256295089
}