{
    "gpsHeading": 26, 
    "gpsLatitude": 49.89570466058234, 
    "gpsLongitude": 10.901066730386448, 
    "outsideTemperature": 19.0, 
    "speed": 0.0, 
    "yawRate": 0.0010164687677275404
}