{
    "gpsHeading": 322, 
    "gpsLatitude": 49.89990298824464, 
    "gpsLongitude": 10.898919286793006, 
    "outsideTemperature": 14.5, 
    "speed": 7.08225, 
    "yawRate": 0.007864132180983282
}