{
    "gpsHeading": 0, 
    "gpsLatitude": 49.89414470458244, 
    "gpsLongitude": 10.900310934177138, 
    "outsideTemperature": 15.5, 
    "speed": 10.87275, 
    "yawRate": 0.0034989724563526097
}