{
    "gpsHeading": 310, 
    "gpsLatitude": 49.89785327764222, 
    "gpsLongitude": 10.875114011223745, 
    "outsideTemperature": 13.0, 
    "speed": 13.1753125, 
    "yawRate": 0.004498218835496334
}