{
    "gpsHeading": 169, 
    "gpsLatitude": 49.895245499926425, 
    "gpsLongitude": 10.895035364318788, 
    "outsideTemperature": 15.5, 
    "speed": 8.295875, 
    "yawRate": 0.0020330648155916114
}