{
    "gpsHeading": 324, 
    "gpsLatitude": 49.896995222214194, 
    "gpsLongitude": 10.902625345281823, 
    "outsideTemperature": 16.5, 
    "speed": 11.886875000000002, 
    "yawRate": -0.01657047734693652
}