{
    "gpsHeading": 310, 
    "gpsLatitude": 49.895970534551054, 
    "gpsLongitude": 10.88355006149325, 
    "outsideTemperature": 14.5, 
    "speed": 8.0714375, 
    "yawRate": -0.03494622225957469
}