{
    "gpsHeading": 0, 
    "gpsLatitude": 49.8980862945505, 
    "gpsLongitude": 10.894860350180501, 
    "outsideTemperature": 15.0, 
    "speed": 9.8669375, 
    "yawRate": 0.0005337493226069438
}