{
    "gpsHeading": 128, 
    "gpsLatitude": 49.89511910082655, 
    "gpsLongitude": 10.881259790269732, 
    "outsideTemperature": 14.0, 
    "speed": 9.1105, 
    "yawRate": -0.001959499396882656
}