{
    "gpsHeading": 83, 
    "gpsLatitude": 49.895950250345365, 
    "gpsLongitude": 10.901445927686062, 
    "outsideTemperature": 19.0, 
    "speed": 9.67575, 
    "yawRate": -0.049382667284429284
}