{
    "gpsHeading": 0, 
    "gpsLatitude": 49.896489961090815, 
    "gpsLongitude": 10.88566900661591, 
    "outsideTemperature": 13.5, 
    "speed": 9.891875, 
    "yawRate": 0.004133986435354841
}