{
    "gpsHeading": 326, 
    "gpsLatitude": 49.890682727114076, 
    "gpsLongitude": 10.887878727749916, 
    "outsideTemperature": 15.5, 
    "speed": 5.4280625, 
    "yawRate": 0.03023983450376414
}