{
    "gpsHeading": 96, 
    "gpsLatitude": 49.8930677138435, 
    "gpsLongitude": 10.899210641747347, 
    "outsideTemperature": 14.0, 
    "speed": 2.8595, 
    "yawRate": -0.02187794593673038
}