{
    "gpsHeading": 306, 
    "gpsLatitude": 49.89491106198975, 
    "gpsLongitude": 10.87880758067684, 
    "outsideTemperature": 13.5, 
    "speed": 11.961687500000002, 
    "yawRate": -0.0033557627984778186
}