{
    "gpsHeading": 325, 
    "gpsLatitude": 49.889349082499905, 
    "gpsLongitude": 10.889032077626785, 
    "outsideTemperature": 14.5, 
    "speed": 8.1878125, 
    "yawRate": -0.01269526509529627
}