{
    "gpsHeading": 223, 
    "gpsLatitude": 49.88975803555581, 
    "gpsLongitude": 10.891122021364469, 
    "outsideTemperature": 14.5, 
    "speed": 8.7364375, 
    "yawRate": -0.0006524932565356403
}