{
    "gpsHeading": 339, 
    "gpsLatitude": 49.894929083081564, 
    "gpsLongitude": 10.885102306142217, 
    "outsideTemperature": 14.0, 
    "speed": 3.8154375000000003, 
    "yawRate": 0.003325438103752216
}