{
    "gpsHeading": 317, 
    "gpsLatitude": 49.89754331486281, 
    "gpsLongitude": 10.875616757776173, 
    "outsideTemperature": 13.0, 
    "speed": 11.986625, 
    "yawRate": 0.02579123570982628
}