{
    "gpsHeading": 172, 
    "gpsLatitude": 49.8965113349439, 
    "gpsLongitude": 10.894224247548546, 
    "outsideTemperature": 17.5, 
    "speed": 9.9085, 
    "yawRate": -0.034095250700690284
}