{
    "gpsHeading": 119, 
    "gpsLatitude": 49.89289353789551, 
    "gpsLongitude": 10.899448687797518, 
    "outsideTemperature": 17.0, 
    "speed": 4.804625000000001, 
    "yawRate": 0.4424492793329197
}