{
    "gpsHeading": 284, 
    "gpsLatitude": 49.89108137042908, 
    "gpsLongitude": 10.897818994363215, 
    "outsideTemperature": 18.5, 
    "speed": 9.218562499999999, 
    "yawRate": -0.07059051103247513
}