{
    "gpsHeading": 19, 
    "gpsLatitude": 49.90021906981337, 
    "gpsLongitude": 10.87159595882313, 
    "outsideTemperature": 13.5, 
    "speed": 9.67575, 
    "yawRate": -0.15799193452517304
}