{
    "gpsHeading": 338, 
    "gpsLatitude": 49.89388712869788, 
    "gpsLongitude": 10.88574846705801, 
    "outsideTemperature": 14.5, 
    "speed": 7.4479999999999995, 
    "yawRate": -0.002957747203427502
}