{
    "gpsHeading": 229, 
    "gpsLatitude": 49.89130491578676, 
    "gpsLongitude": 10.8963918077096, 
    "outsideTemperature": 16.0, 
    "speed": 7.3399375000000004, 
    "yawRate": -0.24093464602711867
}