{
    "gpsHeading": 95, 
    "gpsLatitude": 49.90035410227352, 
    "gpsLongitude": 10.874370368774068, 
    "outsideTemperature": 13.5, 
    "speed": 10.4321875, 
    "yawRate": 0.033121618568202615
}