{
    "gpsHeading": 145, 
    "gpsLatitude": 49.898026615399885, 
    "gpsLongitude": 10.878049521353708, 
    "outsideTemperature": 13.5, 
    "speed": 12.7430625, 
    "yawRate": 0.013050332170268561
}