{
    "gpsHeading": 289, 
    "gpsLatitude": 49.890124073267465, 
    "gpsLongitude": 10.886190109536283, 
    "outsideTemperature": 16.0, 
    "speed": 4.6965625, 
    "yawRate": -0.047560236566928774
}