{
    "gpsHeading": 342, 
    "gpsLatitude": 49.8943929765545, 
    "gpsLongitude": 10.885407323598761, 
    "outsideTemperature": 14.0, 
    "speed": 6.766375, 
    "yawRate": -0.012207992238996816
}