{
    "gpsHeading": 143, 
    "gpsLatitude": 49.89670135268888, 
    "gpsLongitude": 10.879565639999973, 
    "outsideTemperature": 13.0, 
    "speed": 9.950062500000001, 
    "yawRate": -0.005101092050472515
}