{
    "gpsHeading": 132, 
    "gpsLatitude": 49.894743591564286, 
    "gpsLongitude": 10.881949537081983, 
    "outsideTemperature": 13.5, 
    "speed": 9.1520625, 
    "yawRate": -0.008766283479660188
}