{
    "gpsHeading": 117, 
    "gpsLatitude": 49.89703302459751, 
    "gpsLongitude": 10.891721746536625, 
    "outsideTemperature": 14.5, 
    "speed": 6.5253125, 
    "yawRate": 0.054224935967591335
}