{
    "gpsHeading": 125, 
    "gpsLatitude": 49.895801639202084, 
    "gpsLongitude": 10.883907884939807, 
    "outsideTemperature": 13.5, 
    "speed": 9.102187500000001, 
    "yawRate": 0.006243548087491031
}