{
    "gpsHeading": 312, 
    "gpsLatitude": 49.89594907687892, 
    "gpsLongitude": 10.877221808415156, 
    "outsideTemperature": 13.5, 
    "speed": 12.6765625, 
    "yawRate": -0.029884767428791852
}