{
    "gpsHeading": 137, 
    "gpsLatitude": 49.89746879974358, 
    "gpsLongitude": 10.878686797452072, 
    "outsideTemperature": 13.5, 
    "speed": 12.1611875, 
    "yawRate": -0.001959499396882656
}