{
    "gpsHeading": 130, 
    "gpsLatitude": 49.89444494435418, 
    "gpsLongitude": 10.89682624175118, 
    "outsideTemperature": 14.5, 
    "speed": 8.6200625, 
    "yawRate": -0.011405970424764182
}