{
    "gpsHeading": 7, 
    "gpsLatitude": 49.893756035732224, 
    "gpsLongitude": 10.900222337460583, 
    "outsideTemperature": 15.5, 
    "speed": 10.723125000000001, 
    "yawRate": -0.0008643506736331409
}