{
    "gpsHeading": 288, 
    "gpsLatitude": 49.89227495344121, 
    "gpsLongitude": 10.890087862150734, 
    "outsideTemperature": 15.0, 
    "speed": 7.1071875, 
    "yawRate": -0.024599829928156982
}