{
    "gpsHeading": 318, 
    "gpsLatitude": 49.892752973379274, 
    "gpsLongitude": 10.88657617999653, 
    "outsideTemperature": 15.0, 
    "speed": 6.1845, 
    "yawRate": -0.08603541959835602
}