{
    "gpsHeading": 284, 
    "gpsLatitude": 49.89215576277805, 
    "gpsLongitude": 10.890660932870805, 
    "outsideTemperature": 15.0, 
    "speed": 7.4064375, 
    "yawRate": -0.0020850825774301534
}