{
    "gpsHeading": 228, 
    "gpsLatitude": 49.899355482329234, 
    "gpsLongitude": 10.896850968365536, 
    "outsideTemperature": 14.5, 
    "speed": 9.40975, 
    "yawRate": 0.0008828151730064784
}