{
    "gpsHeading": 286, 
    "gpsLatitude": 49.892346031980125, 
    "gpsLongitude": 10.88927758357081, 
    "outsideTemperature": 14.5, 
    "speed": 5.1786875, 
    "yawRate": 0.019382467222100054
}