{
    "gpsHeading": 133, 
    "gpsLatitude": 49.89435081558153, 
    "gpsLongitude": 10.897017600600652, 
    "outsideTemperature": 14.5, 
    "speed": 9.01075, 
    "yawRate": 0.009712513524366492
}