{
    "gpsHeading": 190, 
    "gpsLatitude": 49.89547323623569, 
    "gpsLongitude": 10.893883439365457, 
    "outsideTemperature": 14.5, 
    "speed": 9.260125, 
    "yawRate": 0.018017186363558556
}