{
    "gpsHeading": 80, 
    "gpsLatitude": 49.89668073320708, 
    "gpsLongitude": 10.902968668035864, 
    "outsideTemperature": 17.0, 
    "speed": 6.774687500000001, 
    "yawRate": 0.15778791492729421
}