{
    "gpsHeading": 332, 
    "gpsLatitude": 49.89368386754588, 
    "gpsLongitude": 10.885873189777234, 
    "outsideTemperature": 14.5, 
    "speed": 8.0465, 
    "yawRate": -0.0027832142782282304
}