{
    "gpsHeading": 223, 
    "gpsLatitude": 49.88981628978287, 
    "gpsLongitude": 10.891335089343155, 
    "outsideTemperature": 14.5, 
    "speed": 8.162875000000001, 
    "yawRate": 0.057641503760074535
}