{
    "gpsHeading": 317, 
    "gpsLatitude": 49.900012120623984, 
    "gpsLongitude": 10.871426476740934, 
    "outsideTemperature": 13.5, 
    "speed": 5.5278125000000005, 
    "yawRate": -0.4265981064070956
}