{
    "gpsHeading": 190, 
    "gpsLatitude": 49.89623741434816, 
    "gpsLongitude": 10.89415174408608, 
    "outsideTemperature": 15.0, 
    "speed": 11.679062500000002, 
    "yawRate": -0.00537022561316463
}