{
    "gpsHeading": 32, 
    "gpsLatitude": 49.89592108132233, 
    "gpsLongitude": 10.884969285338851, 
    "outsideTemperature": 13.5, 
    "speed": 10.091375000000001, 
    "yawRate": 0.000643327931365447
}