{
    "gpsHeading": 8, 
    "gpsLatitude": 49.89471408726513, 
    "gpsLongitude": 10.90044705628471, 
    "outsideTemperature": 15.0, 
    "speed": 10.0331875, 
    "yawRate": -0.008194733532009479
}