{
    "gpsHeading": 151, 
    "gpsLatitude": 49.89058608377048, 
    "gpsLongitude": 10.887964306981331, 
    "outsideTemperature": 18.0, 
    "speed": 3.7988125, 
    "yawRate": -0.04441864391333891
}