{
    "gpsHeading": 179, 
    "gpsLatitude": 49.897230250779224, 
    "gpsLongitude": 10.894356178704534, 
    "outsideTemperature": 16.0, 
    "speed": 5.810437500000001, 
    "yawRate": -0.002577698809973314
}