{
    "gpsHeading": 125, 
    "gpsLatitude": 49.89590381460178, 
    "gpsLongitude": 10.883690374552408, 
    "outsideTemperature": 13.5, 
    "speed": 9.692375, 
    "yawRate": 0.02579123570982628
}