{
    "gpsHeading": 143, 
    "gpsLatitude": 49.898495247606405, 
    "gpsLongitude": 10.877511235531799, 
    "outsideTemperature": 13.5, 
    "speed": 10.93925, 
    "yawRate": 0.04289546237937074
}