{
    "gpsHeading": 322, 
    "gpsLatitude": 49.89940937796668, 
    "gpsLongitude": 10.899478946468001, 
    "outsideTemperature": 14.5, 
    "speed": 10.756375, 
    "yawRate": 0.004897072452592693
}