{
    "gpsHeading": 181, 
    "gpsLatitude": 49.897611292097565, 
    "gpsLongitude": 10.894417031321591, 
    "outsideTemperature": 14.5, 
    "speed": 7.190312500000001, 
    "yawRate": -0.002956909181381458
}