{
    "gpsHeading": 45, 
    "gpsLatitude": 49.896206066030274, 
    "gpsLongitude": 10.885313194826113, 
    "outsideTemperature": 14.0, 
    "speed": 10.1745, 
    "yawRate": -0.01000318050579903
}