{
    "gpsHeading": 0, 
    "gpsLatitude": 49.89625216649774, 
    "gpsLongitude": 10.902062584302657, 
    "outsideTemperature": 18.0, 
    "speed": 11.828687500000001, 
    "yawRate": -0.022155530953318164
}