{
    "gpsHeading": 0, 
    "gpsLatitude": 49.88968469390303, 
    "gpsLongitude": 10.888734855340221, 
    "outsideTemperature": 14.0, 
    "speed": 9.9334375, 
    "yawRate": 0.0077250871530373175
}