{
    "gpsHeading": 310, 
    "gpsLatitude": 49.89858409578005, 
    "gpsLongitude": 10.873876171762879, 
    "outsideTemperature": 13.0, 
    "speed": 14.1561875, 
    "yawRate": 0.0013566261819064744
}