{
    "gpsHeading": 140, 
    "gpsLatitude": 49.89918465914254, 
    "gpsLongitude": 10.876662316378223, 
    "outsideTemperature": 13.5, 
    "speed": 12.502, 
    "yawRate": 0.0034510212842997134
}