{
    "gpsHeading": 284, 
    "gpsLatitude": 49.89184269869446, 
    "gpsLongitude": 10.892223403441639, 
    "outsideTemperature": 17.0, 
    "speed": 6.384, 
    "yawRate": -0.006972004483013717
}