{
    "gpsHeading": 258, 
    "gpsLatitude": 49.89004830086276, 
    "gpsLongitude": 10.886475680977469, 
    "outsideTemperature": 16.0, 
    "speed": 5.7938125000000005, 
    "yawRate": -0.23378686775472088
}