{
    "gpsHeading": 314, 
    "gpsLatitude": 49.89554297367009, 
    "gpsLongitude": 10.877832849156624, 
    "outsideTemperature": 13.5, 
    "speed": 12.7098125, 
    "yawRate": 0.004149152985097791
}