{
    "gpsHeading": 197, 
    "gpsLatitude": 49.89423103818516, 
    "gpsLongitude": 10.893422350871795, 
    "outsideTemperature": 14.5, 
    "speed": 8.9026875, 
    "yawRate": -0.012351542621141434
}