{
    "gpsHeading": 306, 
    "gpsLatitude": 49.89469908365844, 
    "gpsLongitude": 10.879146461022199, 
    "outsideTemperature": 13.5, 
    "speed": 11.07225, 
    "yawRate": -0.0284885040271957
}