{
    "gpsHeading": 309, 
    "gpsLatitude": 49.89120718279574, 
    "gpsLongitude": 10.897237290282877, 
    "outsideTemperature": 17.5, 
    "speed": 6.9076875, 
    "yawRate": 0.013185293063251466
}