{
    "gpsHeading": 161, 
    "gpsLatitude": 49.891056057081485, 
    "gpsLongitude": 10.892802844408122, 
    "outsideTemperature": 15.5, 
    "speed": 9.177, 
    "yawRate": -0.04620558673358612
}