{
    "gpsHeading": 237, 
    "gpsLatitude": 49.898999083806245, 
    "gpsLongitude": 10.896294242356651, 
    "outsideTemperature": 14.5, 
    "speed": 9.060625, 
    "yawRate": -0.0008625140789882187
}