{
    "gpsHeading": 186, 
    "gpsLatitude": 49.89690914006859, 
    "gpsLongitude": 10.894305132914184, 
    "outsideTemperature": 15.5, 
    "speed": 8.985812500000002, 
    "yawRate": -0.0055447585383639015
}