{
    "gpsHeading": 137, 
    "gpsLatitude": 49.89939663747383, 
    "gpsLongitude": 10.876382612269289, 
    "outsideTemperature": 13.5, 
    "speed": 12.3773125, 
    "yawRate": -0.026917707700401264
}