{
    "gpsHeading": 288, 
    "gpsLatitude": 49.891363589108984, 
    "gpsLongitude": 10.896995388557247, 
    "outsideTemperature": 16.5, 
    "speed": 2.527, 
    "yawRate": -0.1437198066910363
}