{
    "gpsHeading": 192, 
    "gpsLatitude": 49.893550260009285, 
    "gpsLongitude": 10.893170139405264, 
    "outsideTemperature": 14.5, 
    "speed": 11.172, 
    "yawRate": -0.004148495136768739
}