{
    "gpsHeading": 185, 
    "gpsLatitude": 49.89034879209159, 
    "gpsLongitude": 10.893121775823928, 
    "outsideTemperature": 15.0, 
    "speed": 6.167875, 
    "yawRate": -0.3994602273372326
}