{
    "gpsHeading": 261, 
    "gpsLatitude": 49.892290208504974, 
    "gpsLongitude": 10.888469568104709, 
    "outsideTemperature": 14.5, 
    "speed": 5.2618125000000004, 
    "yawRate": 0.006816096607740618
}