{
    "gpsHeading": 330, 
    "gpsLatitude": 49.890168245897186, 
    "gpsLongitude": 10.888306456268927, 
    "outsideTemperature": 14.0, 
    "speed": 6.375687500000001, 
    "yawRate": 0.001790967696257134
}