{
    "gpsHeading": 335, 
    "gpsLatitude": 49.90006190912884, 
    "gpsLongitude": 10.898739578788941, 
    "outsideTemperature": 14.5, 
    "speed": 6.350750000000001, 
    "yawRate": 0.041025387968875573
}