{
    "gpsHeading": 143, 
    "gpsLatitude": 49.89774548636739, 
    "gpsLongitude": 10.87837012915015, 
    "outsideTemperature": 13.5, 
    "speed": 13.067250000000001, 
    "yawRate": 0.004149152985097791
}