{
    "gpsHeading": 187, 
    "gpsLatitude": 49.894387444498385, 
    "gpsLongitude": 10.893480102184679, 
    "outsideTemperature": 14.5, 
    "speed": 8.985812500000002, 
    "yawRate": -0.002228632959574771
}