{
    "gpsHeading": 290, 
    "gpsLatitude": 49.891509098948106, 
    "gpsLongitude": 10.895015080113113, 
    "outsideTemperature": 15.5, 
    "speed": 8.9026875, 
    "yawRate": -0.0002537421771043283
}