{
    "gpsHeading": 139, 
    "gpsLatitude": 49.900139693190305, 
    "gpsLongitude": 10.875719268451993, 
    "outsideTemperature": 14.0, 
    "speed": 10.4321875, 
    "yawRate": 0.009036074890681357
}