{
    "gpsHeading": 5, 
    "gpsLatitude": 49.89505690710498, 
    "gpsLongitude": 10.900528947478731, 
    "outsideTemperature": 15.0, 
    "speed": 8.512, 
    "yawRate": -0.06997938905260707
}