{
    "gpsHeading": 335, 
    "gpsLatitude": 49.89423631878416, 
    "gpsLongitude": 10.885493992477588, 
    "outsideTemperature": 14.0, 
    "speed": 6.450500000000001, 
    "yawRate": -0.0038304118294248506
}