{
    "gpsHeading": 71, 
    "gpsLatitude": 49.89837940970452, 
    "gpsLongitude": 10.889021767885882, 
    "outsideTemperature": 15.0, 
    "speed": 3.0423750000000003, 
    "yawRate": -0.14386993413376212
}