{
    "gpsHeading": 169, 
    "gpsLatitude": 49.8954513594684, 
    "gpsLongitude": 10.880722845552333, 
    "outsideTemperature": 14.0, 
    "speed": 5.3283125, 
    "yawRate": 0.26210881642985484
}