{
    "gpsHeading": 317, 
    "gpsLatitude": 49.898476639781336, 
    "gpsLongitude": 10.90078652336329, 
    "outsideTemperature": 15.0, 
    "speed": 11.554375, 
    "yawRate": -0.0225045968037177
}