{
    "gpsHeading": 312, 
    "gpsLatitude": 49.89521742055078, 
    "gpsLongitude": 10.878323441949453, 
    "outsideTemperature": 13.5, 
    "speed": 12.510312500000001, 
    "yawRate": 0.003974620059897528
}