{
    "gpsHeading": 171, 
    "gpsLatitude": 49.89158244060089, 
    "gpsLongitude": 10.892568989309568, 
    "outsideTemperature": 16.5, 
    "speed": 8.470437500000001, 
    "yawRate": 0.09987847165833688
}