{
    "gpsHeading": 348, 
    "gpsLatitude": 49.89680688084986, 
    "gpsLongitude": 10.902821230359011, 
    "outsideTemperature": 16.5, 
    "speed": 9.684062500000001, 
    "yawRate": 0.005420671228191499
}