{
    "gpsHeading": 124, 
    "gpsLatitude": 49.89485079610591, 
    "gpsLongitude": 10.881753400547703, 
    "outsideTemperature": 13.5, 
    "speed": 9.268437500000001, 
    "yawRate": -0.00248309817248047
}