{
    "gpsHeading": 225, 
    "gpsLatitude": 49.89021686093561, 
    "gpsLongitude": 10.89289202785793, 
    "outsideTemperature": 15.0, 
    "speed": 8.0714375, 
    "yawRate": -0.029275892989241926
}