{
    "gpsHeading": 250, 
    "gpsLatitude": 49.88941379079241, 
    "gpsLongitude": 10.889873117791382, 
    "outsideTemperature": 14.5, 
    "speed": 8.196125, 
    "yawRate": 0.023083984570587076
}