{
    "gpsHeading": 228, 
    "gpsLatitude": 49.90013022163972, 
    "gpsLongitude": 10.898052346547608, 
    "outsideTemperature": 14.5, 
    "speed": 8.67825, 
    "yawRate": 0.01205292238576976
}