{
    "gpsHeading": 276, 
    "gpsLatitude": 49.891964068652435, 
    "gpsLongitude": 10.891483951943549, 
    "outsideTemperature": 16.0, 
    "speed": 6.6250625, 
    "yawRate": -0.049732571156874864
}