{
    "gpsHeading": 143, 
    "gpsLatitude": 49.897069653514386, 
    "gpsLongitude": 10.87914319207996, 
    "outsideTemperature": 13.0, 
    "speed": 11.853625000000001, 
    "yawRate": -0.005624690826070328
}