{
    "gpsHeading": 301, 
    "gpsLatitude": 49.89777549358076, 
    "gpsLongitude": 10.875244517456196, 
    "outsideTemperature": 13.0, 
    "speed": 12.784625, 
    "yawRate": -0.03459715640917615
}