{
    "gpsHeading": 67, 
    "gpsLatitude": 49.89208853991458, 
    "gpsLongitude": 10.892646521913939, 
    "outsideTemperature": 16.0, 
    "speed": 0.0, 
    "yawRate": -0.00016591909344553174
}