{
    "gpsHeading": 304, 
    "gpsLatitude": 49.89255524428338, 
    "gpsLongitude": 10.886725629330144, 
    "outsideTemperature": 15.0, 
    "speed": 6.0431875, 
    "yawRate": -0.09266767075593428
}