{
    "gpsHeading": 129, 
    "gpsLatitude": 49.89384496772491, 
    "gpsLongitude": 10.89795478119466, 
    "outsideTemperature": 14.0, 
    "speed": 7.971687500000001, 
    "yawRate": -0.02519407151551951
}