{
    "gpsHeading": 325, 
    "gpsLatitude": 49.89754934983309, 
    "gpsLongitude": 10.902049843809836, 
    "outsideTemperature": 16.0, 
    "speed": 11.9118125, 
    "yawRate": 0.0012318810234050208
}