{
    "gpsHeading": 190, 
    "gpsLatitude": 49.89463546501335, 
    "gpsLongitude": 10.893572051662504, 
    "outsideTemperature": 14.5, 
    "speed": 9.534437500000001, 
    "yawRate": 0.007545210851593348
}