{
    "gpsHeading": 89, 
    "gpsLatitude": 49.90033490771525, 
    "gpsLongitude": 10.874657365138761, 
    "outsideTemperature": 13.5, 
    "speed": 8.0049375, 
    "yawRate": 0.019508050402647553
}