{
    "gpsHeading": 311, 
    "gpsLatitude": 49.899255737681464, 
    "gpsLongitude": 10.872724246809513, 
    "outsideTemperature": 13.0, 
    "speed": 12.917625, 
    "yawRate": -0.0016104335464841135
}