{
    "gpsHeading": 330, 
    "gpsLatitude": 49.890975255534876, 
    "gpsLongitude": 10.886306450352338, 
    "outsideTemperature": 15.0, 
    "speed": 2.9176875, 
    "yawRate": 0.03551743582799975
}