{
    "gpsHeading": 256, 
    "gpsLatitude": 49.8958555348395, 
    "gpsLongitude": 10.882852016596827, 
    "outsideTemperature": 14.0, 
    "speed": 7.3565625, 
    "yawRate": 0.014795661422262268
}