{
    "gpsHeading": 309, 
    "gpsLatitude": 49.89933352174293, 
    "gpsLongitude": 10.872590639272895, 
    "outsideTemperature": 13.0, 
    "speed": 12.2609375, 
    "yawRate": -0.0028321640228800046
}