{
    "gpsHeading": 80, 
    "gpsLatitude": 49.89639993945072, 
    "gpsLongitude": 10.880658723993037, 
    "outsideTemperature": 13.0, 
    "speed": 12.252625, 
    "yawRate": 0.0015311591071057455
}