{
    "gpsHeading": 286, 
    "gpsLatitude": 49.89233605751534, 
    "gpsLongitude": 10.889000058756668, 
    "outsideTemperature": 14.5, 
    "speed": 4.3806875, 
    "yawRate": 0.02793458055687228
}