{
    "gpsHeading": 191, 
    "gpsLatitude": 49.89281885513822, 
    "gpsLongitude": 10.89290317578915, 
    "outsideTemperature": 14.5, 
    "speed": 10.689875, 
    "yawRate": 0.0012620255444136304
}