{
    "gpsHeading": 0, 
    "gpsLatitude": 49.89662968741673, 
    "gpsLongitude": 10.885844272211292, 
    "outsideTemperature": 14.0, 
    "speed": 9.950062500000001, 
    "yawRate": -0.009654114655400487
}