{
    "gpsHeading": 314, 
    "gpsLatitude": 49.898173801619635, 
    "gpsLongitude": 10.874580083991487, 
    "outsideTemperature": 13.0, 
    "speed": 13.449625000000001, 
    "yawRate": -0.0005632359952874937
}