{
    "gpsHeading": 244, 
    "gpsLatitude": 49.889220504105204, 
    "gpsLongitude": 10.88927180005759, 
    "outsideTemperature": 14.5, 
    "speed": 5.0456875000000005, 
    "yawRate": -0.4715423254445971
}