{
    "gpsHeading": 305, 
    "gpsLatitude": 49.89574799502175, 
    "gpsLongitude": 10.884025399222308, 
    "outsideTemperature": 15.0, 
    "speed": 8.453812500000002, 
    "yawRate": 0.03050362469021156
}