{
    "gpsHeading": 312, 
    "gpsLatitude": 49.89829441720632, 
    "gpsLongitude": 10.901106460607481, 
    "outsideTemperature": 15.0, 
    "speed": 12.169500000000001, 
    "yawRate": 0.026364622252122903
}