{
    "gpsHeading": 97, 
    "gpsLatitude": 49.90039081500942, 
    "gpsLongitude": 10.873874243925112, 
    "outsideTemperature": 13.5, 
    "speed": 12.8428125, 
    "yawRate": 0.009036074890681357
}