{
    "gpsHeading": 167, 
    "gpsLatitude": 49.89573684709053, 
    "gpsLongitude": 10.893974550652965, 
    "outsideTemperature": 16.0, 
    "speed": 1.7955, 
    "yawRate": 0.28076214635908087
}