{
    "gpsHeading": 145, 
    "gpsLatitude": 49.89359745012415, 
    "gpsLongitude": 10.89837563655307, 
    "outsideTemperature": 14.0, 
    "speed": 8.495375000000001, 
    "yawRate": -0.014023964302756228
}