{
    "gpsHeading": 282, 
    "gpsLatitude": 49.89114859329255, 
    "gpsLongitude": 10.89745454921315, 
    "outsideTemperature": 18.0, 
    "speed": 8.8361875, 
    "yawRate": 0.002538784626085996
}