{
    "gpsHeading": 81, 
    "gpsLatitude": 49.900447141398764, 
    "gpsLongitude": 10.872920634800924, 
    "outsideTemperature": 13.5, 
    "speed": 14.081375000000001, 
    "yawRate": -0.044545533145543534
}