{
    "gpsHeading": 139, 
    "gpsLatitude": 49.89724802041397, 
    "gpsLongitude": 10.878939008918636, 
    "outsideTemperature": 13.5, 
    "speed": 12.219375000000001, 
    "yawRate": -0.005450157900871057
}