{
    "gpsHeading": 166, 
    "gpsLatitude": 49.89041215927958, 
    "gpsLongitude": 10.888121467665863, 
    "outsideTemperature": 17.5, 
    "speed": 2.2028125000000003, 
    "yawRate": -0.16816248787973534
}