{
    "gpsHeading": 0, 
    "gpsLatitude": 49.89516914078849, 
    "gpsLongitude": 10.900567336595255, 
    "outsideTemperature": 15.0, 
    "speed": 8.6533125, 
    "yawRate": -0.13665096647878922
}