{
    "gpsHeading": 9, 
    "gpsLatitude": 49.89336074517849, 
    "gpsLongitude": 10.886099836439092, 
    "outsideTemperature": 14.5, 
    "speed": 7.581, 
    "yawRate": -0.003655878904224587
}