{
    "gpsHeading": 336, 
    "gpsLatitude": 49.89135411755839, 
    "gpsLongitude": 10.89702732360833, 
    "outsideTemperature": 16.5, 
    "speed": 5.6275625, 
    "yawRate": 0.39960118945478923
}