{
    "gpsHeading": 231, 
    "gpsLatitude": 49.89593885095705, 
    "gpsLongitude": 10.88333950808548, 
    "outsideTemperature": 14.5, 
    "speed": 7.015750000000001, 
    "yawRate": -0.0761359926066404
}