{
    "gpsHeading": 273, 
    "gpsLatitude": 49.89580993728623, 
    "gpsLongitude": 10.882545406578712, 
    "outsideTemperature": 14.0, 
    "speed": 8.246, 
    "yawRate": -0.004228427424475167
}