{
    "gpsHeading": 310, 
    "gpsLatitude": 49.894009672122294, 
    "gpsLongitude": 10.880864583535027, 
    "outsideTemperature": 14.0, 
    "speed": 9.775500000000001, 
    "yawRate": 0.03626321122179248
}