{
    "gpsHeading": 0, 
    "gpsLatitude": 49.89583273606285, 
    "gpsLongitude": 10.894015370521444, 
    "outsideTemperature": 14.5, 
    "speed": 10.773, 
    "yawRate": -0.008337285341555218
}