{
    "gpsHeading": 294, 
    "gpsLatitude": 49.892316360042884, 
    "gpsLongitude": 10.889806481661132, 
    "outsideTemperature": 15.0, 
    "speed": 6.1429375, 
    "yawRate": -0.018316644620977263
}