{
    "gpsHeading": 62, 
    "gpsLatitude": 49.90031185748152, 
    "gpsLongitude": 10.875310063938995, 
    "outsideTemperature": 14.0, 
    "speed": 4.522, 
    "yawRate": -0.00248309817248047
}