{
    "gpsHeading": 7, 
    "gpsLatitude": 49.89452826047174, 
    "gpsLongitude": 10.90040263219787, 
    "outsideTemperature": 15.0, 
    "speed": 10.5153125, 
    "yawRate": 0.0007064456531622847
}