{
    "gpsHeading": 70, 
    "gpsLatitude": 49.89830573277561, 
    "gpsLongitude": 10.888464538962808, 
    "outsideTemperature": 15.0, 
    "speed": 3.6325625, 
    "yawRate": 0.003435854734556763
}