{
    "gpsHeading": 126, 
    "gpsLatitude": 49.894501354562536, 
    "gpsLongitude": 10.882391514836417, 
    "outsideTemperature": 13.5, 
    "speed": 4.871125000000001, 
    "yawRate": -0.03477168933437542
}