{
    "gpsHeading": 324, 
    "gpsLatitude": 49.8979002163, 
    "gpsLongitude": 10.90167316108114, 
    "outsideTemperature": 15.5, 
    "speed": 11.97, 
    "yawRate": 0.06633266212279272
}