{
    "gpsHeading": 192, 
    "gpsLatitude": 49.892451308684, 
    "gpsLongitude": 10.89277401066121, 
    "outsideTemperature": 14.0, 
    "speed": 9.700687499999999, 
    "yawRate": 0.010861336430382479
}