{
    "gpsHeading": 300, 
    "gpsLatitude": 49.89158218914379, 
    "gpsLongitude": 10.894534797061183, 
    "outsideTemperature": 15.0, 
    "speed": 9.7339375, 
    "yawRate": -0.007584125035480666
}