{
    "gpsHeading": 0, 
    "gpsLatitude": 49.896904697659906, 
    "gpsLongitude": 10.886214584693542, 
    "outsideTemperature": 14.0, 
    "speed": 10.856125, 
    "yawRate": 0.009195441266137677
}