{
    "gpsHeading": 1, 
    "gpsLatitude": 49.89101523721302, 
    "gpsLongitude": 10.887521742493709, 
    "outsideTemperature": 20.5, 
    "speed": 3.4663125000000004, 
    "yawRate": 0.009861095823683066
}