{
    "gpsHeading": 128, 
    "gpsLatitude": 49.89375184478064, 
    "gpsLongitude": 10.898124514733949, 
    "outsideTemperature": 14.0, 
    "speed": 8.395625, 
    "yawRate": -0.001283060763197519
}