{
    "gpsHeading": 96, 
    "gpsLatitude": 49.900377739240476, 
    "gpsLongitude": 10.87405093444407, 
    "outsideTemperature": 13.5, 
    "speed": 11.388125, 
    "yawRate": 0.011130469993074595
}