{
    "gpsHeading": 190, 
    "gpsLatitude": 49.89490745777137, 
    "gpsLongitude": 10.893677328366373, 
    "outsideTemperature": 14.0, 
    "speed": 6.3258125000000005, 
    "yawRate": -0.005195692687965359
}