{
    "gpsHeading": 55, 
    "gpsLatitude": 49.89308439383081, 
    "gpsLongitude": 10.89989644906514, 
    "outsideTemperature": 16.5, 
    "speed": 7.714, 
    "yawRate": 0.10577526662321883
}