{
    "gpsHeading": 192, 
    "gpsLatitude": 49.893354123474985, 
    "gpsLongitude": 10.89309730066667, 
    "outsideTemperature": 14.5, 
    "speed": 10.581812500000002, 
    "yawRate": -0.0027522317351735773
}