{
    "gpsHeading": 319, 
    "gpsLatitude": 49.89629022033816, 
    "gpsLongitude": 10.876782009955578, 
    "outsideTemperature": 13.5, 
    "speed": 11.5128125, 
    "yawRate": -0.025870510149204645
}