{
    "gpsHeading": 8, 
    "gpsLatitude": 49.89433824272675, 
    "gpsLongitude": 10.90035728610171, 
    "outsideTemperature": 15.0, 
    "speed": 10.656625, 
    "yawRate": -0.008194733532009479
}