{
    "gpsHeading": 327, 
    "gpsLatitude": 49.896932441759425, 
    "gpsLongitude": 10.89417370467242, 
    "outsideTemperature": 17.0, 
    "speed": 0.0, 
    "yawRate": 0.000912592865052784
}