{
    "gpsHeading": 183, 
    "gpsLatitude": 49.89654218034759, 
    "gpsLongitude": 10.894230617794957, 
    "outsideTemperature": 15.0, 
    "speed": 5.2618125000000004, 
    "yawRate": -0.03922961310185401
}