{
    "gpsHeading": 278, 
    "gpsLatitude": 49.89224075527624, 
    "gpsLongitude": 10.887597850174538, 
    "outsideTemperature": 14.5, 
    "speed": 4.9126875000000005, 
    "yawRate": 0.01344834776531888
}