{
    "gpsHeading": 0, 
    "gpsLatitude": 49.889480510741684, 
    "gpsLongitude": 10.888915652991697, 
    "outsideTemperature": 14.5, 
    "speed": 9.4513125, 
    "yawRate": -0.010600869992903031
}