{
    "gpsHeading": 355, 
    "gpsLatitude": 49.89570466058234, 
    "gpsLongitude": 10.901066730386448, 
    "outsideTemperature": 17.5, 
    "speed": 0.0, 
    "yawRate": -0.0009540292915658282
}