{
    "gpsHeading": 123, 
    "gpsLatitude": 49.894536893832004, 
    "gpsLongitude": 10.896638738577133, 
    "outsideTemperature": 14.5, 
    "speed": 8.3873125, 
    "yawRate": -0.0014575936883967904
}