{
    "gpsHeading": 319, 
    "gpsLatitude": 49.89382074402472, 
    "gpsLongitude": 10.881240092797247, 
    "outsideTemperature": 14.0, 
    "speed": 7.838687500000001, 
    "yawRate": -0.08172104621302205
}