{
    "gpsHeading": 316, 
    "gpsLatitude": 49.89611797222791, 
    "gpsLongitude": 10.87698652839303, 
    "outsideTemperature": 13.0, 
    "speed": 12.1611875, 
    "yawRate": -0.0412294075667544
}