{
    "gpsHeading": 192, 
    "gpsLatitude": 49.89263076523098, 
    "gpsLongitude": 10.892837042573094, 
    "outsideTemperature": 14.5, 
    "speed": 10.024875000000002, 
    "yawRate": -0.003973962211569468
}