{
    "gpsHeading": 324, 
    "gpsLatitude": 49.89977969044894, 
    "gpsLongitude": 10.899059013118908, 
    "outsideTemperature": 14.5, 
    "speed": 8.5369375, 
    "yawRate": -0.011683555441352958
}