{
    "gpsHeading": 335, 
    "gpsLatitude": 49.89676715062882, 
    "gpsLongitude": 10.87639007216311, 
    "outsideTemperature": 13.5, 
    "speed": 8.595125, 
    "yawRate": 0.06541020973009756
}