{
    "gpsHeading": 274, 
    "gpsLatitude": 49.8913501780639, 
    "gpsLongitude": 10.896084527139202, 
    "outsideTemperature": 16.0, 
    "speed": 9.47625, 
    "yawRate": -0.04161804544936932
}