{
    "gpsHeading": 138, 
    "gpsLatitude": 49.89522102476914, 
    "gpsLongitude": 10.881071448905368, 
    "outsideTemperature": 14.0, 
    "speed": 8.786312500000001, 
    "yawRate": -0.004926559125273244
}