{
    "gpsHeading": 255, 
    "gpsLatitude": 49.895776074397396, 
    "gpsLongitude": 10.882321777401996, 
    "outsideTemperature": 14.0, 
    "speed": 8.669937500000001, 
    "yawRate": -0.001435900621284842
}