{
    "gpsHeading": 223, 
    "gpsLatitude": 49.899236878399314, 
    "gpsLongitude": 10.896666482676663, 
    "outsideTemperature": 14.5, 
    "speed": 9.426375, 
    "yawRate": -0.014476082244543283
}