{
    "gpsHeading": 279, 
    "gpsLatitude": 49.89555713908647, 
    "gpsLongitude": 10.880873133076264, 
    "outsideTemperature": 14.0, 
    "speed": 4.031562500000001, 
    "yawRate": 0.03050362469021156
}