{
    "gpsHeading": 119, 
    "gpsLatitude": 49.89321439714905, 
    "gpsLongitude": 10.898997322311565, 
    "outsideTemperature": 14.0, 
    "speed": 6.01825, 
    "yawRate": 0.005349190394380742
}