{
    "gpsHeading": 318, 
    "gpsLatitude": 49.89291248099669, 
    "gpsLongitude": 10.886479536652928, 
    "outsideTemperature": 14.5, 
    "speed": 6.849500000000001, 
    "yawRate": -0.011684393463399001
}