{
    "gpsHeading": 0, 
    "gpsLatitude": 49.89599576407962, 
    "gpsLongitude": 10.894070104349154, 
    "outsideTemperature": 16.5, 
    "speed": 7.3233125, 
    "yawRate": 0.012330507402357544
}