{
    "gpsHeading": 0, 
    "gpsLatitude": 49.890843240559875, 
    "gpsLongitude": 10.887737073586251, 
    "outsideTemperature": 15.5, 
    "speed": 4.15625, 
    "yawRate": 0.025876511373778395
}