{
    "gpsHeading": 79, 
    "gpsLatitude": 49.90033247696333, 
    "gpsLongitude": 10.875006219948927, 
    "outsideTemperature": 13.5, 
    "speed": 5.336625, 
    "yawRate": -0.07578692675624187
}