{
    "gpsHeading": 143, 
    "gpsLatitude": 49.89656053671555, 
    "gpsLongitude": 10.8797264887219, 
    "outsideTemperature": 13.0, 
    "speed": 8.985812500000002, 
    "yawRate": 0.013573930945866376
}