{
    "gpsHeading": 40, 
    "gpsLatitude": 49.89735212365139, 
    "gpsLongitude": 10.886783967376218, 
    "outsideTemperature": 14.0, 
    "speed": 10.2160625, 
    "yawRate": 0.0030867888841582206
}