{
    "gpsHeading": 329, 
    "gpsLatitude": 49.89410103486689, 
    "gpsLongitude": 10.880632572455141, 
    "outsideTemperature": 13.5, 
    "speed": 10.20775, 
    "yawRate": 0.02910736128861541
}