{
    "gpsHeading": 192, 
    "gpsLatitude": 51.42969981087282, 
    "gpsLongitude": 6.884921577619744, 
    "outsideTemperature": 19.0, 
    "speed": 13.499500000000001, 
    "yawRate": -0.007026557161451913
}