{
    "gpsHeading": 131, 
    "gpsLatitude": 51.42835761671742, 
    "gpsLongitude": 6.884655703651044, 
    "outsideTemperature": 25.0, 
    "speed": 0.0, 
    "yawRate": 0.00011695897740689144
}