{
    "gpsHeading": 5, 
    "gpsLatitude": 51.41768921417531, 
    "gpsLongitude": 6.8940323710948554, 
    "outsideTemperature": 20.5, 
    "speed": 0.0, 
    "yawRate": -8.069807822361566e-05
}