{
    "gpsHeading": 8, 
    "gpsLatitude": 51.43265007315236, 
    "gpsLongitude": 6.8885463316478, 
    "outsideTemperature": 20.5, 
    "speed": 9.534437500000001, 
    "yawRate": -0.036011231375525976
}