{
    "gpsHeading": 67, 
    "gpsLatitude": 51.427042831385386, 
    "gpsLongitude": 6.855371010338233, 
    "outsideTemperature": 17.5, 
    "speed": 9.044, 
    "yawRate": -0.01379972252895538
}