{
    "gpsHeading": 76, 
    "gpsLatitude": 51.42517869611927, 
    "gpsLongitude": 6.8905984730021155, 
    "outsideTemperature": 18.5, 
    "speed": 6.28425, 
    "yawRate": -0.050268855238858406
}