{
    "gpsHeading": 102, 
    "gpsLatitude": 51.42753065815016, 
    "gpsLongitude": 6.851575768399635, 
    "outsideTemperature": 17.5, 
    "speed": 13.150375, 
    "yawRate": 0.0062715638689786754
}