{
    "gpsHeading": 63, 
    "gpsLatitude": 51.42791178328754, 
    "gpsLongitude": 6.8843446512242155, 
    "outsideTemperature": 19.5, 
    "speed": 9.060625, 
    "yawRate": 0.02241478232103554
}