{
    "gpsHeading": 243, 
    "gpsLatitude": 51.41543230292641, 
    "gpsLongitude": 6.889916018445624, 
    "outsideTemperature": 18.0, 
    "speed": 14.1894375, 
    "yawRate": -0.006706312442105674
}