{
    "gpsHeading": 97, 
    "gpsLatitude": 51.42810926092634, 
    "gpsLongitude": 6.846565150500635, 
    "outsideTemperature": 17.5, 
    "speed": 13.9733125, 
    "yawRate": 0.0010355761129955767
}