{
    "gpsHeading": 213, 
    "gpsLatitude": 51.41374368471278, 
    "gpsLongitude": 6.892264879172345, 
    "outsideTemperature": 18.5, 
    "speed": 15.0539375, 
    "yawRate": -0.012692584838021014
}