{
    "gpsHeading": 35, 
    "gpsLatitude": 51.41963289370254, 
    "gpsLongitude": 6.888531328041089, 
    "outsideTemperature": 17.5, 
    "speed": 10.773, 
    "yawRate": 0.01941803863362112
}