{
    "gpsHeading": 301, 
    "gpsLatitude": 51.4317742480896, 
    "gpsLongitude": 6.889000463161799, 
    "outsideTemperature": 21.0, 
    "speed": 9.243500000000001, 
    "yawRate": -0.02117593273357403
}