{
    "gpsHeading": 139, 
    "gpsLatitude": 51.41621039499814, 
    "gpsLongitude": 6.892498231356739, 
    "outsideTemperature": 21.5, 
    "speed": 8.844500000000002, 
    "yawRate": -0.10275157424092733
}