{
    "gpsHeading": 252, 
    "gpsLatitude": 51.41442421143154, 
    "gpsLongitude": 6.886643807265129, 
    "outsideTemperature": 18.0, 
    "speed": 13.865250000000001, 
    "yawRate": -0.03812223897800327
}