{
    "gpsHeading": 168, 
    "gpsLatitude": 51.422995880894426, 
    "gpsLongitude": 6.876956841765774, 
    "outsideTemperature": 21.0, 
    "speed": 5.1288124999999996, 
    "yawRate": 0.266905726566413
}