{
    "gpsHeading": 104, 
    "gpsLatitude": 51.42670311284971, 
    "gpsLongitude": 6.877876252725057, 
    "outsideTemperature": 22.0, 
    "speed": 6.384, 
    "yawRate": 0.12902471565886267
}