{
    "gpsHeading": 354, 
    "gpsLatitude": 51.432298452314164, 
    "gpsLongitude": 6.88850987036897, 
    "outsideTemperature": 20.5, 
    "speed": 9.692375, 
    "yawRate": -0.09552695886853105
}