{
    "gpsHeading": 313, 
    "gpsLatitude": 51.42341397022481, 
    "gpsLongitude": 6.891043803517818, 
    "outsideTemperature": 18.0, 
    "speed": 8.2709375, 
    "yawRate": -0.05637750762083786
}