{
    "gpsHeading": 69, 
    "gpsLatitude": 51.41450316895945, 
    "gpsLongitude": 6.881052155838045, 
    "outsideTemperature": 17.5, 
    "speed": 12.701500000000001, 
    "yawRate": -0.042890215662575275
}