{
    "gpsHeading": 195, 
    "gpsLatitude": 51.41748704267073, 
    "gpsLongitude": 6.879458253130283, 
    "outsideTemperature": 17.5, 
    "speed": 13.740562500000001, 
    "yawRate": 0.057117150476698436
}