{
    "gpsHeading": 101, 
    "gpsLatitude": 51.421945628426606, 
    "gpsLongitude": 6.879269911765952, 
    "outsideTemperature": 19.0, 
    "speed": 4.5885, 
    "yawRate": -0.016535743957461504
}