{
    "gpsHeading": 132, 
    "gpsLatitude": 51.43156092865381, 
    "gpsLongitude": 6.885815759050481, 
    "outsideTemperature": 18.5, 
    "speed": 5.2618125000000004, 
    "yawRate": -0.004059497433061325
}