{
    "gpsHeading": 342, 
    "gpsLatitude": 51.42892062915368, 
    "gpsLongitude": 6.889185200307799, 
    "outsideTemperature": 25.5, 
    "speed": 0.0, 
    "yawRate": 0.0004061859901200583
}