{
    "gpsHeading": 114, 
    "gpsLatitude": 51.411408989402396, 
    "gpsLongitude": 6.892437965472903, 
    "outsideTemperature": 18.5, 
    "speed": 14.139562500000002, 
    "yawRate": 0.031987844013033104
}