{
    "gpsHeading": 195, 
    "gpsLatitude": 51.41836119135286, 
    "gpsLongitude": 6.879885981649326, 
    "outsideTemperature": 18.0, 
    "speed": 13.358187500000001, 
    "yawRate": 0.004931805842068705
}