{
    "gpsHeading": 198, 
    "gpsLatitude": 51.430221751983524, 
    "gpsLongitude": 6.885163227888279, 
    "outsideTemperature": 19.0, 
    "speed": 11.562687500000001, 
    "yawRate": 0.004143550051311369
}