{
    "gpsHeading": 232, 
    "gpsLatitude": 51.40871705737872, 
    "gpsLongitude": 6.893277915990087, 
    "outsideTemperature": 19.0, 
    "speed": 12.152875, 
    "yawRate": 0.00021622549428429493
}