{
    "gpsHeading": 177, 
    "gpsLatitude": 51.423220096804364, 
    "gpsLongitude": 6.876956841765774, 
    "outsideTemperature": 21.5, 
    "speed": 6.600125, 
    "yawRate": -0.010252558650281785
}