{
    "gpsHeading": 66, 
    "gpsLatitude": 51.41471481201462, 
    "gpsLongitude": 6.887659107196728, 
    "outsideTemperature": 17.0, 
    "speed": 16.7995625, 
    "yawRate": 0.02971548122038705
}