{
    "gpsHeading": 17, 
    "gpsLatitude": 51.42787699838935, 
    "gpsLongitude": 6.886278775381843, 
    "outsideTemperature": 25.5, 
    "speed": 10.656625, 
    "yawRate": -0.11155275525208926
}