{
    "gpsHeading": 265, 
    "gpsLatitude": 51.42911316146961, 
    "gpsLongitude": 6.891822985236942, 
    "outsideTemperature": 18.5, 
    "speed": 10.324125, 
    "yawRate": 0.011299399984488437
}