{
    "gpsHeading": 38, 
    "gpsLatitude": 51.41632539470971, 
    "gpsLongitude": 6.887813753310276, 
    "outsideTemperature": 17.0, 
    "speed": 9.4513125, 
    "yawRate": -0.00414390626830233
}