{
    "gpsHeading": 247, 
    "gpsLatitude": 51.423504830055215, 
    "gpsLongitude": 6.891980145921474, 
    "outsideTemperature": 18.0, 
    "speed": 9.3765, 
    "yawRate": -0.013093342171379896
}