{
    "gpsHeading": 38, 
    "gpsLatitude": 51.41675060865777, 
    "gpsLongitude": 6.888486568678153, 
    "outsideTemperature": 17.0, 
    "speed": 4.1811875, 
    "yawRate": 0.4547031540809995
}