{
    "gpsHeading": 86, 
    "gpsLatitude": 51.42586089921868, 
    "gpsLongitude": 6.868142683844037, 
    "outsideTemperature": 23.0, 
    "speed": 10.124625000000002, 
    "yawRate": 0.14373077904857914
}