{
    "gpsHeading": 178, 
    "gpsLatitude": 51.41846873117057, 
    "gpsLongitude": 6.893926256200671, 
    "outsideTemperature": 18.0, 
    "speed": 11.172, 
    "yawRate": -0.027862666380745187
}