{
    "gpsHeading": 69, 
    "gpsLatitude": 51.428105656707984, 
    "gpsLongitude": 6.885397418262992, 
    "outsideTemperature": 19.5, 
    "speed": 8.8694375, 
    "yawRate": -0.07549818871584493
}