{
    "gpsHeading": 279, 
    "gpsLatitude": 51.431800651084615, 
    "gpsLongitude": 6.886714885804056, 
    "outsideTemperature": 18.5, 
    "speed": 9.102187500000001, 
    "yawRate": -0.02866863988618139
}