{
    "gpsHeading": 86, 
    "gpsLatitude": 51.42522622151027, 
    "gpsLongitude": 6.890878512387209, 
    "outsideTemperature": 18.5, 
    "speed": 7.938437500000001, 
    "yawRate": -0.0799394525227613
}