{
    "gpsHeading": 96, 
    "gpsLatitude": 51.4324806748892, 
    "gpsLongitude": 6.8268249303331965, 
    "outsideTemperature": 19.0, 
    "speed": 13.1088125, 
    "yawRate": -0.01747467892874677
}