{
    "gpsHeading": 242, 
    "gpsLatitude": 51.42333895219139, 
    "gpsLongitude": 6.891374050502909, 
    "outsideTemperature": 18.0, 
    "speed": 2.5186875, 
    "yawRate": -0.11589323511384392
}