{
    "gpsHeading": 340, 
    "gpsLatitude": 51.42818453041686, 
    "gpsLongitude": 6.8795474365800615, 
    "outsideTemperature": 21.0, 
    "speed": 0.0, 
    "yawRate": -0.00017528530129380486
}