{
    "gpsHeading": 345, 
    "gpsLatitude": 51.429105617756754, 
    "gpsLongitude": 6.890328491900861, 
    "outsideTemperature": 18.5, 
    "speed": 7.921812500000001, 
    "yawRate": -0.07858505649321862
}