{
    "gpsHeading": 227, 
    "gpsLatitude": 51.40883616422284, 
    "gpsLongitude": 6.893562397783829, 
    "outsideTemperature": 19.0, 
    "speed": 11.612562500000001, 
    "yawRate": -0.0017036366829086813
}