{
    "gpsHeading": 142, 
    "gpsLatitude": 51.41430787061549, 
    "gpsLongitude": 6.879106297015977, 
    "outsideTemperature": 17.5, 
    "speed": 11.521125000000001, 
    "yawRate": 0.15590278613957526
}