{
    "gpsHeading": 178, 
    "gpsLatitude": 51.42972369929687, 
    "gpsLongitude": 6.889984666232632, 
    "outsideTemperature": 18.5, 
    "speed": 11.97, 
    "yawRate": -0.04055906688126726
}