{
    "gpsHeading": 99, 
    "gpsLatitude": 51.431456154864115, 
    "gpsLongitude": 6.887508232939574, 
    "outsideTemperature": 19.0, 
    "speed": 16.4836875, 
    "yawRate": 0.05438684442722262
}