{
    "gpsHeading": 235, 
    "gpsLatitude": 51.430071464459616, 
    "gpsLongitude": 6.880779911622934, 
    "outsideTemperature": 18.5, 
    "speed": 7.298375000000001, 
    "yawRate": 0.0009897487667532632
}