{
    "gpsHeading": 52, 
    "gpsLatitude": 51.42861678516358, 
    "gpsLongitude": 6.888409622807005, 
    "outsideTemperature": 18.5, 
    "speed": 13.4080625, 
    "yawRate": 0.020843985994240116
}