{
    "gpsHeading": 355, 
    "gpsLatitude": 51.42228065309651, 
    "gpsLongitude": 6.890084075604279, 
    "outsideTemperature": 25.5, 
    "speed": 0.0, 
    "yawRate": -0.0001575084274313531
}