{
    "gpsHeading": 207, 
    "gpsLatitude": 51.42306226556757, 
    "gpsLongitude": 6.877978511943784, 
    "outsideTemperature": 18.5, 
    "speed": 7.8719375000000005, 
    "yawRate": 0.04036198965755252
}