{
    "gpsHeading": 0, 
    "gpsLatitude": 51.42828896893041, 
    "gpsLongitude": 6.8869229246408405, 
    "outsideTemperature": 24.0, 
    "speed": 10.340750000000002, 
    "yawRate": -0.08135855919258755
}