{
    "gpsHeading": 260, 
    "gpsLatitude": 51.43034865399761, 
    "gpsLongitude": 6.882931294710867, 
    "outsideTemperature": 19.0, 
    "speed": 14.048125, 
    "yawRate": 0.007796532849530795
}