{
    "gpsHeading": 118, 
    "gpsLatitude": 51.42694811587951, 
    "gpsLongitude": 6.886671551364627, 
    "outsideTemperature": 22.0, 
    "speed": 15.070562500000001, 
    "yawRate": -0.0013171942283587896
}