{
    "gpsHeading": 93, 
    "gpsLatitude": 51.43143092533556, 
    "gpsLongitude": 6.887987929258281, 
    "outsideTemperature": 19.0, 
    "speed": 16.8993125, 
    "yawRate": 0.002899631493390974
}