{
    "gpsHeading": 195, 
    "gpsLatitude": 51.419400882622675, 
    "gpsLongitude": 6.8803924162391485, 
    "outsideTemperature": 18.5, 
    "speed": 10.789625000000001, 
    "yawRate": -0.014790414705466806
}