{
    "gpsHeading": 190, 
    "gpsLatitude": 51.415598096971216, 
    "gpsLongitude": 6.878940419152147, 
    "outsideTemperature": 17.0, 
    "speed": 13.6075625, 
    "yawRate": 0.016625511830429804
}