{
    "gpsHeading": 118, 
    "gpsLatitude": 51.43017146056447, 
    "gpsLongitude": 6.836500496444238, 
    "outsideTemperature": 18.5, 
    "speed": 11.6291875, 
    "yawRate": 0.005040068421980056
}