{
    "gpsHeading": 38, 
    "gpsLatitude": 51.43022728403964, 
    "gpsLongitude": 6.881882383347517, 
    "outsideTemperature": 22.0, 
    "speed": 7.930125, 
    "yawRate": -0.025745014033539397
}