{
    "gpsHeading": 67, 
    "gpsLatitude": 51.42893672240777, 
    "gpsLongitude": 6.890742138822542, 
    "outsideTemperature": 18.0, 
    "speed": 13.7738125, 
    "yawRate": 0.028348901777815724
}