{
    "gpsHeading": 348, 
    "gpsLatitude": 51.42603339878602, 
    "gpsLongitude": 6.8838007495271825, 
    "outsideTemperature": 18.0, 
    "speed": 3.7905, 
    "yawRate": -0.03870753234032074
}