{
    "gpsHeading": 336, 
    "gpsLatitude": 51.425020948701516, 
    "gpsLongitude": 6.884401564346783, 
    "outsideTemperature": 17.5, 
    "speed": 1.6209375000000001, 
    "yawRate": 0.002656770931944252
}