{
    "gpsHeading": 286, 
    "gpsLatitude": 51.42824949016645, 
    "gpsLongitude": 6.885852136510246, 
    "outsideTemperature": 23.0, 
    "speed": 8.453812500000002, 
    "yawRate": -0.003187421556331191
}