{
    "gpsHeading": 117, 
    "gpsLatitude": 51.4273206076566, 
    "gpsLongitude": 6.852528204057382, 
    "outsideTemperature": 17.5, 
    "speed": 9.459624999999999, 
    "yawRate": -0.20840393412632044
}