{
    "gpsHeading": 309, 
    "gpsLatitude": 51.42631670711334, 
    "gpsLongitude": 6.881367147759364, 
    "outsideTemperature": 18.0, 
    "speed": 6.6998750000000005, 
    "yawRate": -0.04476666377966264
}