{
    "gpsHeading": 79, 
    "gpsLatitude": 51.42889037048321, 
    "gpsLongitude": 6.890138222698767, 
    "outsideTemperature": 18.5, 
    "speed": 13.981625000000001, 
    "yawRate": -0.007255814962867361
}