{
    "gpsHeading": 125, 
    "gpsLatitude": 51.431215678062024, 
    "gpsLongitude": 6.8898732707394155, 
    "outsideTemperature": 18.5, 
    "speed": 8.778, 
    "yawRate": -0.13637764281575449
}