{
    "gpsHeading": 57, 
    "gpsLatitude": 51.42662147311278, 
    "gpsLongitude": 6.87967266221351, 
    "outsideTemperature": 20.5, 
    "speed": 6.342437500000001, 
    "yawRate": 0.04385264816154092
}