{
    "gpsHeading": 135, 
    "gpsLatitude": 51.43104921346497, 
    "gpsLongitude": 6.8828773990734415, 
    "outsideTemperature": 22.0, 
    "speed": 6.8079375, 
    "yawRate": -0.005150128860007529
}