{
    "gpsHeading": 143, 
    "gpsLatitude": 51.42539561977343, 
    "gpsLongitude": 6.889213195864392, 
    "outsideTemperature": 19.0, 
    "speed": 13.117125, 
    "yawRate": -0.06345091559935591
}