{
    "gpsHeading": 91, 
    "gpsLatitude": 51.42672289414119, 
    "gpsLongitude": 6.87284820046746, 
    "outsideTemperature": 19.0, 
    "speed": 5.1288124999999996, 
    "yawRate": 0.0009628462354452911
}