{
    "gpsHeading": 275, 
    "gpsLatitude": 51.42823205580786, 
    "gpsLongitude": 6.8855307743425165, 
    "outsideTemperature": 20.0, 
    "speed": 5.586, 
    "yawRate": 0.0010853101921623888
}