{
    "gpsHeading": 151, 
    "gpsLatitude": 51.42505313520971, 
    "gpsLongitude": 6.878552923768361, 
    "outsideTemperature": 19.5, 
    "speed": 7.3399375000000004, 
    "yawRate": 0.09883051959936197
}