{
    "gpsHeading": 101, 
    "gpsLatitude": 51.42625476484888, 
    "gpsLongitude": 6.865175741577181, 
    "outsideTemperature": 18.0, 
    "speed": 13.100500000000002, 
    "yawRate": -0.0020532524657129146
}