{
    "gpsHeading": 296, 
    "gpsLatitude": 51.431713395472556, 
    "gpsLongitude": 6.889282933298812, 
    "outsideTemperature": 21.0, 
    "speed": 10.4654375, 
    "yawRate": 0.00378227556994458
}