{
    "gpsHeading": 97, 
    "gpsLatitude": 51.42694451166115, 
    "gpsLongitude": 6.858793509042661, 
    "outsideTemperature": 17.5, 
    "speed": 10.9309375, 
    "yawRate": -0.008214668922573738
}