{
    "gpsHeading": 93, 
    "gpsLatitude": 51.4314009181222, 
    "gpsLongitude": 6.888720759052865, 
    "outsideTemperature": 19.0, 
    "speed": 16.6665625, 
    "yawRate": -0.004605284290184634
}