{
    "gpsHeading": 165, 
    "gpsLatitude": 51.426821716779635, 
    "gpsLongitude": 6.877763264670239, 
    "outsideTemperature": 22.5, 
    "speed": 5.253500000000001, 
    "yawRate": 0.16742195920273809
}