{
    "gpsHeading": 0, 
    "gpsLatitude": 51.43136034971083, 
    "gpsLongitude": 6.8899801400048855, 
    "outsideTemperature": 18.5, 
    "speed": 12.8760625, 
    "yawRate": 0.20363468355425998
}