{
    "gpsHeading": 286, 
    "gpsLatitude": 51.41547840339387, 
    "gpsLongitude": 6.887897991437183, 
    "outsideTemperature": 17.0, 
    "speed": 8.395625, 
    "yawRate": 0.027621086117994804
}