{
    "gpsHeading": 112, 
    "gpsLatitude": 51.431681711878554, 
    "gpsLongitude": 6.886090182560417, 
    "outsideTemperature": 19.5, 
    "speed": 17.497812500000002, 
    "yawRate": 0.008659218024971887
}