{
    "gpsHeading": 70, 
    "gpsLatitude": 51.42923143012341, 
    "gpsLongitude": 6.894319870373771, 
    "outsideTemperature": 18.0, 
    "speed": 8.694875, 
    "yawRate": -0.09766387021617222
}