{
    "gpsHeading": 196, 
    "gpsLatitude": 51.41896284436275, 
    "gpsLongitude": 6.880178761527207, 
    "outsideTemperature": 18.0, 
    "speed": 12.410562500000001, 
    "yawRate": -0.008332696473087816
}