{
    "gpsHeading": 101, 
    "gpsLatitude": 51.42609316175565, 
    "gpsLongitude": 6.866356332639389, 
    "outsideTemperature": 18.0, 
    "speed": 13.308312500000001, 
    "yawRate": 0.0016119389634757504
}