{
    "gpsHeading": 173, 
    "gpsLatitude": 51.43011898985061, 
    "gpsLongitude": 6.8899927128596765, 
    "outsideTemperature": 18.5, 
    "speed": 12.684875000000002, 
    "yawRate": 0.002725098568191703
}