{
    "gpsHeading": 268, 
    "gpsLatitude": 51.42358814617277, 
    "gpsLongitude": 6.884971282305584, 
    "outsideTemperature": 18.5, 
    "speed": 6.791312500000001, 
    "yawRate": 0.011083872284154767
}