{
    "gpsHeading": 245, 
    "gpsLatitude": 51.41547396098519, 
    "gpsLongitude": 6.890117435578902, 
    "outsideTemperature": 18.5, 
    "speed": 14.713125, 
    "yawRate": 0.0006240704162706646
}