{
    "gpsHeading": 150, 
    "gpsLatitude": 51.422797313608214, 
    "gpsLongitude": 6.891219907303519, 
    "outsideTemperature": 18.0, 
    "speed": 13.6740625, 
    "yawRate": 0.004965991078820928
}