{
    "gpsHeading": 99, 
    "gpsLatitude": 51.43233700906877, 
    "gpsLongitude": 6.8281596645947955, 
    "outsideTemperature": 19.0, 
    "speed": 13.20025, 
    "yawRate": -0.006828170491581304
}