{
    "gpsHeading": 130, 
    "gpsLatitude": 51.42786618573427, 
    "gpsLongitude": 6.885090221511621, 
    "outsideTemperature": 27.0, 
    "speed": 8.2210625, 
    "yawRate": 0.15321369227544632
}