{
    "gpsHeading": 77, 
    "gpsLatitude": 51.41441817646126, 
    "gpsLongitude": 6.8865918394654315, 
    "outsideTemperature": 18.0, 
    "speed": 15.0955, 
    "yawRate": 0.03518158960575713
}