{
    "gpsHeading": 154, 
    "gpsLatitude": 51.419788378006444, 
    "gpsLongitude": 6.893628195723759, 
    "outsideTemperature": 18.5, 
    "speed": 16.1345625, 
    "yawRate": -0.02227761277436354
}