{
    "gpsHeading": 79, 
    "gpsLatitude": 51.41434449953236, 
    "gpsLongitude": 6.8859690640595215, 
    "outsideTemperature": 18.5, 
    "speed": 14.5551875, 
    "yawRate": 0.04984235532250981
}