{
    "gpsHeading": 87, 
    "gpsLatitude": 51.426700095364566, 
    "gpsLongitude": 6.874437157852351, 
    "outsideTemperature": 21.5, 
    "speed": 13.657437500000002, 
    "yawRate": -0.017378724624435016
}