{
    "gpsHeading": 178, 
    "gpsLatitude": 51.414400658283625, 
    "gpsLongitude": 6.892659582992858, 
    "outsideTemperature": 19.0, 
    "speed": 12.73475, 
    "yawRate": -0.13277123737522978
}