{
    "gpsHeading": 114, 
    "gpsLatitude": 51.42278926698116, 
    "gpsLongitude": 6.877027920304702, 
    "outsideTemperature": 20.5, 
    "speed": 6.691562500000001, 
    "yawRate": 0.06671646136266629
}