{
    "gpsHeading": 110, 
    "gpsLatitude": 51.42262313766024, 
    "gpsLongitude": 6.87749160718835, 
    "outsideTemperature": 20.0, 
    "speed": 6.5585625, 
    "yawRate": 0.04908863591752402
}