{
    "gpsHeading": 189, 
    "gpsLatitude": 51.41274229874046, 
    "gpsLongitude": 6.890943220679692, 
    "outsideTemperature": 18.5, 
    "speed": 13.424687500000001, 
    "yawRate": 0.18243522553494085
}