{
    "gpsHeading": 169, 
    "gpsLatitude": 51.42737006088532, 
    "gpsLongitude": 6.877846580787797, 
    "outsideTemperature": 23.5, 
    "speed": 4.505375, 
    "yawRate": -0.011648822051876947
}