{
    "gpsHeading": 33, 
    "gpsLatitude": 51.43067395565983, 
    "gpsLongitude": 6.882071814359294, 
    "outsideTemperature": 21.5, 
    "speed": 8.744750000000002, 
    "yawRate": -0.01700649817361076
}