{
    "gpsHeading": 272, 
    "gpsLatitude": 51.42862315541, 
    "gpsLongitude": 6.880757364303371, 
    "outsideTemperature": 18.5, 
    "speed": 5.7273125, 
    "yawRate": -0.0461392693475615
}