{
    "gpsHeading": 242, 
    "gpsLatitude": 51.42890646373731, 
    "gpsLongitude": 6.889010437626574, 
    "outsideTemperature": 25.0, 
    "speed": 5.062312500000001, 
    "yawRate": 0.039417717371325704
}