{
    "gpsHeading": 125, 
    "gpsLatitude": 51.41153455031196, 
    "gpsLongitude": 6.892079052378965, 
    "outsideTemperature": 18.5, 
    "speed": 14.3556875, 
    "yawRate": 0.11454191763236284
}