{
    "gpsHeading": 100, 
    "gpsLatitude": 51.43220206042767, 
    "gpsLongitude": 6.829339082190526, 
    "outsideTemperature": 19.0, 
    "speed": 14.206062500000002, 
    "yawRate": -0.002464847361595554
}