{
    "gpsHeading": 25, 
    "gpsLatitude": 51.427903988117585, 
    "gpsLongitude": 6.886292437884012, 
    "outsideTemperature": 21.0, 
    "speed": 9.027375000000001, 
    "yawRate": -0.09468599766527096
}