{
    "gpsHeading": 107, 
    "gpsLatitude": 51.432181776221974, 
    "gpsLongitude": 6.884338532434899, 
    "outsideTemperature": 20.5, 
    "speed": 15.1869375, 
    "yawRate": -0.013331930550156136
}