{
    "gpsHeading": 183, 
    "gpsLatitude": 51.43357895566221, 
    "gpsLongitude": 6.886600975739889, 
    "outsideTemperature": 21.0, 
    "speed": 3.458, 
    "yawRate": 0.00587667067233782
}