{
    "gpsHeading": 35, 
    "gpsLatitude": 51.419073988398836, 
    "gpsLongitude": 6.887896315056549, 
    "outsideTemperature": 17.5, 
    "speed": 8.512, 
    "yawRate": -0.011125223276279133
}