{
    "gpsHeading": 112, 
    "gpsLatitude": 51.4288948128919, 
    "gpsLongitude": 6.840261037303705, 
    "outsideTemperature": 20.5, 
    "speed": 11.088875, 
    "yawRate": 0.012031150400559586
}