{
    "gpsHeading": 102, 
    "gpsLatitude": 51.42620455724885, 
    "gpsLongitude": 6.865544629135926, 
    "outsideTemperature": 18.0, 
    "speed": 11.2468125, 
    "yawRate": -0.0004824561389174891
}