{
    "gpsHeading": 253, 
    "gpsLatitude": 51.43055476499668, 
    "gpsLongitude": 6.882514630304012, 
    "outsideTemperature": 20.0, 
    "speed": 7.198625000000001, 
    "yawRate": 0.012826762435534277
}