{
    "gpsHeading": 330, 
    "gpsLatitude": 51.422667897023196, 
    "gpsLongitude": 6.890044932116436, 
    "outsideTemperature": 17.5, 
    "speed": 10.1994375, 
    "yawRate": 0.0025225301260291466
}