{
    "gpsHeading": 101, 
    "gpsLatitude": 51.42778010358867, 
    "gpsLongitude": 6.849584060567187, 
    "outsideTemperature": 18.0, 
    "speed": 14.206062500000002, 
    "yawRate": -0.021130105387331715
}