{
    "gpsHeading": 65, 
    "gpsLatitude": 51.414632837001584, 
    "gpsLongitude": 6.8874420997235175, 
    "outsideTemperature": 17.0, 
    "speed": 17.3814375, 
    "yawRate": 0.03879119333075808
}