{
    "gpsHeading": 226, 
    "gpsLatitude": 51.42895952118441, 
    "gpsLongitude": 6.8899082232756745, 
    "outsideTemperature": 18.5, 
    "speed": 5.7439375, 
    "yawRate": -0.2691971988925209
}