{
    "gpsHeading": 234, 
    "gpsLatitude": 51.42422651191858, 
    "gpsLongitude": 6.88706625518514, 
    "outsideTemperature": 19.0, 
    "speed": 7.1238125000000005, 
    "yawRate": -0.050351717386044284
}