{
    "gpsHeading": 329, 
    "gpsLatitude": 51.424382331498606, 
    "gpsLongitude": 6.890270489130881, 
    "outsideTemperature": 18.0, 
    "speed": 11.9450625, 
    "yawRate": -0.00279589958461297
}