{
    "gpsHeading": 62, 
    "gpsLatitude": 51.414796451751556, 
    "gpsLongitude": 6.887875695574746, 
    "outsideTemperature": 17.0, 
    "speed": 15.544375, 
    "yawRate": 0.014182050877638018
}