{
    "gpsHeading": 342, 
    "gpsLatitude": 51.43194926222791, 
    "gpsLongitude": 6.88860349622743, 
    "outsideTemperature": 21.0, 
    "speed": 9.6341875, 
    "yawRate": -0.0545117214466656
}