{
    "gpsHeading": 50, 
    "gpsLatitude": 51.43232150254791, 
    "gpsLongitude": 6.882753263087404, 
    "outsideTemperature": 21.5, 
    "speed": 9.858625, 
    "yawRate": -0.11002317111064072
}