{
    "gpsHeading": 125, 
    "gpsLatitude": 51.424936710574606, 
    "gpsLongitude": 6.878810751110017, 
    "outsideTemperature": 19.0, 
    "speed": 5.7771875, 
    "yawRate": -0.24831546862230408
}