{
    "gpsHeading": 217, 
    "gpsLatitude": 51.41306533728883, 
    "gpsLongitude": 6.891242119346922, 
    "outsideTemperature": 18.5, 
    "speed": 13.998250000000002, 
    "yawRate": 0.1740576451253689
}