{
    "gpsHeading": 102, 
    "gpsLatitude": 51.42771011469715, 
    "gpsLongitude": 6.850189904528657, 
    "outsideTemperature": 18.0, 
    "speed": 14.2559375, 
    "yawRate": 0.00016291148699922042
}