{
    "gpsHeading": 239, 
    "gpsLatitude": 51.42835761671742, 
    "gpsLongitude": 6.884655703651044, 
    "outsideTemperature": 27.5, 
    "speed": 0.0, 
    "yawRate": 0.00012027195837301411
}