{
    "gpsHeading": 98, 
    "gpsLatitude": 51.42670621415388, 
    "gpsLongitude": 6.861271283440192, 
    "outsideTemperature": 18.0, 
    "speed": 2.7680625, 
    "yawRate": -0.06319254036039479
}