{
    "gpsHeading": 31, 
    "gpsLatitude": 51.42655810592478, 
    "gpsLongitude": 6.885987420427501, 
    "outsideTemperature": 19.0, 
    "speed": 6.8245625, 
    "yawRate": -0.026822908901413683
}