{
    "gpsHeading": 224, 
    "gpsLatitude": 51.41325426538637, 
    "gpsLongitude": 6.89152576295038, 
    "outsideTemperature": 18.5, 
    "speed": 14.280875000000002, 
    "yawRate": 0.13182067722710655
}