{
    "gpsHeading": 46, 
    "gpsLatitude": 51.42767365341834, 
    "gpsLongitude": 6.878169367879065, 
    "outsideTemperature": 22.0, 
    "speed": 3.9983125, 
    "yawRate": -0.05352330129637318
}