{
    "gpsHeading": 279, 
    "gpsLatitude": 51.42365427938883, 
    "gpsLongitude": 6.888717993024819, 
    "outsideTemperature": 17.5, 
    "speed": 9.2518125, 
    "yawRate": 0.026259007953150875
}