{
    "gpsHeading": 97, 
    "gpsLatitude": 51.426914252990684, 
    "gpsLongitude": 6.859090144595999, 
    "outsideTemperature": 17.5, 
    "speed": 11.2468125, 
    "yawRate": -0.002804148241391367
}