{
    "gpsHeading": 97, 
    "gpsLatitude": 51.42784699117599, 
    "gpsLongitude": 6.849006044524246, 
    "outsideTemperature": 17.5, 
    "speed": 13.399750000000001, 
    "yawRate": -0.025667961442516738
}