{
    "gpsHeading": 90, 
    "gpsLatitude": 51.426668998503786, 
    "gpsLongitude": 6.876507990850739, 
    "outsideTemperature": 20.0, 
    "speed": 9.609250000000001, 
    "yawRate": -0.0011471625808879059
}