{
    "gpsHeading": 115, 
    "gpsLatitude": 51.42898089503749, 
    "gpsLongitude": 6.839988793088561, 
    "outsideTemperature": 20.5, 
    "speed": 11.122125, 
    "yawRate": 0.02721551489291008
}