{
    "gpsHeading": 78, 
    "gpsLatitude": 51.428845611120266, 
    "gpsLongitude": 6.889729102004799, 
    "outsideTemperature": 26.0, 
    "speed": 7.9135, 
    "yawRate": 0.020886502239488045
}