{
    "gpsHeading": 300, 
    "gpsLatitude": 51.42674200488044, 
    "gpsLongitude": 6.878995739713078, 
    "outsideTemperature": 19.5, 
    "speed": 1.1221875, 
    "yawRate": -0.007416617786984853
}