{
    "gpsHeading": 160, 
    "gpsLatitude": 51.41445178789299, 
    "gpsLongitude": 6.878882416382167, 
    "outsideTemperature": 17.0, 
    "speed": 11.27175, 
    "yawRate": 0.16951635430513132
}