{
    "gpsHeading": 68, 
    "gpsLatitude": 51.429231765399535, 
    "gpsLongitude": 6.893709081089397, 
    "outsideTemperature": 18.0, 
    "speed": 10.822875000000002, 
    "yawRate": -0.03849720857356569
}