{
    "gpsHeading": 98, 
    "gpsLatitude": 51.427032856920604, 
    "gpsLongitude": 6.857976022025975, 
    "outsideTemperature": 17.5, 
    "speed": 8.8029375, 
    "yawRate": -0.021304638312530988
}