{
    "gpsHeading": 29, 
    "gpsLatitude": 51.426509826162494, 
    "gpsLongitude": 6.883796055661406, 
    "outsideTemperature": 19.5, 
    "speed": 1.6209375000000001, 
    "yawRate": 0.24597205318529533
}