{
    "gpsHeading": 132, 
    "gpsLatitude": 51.43017011945997, 
    "gpsLongitude": 6.882760974438322, 
    "outsideTemperature": 19.0, 
    "speed": 6.101375000000001, 
    "yawRate": -0.3267882130682447
}