{
    "gpsHeading": 95, 
    "gpsLatitude": 51.4328861913648, 
    "gpsLongitude": 6.819182646294369, 
    "outsideTemperature": 16.5, 
    "speed": 11.6291875, 
    "yawRate": 0.022926588107476196
}