{
    "gpsHeading": 251, 
    "gpsLatitude": 51.42854428170112, 
    "gpsLongitude": 6.8873234957935745, 
    "outsideTemperature": 21.0, 
    "speed": 9.725625, 
    "yawRate": -0.008683247122551177
}