{
    "gpsHeading": 223, 
    "gpsLatitude": 51.43010448915813, 
    "gpsLongitude": 6.881011000693473, 
    "outsideTemperature": 18.5, 
    "speed": 8.204437500000001, 
    "yawRate": 0.026297022920670415
}