{
    "gpsHeading": 15, 
    "gpsLatitude": 51.42786090513527, 
    "gpsLongitude": 6.843017929076982, 
    "outsideTemperature": 19.0, 
    "speed": 9.9666875, 
    "yawRate": -0.016766782257345965
}