{
    "gpsHeading": 98, 
    "gpsLatitude": 51.43246005540738, 
    "gpsLongitude": 6.82701243350721, 
    "outsideTemperature": 19.0, 
    "speed": 12.859437500000002, 
    "yawRate": -0.006479104641182761
}