{
    "gpsHeading": 44, 
    "gpsLatitude": 51.42825954845028, 
    "gpsLongitude": 6.886859641271896, 
    "outsideTemperature": 20.5, 
    "speed": 9.6341875, 
    "yawRate": -0.09835118909445961
}