{
    "gpsHeading": 88, 
    "gpsLatitude": 51.429163704345754, 
    "gpsLongitude": 6.894598233378197, 
    "outsideTemperature": 18.0, 
    "speed": 4.871125000000001, 
    "yawRate": 0.2077687488828303
}