{
    "gpsHeading": 192, 
    "gpsLatitude": 51.42043562856963, 
    "gpsLongitude": 6.8787615493384004, 
    "outsideTemperature": 18.5, 
    "speed": 4.3557500000000005, 
    "yawRate": 0.07107978449265204
}