{
    "gpsHeading": 133, 
    "gpsLatitude": 51.42774062482471, 
    "gpsLongitude": 6.885291303368806, 
    "outsideTemperature": 21.5, 
    "speed": 8.403937500000001, 
    "yawRate": 0.04729504994762352
}