{
    "gpsHeading": 198, 
    "gpsLatitude": 51.43075090153097, 
    "gpsLongitude": 6.885422396334475, 
    "outsideTemperature": 19.0, 
    "speed": 9.983312500000002, 
    "yawRate": 0.009030471956895925
}