{
    "gpsHeading": 120, 
    "gpsLatitude": 51.42205953849076, 
    "gpsLongitude": 6.878975204050308, 
    "outsideTemperature": 19.0, 
    "speed": 6.4754375, 
    "yawRate": 0.025701223940800835
}