{
    "gpsHeading": 196, 
    "gpsLatitude": 51.427720675895145, 
    "gpsLongitude": 6.842946850538055, 
    "outsideTemperature": 18.0, 
    "speed": 5.7855, 
    "yawRate": -0.13178397996376992
}