{
    "gpsHeading": 331, 
    "gpsLatitude": 51.4248290031188, 
    "gpsLongitude": 6.884555204631983, 
    "outsideTemperature": 17.5, 
    "speed": 5.669125, 
    "yawRate": -0.024221299548768324
}