{
    "gpsHeading": 351, 
    "gpsLatitude": 51.43075316464484, 
    "gpsLongitude": 6.890165212427013, 
    "outsideTemperature": 18.5, 
    "speed": 13.6075625, 
    "yawRate": 0.057376092237137716
}