{
    "gpsHeading": 283, 
    "gpsLatitude": 51.43065870059604, 
    "gpsLongitude": 6.883075463445452, 
    "outsideTemperature": 20.5, 
    "speed": 7.331625000000001, 
    "yawRate": -0.0367405883211044
}