{
    "gpsHeading": 201, 
    "gpsLatitude": 51.428008929545335, 
    "gpsLongitude": 6.8849079989366055, 
    "outsideTemperature": 22.0, 
    "speed": 5.1121875, 
    "yawRate": 0.2514985724309564
}