{
    "gpsHeading": 2, 
    "gpsLatitude": 51.42971121026115, 
    "gpsLongitude": 6.890284654547241, 
    "outsideTemperature": 18.5, 
    "speed": 11.1470625, 
    "yawRate": -0.011738946141836206
}