{
    "gpsHeading": 93, 
    "gpsLatitude": 51.42668869597624, 
    "gpsLongitude": 6.875225978760123, 
    "outsideTemperature": 20.5, 
    "speed": 13.516125, 
    "yawRate": 0.045453128447360186
}