{
    "gpsHeading": 75, 
    "gpsLatitude": 51.42522949045251, 
    "gpsLongitude": 6.891119324465427, 
    "outsideTemperature": 18.5, 
    "speed": 8.8195625, 
    "yawRate": 0.004534483273762375
}