{
    "gpsHeading": 104, 
    "gpsLatitude": 51.43198647787799, 
    "gpsLongitude": 6.830766017387045, 
    "outsideTemperature": 18.5, 
    "speed": 13.8070625, 
    "yawRate": -0.011016960696367782
}