{
    "gpsHeading": 115, 
    "gpsLatitude": 51.43200676208368, 
    "gpsLongitude": 6.884937084140645, 
    "outsideTemperature": 20.0, 
    "speed": 16.525250000000003, 
    "yawRate": 0.014418804556552799
}