{
    "gpsHeading": 344, 
    "gpsLatitude": 51.42879087729253, 
    "gpsLongitude": 6.879104872092439, 
    "outsideTemperature": 22.0, 
    "speed": 10.1329375, 
    "yawRate": -0.03798507928544811
}