{
    "gpsHeading": 297, 
    "gpsLatitude": 51.42393398349778, 
    "gpsLongitude": 6.888027156565123, 
    "outsideTemperature": 17.5, 
    "speed": 8.761375, 
    "yawRate": 7.906917323637292e-05
}