{
    "gpsHeading": 265, 
    "gpsLatitude": 51.43037120131714, 
    "gpsLongitude": 6.883335972996155, 
    "outsideTemperature": 19.5, 
    "speed": 13.940062500000002, 
    "yawRate": 0.01495238278270786
}