{
    "gpsHeading": 131, 
    "gpsLatitude": 51.425642885917085, 
    "gpsLongitude": 6.888882948879301, 
    "outsideTemperature": 19.0, 
    "speed": 12.4770625, 
    "yawRate": -0.06300975877841711
}