{
    "gpsHeading": 64, 
    "gpsLatitude": 51.41548787494445, 
    "gpsLongitude": 6.890172085587613, 
    "outsideTemperature": 17.5, 
    "speed": 14.5718125, 
    "yawRate": 0.003765663069860524
}