{
    "gpsHeading": 181, 
    "gpsLatitude": 51.42943427218024, 
    "gpsLongitude": 6.882705989153517, 
    "outsideTemperature": 18.5, 
    "speed": 4.280937499999999, 
    "yawRate": -0.0967538176553968
}