{
    "gpsHeading": 70, 
    "gpsLatitude": 51.42507031811121, 
    "gpsLongitude": 6.890264035065439, 
    "outsideTemperature": 18.5, 
    "speed": 6.533625000000001, 
    "yawRate": 0.013261129533733877
}