{
    "gpsHeading": 85, 
    "gpsLatitude": 51.42654008483296, 
    "gpsLongitude": 6.880226873651444, 
    "outsideTemperature": 20.0, 
    "speed": 7.7555625, 
    "yawRate": -0.10484940410837312
}