{
    "gpsHeading": 32, 
    "gpsLatitude": 51.41933617433016, 
    "gpsLongitude": 6.888194040257335, 
    "outsideTemperature": 17.5, 
    "speed": 9.709000000000001, 
    "yawRate": -0.002398577016307633
}