{
    "gpsHeading": 30, 
    "gpsLatitude": 51.42907594581951, 
    "gpsLongitude": 6.8902035177245065, 
    "outsideTemperature": 24.5, 
    "speed": 7.61425, 
    "yawRate": 0.08284569068528588
}