{
    "gpsHeading": 332, 
    "gpsLatitude": 51.424669495501384, 
    "gpsLongitude": 6.884682693379255, 
    "outsideTemperature": 17.5, 
    "speed": 6.8411875, 
    "yawRate": 0.001435040455548361
}