{
    "gpsHeading": 15, 
    "gpsLatitude": 51.421121435887414, 
    "gpsLongitude": 6.889693814192447, 
    "outsideTemperature": 16.5, 
    "speed": 12.759687500000002, 
    "yawRate": 0.018719906932823042
}