{
    "gpsHeading": 357, 
    "gpsLatitude": 51.42826759507732, 
    "gpsLongitude": 6.879376278117232, 
    "outsideTemperature": 23.0, 
    "speed": 7.032375, 
    "yawRate": -0.036588815883851954
}