{
    "gpsHeading": 342, 
    "gpsLatitude": 51.427870041409726, 
    "gpsLongitude": 6.878614866032831, 
    "outsideTemperature": 24.0, 
    "speed": 0.0, 
    "yawRate": 1.3174774613221134e-05
}