{
    "gpsHeading": 274, 
    "gpsLatitude": 51.42350340513168, 
    "gpsLongitude": 6.883827990712523, 
    "outsideTemperature": 18.5, 
    "speed": 7.539437500000001, 
    "yawRate": -0.010907276290973255
}