{
    "gpsHeading": 131, 
    "gpsLatitude": 51.42701617693329, 
    "gpsLongitude": 6.886557389843398, 
    "outsideTemperature": 20.5, 
    "speed": 10.964187500000001, 
    "yawRate": -0.020598257954955505
}