{
    "gpsHeading": 103, 
    "gpsLatitude": 51.421912016994874, 
    "gpsLongitude": 6.891491816242502, 
    "outsideTemperature": 21.0, 
    "speed": 4.613437500000001, 
    "yawRate": 0.0037277930803516863
}