{
    "gpsHeading": 92, 
    "gpsLatitude": 51.43278510561251, 
    "gpsLongitude": 6.82129849011282, 
    "outsideTemperature": 17.0, 
    "speed": 13.3748125, 
    "yawRate": 0.0011099724575474464
}