{
    "gpsHeading": 82, 
    "gpsLatitude": 51.426640667671045, 
    "gpsLongitude": 6.878136846094761, 
    "outsideTemperature": 21.5, 
    "speed": 7.1238125000000005, 
    "yawRate": 0.012611254550843585
}