{
    "gpsHeading": 100, 
    "gpsLatitude": 51.42655533989672, 
    "gpsLongitude": 6.862891002409756, 
    "outsideTemperature": 18.5, 
    "speed": 9.27675, 
    "yawRate": 0.024301219239401848
}