{
    "gpsHeading": 282, 
    "gpsLatitude": 51.42674200488044, 
    "gpsLongitude": 6.878251007615989, 
    "outsideTemperature": 26.0, 
    "speed": 4.871125000000001, 
    "yawRate": -0.3345213108674549
}