{
    "gpsHeading": 90, 
    "gpsLatitude": 51.4266597784103, 
    "gpsLongitude": 6.877140992178519, 
    "outsideTemperature": 20.0, 
    "speed": 6.3008750000000004, 
    "yawRate": -0.00498688693527485
}