{
    "gpsHeading": 39, 
    "gpsLatitude": 51.42838728865466, 
    "gpsLongitude": 6.843616564601725, 
    "outsideTemperature": 18.5, 
    "speed": 5.41975, 
    "yawRate": -0.0654614683879873
}