{
    "gpsHeading": 117, 
    "gpsLatitude": 51.43090755930132, 
    "gpsLongitude": 6.834394878547621, 
    "outsideTemperature": 18.5, 
    "speed": 10.7314375, 
    "yawRate": 0.0008512782171935765
}