{
    "gpsHeading": 261, 
    "gpsLatitude": 51.42908533355106, 
    "gpsLongitude": 6.8915234998365245, 
    "outsideTemperature": 18.5, 
    "speed": 8.0548125, 
    "yawRate": -0.014880538795426064
}