{
    "gpsHeading": 299, 
    "gpsLatitude": 51.42902062525855, 
    "gpsLongitude": 6.890556312029163, 
    "outsideTemperature": 18.5, 
    "speed": 5.6940625, 
    "yawRate": -0.28069418387415823
}