{
    "gpsHeading": 293, 
    "gpsLatitude": 51.42934483727337, 
    "gpsLongitude": 6.894206295585731, 
    "outsideTemperature": 18.0, 
    "speed": 3.7239999999999998, 
    "yawRate": -0.03535561591997583
}