{
    "gpsHeading": 77, 
    "gpsLatitude": 51.42664117058524, 
    "gpsLongitude": 6.878007932423915, 
    "outsideTemperature": 20.0, 
    "speed": 8.5868125, 
    "yawRate": 0.010546543407474181
}