{
    "gpsHeading": 81, 
    "gpsLatitude": 51.43222837960362, 
    "gpsLongitude": 6.884148766147031, 
    "outsideTemperature": 20.5, 
    "speed": 14.239312500000002, 
    "yawRate": -0.1142119613154272
}