{
    "gpsHeading": 354, 
    "gpsLatitude": 51.42727593211268, 
    "gpsLongitude": 6.878163249089751, 
    "outsideTemperature": 23.5, 
    "speed": 6.109687500000001, 
    "yawRate": -0.055094097623167616
}