{
    "gpsHeading": 13, 
    "gpsLatitude": 51.42185619351973, 
    "gpsLongitude": 6.889920712311399, 
    "outsideTemperature": 17.0, 
    "speed": 8.063125000000001, 
    "yawRate": 0.06654192843746702
}