{
    "gpsHeading": 195, 
    "gpsLatitude": 51.43154089590521, 
    "gpsLongitude": 6.8858062874998645, 
    "outsideTemperature": 20.5, 
    "speed": 10.9808125, 
    "yawRate": 0.00587667067233782
}