{
    "gpsHeading": 3, 
    "gpsLatitude": 51.432706483360725, 
    "gpsLongitude": 6.823136306202974, 
    "outsideTemperature": 21.5, 
    "speed": 0.0, 
    "yawRate": -6.918356233199478e-05
}