{
    "gpsHeading": 194, 
    "gpsLatitude": 51.4322303912604, 
    "gpsLongitude": 6.886141815083986, 
    "outsideTemperature": 20.5, 
    "speed": 10.9143125, 
    "yawRate": -0.008435029194016314
}