{
    "gpsHeading": 205, 
    "gpsLatitude": 51.419555947831405, 
    "gpsLongitude": 6.880467434272568, 
    "outsideTemperature": 18.5, 
    "speed": 9.027375000000001, 
    "yawRate": 0.03163534339758102
}