{
    "gpsHeading": 103, 
    "gpsLatitude": 51.42747449939889, 
    "gpsLongitude": 6.851950774747663, 
    "outsideTemperature": 17.5, 
    "speed": 12.2609375, 
    "yawRate": -0.0036768128673887158
}