{
    "gpsHeading": 99, 
    "gpsLatitude": 51.42789066089153, 
    "gpsLongitude": 6.848631289633281, 
    "outsideTemperature": 17.5, 
    "speed": 13.2335, 
    "yawRate": 0.0010355761129955767
}