{
    "gpsHeading": 326, 
    "gpsLatitude": 51.42820699391736, 
    "gpsLongitude": 6.885226008343067, 
    "outsideTemperature": 23.5, 
    "speed": 0.0, 
    "yawRate": 0.00038072012051606216
}