{
    "gpsHeading": 137, 
    "gpsLatitude": 51.42672423524569, 
    "gpsLongitude": 6.8531835012476305, 
    "outsideTemperature": 17.5, 
    "speed": 10.058125, 
    "yawRate": 0.18743674022598694
}