{
    "gpsHeading": 138, 
    "gpsLatitude": 51.425571472102035, 
    "gpsLongitude": 6.889003480646941, 
    "outsideTemperature": 19.0, 
    "speed": 12.4936875, 
    "yawRate": -0.05367707178818779
}