{
    "gpsHeading": 108, 
    "gpsLatitude": 51.430840923171075, 
    "gpsLongitude": 6.883345696003834, 
    "outsideTemperature": 21.0, 
    "speed": 4.55525, 
    "yawRate": -0.2810866836003064
}