{
    "gpsHeading": 192, 
    "gpsLatitude": 51.432696508895944, 
    "gpsLongitude": 6.886369048479033, 
    "outsideTemperature": 20.5, 
    "speed": 4.6466875000000005, 
    "yawRate": -0.002849975587633681
}