{
    "gpsHeading": 45, 
    "gpsLatitude": 51.41891171475337, 
    "gpsLongitude": 6.887670758042137, 
    "outsideTemperature": 17.5, 
    "speed": 8.0049375, 
    "yawRate": 0.07736296979983176
}