{
    "gpsHeading": 265, 
    "gpsLatitude": 51.4284903860637, 
    "gpsLongitude": 6.887048485550416, 
    "outsideTemperature": 20.5, 
    "speed": 8.6366875, 
    "yawRate": -0.0037963252169666215
}