{
    "gpsHeading": 98, 
    "gpsLatitude": 51.42782511440871, 
    "gpsLongitude": 6.849196313726305, 
    "outsideTemperature": 17.5, 
    "speed": 13.7738125, 
    "yawRate": -0.01729038103294378
}