{
    "gpsHeading": 117, 
    "gpsLatitude": 51.42872206186746, 
    "gpsLongitude": 6.84105488735338, 
    "outsideTemperature": 19.5, 
    "speed": 9.3848125, 
    "yawRate": 0.0010355761129955767
}