{
    "gpsHeading": 4, 
    "gpsLatitude": 51.42560282041992, 
    "gpsLongitude": 6.881804096371895, 
    "outsideTemperature": 18.0, 
    "speed": 10.47375, 
    "yawRate": 0.04092900249325793
}