{
    "gpsHeading": 245, 
    "gpsLatitude": 51.428128455484604, 
    "gpsLongitude": 6.879387677505546, 
    "outsideTemperature": 22.5, 
    "speed": 6.9658750000000005, 
    "yawRate": 0.07439591007144117
}