{
    "gpsHeading": 68, 
    "gpsLatitude": 51.432949810009895, 
    "gpsLongitude": 6.817622690294451, 
    "outsideTemperature": 16.5, 
    "speed": 14.488687500000001, 
    "yawRate": -0.00814027257802286
}