{
    "gpsHeading": 167, 
    "gpsLatitude": 51.41922067170441, 
    "gpsLongitude": 6.8938257571815775, 
    "outsideTemperature": 18.0, 
    "speed": 15.436312500000001, 
    "yawRate": -0.02262667862476308
}