{
    "gpsHeading": 95, 
    "gpsLatitude": 51.42807036889561, 
    "gpsLongitude": 6.8469732653662225, 
    "outsideTemperature": 17.5, 
    "speed": 13.383125000000001, 
    "yawRate": 0.0019082407389929253
}