{
    "gpsHeading": 65, 
    "gpsLatitude": 51.430063166375454, 
    "gpsLongitude": 6.88072216031005, 
    "outsideTemperature": 24.0, 
    "speed": 8.395625, 
    "yawRate": 0.00985970270714369
}