{
    "gpsHeading": 96, 
    "gpsLatitude": 51.42661761743732, 
    "gpsLongitude": 6.879055754139821, 
    "outsideTemperature": 21.0, 
    "speed": 6.9243125, 
    "yawRate": 0.07788656857543057
}