{
    "gpsHeading": 142, 
    "gpsLatitude": 51.4217109351377, 
    "gpsLongitude": 6.8920521464697515, 
    "outsideTemperature": 20.5, 
    "speed": 11.3133125, 
    "yawRate": 0.061323658396162786
}