{
    "gpsHeading": 114, 
    "gpsLatitude": 51.43071066839573, 
    "gpsLongitude": 6.834970212381581, 
    "outsideTemperature": 18.0, 
    "speed": 12.551875, 
    "yawRate": -0.005257374164785878
}