{
    "gpsHeading": 94, 
    "gpsLatitude": 51.43267756579478, 
    "gpsLongitude": 6.82382320316818, 
    "outsideTemperature": 21.5, 
    "speed": 11.1138125, 
    "yawRate": -0.008224433893176467
}