{
    "gpsHeading": 276, 
    "gpsLatitude": 51.423488401525, 
    "gpsLongitude": 6.883002373249762, 
    "outsideTemperature": 18.5, 
    "speed": 7.1071875, 
    "yawRate": 0.0009609626225881049
}