{
    "gpsHeading": 259, 
    "gpsLatitude": 51.42348756333468, 
    "gpsLongitude": 6.883614587457676, 
    "outsideTemperature": 18.5, 
    "speed": 6.9575625, 
    "yawRate": 0.009338543032161063
}