{
    "gpsHeading": 186, 
    "gpsLatitude": 51.4169911692789, 
    "gpsLongitude": 6.8793643758147285, 
    "outsideTemperature": 17.5, 
    "speed": 13.142062500000002, 
    "yawRate": -0.059994442332119736
}