{
    "gpsHeading": 39, 
    "gpsLatitude": 51.430702286492554, 
    "gpsLongitude": 6.882108527095185, 
    "outsideTemperature": 21.5, 
    "speed": 9.6508125, 
    "yawRate": 0.011430499033939116
}