{
    "gpsHeading": 136, 
    "gpsLatitude": 51.410685882615496, 
    "gpsLongitude": 6.894781545600626, 
    "outsideTemperature": 18.0, 
    "speed": 10.2493125, 
    "yawRate": -0.13696002758001527
}