{
    "gpsHeading": 249, 
    "gpsLatitude": 51.41449311067564, 
    "gpsLongitude": 6.886938766437868, 
    "outsideTemperature": 18.0, 
    "speed": 14.3058125, 
    "yawRate": -0.03951850237959843
}