{
    "gpsHeading": 197, 
    "gpsLatitude": 51.42115840008041, 
    "gpsLongitude": 6.879182404696809, 
    "outsideTemperature": 18.5, 
    "speed": 11.4629375, 
    "yawRate": -0.0032712416423049816
}