{
    "gpsHeading": 16, 
    "gpsLatitude": 51.43281896850133, 
    "gpsLongitude": 6.888612129587696, 
    "outsideTemperature": 20.0, 
    "speed": 9.2850625, 
    "yawRate": 0.0002916170659551863
}