{
    "gpsHeading": 338, 
    "gpsLatitude": 51.42892062915368, 
    "gpsLongitude": 6.889185200307799, 
    "outsideTemperature": 21.5, 
    "speed": 0.0, 
    "yawRate": -9.61640909665027e-06
}