{
    "gpsHeading": 146, 
    "gpsLatitude": 51.41209144395891, 
    "gpsLongitude": 6.89123709020502, 
    "outsideTemperature": 18.5, 
    "speed": 14.048125, 
    "yawRate": 0.03443130496582489
}