{
    "gpsHeading": 238, 
    "gpsLatitude": 51.423762322120744, 
    "gpsLongitude": 6.885767395469148, 
    "outsideTemperature": 17.5, 
    "speed": 6.766375, 
    "yawRate": -0.060873213840649025
}