{
    "gpsHeading": 295, 
    "gpsLatitude": 51.42267091450834, 
    "gpsLongitude": 6.8773576643756025, 
    "outsideTemperature": 18.5, 
    "speed": 6.0764375, 
    "yawRate": 0.039663857956755436
}