{
    "gpsHeading": 220, 
    "gpsLatitude": 51.417364247789216, 
    "gpsLongitude": 6.893706315061351, 
    "outsideTemperature": 21.5, 
    "speed": 10.523625000000001, 
    "yawRate": 0.05368207967689675
}