{
    "gpsHeading": 67, 
    "gpsLatitude": 51.414613390986204, 
    "gpsLongitude": 6.887389629009631, 
    "outsideTemperature": 18.0, 
    "speed": 15.436312500000001, 
    "yawRate": 0.045129966342125516
}