{
    "gpsHeading": 220, 
    "gpsLatitude": 51.43072005612729, 
    "gpsLongitude": 6.883212088467214, 
    "outsideTemperature": 20.5, 
    "speed": 5.6441875, 
    "yawRate": -0.12871943990120369
}