{
    "gpsHeading": 246, 
    "gpsLatitude": 51.42880395306148, 
    "gpsLongitude": 6.888507942531241, 
    "outsideTemperature": 24.0, 
    "speed": 7.98, 
    "yawRate": -0.010149633385311978
}