{
    "gpsHeading": 341, 
    "gpsLatitude": 51.4168850543847, 
    "gpsLongitude": 6.888460417140225, 
    "outsideTemperature": 17.5, 
    "speed": 6.8079375, 
    "yawRate": 0.022210565436812435
}