{
    "gpsHeading": 137, 
    "gpsLatitude": 51.42769511109046, 
    "gpsLongitude": 6.885365483211907, 
    "outsideTemperature": 25.0, 
    "speed": 13.208562500000001, 
    "yawRate": 0.02887700183114292
}