{
    "gpsHeading": 64, 
    "gpsLatitude": 51.41468648118189, 
    "gpsLongitude": 6.887583502430088, 
    "outsideTemperature": 18.0, 
    "speed": 15.602562500000001, 
    "yawRate": 0.028898404298578404
}