{
    "gpsHeading": 190, 
    "gpsLatitude": 51.41012395982664, 
    "gpsLongitude": 6.89489771877865, 
    "outsideTemperature": 20.0, 
    "speed": 7.6059375000000005, 
    "yawRate": -0.08984276390862103
}