{
    "gpsHeading": 224, 
    "gpsLatitude": 51.42391059798791, 
    "gpsLongitude": 6.893398783033853, 
    "outsideTemperature": 17.5, 
    "speed": 5.2451875, 
    "yawRate": -0.0235653176833451
}