{
    "gpsHeading": 23, 
    "gpsLatitude": 51.42770424736493, 
    "gpsLongitude": 6.8861776896295614, 
    "outsideTemperature": 26.0, 
    "speed": 10.2493125, 
    "yawRate": -0.011545389112815552
}