{
    "gpsHeading": 102, 
    "gpsLatitude": 51.42755865370677, 
    "gpsLongitude": 6.851387929949461, 
    "outsideTemperature": 17.5, 
    "speed": 13.258437500000001, 
    "yawRate": -0.009087333548571086
}