{
    "gpsHeading": 241, 
    "gpsLatitude": 51.41472009261362, 
    "gpsLongitude": 6.887672937336961, 
    "outsideTemperature": 18.0, 
    "speed": 14.206062500000002, 
    "yawRate": -0.03323531707241872
}