{
    "gpsHeading": 264, 
    "gpsLatitude": 51.41433787782884, 
    "gpsLongitude": 6.885867140116924, 
    "outsideTemperature": 18.0, 
    "speed": 12.510312500000001, 
    "yawRate": -0.028697461017233698
}