{
    "gpsHeading": 74, 
    "gpsLatitude": 51.4302242665545, 
    "gpsLongitude": 6.881842653126484, 
    "outsideTemperature": 19.0, 
    "speed": 9.177, 
    "yawRate": -0.0052985648508953155
}