{
    "gpsHeading": 85, 
    "gpsLatitude": 51.426622562760194, 
    "gpsLongitude": 6.878865149661633, 
    "outsideTemperature": 19.5, 
    "speed": 10.548562500000001, 
    "yawRate": -0.024709107482810362
}