{
    "gpsHeading": 353, 
    "gpsLatitude": 51.41578560014523, 
    "gpsLongitude": 6.887310755300753, 
    "outsideTemperature": 17.0, 
    "speed": 6.68325, 
    "yawRate": -0.0421920839617772
}