{
    "gpsHeading": 91, 
    "gpsLatitude": 51.42671811645638, 
    "gpsLongitude": 6.873248268706003, 
    "outsideTemperature": 23.0, 
    "speed": 9.559375, 
    "yawRate": 0.03271222490780148
}