{
    "gpsHeading": 328, 
    "gpsLatitude": 51.42487342720563, 
    "gpsLongitude": 6.88987545003424, 
    "outsideTemperature": 18.0, 
    "speed": 12.443812500000002, 
    "yawRate": 0.006105279600557801
}