{
    "gpsHeading": 190, 
    "gpsLatitude": 51.41597645608053, 
    "gpsLongitude": 6.8790627111194524, 
    "outsideTemperature": 17.0, 
    "speed": 14.364, 
    "yawRate": 0.00981872774765227
}