{
    "gpsHeading": 97, 
    "gpsLatitude": 51.42682372843639, 
    "gpsLongitude": 6.86001181866914, 
    "outsideTemperature": 18.0, 
    "speed": 8.728125, 
    "yawRate": -0.0015824177649954763
}