{
    "gpsHeading": 244, 
    "gpsLatitude": 51.41557395709007, 
    "gpsLongitude": 6.890516581808097, 
    "outsideTemperature": 18.5, 
    "speed": 14.812875, 
    "yawRate": -0.025381335438444567
}