{
    "gpsHeading": 97, 
    "gpsLatitude": 51.42642894079684, 
    "gpsLongitude": 6.863901608475546, 
    "outsideTemperature": 18.0, 
    "speed": 15.145375000000001, 
    "yawRate": -0.006591108520897936
}