{
    "gpsHeading": 136, 
    "gpsLatitude": 51.411889272454324, 
    "gpsLongitude": 6.891486284186409, 
    "outsideTemperature": 18.5, 
    "speed": 14.006562500000001, 
    "yawRate": 0.07090868633250533
}