{
    "gpsHeading": 125, 
    "gpsLatitude": 51.42624177289894, 
    "gpsLongitude": 6.8854468714917365, 
    "outsideTemperature": 19.0, 
    "speed": 2.6184375, 
    "yawRate": 0.18087127208590761
}