{
    "gpsHeading": 191, 
    "gpsLatitude": 51.41853033815892, 
    "gpsLongitude": 6.879968543395598, 
    "outsideTemperature": 18.0, 
    "speed": 13.0755625, 
    "yawRate": -0.00746003184709146
}