{
    "gpsHeading": 173, 
    "gpsLatitude": 51.430508413072126, 
    "gpsLongitude": 6.889956586856974, 
    "outsideTemperature": 18.5, 
    "speed": 12.019875, 
    "yawRate": -0.011412068372962167
}