{
    "gpsHeading": 357, 
    "gpsLatitude": 51.42952705984839, 
    "gpsLongitude": 6.890263783608344, 
    "outsideTemperature": 18.5, 
    "speed": 10.191125000000001, 
    "yawRate": 0.00955407073249374
}