{
    "gpsHeading": 195, 
    "gpsLatitude": 51.431192292552176, 
    "gpsLongitude": 6.885643259483112, 
    "outsideTemperature": 19.5, 
    "speed": 7.2734375, 
    "yawRate": -0.0009179047794724579
}