{
    "gpsHeading": 288, 
    "gpsLatitude": 51.43190399995075, 
    "gpsLongitude": 6.886079034629199, 
    "outsideTemperature": 18.5, 
    "speed": 4.7298124999999995, 
    "yawRate": 0.3731061539229062
}