{
    "gpsHeading": 313, 
    "gpsLatitude": 51.4316087055019, 
    "gpsLongitude": 6.889621562187075, 
    "outsideTemperature": 18.5, 
    "speed": 12.119625000000001, 
    "yawRate": 0.09018828217463049
}