{
    "gpsHeading": 91, 
    "gpsLatitude": 51.428609828183944, 
    "gpsLongitude": 6.888379615593618, 
    "outsideTemperature": 22.0, 
    "speed": 1.911875, 
    "yawRate": 0.009573094836315122
}