{
    "gpsHeading": 235, 
    "gpsLatitude": 51.42902615731466, 
    "gpsLongitude": 6.881725138843986, 
    "outsideTemperature": 18.5, 
    "speed": 6.9243125, 
    "yawRate": -0.008265624579284911
}