{
    "gpsHeading": 260, 
    "gpsLatitude": 51.42834814516683, 
    "gpsLongitude": 6.880009614721138, 
    "outsideTemperature": 18.5, 
    "speed": 7.0240625, 
    "yawRate": 0.009711266716255903
}