{
    "gpsHeading": 193, 
    "gpsLatitude": 51.430023687611495, 
    "gpsLongitude": 6.885068512382408, 
    "outsideTemperature": 19.0, 
    "speed": 12.094687500000001, 
    "yawRate": -0.0024887011062668914
}