{
    "gpsHeading": 58, 
    "gpsLatitude": 51.41487289470851, 
    "gpsLongitude": 6.888078789088693, 
    "outsideTemperature": 17.0, 
    "speed": 13.3914375, 
    "yawRate": 0.016974577680829335
}