{
    "gpsHeading": 234, 
    "gpsLatitude": 51.415650064770894, 
    "gpsLongitude": 6.890825203483004, 
    "outsideTemperature": 18.5, 
    "speed": 15.004062500000002, 
    "yawRate": -0.03672597557640811
}