{
    "gpsHeading": 176, 
    "gpsLatitude": 51.427160597124995, 
    "gpsLongitude": 6.877800480320354, 
    "outsideTemperature": 23.0, 
    "speed": 1.3050625000000002, 
    "yawRate": 0.0010920814876807686
}