{
    "gpsHeading": 341, 
    "gpsLatitude": 51.42373281782159, 
    "gpsLongitude": 6.88089239676353, 
    "outsideTemperature": 18.5, 
    "speed": 7.847, 
    "yawRate": -0.04354493330326674
}