{
    "gpsHeading": 325, 
    "gpsLatitude": 51.42835761671742, 
    "gpsLongitude": 6.884655703651044, 
    "outsideTemperature": 21.5, 
    "speed": 0.0, 
    "yawRate": -0.0006164440440108276
}