{
    "gpsHeading": 123, 
    "gpsLatitude": 51.43081343052866, 
    "gpsLongitude": 6.8346713137143515, 
    "outsideTemperature": 18.5, 
    "speed": 11.471250000000001, 
    "yawRate": -0.0017667156607974765
}