{
    "gpsHeading": 196, 
    "gpsLatitude": 51.42810900946925, 
    "gpsLongitude": 6.843177436694404, 
    "outsideTemperature": 18.5, 
    "speed": 7.564375, 
    "yawRate": -0.024795296816519388
}