{
    "gpsHeading": 137, 
    "gpsLatitude": 51.4256534471151, 
    "gpsLongitude": 6.888864592511355, 
    "outsideTemperature": 19.5, 
    "speed": 13.117125, 
    "yawRate": -0.046172156004612185
}