{
    "gpsHeading": 20, 
    "gpsLatitude": 51.42228065309651, 
    "gpsLongitude": 6.890084075604279, 
    "outsideTemperature": 22.0, 
    "speed": 0.0, 
    "yawRate": 0.0003177930049692622
}