{
    "gpsHeading": 262, 
    "gpsLatitude": 51.42914677290135, 
    "gpsLongitude": 6.892149376546575, 
    "outsideTemperature": 18.5, 
    "speed": 11.579312500000002, 
    "yawRate": 0.06016861904032804
}