{
    "gpsHeading": 149, 
    "gpsLatitude": 51.42413204786981, 
    "gpsLongitude": 6.890214665655725, 
    "outsideTemperature": 18.5, 
    "speed": 15.386437500000001, 
    "yawRate": -0.0025389247047546805
}