{
    "gpsHeading": 43, 
    "gpsLatitude": 51.428150918985125, 
    "gpsLongitude": 6.886647662940588, 
    "outsideTemperature": 20.5, 
    "speed": 9.368187500000001, 
    "yawRate": -0.06344460405457361
}