{
    "gpsHeading": 244, 
    "gpsLatitude": 51.42379869958053, 
    "gpsLongitude": 6.885870157602065, 
    "outsideTemperature": 18.5, 
    "speed": 7.182, 
    "yawRate": -0.02888416758651407
}