{
    "gpsHeading": 287, 
    "gpsLatitude": 51.43174893474203, 
    "gpsLongitude": 6.889139351297418, 
    "outsideTemperature": 18.5, 
    "speed": 12.73475, 
    "yawRate": 0.1104341014977648
}