{
    "gpsHeading": 188, 
    "gpsLatitude": 51.414989486981675, 
    "gpsLongitude": 6.878786862685978, 
    "outsideTemperature": 17.0, 
    "speed": 12.942562500000001, 
    "yawRate": 0.07160338326825084
}