{
    "gpsHeading": 60, 
    "gpsLatitude": 51.41483450559197, 
    "gpsLongitude": 6.887976865146061, 
    "outsideTemperature": 17.5, 
    "speed": 15.79375, 
    "yawRate": 0.009525249601441436
}