{
    "gpsHeading": 26, 
    "gpsLatitude": 51.42668760632882, 
    "gpsLongitude": 6.884246582957075, 
    "outsideTemperature": 19.5, 
    "speed": 4.5136875000000005, 
    "yawRate": 0.035659878319981984
}