{
    "gpsHeading": 0, 
    "gpsLatitude": 51.43115977076785, 
    "gpsLongitude": 6.890056582961843, 
    "outsideTemperature": 21.5, 
    "speed": 11.5128125, 
    "yawRate": 0.07865690048049942
}