{
    "gpsHeading": 78, 
    "gpsLatitude": 51.41440761526326, 
    "gpsLongitude": 6.88653182503869, 
    "outsideTemperature": 16.5, 
    "speed": 16.6831875, 
    "yawRate": 0.048390504216726936
}