{
    "gpsHeading": 224, 
    "gpsLatitude": 51.413643940064986, 
    "gpsLongitude": 6.892118195866776, 
    "outsideTemperature": 18.5, 
    "speed": 14.9625, 
    "yawRate": 0.011567491764699518
}