{
    "gpsHeading": 195, 
    "gpsLatitude": 51.43091761758512, 
    "gpsLongitude": 6.885506299185256, 
    "outsideTemperature": 19.5, 
    "speed": 9.9666875, 
    "yawRate": 0.0017000890985195876
}