{
    "gpsHeading": 25, 
    "gpsLatitude": 51.41619782214338, 
    "gpsLongitude": 6.88765298840738, 
    "outsideTemperature": 17.0, 
    "speed": 9.0190625, 
    "yawRate": -0.07168814832048183
}