{
    "gpsHeading": 321, 
    "gpsLatitude": 51.42713226629225, 
    "gpsLongitude": 6.886357649090719, 
    "outsideTemperature": 21.5, 
    "speed": 2.09475, 
    "yawRate": 0.0061454762419473515
}