{
    "gpsHeading": 267, 
    "gpsLatitude": 51.43175312569361, 
    "gpsLongitude": 6.888011314768129, 
    "outsideTemperature": 18.5, 
    "speed": 12.73475, 
    "yawRate": -0.014531472945027522
}