{
    "gpsHeading": 258, 
    "gpsLatitude": 51.41434978013136, 
    "gpsLongitude": 6.886060762080285, 
    "outsideTemperature": 18.0, 
    "speed": 13.000750000000002, 
    "yawRate": -0.03864583775360109
}