{
    "gpsHeading": 59, 
    "gpsLatitude": 51.426455595248946, 
    "gpsLongitude": 6.869962981756561, 
    "outsideTemperature": 21.0, 
    "speed": 15.261750000000001, 
    "yawRate": -0.03656173268243176
}