{
    "gpsHeading": 287, 
    "gpsLatitude": 51.42931868573546, 
    "gpsLongitude": 6.894431601143082, 
    "outsideTemperature": 18.0, 
    "speed": 5.1288124999999996, 
    "yawRate": 0.04929285280174812
}