{
    "gpsHeading": 137, 
    "gpsLatitude": 51.42752562900826, 
    "gpsLongitude": 6.885665220069455, 
    "outsideTemperature": 21.0, 
    "speed": 9.592625, 
    "yawRate": 0.013435662458934138
}