{
    "gpsHeading": 145, 
    "gpsLatitude": 51.42641871487498, 
    "gpsLongitude": 6.885262385802865, 
    "outsideTemperature": 19.0, 
    "speed": 6.4089374999999995, 
    "yawRate": -0.016699999239847017
}