{
    "gpsHeading": 26, 
    "gpsLatitude": 51.42442700704253, 
    "gpsLongitude": 6.881355999828146, 
    "outsideTemperature": 18.5, 
    "speed": 7.74725, 
    "yawRate": 0.047212187800436664
}