{
    "gpsHeading": 190, 
    "gpsLatitude": 51.42822761339917, 
    "gpsLongitude": 6.843253795832329, 
    "outsideTemperature": 18.5, 
    "speed": 7.1570625, 
    "yawRate": 0.00801689312097337
}