{
    "gpsHeading": 9, 
    "gpsLatitude": 51.424826153271724, 
    "gpsLongitude": 6.881617096112039, 
    "outsideTemperature": 18.5, 
    "speed": 10.6649375, 
    "yawRate": 0.045641391473642226
}