{
    "gpsHeading": 127, 
    "gpsLatitude": 51.42752898176953, 
    "gpsLongitude": 6.842885997920996, 
    "outsideTemperature": 18.5, 
    "speed": 3.3998125000000003, 
    "yawRate": 0.6635625601700325
}