{
    "gpsHeading": 119, 
    "gpsLatitude": 51.42217646604005, 
    "gpsLongitude": 6.8786727011647155, 
    "outsideTemperature": 19.0, 
    "speed": 8.47875, 
    "yawRate": -0.03294183892620788
}