{
    "gpsHeading": 150, 
    "gpsLatitude": 51.42425450747519, 
    "gpsLongitude": 6.8901190281405045, 
    "outsideTemperature": 18.5, 
    "speed": 15.0871875, 
    "yawRate": -0.010392906338728834
}