{
    "gpsHeading": 48, 
    "gpsLatitude": 51.418795122480205, 
    "gpsLongitude": 6.887501527417037, 
    "outsideTemperature": 17.5, 
    "speed": 8.911000000000001, 
    "yawRate": 0.019941637409218935
}