{
    "gpsHeading": 196, 
    "gpsLatitude": 51.42078289081817, 
    "gpsLongitude": 6.878971013098723, 
    "outsideTemperature": 18.5, 
    "speed": 9.783812500000002, 
    "yawRate": -0.0032712416423049816
}