{
    "gpsHeading": 71, 
    "gpsLatitude": 51.414543402094694, 
    "gpsLongitude": 6.8812304389185694, 
    "outsideTemperature": 17.5, 
    "speed": 11.886875000000002, 
    "yawRate": -0.08879237499002529
}