{
    "gpsHeading": 136, 
    "gpsLatitude": 51.421412036470485, 
    "gpsLongitude": 6.89238323164516, 
    "outsideTemperature": 20.5, 
    "speed": 11.6956875, 
    "yawRate": -0.056835131963851
}