{
    "gpsHeading": 240, 
    "gpsLatitude": 51.41512477089892, 
    "gpsLongitude": 6.888717154834501, 
    "outsideTemperature": 18.0, 
    "speed": 14.1561875, 
    "yawRate": 0.021917087290600608
}