{
    "gpsHeading": 242, 
    "gpsLatitude": 51.42357900989832, 
    "gpsLongitude": 6.892252138679524, 
    "outsideTemperature": 18.0, 
    "speed": 10.282562500000001, 
    "yawRate": 0.005232614974560453
}