{
    "gpsHeading": 207, 
    "gpsLatitude": 51.409205387057696, 
    "gpsLongitude": 6.894123482382363, 
    "outsideTemperature": 19.5, 
    "speed": 11.2135625, 
    "yawRate": -0.12562201357450437
}