{
    "gpsHeading": 0, 
    "gpsLatitude": 51.426839234957264, 
    "gpsLongitude": 6.852954340014821, 
    "outsideTemperature": 17.5, 
    "speed": 10.1994375, 
    "yawRate": 0.17818649519041763
}