{
    "gpsHeading": 23, 
    "gpsLatitude": 51.421460651508895, 
    "gpsLongitude": 6.889803533304995, 
    "outsideTemperature": 17.0, 
    "speed": 12.319125000000001, 
    "yawRate": -0.0013513794651110133
}