{
    "gpsHeading": 102, 
    "gpsLatitude": 51.42768647773019, 
    "gpsLongitude": 6.850393249499698, 
    "outsideTemperature": 18.0, 
    "speed": 14.172812500000001, 
    "yawRate": 0.002431839514591731
}