{
    "gpsHeading": 274, 
    "gpsLatitude": 51.428512849564214, 
    "gpsLongitude": 6.880475145623485, 
    "outsideTemperature": 18.5, 
    "speed": 5.502875, 
    "yawRate": 0.037985600598563644
}