{
    "gpsHeading": 154, 
    "gpsLatitude": 51.42291868356618, 
    "gpsLongitude": 6.891132400234374, 
    "outsideTemperature": 18.0, 
    "speed": 14.796250000000002, 
    "yawRate": 0.006536787405615362
}