{
    "gpsHeading": 0, 
    "gpsLatitude": 51.4300234361544, 
    "gpsLongitude": 6.890314913217724, 
    "outsideTemperature": 18.5, 
    "speed": 13.457937500000002, 
    "yawRate": 0.06592820557190994
}