{
    "gpsHeading": 308, 
    "gpsLatitude": 51.41535678197881, 
    "gpsLongitude": 6.888666025225123, 
    "outsideTemperature": 17.0, 
    "speed": 6.0847500000000005, 
    "yawRate": 0.12343966205248105
}