{
    "gpsHeading": 229, 
    "gpsLatitude": 51.42415928905512, 
    "gpsLongitude": 6.886879590201443, 
    "outsideTemperature": 19.0, 
    "speed": 7.780500000000001, 
    "yawRate": -0.016317796972155622
}