{
    "gpsHeading": 338, 
    "gpsLatitude": 51.42695507285914, 
    "gpsLongitude": 6.87820851136691, 
    "outsideTemperature": 25.0, 
    "speed": 6.5253125, 
    "yawRate": -0.036942673402427524
}