{
    "gpsHeading": 7, 
    "gpsLatitude": 51.425206440218766, 
    "gpsLongitude": 6.881725474120113, 
    "outsideTemperature": 18.5, 
    "speed": 11.205250000000001, 
    "yawRate": 0.0044516211265765064
}