{
    "gpsHeading": 277, 
    "gpsLatitude": 51.41538645391603, 
    "gpsLongitude": 6.8884899214394215, 
    "outsideTemperature": 17.0, 
    "speed": 8.1213125, 
    "yawRate": -0.03032384504821683
}