{
    "gpsHeading": 194, 
    "gpsLatitude": 51.43238755194492, 
    "gpsLongitude": 6.886217922764818, 
    "outsideTemperature": 20.5, 
    "speed": 9.14375, 
    "yawRate": -0.002326376812035867
}