{
    "gpsHeading": 58, 
    "gpsLatitude": 51.42578814429912, 
    "gpsLongitude": 6.86862321835306, 
    "outsideTemperature": 22.5, 
    "speed": 14.422187500000001, 
    "yawRate": 0.03255330569654216
}