{
    "gpsHeading": 115, 
    "gpsLatitude": 51.417649819230384, 
    "gpsLongitude": 6.894042429378661, 
    "outsideTemperature": 22.5, 
    "speed": 3.7156875000000005, 
    "yawRate": -0.20881543982304535
}