{
    "gpsHeading": 148, 
    "gpsLatitude": 51.42033730884538, 
    "gpsLongitude": 6.8933410317209685, 
    "outsideTemperature": 19.0, 
    "speed": 15.644125, 
    "yawRate": -0.030480660258737233
}