{
    "gpsHeading": 52, 
    "gpsLatitude": 51.429802321548664, 
    "gpsLongitude": 6.878989620923764, 
    "outsideTemperature": 21.0, 
    "speed": 7.680750000000001, 
    "yawRate": -0.03240002567906646
}