{
    "gpsHeading": 312, 
    "gpsLatitude": 51.426663969361876, 
    "gpsLongitude": 6.880731296584506, 
    "outsideTemperature": 18.0, 
    "speed": 5.81875, 
    "yawRate": 0.023650242898514202
}