{
    "gpsHeading": 89, 
    "gpsLatitude": 51.41432228748894, 
    "gpsLongitude": 6.8853627171838605, 
    "outsideTemperature": 17.0, 
    "speed": 16.608375000000002, 
    "yawRate": 0.05886247972869214
}