{
    "gpsHeading": 262, 
    "gpsLatitude": 51.42350206402717, 
    "gpsLongitude": 6.8826990321738855, 
    "outsideTemperature": 18.5, 
    "speed": 6.3175, 
    "yawRate": 0.11074217257302993
}