{
    "gpsHeading": 302, 
    "gpsLatitude": 51.42746066925867, 
    "gpsLongitude": 6.886034610542356, 
    "outsideTemperature": 22.0, 
    "speed": 5.48625, 
    "yawRate": -0.29365353239262176
}