{
    "gpsHeading": 182, 
    "gpsLatitude": 51.42201704224166, 
    "gpsLongitude": 6.891801527564823, 
    "outsideTemperature": 18.0, 
    "speed": 3.8819375000000003, 
    "yawRate": -0.4941981749915493
}