{
    "gpsHeading": 17, 
    "gpsLatitude": 51.423555624388456, 
    "gpsLongitude": 6.876956841765774, 
    "outsideTemperature": 18.5, 
    "speed": 3.8320625, 
    "yawRate": -0.0032712416423049816
}