{
    "gpsHeading": 342, 
    "gpsLatitude": 51.42944785086338, 
    "gpsLongitude": 6.880374311328298, 
    "outsideTemperature": 20.5, 
    "speed": 3.740625, 
    "yawRate": 0.37134348772947534
}