{
    "gpsHeading": 225, 
    "gpsLatitude": 51.424054766722534, 
    "gpsLongitude": 6.886586810323529, 
    "outsideTemperature": 19.0, 
    "speed": 8.1545625, 
    "yawRate": 8.82979965907563e-05
}