{
    "gpsHeading": 348, 
    "gpsLatitude": 51.43099783239851, 
    "gpsLongitude": 6.89009438534518, 
    "outsideTemperature": 18.5, 
    "speed": 13.599250000000001, 
    "yawRate": 0.022120441346853176
}