{
    "gpsHeading": 0, 
    "gpsLatitude": 51.42934642983497, 
    "gpsLongitude": 6.884763830201989, 
    "outsideTemperature": 18.5, 
    "speed": 13.341562500000002, 
    "yawRate": 0.01391739386247949
}