{
    "gpsHeading": 155, 
    "gpsLatitude": 51.42225869251019, 
    "gpsLongitude": 6.8916079894205255, 
    "outsideTemperature": 18.0, 
    "speed": 9.443000000000001, 
    "yawRate": -0.001666260078757332
}