{
    "gpsHeading": 304, 
    "gpsLatitude": 51.418145944079306, 
    "gpsLongitude": 6.886397379311786, 
    "outsideTemperature": 17.5, 
    "speed": 4.821250000000001, 
    "yawRate": -0.2964865559773476
}