{
    "gpsHeading": 90, 
    "gpsLatitude": 51.41432840627826, 
    "gpsLongitude": 6.884914872097207, 
    "outsideTemperature": 19.0, 
    "speed": 11.00575, 
    "yawRate": 0.06747018076765209
}