{
    "gpsHeading": 272, 
    "gpsLatitude": 51.43176980568092, 
    "gpsLongitude": 6.886989057856897, 
    "outsideTemperature": 18.5, 
    "speed": 9.584312500000001, 
    "yawRate": -0.024828915531793457
}