{
    "gpsHeading": 102, 
    "gpsLatitude": 51.427639539072416, 
    "gpsLongitude": 6.850796838137573, 
    "outsideTemperature": 18.0, 
    "speed": 13.965000000000002, 
    "yawRate": 0.005922498018580133
}