{
    "gpsHeading": 99, 
    "gpsLatitude": 51.42842115154349, 
    "gpsLongitude": 6.843229655951195, 
    "outsideTemperature": 19.0, 
    "speed": 2.277625, 
    "yawRate": -0.3532662620418465
}