{
    "gpsHeading": 189, 
    "gpsLatitude": 51.41638121818484, 
    "gpsLongitude": 6.879196318656074, 
    "outsideTemperature": 17.5, 
    "speed": 12.485375000000001, 
    "yawRate": 0.0009175485624814974
}