{
    "gpsHeading": 248, 
    "gpsLatitude": 51.414555052940116, 
    "gpsLongitude": 6.887231881591877, 
    "outsideTemperature": 18.0, 
    "speed": 14.247625000000001, 
    "yawRate": -0.033758915848017525
}