{
    "gpsHeading": 78, 
    "gpsLatitude": 51.427694524357236, 
    "gpsLongitude": 6.8835048683451285, 
    "outsideTemperature": 19.5, 
    "speed": 6.3258125000000005, 
    "yawRate": 0.011419208033471531
}