{
    "gpsHeading": 107, 
    "gpsLatitude": 51.41986088146891, 
    "gpsLongitude": 6.880086309135192, 
    "outsideTemperature": 18.0, 
    "speed": 7.08225, 
    "yawRate": 0.002662877814476194
}