{
    "gpsHeading": 148, 
    "gpsLatitude": 51.412194541367974, 
    "gpsLongitude": 6.891116558437379, 
    "outsideTemperature": 18.5, 
    "speed": 14.0730625, 
    "yawRate": 0.06043671082054012
}