{
    "gpsHeading": 100, 
    "gpsLatitude": 51.42661007372445, 
    "gpsLongitude": 6.862363277785843, 
    "outsideTemperature": 18.5, 
    "speed": 9.792125, 
    "yawRate": 0.0064988608690593145
}