{
    "gpsHeading": 250, 
    "gpsLatitude": 51.43050506031086, 
    "gpsLongitude": 6.882202404410739, 
    "outsideTemperature": 20.0, 
    "speed": 1.9035625, 
    "yawRate": -0.02731581036033482
}