{
    "gpsHeading": 79, 
    "gpsLatitude": 51.42491257069346, 
    "gpsLongitude": 6.889819039825863, 
    "outsideTemperature": 18.5, 
    "speed": 6.1928125000000005, 
    "yawRate": 0.3284675924439045
}