{
    "gpsHeading": 240, 
    "gpsLatitude": 51.414786477286775, 
    "gpsLongitude": 6.887849376398788, 
    "outsideTemperature": 18.0, 
    "speed": 14.214375, 
    "yawRate": -0.029744658568430317
}