{
    "gpsHeading": 316, 
    "gpsLatitude": 51.41753532243301, 
    "gpsLongitude": 6.887509322586987, 
    "outsideTemperature": 17.5, 
    "speed": 8.1046875, 
    "yawRate": -0.0053656367446982215
}