{
    "gpsHeading": 169, 
    "gpsLatitude": 51.42754893069909, 
    "gpsLongitude": 6.87788714919918, 
    "outsideTemperature": 24.0, 
    "speed": 5.2285625, 
    "yawRate": -0.035734365729399205
}