{
    "gpsHeading": 265, 
    "gpsLatitude": 51.428252340013536, 
    "gpsLongitude": 6.885903769033816, 
    "outsideTemperature": 20.5, 
    "speed": 6.641687500000001, 
    "yawRate": -0.028934352942139058
}