{
    "gpsHeading": 321, 
    "gpsLatitude": 51.425510116570806, 
    "gpsLongitude": 6.884088500263194, 
    "outsideTemperature": 18.0, 
    "speed": 4.5885, 
    "yawRate": 0.016270339097499316
}