{
    "gpsHeading": 88, 
    "gpsLatitude": 51.42663538707204, 
    "gpsLongitude": 6.878262658461398, 
    "outsideTemperature": 20.0, 
    "speed": 9.983312500000002, 
    "yawRate": 0.04161340409297225
}