{
    "gpsHeading": 172, 
    "gpsLatitude": 51.4181184514369, 
    "gpsLongitude": 6.893937655588983, 
    "outsideTemperature": 18.0, 
    "speed": 9.842, 
    "yawRate": 0.023275480702687923
}