{
    "gpsHeading": 25, 
    "gpsLatitude": 51.42078314227526, 
    "gpsLongitude": 6.889546041239466, 
    "outsideTemperature": 17.0, 
    "speed": 12.7763125, 
    "yawRate": 0.04245638475994576
}