{
    "gpsHeading": 89, 
    "gpsLatitude": 51.42753895623432, 
    "gpsLongitude": 6.8829815861298975, 
    "outsideTemperature": 20.0, 
    "speed": 5.037375, 
    "yawRate": -0.02139298190402123
}