{
    "gpsHeading": 53, 
    "gpsLatitude": 51.42972897989587, 
    "gpsLongitude": 6.880760214150448, 
    "outsideTemperature": 19.5, 
    "speed": 7.813750000000001, 
    "yawRate": -0.03147850363080982
}