{
    "gpsHeading": 228, 
    "gpsLatitude": 51.42931483006, 
    "gpsLongitude": 6.893581843799187, 
    "outsideTemperature": 19.5, 
    "speed": 9.775500000000001, 
    "yawRate": -0.008248287637847804
}