{
    "gpsHeading": 150, 
    "gpsLatitude": 51.424497582667264, 
    "gpsLongitude": 6.889931860242617, 
    "outsideTemperature": 18.5, 
    "speed": 15.037312500000002, 
    "yawRate": -0.026973534232674484
}