{
    "gpsHeading": 247, 
    "gpsLatitude": 51.42796366726818, 
    "gpsLongitude": 6.878895995065304, 
    "outsideTemperature": 22.0, 
    "speed": 7.581, 
    "yawRate": 0.00562993754286579
}