{
    "gpsHeading": 146, 
    "gpsLatitude": 51.42057426524814, 
    "gpsLongitude": 6.893134082531597, 
    "outsideTemperature": 19.0, 
    "speed": 14.6715625, 
    "yawRate": -0.04531595890068819
}