{
    "gpsHeading": 351, 
    "gpsLatitude": 51.432119833957515, 
    "gpsLongitude": 6.888557647217081, 
    "outsideTemperature": 20.5, 
    "speed": 10.00825, 
    "yawRate": -0.054162655596267054
}