{
    "gpsHeading": 33, 
    "gpsLatitude": 51.41995894973607, 
    "gpsLongitude": 6.8889002155998345, 
    "outsideTemperature": 17.0, 
    "speed": 11.063937500000002, 
    "yawRate": 0.017149110606028604
}