{
    "gpsHeading": 151, 
    "gpsLatitude": 51.42491340888377, 
    "gpsLongitude": 6.8896065585803985, 
    "outsideTemperature": 19.0, 
    "speed": 11.828687500000001, 
    "yawRate": 0.002871595976427689
}