{
    "gpsHeading": 78, 
    "gpsLatitude": 51.42523837526987, 
    "gpsLongitude": 6.891754924183189, 
    "outsideTemperature": 18.5, 
    "speed": 8.67825, 
    "yawRate": 0.013261129533733877
}