{
    "gpsHeading": 267, 
    "gpsLatitude": 51.414317845080255, 
    "gpsLongitude": 6.885135148512655, 
    "outsideTemperature": 17.5, 
    "speed": 9.758875, 
    "yawRate": -0.020668946458060274
}