{
    "gpsHeading": 157, 
    "gpsLatitude": 51.42256899056573, 
    "gpsLongitude": 6.89138436024381, 
    "outsideTemperature": 18.0, 
    "speed": 12.884375, 
    "yawRate": -0.0020153259291568666
}