{
    "gpsHeading": 97, 
    "gpsLatitude": 51.428051509613454, 
    "gpsLongitude": 6.847172670842772, 
    "outsideTemperature": 17.5, 
    "speed": 12.6765625, 
    "yawRate": 0.025295652715717102
}