{
    "gpsHeading": 309, 
    "gpsLatitude": 51.41802004789362, 
    "gpsLongitude": 6.886681861105528, 
    "outsideTemperature": 17.0, 
    "speed": 8.262625000000002, 
    "yawRate": 0.014705649653236825
}