{
    "gpsHeading": 317, 
    "gpsLatitude": 51.42298205075419, 
    "gpsLongitude": 6.8897601988655985, 
    "outsideTemperature": 17.5, 
    "speed": 7.265125, 
    "yawRate": 0.13132782892320843
}