{
    "gpsHeading": 317, 
    "gpsLatitude": 51.41702201468257, 
    "gpsLongitude": 6.888260173473391, 
    "outsideTemperature": 17.5, 
    "speed": 8.778, 
    "yawRate": 0.0065026021688631384
}