{
    "gpsHeading": 94, 
    "gpsLatitude": 51.4326889651831, 
    "gpsLongitude": 6.82356043050362, 
    "outsideTemperature": 21.5, 
    "speed": 9.3515625, 
    "yawRate": 0.007832595225171372
}