{
    "gpsHeading": 67, 
    "gpsLatitude": 51.42690754746814, 
    "gpsLongitude": 6.854785702039534, 
    "outsideTemperature": 17.5, 
    "speed": 11.471250000000001, 
    "yawRate": -0.002804148241391367
}