{
    "gpsHeading": 157, 
    "gpsLatitude": 51.42668148753951, 
    "gpsLongitude": 6.861564650051329, 
    "outsideTemperature": 18.5, 
    "speed": 2.3108750000000002, 
    "yawRate": 0.0017864718886750216
}