{
    "gpsHeading": 117, 
    "gpsLatitude": 51.42990365875805, 
    "gpsLongitude": 6.83727272118373, 
    "outsideTemperature": 18.0, 
    "speed": 12.510312500000001, 
    "yawRate": 0.006261798898375946
}