{
    "gpsHeading": 215, 
    "gpsLatitude": 51.41665287566675, 
    "gpsLongitude": 6.892821018448007, 
    "outsideTemperature": 20.0, 
    "speed": 13.748875, 
    "yawRate": -0.0698872313642994
}