{
    "gpsHeading": 126, 
    "gpsLatitude": 51.427150119746024, 
    "gpsLongitude": 6.886326552229954, 
    "outsideTemperature": 20.5, 
    "speed": 10.822875000000002, 
    "yawRate": 0.0026146210965693993
}