{
    "gpsHeading": 83, 
    "gpsLatitude": 51.425234519594405, 
    "gpsLongitude": 6.892321540837817, 
    "outsideTemperature": 18.0, 
    "speed": 7.140437500000001, 
    "yawRate": -0.16877671144927073
}