{
    "gpsHeading": 275, 
    "gpsLatitude": 51.43026089547135, 
    "gpsLongitude": 6.882136271194716, 
    "outsideTemperature": 19.0, 
    "speed": 12.5269375, 
    "yawRate": 0.01495238278270786
}