{
    "gpsHeading": 90, 
    "gpsLatitude": 51.43277622079515, 
    "gpsLongitude": 6.821491609161993, 
    "outsideTemperature": 17.0, 
    "speed": 13.399750000000001, 
    "yawRate": -0.004824146999233729
}