{
    "gpsHeading": 117, 
    "gpsLatitude": 51.431108976434615, 
    "gpsLongitude": 6.882667935313085, 
    "outsideTemperature": 22.5, 
    "speed": 2.676625, 
    "yawRate": -0.0018340032812183982
}