{
    "gpsHeading": 87, 
    "gpsLatitude": 51.42671115947675, 
    "gpsLongitude": 6.8735096164469915, 
    "outsideTemperature": 22.5, 
    "speed": 12.169500000000001, 
    "yawRate": 0.040217140691377086
}