{
    "gpsHeading": 217, 
    "gpsLatitude": 51.42421595072058, 
    "gpsLongitude": 6.8870370861621035, 
    "outsideTemperature": 18.0, 
    "speed": 8.5785, 
    "yawRate": -0.05336829805707342
}