{
    "gpsHeading": 114, 
    "gpsLatitude": 51.42721038562984, 
    "gpsLongitude": 6.881974919558597, 
    "outsideTemperature": 19.0, 
    "speed": 3.6242500000000004, 
    "yawRate": 0.0016453642223034108
}