{
    "gpsHeading": 0, 
    "gpsLatitude": 51.43134509464704, 
    "gpsLongitude": 6.885713499831722, 
    "outsideTemperature": 19.5, 
    "speed": 3.4829375000000002, 
    "yawRate": 0.0017000890985195876
}