{
    "gpsHeading": 345, 
    "gpsLatitude": 51.42948087556189, 
    "gpsLongitude": 6.878744366436865, 
    "outsideTemperature": 21.0, 
    "speed": 8.595125, 
    "yawRate": 6.309840802775322e-05
}