{
    "gpsHeading": 72, 
    "gpsLatitude": 51.42654394050841, 
    "gpsLongitude": 6.870379059430162, 
    "outsideTemperature": 20.5, 
    "speed": 15.344875, 
    "yawRate": 0.002882708412639259
}