{
    "gpsHeading": 97, 
    "gpsLatitude": 51.42663706345268, 
    "gpsLongitude": 6.862098242007461, 
    "outsideTemperature": 18.5, 
    "speed": 8.645000000000001, 
    "yawRate": -0.0027513841665099997
}