{
    "gpsHeading": 140, 
    "gpsLatitude": 51.42124900845373, 
    "gpsLongitude": 6.892606274088654, 
    "outsideTemperature": 20.0, 
    "speed": 11.255125, 
    "yawRate": 0.07441362778612004
}