{
    "gpsHeading": 34, 
    "gpsLatitude": 51.419790892577396, 
    "gpsLongitude": 6.888713550616138, 
    "outsideTemperature": 17.0, 
    "speed": 11.205250000000001, 
    "yawRate": 0.031111744621983205
}