{
    "gpsHeading": 151, 
    "gpsLatitude": 51.42472037365365, 
    "gpsLongitude": 6.889759863589471, 
    "outsideTemperature": 19.0, 
    "speed": 13.117125, 
    "yawRate": 0.0007772008740344499
}