{
    "gpsHeading": 57, 
    "gpsLatitude": 51.42793173221709, 
    "gpsLongitude": 6.878798262074292, 
    "outsideTemperature": 24.0, 
    "speed": 4.871125000000001, 
    "yawRate": 0.00390282276241569
}