{
    "gpsHeading": 297, 
    "gpsLatitude": 51.42354372208595, 
    "gpsLongitude": 6.8889387723544235, 
    "outsideTemperature": 17.5, 
    "speed": 9.858625, 
    "yawRate": 0.030622331083136622
}