{
    "gpsHeading": 29, 
    "gpsLatitude": 51.42826843326764, 
    "gpsLongitude": 6.886872717040843, 
    "outsideTemperature": 19.0, 
    "speed": 12.53525, 
    "yawRate": 0.021891183545436736
}