{
    "gpsHeading": 92, 
    "gpsLatitude": 51.43252727827085, 
    "gpsLongitude": 6.826279938988752, 
    "outsideTemperature": 19.5, 
    "speed": 12.543562500000002, 
    "yawRate": -0.0047337753891880646
}