{
    "gpsHeading": 53, 
    "gpsLatitude": 51.42803424289293, 
    "gpsLongitude": 6.884880422475172, 
    "outsideTemperature": 19.5, 
    "speed": 6.5751875, 
    "yawRate": -0.001845294281684991
}