{
    "gpsHeading": 196, 
    "gpsLatitude": 51.4318484279327, 
    "gpsLongitude": 6.885955150100258, 
    "outsideTemperature": 20.5, 
    "speed": 11.861937500000002, 
    "yawRate": 0.02455169366867671
}