{
    "gpsHeading": 110, 
    "gpsLatitude": 51.431577021907906, 
    "gpsLongitude": 6.886564933556252, 
    "outsideTemperature": 19.5, 
    "speed": 17.007375000000003, 
    "yawRate": 0.050198054222436145
}