{
    "gpsHeading": 95, 
    "gpsLatitude": 51.426881479749255, 
    "gpsLongitude": 6.859411590582761, 
    "outsideTemperature": 17.5, 
    "speed": 10.9143125, 
    "yawRate": -0.0047240104185853355
}