{
    "gpsHeading": 238, 
    "gpsLatitude": 51.41491815698566, 
    "gpsLongitude": 6.888199069399238, 
    "outsideTemperature": 18.0, 
    "speed": 14.0896875, 
    "yawRate": -0.016829222103672336
}