{
    "gpsHeading": 126, 
    "gpsLatitude": 51.42728087743555, 
    "gpsLongitude": 6.886096888082954, 
    "outsideTemperature": 20.5, 
    "speed": 10.789625000000001, 
    "yawRate": -0.009951749517790036
}