{
    "gpsHeading": 113, 
    "gpsLatitude": 51.41093868081526, 
    "gpsLongitude": 6.894401593929727, 
    "outsideTemperature": 18.0, 
    "speed": 13.9234375, 
    "yawRate": -0.1554605176511549
}