{
    "gpsHeading": 95, 
    "gpsLatitude": 51.42661594105669, 
    "gpsLongitude": 6.879174944802987, 
    "outsideTemperature": 19.5, 
    "speed": 10.556875, 
    "yawRate": -0.020171251427625343
}