{
    "gpsHeading": 100, 
    "gpsLatitude": 51.426341182270605, 
    "gpsLongitude": 6.864545171001321, 
    "outsideTemperature": 18.0, 
    "speed": 14.837812500000002, 
    "yawRate": 0.0033572682154694553
}