{
    "gpsHeading": 99, 
    "gpsLatitude": 51.428128706941706, 
    "gpsLongitude": 6.846361554072533, 
    "outsideTemperature": 17.5, 
    "speed": 14.214375, 
    "yawRate": 0.0005119773373977632
}