{
    "gpsHeading": 90, 
    "gpsLatitude": 51.42840455537519, 
    "gpsLongitude": 6.887476046431362, 
    "outsideTemperature": 23.5, 
    "speed": 8.8361875, 
    "yawRate": -0.002993275778043323
}