{
    "gpsHeading": 274, 
    "gpsLatitude": 51.43036005338592, 
    "gpsLongitude": 6.883134891138971, 
    "outsideTemperature": 19.5, 
    "speed": 14.1894375, 
    "yawRate": 0.013556119381112699
}