{
    "gpsHeading": 153, 
    "gpsLatitude": 51.42700310116433, 
    "gpsLongitude": 6.8528074052521575, 
    "outsideTemperature": 17.5, 
    "speed": 10.4654375, 
    "yawRate": 0.09074549966550335
}