{
    "gpsHeading": 293, 
    "gpsLatitude": 51.42374648032375, 
    "gpsLongitude": 6.888504925046099, 
    "outsideTemperature": 17.5, 
    "speed": 5.669125, 
    "yawRate": -0.1425143307146972
}