{
    "gpsHeading": 317, 
    "gpsLatitude": 51.42922371877249, 
    "gpsLongitude": 6.894781042686436, 
    "outsideTemperature": 18.0, 
    "speed": 6.4588125, 
    "yawRate": 0.12259668138550851
}