{
    "gpsHeading": 252, 
    "gpsLatitude": 51.4287678270588, 
    "gpsLongitude": 6.888346255618996, 
    "outsideTemperature": 23.0, 
    "speed": 9.326625000000002, 
    "yawRate": 0.0009160637634176715
}