{
    "gpsHeading": 30, 
    "gpsLatitude": 51.41920281825066, 
    "gpsLongitude": 6.88804266308599, 
    "outsideTemperature": 17.5, 
    "speed": 9.002437500000001, 
    "yawRate": -0.018630139059854743
}