{
    "gpsHeading": 77, 
    "gpsLatitude": 51.427181216606805, 
    "gpsLongitude": 6.8562415548019935, 
    "outsideTemperature": 17.5, 
    "speed": 10.548562500000001, 
    "yawRate": -0.10769843628624864
}