{
    "gpsHeading": 14, 
    "gpsLatitude": 51.420563704050146, 
    "gpsLongitude": 6.889405728180309, 
    "outsideTemperature": 17.0, 
    "speed": 12.626687500000001, 
    "yawRate": 0.012960320401242129
}