{
    "gpsHeading": 90, 
    "gpsLatitude": 51.43285031681921, 
    "gpsLongitude": 6.8198543720148, 
    "outsideTemperature": 17.0, 
    "speed": 11.6375, 
    "yawRate": 0.027289911237461946
}