{
    "gpsHeading": 92, 
    "gpsLatitude": 51.42824504775778, 
    "gpsLongitude": 6.845138215304116, 
    "outsideTemperature": 17.5, 
    "speed": 13.765500000000001, 
    "yawRate": -0.00036068728859958536
}