{
    "gpsHeading": 94, 
    "gpsLatitude": 51.43275174563789, 
    "gpsLongitude": 6.822064596063031, 
    "outsideTemperature": 17.0, 
    "speed": 12.751375000000001, 
    "yawRate": -0.008663871353620674
}