{
    "gpsHeading": 345, 
    "gpsLatitude": 51.42931424332678, 
    "gpsLongitude": 6.878833214610517, 
    "outsideTemperature": 21.0, 
    "speed": 9.750562500000001, 
    "yawRate": 0.006869882490805285
}