{
    "gpsHeading": 350, 
    "gpsLatitude": 51.430628441925585, 
    "gpsLongitude": 6.89020125461065, 
    "outsideTemperature": 18.5, 
    "speed": 13.965000000000002, 
    "yawRate": -0.0024887011062668914
}