{
    "gpsHeading": 98, 
    "gpsLatitude": 51.42700536427819, 
    "gpsLongitude": 6.858231334796713, 
    "outsideTemperature": 17.5, 
    "speed": 9.567687500000002, 
    "yawRate": -0.00036068728859958536
}