{
    "gpsHeading": 60, 
    "gpsLatitude": 51.42610648898171, 
    "gpsLongitude": 6.868739894445273, 
    "outsideTemperature": 22.0, 
    "speed": 15.3698125, 
    "yawRate": -0.0014806147173464907
}