{
    "gpsHeading": 108, 
    "gpsLatitude": 51.414206449587056, 
    "gpsLongitude": 6.879574091032181, 
    "outsideTemperature": 17.5, 
    "speed": 12.485375000000001, 
    "yawRate": 0.1642803665491482
}