{
    "gpsHeading": 275, 
    "gpsLatitude": 51.43040313636824, 
    "gpsLongitude": 6.883911306830081, 
    "outsideTemperature": 19.5, 
    "speed": 12.4770625, 
    "yawRate": 0.08302022361048517
}