{
    "gpsHeading": 91, 
    "gpsLatitude": 51.42795453099372, 
    "gpsLongitude": 6.848083280803693, 
    "outsideTemperature": 17.5, 
    "speed": 12.784625, 
    "yawRate": -0.016417716406947423
}