{
    "gpsHeading": 233, 
    "gpsLatitude": 51.40890011814407, 
    "gpsLongitude": 6.8937015373765425, 
    "outsideTemperature": 19.0, 
    "speed": 11.9783125, 
    "yawRate": -0.011302947568877529
}