{
    "gpsHeading": 0, 
    "gpsLatitude": 51.42820649100316, 
    "gpsLongitude": 6.885220979201164, 
    "outsideTemperature": 21.0, 
    "speed": 0.0, 
    "yawRate": -0.00036171634936702553
}