{
    "gpsHeading": 77, 
    "gpsLatitude": 51.41428146762048, 
    "gpsLongitude": 6.880097121790283, 
    "outsideTemperature": 17.5, 
    "speed": 14.206062500000002, 
    "yawRate": 0.016450978905230527
}