{
    "gpsHeading": 150, 
    "gpsLatitude": 51.42045893026045, 
    "gpsLongitude": 6.893234916826784, 
    "outsideTemperature": 19.0, 
    "speed": 15.644125, 
    "yawRate": -0.04706128815268289
}