{
    "gpsHeading": 36, 
    "gpsLatitude": 51.42803591927356, 
    "gpsLongitude": 6.886446329626308, 
    "outsideTemperature": 20.5, 
    "speed": 9.484562500000001, 
    "yawRate": -0.03272680921947409
}