{
    "gpsHeading": 92, 
    "gpsLatitude": 51.43263649446922, 
    "gpsLongitude": 6.824475482873254, 
    "outsideTemperature": 21.0, 
    "speed": 12.244312500000001, 
    "yawRate": 0.01865363658753611
}