{
    "gpsHeading": 0, 
    "gpsLatitude": 51.43101342273842, 
    "gpsLongitude": 6.889911324579847, 
    "outsideTemperature": 18.5, 
    "speed": 10.781312500000002, 
    "yawRate": -0.041431731507264605
}