{
    "gpsHeading": 195, 
    "gpsLatitude": 51.41818952997582, 
    "gpsLongitude": 6.879802414074672, 
    "outsideTemperature": 18.0, 
    "speed": 13.33325, 
    "yawRate": -0.005016570894298687
}