{
    "gpsHeading": 325, 
    "gpsLatitude": 51.42355646257877, 
    "gpsLongitude": 6.890932994757824, 
    "outsideTemperature": 18.0, 
    "speed": 9.991625, 
    "yawRate": 0.0038363515729652907
}