{
    "gpsHeading": 184, 
    "gpsLatitude": 51.429307873080376, 
    "gpsLongitude": 6.889950216610563, 
    "outsideTemperature": 18.0, 
    "speed": 9.368187500000001, 
    "yawRate": -0.002859955038189938
}