{
    "gpsHeading": 319, 
    "gpsLatitude": 51.43152706576498, 
    "gpsLongitude": 6.889791547183461, 
    "outsideTemperature": 21.0, 
    "speed": 10.5651875, 
    "yawRate": 0.15422965709185332
}