{
    "gpsHeading": 33, 
    "gpsLatitude": 51.42622727220646, 
    "gpsLongitude": 6.885667399364279, 
    "outsideTemperature": 19.0, 
    "speed": 5.968375, 
    "yawRate": 0.132002053030067
}