{
    "gpsHeading": 102, 
    "gpsLatitude": 51.42761648883867, 
    "gpsLongitude": 6.850996578890217, 
    "outsideTemperature": 17.5, 
    "speed": 13.524437500000001, 
    "yawRate": 0.002431839514591731
}