{
    "gpsHeading": 125, 
    "gpsLatitude": 51.4202322835986, 
    "gpsLongitude": 6.878878476887676, 
    "outsideTemperature": 18.5, 
    "speed": 5.6441875, 
    "yawRate": 0.18976217362826464
}