{
    "gpsHeading": 147, 
    "gpsLatitude": 51.419613699144286, 
    "gpsLongitude": 6.8804957651052865, 
    "outsideTemperature": 18.5, 
    "speed": 4.8960625, 
    "yawRate": -0.18722894480250357
}