{
    "gpsHeading": 106, 
    "gpsLatitude": 51.43191145984459, 
    "gpsLongitude": 6.831151333476006, 
    "outsideTemperature": 18.5, 
    "speed": 13.258437500000001, 
    "yawRate": -0.015554816751552805
}