{
    "gpsHeading": 42, 
    "gpsLatitude": 51.42816810188663, 
    "gpsLongitude": 6.886680436181988, 
    "outsideTemperature": 24.5, 
    "speed": 10.773, 
    "yawRate": -0.05500408748747378
}