{
    "gpsHeading": 349, 
    "gpsLatitude": 51.423176175631724, 
    "gpsLongitude": 6.876956841765774, 
    "outsideTemperature": 18.5, 
    "speed": 4.605125, 
    "yawRate": 0.011738589924846237
}