{
    "gpsHeading": 54, 
    "gpsLatitude": 51.43096120348164, 
    "gpsLongitude": 6.882430140720009, 
    "outsideTemperature": 21.5, 
    "speed": 5.8769375, 
    "yawRate": -0.03131819803996489
}