{
    "gpsHeading": 298, 
    "gpsLatitude": 51.431995362695375, 
    "gpsLongitude": 6.882586547033257, 
    "outsideTemperature": 20.5, 
    "speed": 6.733125, 
    "yawRate": -0.010025181165633957
}