{
    "gpsHeading": 155, 
    "gpsLatitude": 51.41230928962244, 
    "gpsLongitude": 6.891030476291776, 
    "outsideTemperature": 18.5, 
    "speed": 14.0564375, 
    "yawRate": 0.07439934483649373
}