{
    "gpsHeading": 82, 
    "gpsLatitude": 51.42994649028327, 
    "gpsLongitude": 6.879936273068354, 
    "outsideTemperature": 20.5, 
    "speed": 5.9517500000000005, 
    "yawRate": -0.07393886187653072
}