{
    "gpsHeading": 11, 
    "gpsLatitude": 51.41589951020938, 
    "gpsLongitude": 6.887379906001952, 
    "outsideTemperature": 17.0, 
    "speed": 7.780500000000001, 
    "yawRate": -0.04934793389495427
}