{
    "gpsHeading": 261, 
    "gpsLatitude": 51.42350089056073, 
    "gpsLongitude": 6.892562436735067, 
    "outsideTemperature": 17.5, 
    "speed": 7.830375000000001, 
    "yawRate": -0.07138733918798909
}