{
    "gpsHeading": 153, 
    "gpsLatitude": 51.42701676366652, 
    "gpsLongitude": 6.8777732391350135, 
    "outsideTemperature": 22.5, 
    "speed": 5.236875, 
    "yawRate": 0.022559631287210974
}