{
    "gpsHeading": 270, 
    "gpsLatitude": 51.424312342607095, 
    "gpsLongitude": 6.884964325325953, 
    "outsideTemperature": 17.5, 
    "speed": 7.140437500000001, 
    "yawRate": -0.007466138729623402
}