{
    "gpsHeading": 143, 
    "gpsLatitude": 51.42541171302752, 
    "gpsLongitude": 6.8782577131385265, 
    "outsideTemperature": 19.5, 
    "speed": 5.81875, 
    "yawRate": 0.018545374007623766
}