{
    "gpsHeading": 89, 
    "gpsLatitude": 51.42669699406039, 
    "gpsLongitude": 6.874633545843727, 
    "outsideTemperature": 21.5, 
    "speed": 13.790437500000001, 
    "yawRate": -0.0027179589076823394
}