{
    "gpsHeading": 115, 
    "gpsLatitude": 51.42226590094691, 
    "gpsLongitude": 6.878441528275178, 
    "outsideTemperature": 19.0, 
    "speed": 9.40975, 
    "yawRate": 0.001790213188478846
}