{
    "gpsHeading": 80, 
    "gpsLatitude": 51.42903814343619, 
    "gpsLongitude": 6.8919193771234815, 
    "outsideTemperature": 18.0, 
    "speed": 13.940062500000002, 
    "yawRate": 0.0016453642223034108
}