{
    "gpsHeading": 210, 
    "gpsLatitude": 51.42843841826402, 
    "gpsLongitude": 6.880264340758621, 
    "outsideTemperature": 18.5, 
    "speed": 6.733125, 
    "yawRate": 0.013725523995843111
}