{
    "gpsHeading": 142, 
    "gpsLatitude": 51.421075335419935, 
    "gpsLongitude": 6.89273183499823, 
    "outsideTemperature": 19.5, 
    "speed": 11.446312500000001, 
    "yawRate": 0.005996721107944197
}