{
    "gpsHeading": 63, 
    "gpsLatitude": 51.427370396161464, 
    "gpsLongitude": 6.882461321399841, 
    "outsideTemperature": 20.5, 
    "speed": 4.1645625, 
    "yawRate": -0.006383150336871004
}