{
    "gpsHeading": 104, 
    "gpsLatitude": 51.43212067214784, 
    "gpsLongitude": 6.829946602532665, 
    "outsideTemperature": 19.0, 
    "speed": 14.621687500000002, 
    "yawRate": -0.019220008180740475
}