{
    "gpsHeading": 217, 
    "gpsLatitude": 51.41694230278337, 
    "gpsLongitude": 6.893187642892864, 
    "outsideTemperature": 20.5, 
    "speed": 13.3249375, 
    "yawRate": 0.003242064294261718
}