{
    "gpsHeading": 144, 
    "gpsLatitude": 51.424408650674565, 
    "gpsLongitude": 6.89335184437606, 
    "outsideTemperature": 17.5, 
    "speed": 11.230187500000001, 
    "yawRate": -0.004366695911408396
}