{
    "gpsHeading": 244, 
    "gpsLatitude": 51.42826281739252, 
    "gpsLongitude": 6.886094624969098, 
    "outsideTemperature": 20.5, 
    "speed": 6.375687500000001, 
    "yawRate": -0.1397627604437775
}