{
    "gpsHeading": 91, 
    "gpsLatitude": 51.4266817389966, 
    "gpsLongitude": 6.875617665095494, 
    "outsideTemperature": 20.5, 
    "speed": 12.9758125, 
    "yawRate": 0.009499345856277562
}