{
    "gpsHeading": 264, 
    "gpsLatitude": 51.426766228580604, 
    "gpsLongitude": 6.880009866178234, 
    "outsideTemperature": 18.0, 
    "speed": 9.1853125, 
    "yawRate": -0.04616292718125779
}