{
    "gpsHeading": 171, 
    "gpsLatitude": 51.41530255106525, 
    "gpsLongitude": 6.8925851516926615, 
    "outsideTemperature": 20.5, 
    "speed": 15.6191875, 
    "yawRate": -0.002744208101653623
}