{
    "gpsHeading": 71, 
    "gpsLatitude": 51.4291020135384, 
    "gpsLongitude": 6.892519940485954, 
    "outsideTemperature": 18.0, 
    "speed": 14.081375000000001, 
    "yawRate": 0.011070142183071997
}