{
    "gpsHeading": 328, 
    "gpsLatitude": 51.42614563246954, 
    "gpsLongitude": 6.881602427781489, 
    "outsideTemperature": 18.0, 
    "speed": 6.450500000000001, 
    "yawRate": 0.06536361202117773
}