{
    "gpsHeading": 56, 
    "gpsLatitude": 51.425002843790644, 
    "gpsLongitude": 6.890071251292427, 
    "outsideTemperature": 18.5, 
    "speed": 7.680750000000001, 
    "yawRate": -0.05882096857363064
}