{
    "gpsHeading": 239, 
    "gpsLatitude": 51.429975072573086, 
    "gpsLongitude": 6.880373221680886, 
    "outsideTemperature": 21.5, 
    "speed": 3.873625, 
    "yawRate": 0.19838135885683977
}