{
    "gpsHeading": 267, 
    "gpsLatitude": 51.423470380433166, 
    "gpsLongitude": 6.882434331671595, 
    "outsideTemperature": 18.5, 
    "speed": 6.375687500000001, 
    "yawRate": -0.08613096705192763
}