{
    "gpsHeading": 141, 
    "gpsLatitude": 51.427757053354924, 
    "gpsLongitude": 6.885264900373816, 
    "outsideTemperature": 26.5, 
    "speed": 9.9334375, 
    "yawRate": 0.0364511653170277
}