{
    "gpsHeading": 91, 
    "gpsLatitude": 51.431383651401646, 
    "gpsLongitude": 6.889183775384259, 
    "outsideTemperature": 19.0, 
    "speed": 14.0896875, 
    "yawRate": -0.0039071525893865575
}