{
    "gpsHeading": 180, 
    "gpsLatitude": 51.423423693232486, 
    "gpsLongitude": 6.876956841765774, 
    "outsideTemperature": 22.0, 
    "speed": 7.3399375000000004, 
    "yawRate": 0.004408207066469899
}