{
    "gpsHeading": 0, 
    "gpsLatitude": 51.42667897296855, 
    "gpsLongitude": 6.853755482320288, 
    "outsideTemperature": 17.5, 
    "speed": 11.1969375, 
    "yawRate": 0.15584628076489007
}