{
    "gpsHeading": 325, 
    "gpsLatitude": 51.42467284826265, 
    "gpsLongitude": 6.89003688548939, 
    "outsideTemperature": 18.0, 
    "speed": 12.452125, 
    "yawRate": 0.026176565998491854
}