{
    "gpsHeading": 165, 
    "gpsLatitude": 51.41936039803035, 
    "gpsLongitude": 6.893785188770227, 
    "outsideTemperature": 18.5, 
    "speed": 15.6856875, 
    "yawRate": -0.025768271278351948
}