{
    "gpsHeading": 126, 
    "gpsLatitude": 51.431003951187826, 
    "gpsLongitude": 6.834112659867737, 
    "outsideTemperature": 18.5, 
    "speed": 11.063937500000002, 
    "yawRate": -0.003162979062392639
}