{
    "gpsHeading": 110, 
    "gpsLatitude": 51.41136062582108, 
    "gpsLongitude": 6.892628486132059, 
    "outsideTemperature": 18.5, 
    "speed": 14.1561875, 
    "yawRate": 0.0021427138039299405
}