{
    "gpsHeading": 83, 
    "gpsLatitude": 51.42670369958292, 
    "gpsLongitude": 6.873856040505203, 
    "outsideTemperature": 22.5, 
    "speed": 13.1254375, 
    "yawRate": -0.0180768563252321
}