{
    "gpsHeading": 152, 
    "gpsLatitude": 51.42186256376614, 
    "gpsLongitude": 6.87948432084918, 
    "outsideTemperature": 19.0, 
    "speed": 4.7298124999999995, 
    "yawRate": -0.29369402917415627
}