{
    "gpsHeading": 196, 
    "gpsLatitude": 51.414053144577984, 
    "gpsLongitude": 6.89262270261887, 
    "outsideTemperature": 19.0, 
    "speed": 13.931750000000001, 
    "yawRate": -0.15685678105275105
}