{
    "gpsHeading": 78, 
    "gpsLatitude": 51.42887226557236, 
    "gpsLongitude": 6.889936554108394, 
    "outsideTemperature": 18.5, 
    "speed": 14.114625, 
    "yawRate": 0.011942806809069343
}