{
    "gpsHeading": 2, 
    "gpsLatitude": 51.42928314646599, 
    "gpsLongitude": 6.8391082741600275, 
    "outsideTemperature": 21.0, 
    "speed": 0.0, 
    "yawRate": -0.0009825116450801928
}