{
    "gpsHeading": 136, 
    "gpsLatitude": 51.42088481476078, 
    "gpsLongitude": 6.892866280725134, 
    "outsideTemperature": 19.5, 
    "speed": 12.152875, 
    "yawRate": -0.054740736861457764
}