{
    "gpsHeading": 92, 
    "gpsLatitude": 51.426892879137576, 
    "gpsLongitude": 6.884772128286162, 
    "outsideTemperature": 19.5, 
    "speed": 3.5993125000000004, 
    "yawRate": -0.29176388935414854
}