{
    "gpsHeading": 203, 
    "gpsLatitude": 51.421641449160376, 
    "gpsLongitude": 6.879454062178697, 
    "outsideTemperature": 19.0, 
    "speed": 9.093875, 
    "yawRate": -0.020026402461449905
}