{
    "gpsHeading": 101, 
    "gpsLatitude": 51.42613951368022, 
    "gpsLongitude": 6.866020218322078, 
    "outsideTemperature": 18.0, 
    "speed": 11.97, 
    "yawRate": 0.006673393794258586
}