{
    "gpsHeading": 60, 
    "gpsLatitude": 51.42836675299187, 
    "gpsLongitude": 6.843867937877973, 
    "outsideTemperature": 18.0, 
    "speed": 6.6250625, 
    "yawRate": 0.010634886998964425
}