{
    "gpsHeading": 95, 
    "gpsLatitude": 51.42715456215471, 
    "gpsLongitude": 6.8568346582706425, 
    "outsideTemperature": 17.5, 
    "speed": 9.6674375, 
    "yawRate": -0.029682218722103946
}