{
    "gpsHeading": 0, 
    "gpsLatitude": 51.42579258670781, 
    "gpsLongitude": 6.881816836864716, 
    "outsideTemperature": 18.0, 
    "speed": 8.911000000000001, 
    "yawRate": 0.11004404087223185
}