{
    "gpsHeading": 163, 
    "gpsLatitude": 51.419932546741066, 
    "gpsLongitude": 6.893571534058285, 
    "outsideTemperature": 18.5, 
    "speed": 16.39225, 
    "yawRate": -0.033447719987126825
}