{
    "gpsHeading": 147, 
    "gpsLatitude": 51.42525949766588, 
    "gpsLongitude": 6.878169367879065, 
    "outsideTemperature": 19.5, 
    "speed": 6.783, 
    "yawRate": 0.09446719646937622
}