{
    "gpsHeading": 91, 
    "gpsLatitude": 51.42816759897243, 
    "gpsLongitude": 6.845953774483071, 
    "outsideTemperature": 17.5, 
    "speed": 14.231, 
    "yawRate": 0.004875300467383513
}