{
    "gpsHeading": 258, 
    "gpsLatitude": 51.42870982428883, 
    "gpsLongitude": 6.888084907878007, 
    "outsideTemperature": 22.5, 
    "speed": 10.9808125, 
    "yawRate": 0.004581255192605344
}