{
    "gpsHeading": 259, 
    "gpsLatitude": 51.42902649259078, 
    "gpsLongitude": 6.890877925653988, 
    "outsideTemperature": 18.5, 
    "speed": 4.422250000000001, 
    "yawRate": -0.053452315264500734
}