{
    "gpsHeading": 208, 
    "gpsLatitude": 51.40955591824848, 
    "gpsLongitude": 6.894382147914336, 
    "outsideTemperature": 19.5, 
    "speed": 10.390625, 
    "yawRate": -0.008684953690886477
}