{
    "gpsHeading": 243, 
    "gpsLatitude": 51.42849290063465, 
    "gpsLongitude": 6.887062650966776, 
    "outsideTemperature": 21.5, 
    "speed": 7.988312500000001, 
    "yawRate": -0.015560154066494348
}