{
    "gpsHeading": 0, 
    "gpsLatitude": 51.43164281984782, 
    "gpsLongitude": 6.885854651081198, 
    "outsideTemperature": 20.5, 
    "speed": 11.787125000000001, 
    "yawRate": 0.01023999380232357
}