{
    "gpsHeading": 252, 
    "gpsLatitude": 51.425827036329856, 
    "gpsLongitude": 6.879214088290797, 
    "outsideTemperature": 20.0, 
    "speed": 7.94675, 
    "yawRate": -0.00868176232348735
}