{
    "gpsHeading": 207, 
    "gpsLatitude": 51.423378933869536, 
    "gpsLongitude": 6.878248241587944, 
    "outsideTemperature": 18.5, 
    "speed": 10.423875, 
    "yawRate": -0.00012964898871512236
}