{
    "gpsHeading": 71, 
    "gpsLatitude": 51.426502869182855, 
    "gpsLongitude": 6.870171607326567, 
    "outsideTemperature": 20.5, 
    "speed": 14.99575, 
    "yawRate": -0.014570584107303742
}