{
    "gpsHeading": 211, 
    "gpsLatitude": 51.42814144743454, 
    "gpsLongitude": 6.8847890597305685, 
    "outsideTemperature": 28.0, 
    "speed": 6.7248125000000005, 
    "yawRate": 0.29563255923818066
}