{
    "gpsHeading": 314, 
    "gpsLatitude": 51.433730332833555, 
    "gpsLongitude": 6.886694098684158, 
    "outsideTemperature": 19.5, 
    "speed": 0.8728125000000001, 
    "yawRate": 0.09261953449645402
}