{
    "gpsHeading": 96, 
    "gpsLatitude": 51.42818897282553, 
    "gpsLongitude": 6.845729642392166, 
    "outsideTemperature": 17.5, 
    "speed": 14.222687500000001, 
    "yawRate": -0.006818405520978575
}