{
    "gpsHeading": 36, 
    "gpsLatitude": 51.430839246790434, 
    "gpsLongitude": 6.882290162937011, 
    "outsideTemperature": 21.5, 
    "speed": 9.576, 
    "yawRate": -0.004975595934807266
}