{
    "gpsHeading": 49, 
    "gpsLatitude": 51.42672037957024, 
    "gpsLongitude": 6.873066549045179, 
    "outsideTemperature": 22.5, 
    "speed": 3.7073750000000003, 
    "yawRate": 0.0030416276238985733
}