{
    "gpsHeading": 246, 
    "gpsLatitude": 51.41536533152004, 
    "gpsLongitude": 6.889534055117931, 
    "outsideTemperature": 18.5, 
    "speed": 14.06475, 
    "yawRate": 0.019473626337808827
}