{
    "gpsHeading": 273, 
    "gpsLatitude": 51.42638066103456, 
    "gpsLongitude": 6.883508472563492, 
    "outsideTemperature": 19.0, 
    "speed": 1.7123750000000002, 
    "yawRate": -0.3113115769764848
}