{
    "gpsHeading": 181, 
    "gpsLatitude": 51.416639799897794, 
    "gpsLongitude": 6.879280724421044, 
    "outsideTemperature": 17.5, 
    "speed": 11.778812499999999, 
    "yawRate": 0.00667713509406241
}