{
    "gpsHeading": 120, 
    "gpsLatitude": 51.42945950170879, 
    "gpsLongitude": 6.838579040793577, 
    "outsideTemperature": 18.0, 
    "speed": 11.2385, 
    "yawRate": -0.004035643688389988
}