{
    "gpsHeading": 122, 
    "gpsLatitude": 51.41086953011406, 
    "gpsLongitude": 6.894571578926112, 
    "outsideTemperature": 18.0, 
    "speed": 12.40225, 
    "yawRate": -0.13992708730840586
}