{
    "gpsHeading": 239, 
    "gpsLatitude": 51.42385008064699, 
    "gpsLongitude": 6.886013823422491, 
    "outsideTemperature": 18.0, 
    "speed": 10.166187500000001, 
    "yawRate": 0.010510752565918404
}