{
    "gpsHeading": 187, 
    "gpsLatitude": 51.43042618660198, 
    "gpsLongitude": 6.885257105203867, 
    "outsideTemperature": 19.5, 
    "speed": 6.8079375, 
    "yawRate": -0.005817035316024269
}