{
    "gpsHeading": 71, 
    "gpsLatitude": 51.414557316053966, 
    "gpsLongitude": 6.887208496082027, 
    "outsideTemperature": 18.0, 
    "speed": 15.261750000000001, 
    "yawRate": 0.04478090049172598
}