{
    "gpsHeading": 28, 
    "gpsLatitude": 51.43108592620088, 
    "gpsLongitude": 6.882560479314392, 
    "outsideTemperature": 21.0, 
    "speed": 8.038187500000001, 
    "yawRate": 0.04390549272098948
}