{
    "gpsHeading": 76, 
    "gpsLatitude": 51.42814563838613, 
    "gpsLongitude": 6.885922376858856, 
    "outsideTemperature": 19.5, 
    "speed": 10.1163125, 
    "yawRate": 0.007404950753884323
}