{
    "gpsHeading": 208, 
    "gpsLatitude": 51.423553109817504, 
    "gpsLongitude": 6.878395763083828, 
    "outsideTemperature": 18.5, 
    "speed": 10.8976875, 
    "yawRate": 0.001790213188478846
}