{
    "gpsHeading": 228, 
    "gpsLatitude": 51.425682867595235, 
    "gpsLongitude": 6.878221838592953, 
    "outsideTemperature": 19.5, 
    "speed": 2.5519375, 
    "yawRate": 0.16951635430513132
}