{
    "gpsHeading": 332, 
    "gpsLatitude": 51.42447897484221, 
    "gpsLongitude": 6.890192369793288, 
    "outsideTemperature": 18.0, 
    "speed": 11.93675, 
    "yawRate": 0.00907233932894839
}