{
    "gpsHeading": 127, 
    "gpsLatitude": 51.42180900340485, 
    "gpsLongitude": 6.891980984111792, 
    "outsideTemperature": 21.0, 
    "speed": 7.938437500000001, 
    "yawRate": -0.046014090601486264
}