{
    "gpsHeading": 104, 
    "gpsLatitude": 51.411175050484786, 
    "gpsLongitude": 6.893419067239529, 
    "outsideTemperature": 18.5, 
    "speed": 14.613375, 
    "yawRate": -0.0552786185866819
}