{
    "gpsHeading": 319, 
    "gpsLatitude": 51.431874495651584, 
    "gpsLongitude": 6.883074625255134, 
    "outsideTemperature": 20.5, 
    "speed": 4.7464375, 
    "yawRate": 0.2294339922079835
}