{
    "gpsHeading": 28, 
    "gpsLatitude": 51.427791754434075, 
    "gpsLongitude": 6.88622881923894, 
    "outsideTemperature": 21.5, 
    "speed": 8.2376875, 
    "yawRate": -0.01125925941994388
}