{
    "gpsHeading": 0, 
    "gpsLatitude": 51.42832232890505, 
    "gpsLongitude": 6.887113780576155, 
    "outsideTemperature": 20.0, 
    "speed": 10.290875, 
    "yawRate": -0.03935906037705235
}