{
    "gpsHeading": 26, 
    "gpsLatitude": 51.43159705465649, 
    "gpsLongitude": 6.883012682990696, 
    "outsideTemperature": 20.5, 
    "speed": 6.0431875, 
    "yawRate": 0.012140500334693336
}