{
    "gpsHeading": 229, 
    "gpsLatitude": 51.415876711432745, 
    "gpsLongitude": 6.891377403264177, 
    "outsideTemperature": 18.5, 
    "speed": 15.2534375, 
    "yawRate": -0.07041083013989723
}