{
    "gpsHeading": 292, 
    "gpsLatitude": 51.431706187035815, 
    "gpsLongitude": 6.889306570265757, 
    "outsideTemperature": 18.5, 
    "speed": 12.551875, 
    "yawRate": 0.07081512747749351
}