{
    "gpsHeading": 199, 
    "gpsLatitude": 51.424231457241454, 
    "gpsLongitude": 6.878965732499724, 
    "outsideTemperature": 18.5, 
    "speed": 12.8428125, 
    "yawRate": -0.008856295248686624
}