{
    "gpsHeading": 127, 
    "gpsLatitude": 51.42596064386646, 
    "gpsLongitude": 6.888344327781266, 
    "outsideTemperature": 19.0, 
    "speed": 12.7763125, 
    "yawRate": -0.00593749223820283
}