{
    "gpsHeading": 97, 
    "gpsLatitude": 51.43241948699601, 
    "gpsLongitude": 6.8273824107133665, 
    "outsideTemperature": 19.0, 
    "speed": 13.715625, 
    "yawRate": 0.009403391551965807
}