{
    "gpsHeading": 181, 
    "gpsLatitude": 51.41793924634701, 
    "gpsLongitude": 6.8939731948584315, 
    "outsideTemperature": 18.0, 
    "speed": 7.4563125, 
    "yawRate": 0.05154981458499467
}