{
    "gpsHeading": 42, 
    "gpsLatitude": 51.41645062034314, 
    "gpsLongitude": 6.887998490456276, 
    "outsideTemperature": 17.0, 
    "speed": 8.9193125, 
    "yawRate": -0.0032712416423049816
}