{
    "gpsHeading": 206, 
    "gpsLatitude": 51.423827030413264, 
    "gpsLongitude": 6.87862601396405, 
    "outsideTemperature": 18.5, 
    "speed": 11.787125000000001, 
    "yawRate": -0.00030418191391439354
}