{
    "gpsHeading": 170, 
    "gpsLatitude": 51.42957617780099, 
    "gpsLongitude": 6.882889385194978, 
    "outsideTemperature": 18.5, 
    "speed": 5.120500000000001, 
    "yawRate": -0.27530100013441305
}