{
    "gpsHeading": 157, 
    "gpsLatitude": 51.42246203748122, 
    "gpsLongitude": 6.891461306114958, 
    "outsideTemperature": 18.0, 
    "speed": 12.119625000000001, 
    "yawRate": -0.011440103889925453
}