{
    "gpsHeading": 298, 
    "gpsLatitude": 51.42195702781492, 
    "gpsLongitude": 6.89130875547717, 
    "outsideTemperature": 18.0, 
    "speed": 9.027375000000001, 
    "yawRate": -0.04652122185501073
}