{
    "gpsHeading": 147, 
    "gpsLatitude": 51.42502983351888, 
    "gpsLongitude": 6.889509663779703, 
    "outsideTemperature": 18.5, 
    "speed": 6.550250000000001, 
    "yawRate": 0.27750397828567164
}