{
    "gpsHeading": 89, 
    "gpsLatitude": 51.426647037917455, 
    "gpsLongitude": 6.877722109525666, 
    "outsideTemperature": 20.0, 
    "speed": 5.910187500000001, 
    "yawRate": -0.001845294281684991
}