{
    "gpsHeading": 66, 
    "gpsLatitude": 51.4154058999314, 
    "gpsLongitude": 6.88976514418847, 
    "outsideTemperature": 17.5, 
    "speed": 14.729750000000001, 
    "yawRate": -0.0025175222373191946
}