{
    "gpsHeading": 300, 
    "gpsLatitude": 51.43216090528308, 
    "gpsLongitude": 6.882389907584786, 
    "outsideTemperature": 20.5, 
    "speed": 3.4413750000000003, 
    "yawRate": -0.26781031168519176
}