{
    "gpsHeading": 342, 
    "gpsLatitude": 51.43066507084245, 
    "gpsLongitude": 6.890190777231687, 
    "outsideTemperature": 21.5, 
    "speed": 10.789625000000001, 
    "yawRate": -0.003897173138830301
}