{
    "gpsHeading": 93, 
    "gpsLatitude": 51.432802288514026, 
    "gpsLongitude": 6.820918203165763, 
    "outsideTemperature": 17.0, 
    "speed": 13.208562500000001, 
    "yawRate": 0.0066950260639290875
}