{
    "gpsHeading": 101, 
    "gpsLatitude": 51.432053700741456, 
    "gpsLongitude": 6.830356309959856, 
    "outsideTemperature": 18.5, 
    "speed": 14.779625000000001, 
    "yawRate": -0.02724852273991489
}