{
    "gpsHeading": 290, 
    "gpsLatitude": 51.433435373660835, 
    "gpsLongitude": 6.888522107947601, 
    "outsideTemperature": 20.5, 
    "speed": 7.5061875, 
    "yawRate": 0.049858967822593865
}