{
    "gpsHeading": 104, 
    "gpsLatitude": 51.427757053354924, 
    "gpsLongitude": 6.849784052776926, 
    "outsideTemperature": 18.0, 
    "speed": 14.2891875, 
    "yawRate": -1.162143820104258e-05
}