{
    "gpsHeading": 83, 
    "gpsLatitude": 51.41432262276507, 
    "gpsLongitude": 6.885402112128768, 
    "outsideTemperature": 19.0, 
    "speed": 13.1753125, 
    "yawRate": 0.040243044436540955
}