{
    "gpsHeading": 31, 
    "gpsLatitude": 51.429885889123305, 
    "gpsLongitude": 6.880972946853041, 
    "outsideTemperature": 19.5, 
    "speed": 7.6724375, 
    "yawRate": -0.06394162771790304
}