{
    "gpsHeading": 51, 
    "gpsLatitude": 51.430260392557166, 
    "gpsLongitude": 6.882220425502591, 
    "outsideTemperature": 19.0, 
    "speed": 5.1620625, 
    "yawRate": -0.35139735552136475
}