{
    "gpsHeading": 82, 
    "gpsLatitude": 51.42665399489709, 
    "gpsLongitude": 6.877405189766618, 
    "outsideTemperature": 19.5, 
    "speed": 4.771375000000001, 
    "yawRate": -0.001845294281684991
}