{
    "gpsHeading": 189, 
    "gpsLatitude": 51.415293414790796, 
    "gpsLongitude": 6.878843775808545, 
    "outsideTemperature": 17.0, 
    "speed": 13.557687500000002, 
    "yawRate": -0.002398577016307633
}