{
    "gpsHeading": 117, 
    "gpsLatitude": 51.43012007949802, 
    "gpsLongitude": 6.83664852085428, 
    "outsideTemperature": 18.0, 
    "speed": 12.5685, 
    "yawRate": -0.0010685839600003916
}