{
    "gpsHeading": 141, 
    "gpsLatitude": 51.427171745056214, 
    "gpsLongitude": 6.852676312286489, 
    "outsideTemperature": 17.5, 
    "speed": 10.290875, 
    "yawRate": -0.06807946226597836
}