{
    "gpsHeading": 205, 
    "gpsLatitude": 51.4244422621063, 
    "gpsLongitude": 6.878713772490288, 
    "outsideTemperature": 19.0, 
    "speed": 12.5934375, 
    "yawRate": 0.0038846082908720854
}