{
    "gpsHeading": 274, 
    "gpsLatitude": 51.43357065757807, 
    "gpsLongitude": 6.8874179598423835, 
    "outsideTemperature": 20.0, 
    "speed": 10.573500000000001, 
    "yawRate": 0.008494664550328872
}