{
    "gpsHeading": 124, 
    "gpsLatitude": 51.4201945650343, 
    "gpsLongitude": 6.879009905129472, 
    "outsideTemperature": 18.5, 
    "speed": 6.384, 
    "yawRate": 0.0030119436648747364
}