{
    "gpsHeading": 119, 
    "gpsLatitude": 51.41422036354633, 
    "gpsLongitude": 6.879404608949985, 
    "outsideTemperature": 17.5, 
    "speed": 11.903500000000001, 
    "yawRate": 0.21280051975458927
}