{
    "gpsHeading": 107, 
    "gpsLatitude": 51.41108704050145, 
    "gpsLongitude": 6.893828523209624, 
    "outsideTemperature": 18.5, 
    "speed": 14.513625, 
    "yawRate": -0.0772697671618109
}