{
    "gpsHeading": 338, 
    "gpsLatitude": 51.42967483280137, 
    "gpsLongitude": 6.878641269027821, 
    "outsideTemperature": 21.0, 
    "speed": 4.8295625, 
    "yawRate": -0.3444648959356472
}