{
    "gpsHeading": 152, 
    "gpsLatitude": 51.42363676121119, 
    "gpsLongitude": 6.890597718630829, 
    "outsideTemperature": 18.5, 
    "speed": 14.746375, 
    "yawRate": -0.0014917271535580608
}