{
    "gpsHeading": 87, 
    "gpsLatitude": 51.422355671129914, 
    "gpsLongitude": 6.878209601014322, 
    "outsideTemperature": 19.5, 
    "speed": 9.467937500000001, 
    "yawRate": -0.012172420827475753
}