{
    "gpsHeading": 45, 
    "gpsLatitude": 51.42845954066001, 
    "gpsLongitude": 6.887717948156993, 
    "outsideTemperature": 23.0, 
    "speed": 8.3125, 
    "yawRate": -0.03737626204233151
}