{
    "gpsHeading": 65, 
    "gpsLatitude": 51.42241090787185, 
    "gpsLongitude": 6.890349362839758, 
    "outsideTemperature": 24.0, 
    "speed": 4.9459375, 
    "yawRate": -0.36017335596046024
}