{
    "gpsHeading": 357, 
    "gpsLatitude": 51.42299428833282, 
    "gpsLongitude": 6.876956841765774, 
    "outsideTemperature": 18.5, 
    "speed": 3.7489375, 
    "yawRate": 0.016625511830429804
}