{
    "gpsHeading": 123, 
    "gpsLatitude": 51.422100609816304, 
    "gpsLongitude": 6.8909599006670375, 
    "outsideTemperature": 22.0, 
    "speed": 8.1545625, 
    "yawRate": -0.0002864641992355215
}