{
    "gpsHeading": 1, 
    "gpsLatitude": 51.42252900888759, 
    "gpsLongitude": 6.890182395328514, 
    "outsideTemperature": 18.0, 
    "speed": 8.8361875, 
    "yawRate": 0.003918793527624309
}