{
    "gpsHeading": 101, 
    "gpsLatitude": 51.42606617202744, 
    "gpsLongitude": 6.866539896318912, 
    "outsideTemperature": 18.0, 
    "speed": 13.258437500000001, 
    "yawRate": 0.0012628731130772076
}