{
    "gpsHeading": 0, 
    "gpsLatitude": 51.42899782648192, 
    "gpsLongitude": 6.8846104413738844, 
    "outsideTemperature": 18.5, 
    "speed": 12.1944375, 
    "yawRate": 0.07954177373746502
}