{
    "gpsHeading": 281, 
    "gpsLatitude": 51.43178866496308, 
    "gpsLongitude": 6.888776833985083, 
    "outsideTemperature": 18.5, 
    "speed": 13.142062500000002, 
    "yawRate": 0.07448031890668218
}