{
    "gpsHeading": 146, 
    "gpsLatitude": 51.426602613830624, 
    "gpsLongitude": 6.885095166834526, 
    "outsideTemperature": 19.5, 
    "speed": 8.013250000000001, 
    "yawRate": 0.020650046752830765
}