{
    "gpsHeading": 207, 
    "gpsLatitude": 51.42373256636449, 
    "gpsLongitude": 6.87854655352195, 
    "outsideTemperature": 18.5, 
    "speed": 11.0971875, 
    "yawRate": 4.488393648414881e-05
}