{
    "gpsHeading": 50, 
    "gpsLatitude": 51.41612037335805, 
    "gpsLongitude": 6.891881323283049, 
    "outsideTemperature": 17.5, 
    "speed": 9.783812500000002, 
    "yawRate": -0.012116833123288043
}