{
    "gpsHeading": 144, 
    "gpsLatitude": 51.42078733322684, 
    "gpsLongitude": 6.89294850719528, 
    "outsideTemperature": 19.5, 
    "speed": 13.3914375, 
    "yawRate": -0.061372988019036026
}