{
    "gpsHeading": 102, 
    "gpsLatitude": 51.43229400990548, 
    "gpsLongitude": 6.828536850237647, 
    "outsideTemperature": 19.0, 
    "speed": 14.0564375, 
    "yawRate": -0.0005449851844015856
}