{
    "gpsHeading": 198, 
    "gpsLatitude": 51.42135227350084, 
    "gpsLongitude": 6.87929128561904, 
    "outsideTemperature": 18.5, 
    "speed": 11.4130625, 
    "yawRate": -0.008856295248686624
}