{
    "gpsHeading": 138, 
    "gpsLatitude": 51.4264098300576, 
    "gpsLongitude": 6.887577132183644, 
    "outsideTemperature": 19.5, 
    "speed": 11.820375000000002, 
    "yawRate": -0.014315072647775788
}