{
    "gpsHeading": 299, 
    "gpsLatitude": 51.431633096840145, 
    "gpsLongitude": 6.8895424370211025, 
    "outsideTemperature": 21.0, 
    "speed": 9.94175, 
    "yawRate": 0.010763592577921383
}