{
    "gpsHeading": 88, 
    "gpsLatitude": 51.42660202709741, 
    "gpsLongitude": 6.878431889086498, 
    "outsideTemperature": 21.5, 
    "speed": 6.3008750000000004, 
    "yawRate": -0.03451263525300232
}