{
    "gpsHeading": 131, 
    "gpsLatitude": 51.42687896517831, 
    "gpsLongitude": 6.886787389266524, 
    "outsideTemperature": 20.0, 
    "speed": 10.989125000000001, 
    "yawRate": -0.006635623939000907
}