{
    "gpsHeading": 114, 
    "gpsLatitude": 51.43187340600417, 
    "gpsLongitude": 6.8853718534583175, 
    "outsideTemperature": 20.0, 
    "speed": 18.1960625, 
    "yawRate": 0.002201499792592897
}