{
    "gpsHeading": 326, 
    "gpsLatitude": 51.42415174534226, 
    "gpsLongitude": 6.885090472968717, 
    "outsideTemperature": 17.5, 
    "speed": 6.5585625, 
    "yawRate": -0.002928282674437389
}