{
    "gpsHeading": 203, 
    "gpsLatitude": 51.41394342546543, 
    "gpsLongitude": 6.892529328217506, 
    "outsideTemperature": 19.0, 
    "speed": 14.546875, 
    "yawRate": -0.052486091783491576
}