{
    "gpsHeading": 66, 
    "gpsLatitude": 51.42990810116673, 
    "gpsLongitude": 6.879683810144729, 
    "outsideTemperature": 20.5, 
    "speed": 5.88525, 
    "yawRate": 0.10652818277968046
}