{
    "gpsHeading": 94, 
    "gpsLatitude": 51.43139144657161, 
    "gpsLongitude": 6.888959056560132, 
    "outsideTemperature": 19.0, 
    "speed": 15.378125, 
    "yawRate": 0.009706415576168506
}