{
    "gpsHeading": 322, 
    "gpsLatitude": 51.4272514569554, 
    "gpsLongitude": 6.886148520606524, 
    "outsideTemperature": 22.5, 
    "speed": 5.9517500000000005, 
    "yawRate": -0.05087823344021417
}