{
    "gpsHeading": 57, 
    "gpsLatitude": 51.4150070051593, 
    "gpsLongitude": 6.888435439068774, 
    "outsideTemperature": 17.0, 
    "speed": 10.265937500000001, 
    "yawRate": -0.027705851170224782
}