{
    "gpsHeading": 54, 
    "gpsLatitude": 51.42802510661847, 
    "gpsLongitude": 6.879077127992941, 
    "outsideTemperature": 23.5, 
    "speed": 5.270125000000001, 
    "yawRate": 0.015247462900378244
}