{
    "gpsHeading": 221, 
    "gpsLatitude": 51.42404923466644, 
    "gpsLongitude": 6.886571303802661, 
    "outsideTemperature": 18.0, 
    "speed": 10.889375000000001, 
    "yawRate": 0.013652345219508264
}