{
    "gpsHeading": 67, 
    "gpsLatitude": 51.427156489992434, 
    "gpsLongitude": 6.855972998624245, 
    "outsideTemperature": 17.5, 
    "speed": 9.102187500000001, 
    "yawRate": -0.11049096308943997
}