{
    "gpsHeading": 94, 
    "gpsLatitude": 51.43239953806646, 
    "gpsLongitude": 6.827576284133791, 
    "outsideTemperature": 19.0, 
    "speed": 13.649125, 
    "yawRate": -0.002464847361595554
}