{
    "gpsHeading": 108, 
    "gpsLatitude": 51.411218133467116, 
    "gpsLongitude": 6.893217985382377, 
    "outsideTemperature": 18.5, 
    "speed": 14.646625, 
    "yawRate": -0.014961512865614517
}