{
    "gpsHeading": 176, 
    "gpsLatitude": 51.41474733379896, 
    "gpsLongitude": 6.8926498599851795, 
    "outsideTemperature": 19.5, 
    "speed": 13.5909375, 
    "yawRate": -0.009376459259231884
}