{
    "gpsHeading": 213, 
    "gpsLatitude": 51.41751143400896, 
    "gpsLongitude": 6.89389658426341, 
    "outsideTemperature": 22.0, 
    "speed": 7.4230625, 
    "yawRate": 0.022789751916597958
}