{
    "gpsHeading": 129, 
    "gpsLatitude": 51.42685566348748, 
    "gpsLongitude": 6.886826532754335, 
    "outsideTemperature": 21.5, 
    "speed": 14.937562500000002, 
    "yawRate": 0.003220661826826232
}