{
    "gpsHeading": 94, 
    "gpsLatitude": 51.432868170272975, 
    "gpsLongitude": 6.819519934078124, 
    "outsideTemperature": 17.0, 
    "speed": 11.60425, 
    "yawRate": 0.02013406130428488
}