{
    "gpsHeading": 183, 
    "gpsLatitude": 51.42912011844925, 
    "gpsLongitude": 6.881951031134526, 
    "outsideTemperature": 18.5, 
    "speed": 6.1429375, 
    "yawRate": -0.009836420906080336
}