{
    "gpsHeading": 304, 
    "gpsLatitude": 51.42350089056073, 
    "gpsLongitude": 6.880987112269401, 
    "outsideTemperature": 18.5, 
    "speed": 5.137125, 
    "yawRate": -0.3974977056077103
}