{
    "gpsHeading": 8, 
    "gpsLatitude": 51.43015620550071, 
    "gpsLongitude": 6.881368237406777, 
    "outsideTemperature": 23.0, 
    "speed": 7.531125, 
    "yawRate": 0.029407390329479928
}