{
    "gpsHeading": 57, 
    "gpsLatitude": 51.426362304666604, 
    "gpsLongitude": 6.869536259065932, 
    "outsideTemperature": 21.0, 
    "speed": 15.527750000000001, 
    "yawRate": -0.07722790425389868
}