{
    "gpsHeading": 132, 
    "gpsLatitude": 51.42539067445057, 
    "gpsLongitude": 6.889213782597613, 
    "outsideTemperature": 19.0, 
    "speed": 12.2110625, 
    "yawRate": -0.028277706663730386
}