{
    "gpsHeading": 194, 
    "gpsLatitude": 51.430934800486625, 
    "gpsLongitude": 6.885514094355206, 
    "outsideTemperature": 20.0, 
    "speed": 9.2850625, 
    "yawRate": 0.01495238278270786
}