{
    "gpsHeading": 309, 
    "gpsLatitude": 51.422045624531485, 
    "gpsLongitude": 6.891083785195946, 
    "outsideTemperature": 17.5, 
    "speed": 10.573500000000001, 
    "yawRate": -0.011440103889925453
}