{
    "gpsHeading": 208, 
    "gpsLatitude": 49.7848474532085, 
    "gpsLongitude": 9.93808990735928, 
    "outsideTemperature": 38.0, 
    "speed": 6.6250625, 
    "yawRate": -0.011689720784571492
}