{
    "gpsHeading": 221, 
    "gpsLatitude": 49.79341157895851, 
    "gpsLongitude": 9.927402142620814, 
    "outsideTemperature": 41.5, 
    "speed": 5.7439375, 
    "yawRate": 0.07942456502773686
}