{
    "gpsHeading": 139, 
    "gpsLatitude": 49.798008549935815, 
    "gpsLongitude": 9.942290162859294, 
    "outsideTemperature": 40.0, 
    "speed": 4.8877500000000005, 
    "yawRate": 0.09805771593723187
}