{
    "gpsHeading": 89, 
    "gpsLatitude": 49.80016026829988, 
    "gpsLongitude": 9.930390710197885, 
    "outsideTemperature": 37.0, 
    "speed": 11.479562500000002, 
    "yawRate": -0.0007654585832084651
}