{
    "gpsHeading": 1, 
    "gpsLatitude": 49.790054962013066, 
    "gpsLongitude": 9.94208991919246, 
    "outsideTemperature": 38.5, 
    "speed": 11.07225, 
    "yawRate": -0.008100883598732766
}