{
    "gpsHeading": 327, 
    "gpsLatitude": 49.78290938955637, 
    "gpsLongitude": 9.94097847883145, 
    "outsideTemperature": 37.0, 
    "speed": 4.1978125, 
    "yawRate": -0.17415434337391847
}