{
    "gpsHeading": 114, 
    "gpsLatitude": 49.799430539809464, 
    "gpsLongitude": 9.941197665599452, 
    "outsideTemperature": 38.0, 
    "speed": 5.48625, 
    "yawRate": -0.05793952640190183
}