{
    "gpsHeading": 306, 
    "gpsLatitude": 49.791486339618245, 
    "gpsLongitude": 9.931696275436416, 
    "outsideTemperature": 40.0, 
    "speed": 5.253500000000001, 
    "yawRate": -0.10457905736255561
}