{
    "gpsHeading": 171, 
    "gpsLatitude": 49.789853041965586, 
    "gpsLongitude": 9.927318239770035, 
    "outsideTemperature": 39.5, 
    "speed": 9.534437500000001, 
    "yawRate": -0.01045304940817202
}