{
    "gpsHeading": 212, 
    "gpsLatitude": 49.79872193371504, 
    "gpsLongitude": 9.942139875335362, 
    "outsideTemperature": 42.5, 
    "speed": 2.8013125000000003, 
    "yawRate": 0.05589260974969325
}