{
    "gpsHeading": 79, 
    "gpsLatitude": 49.77742829543218, 
    "gpsLongitude": 9.943499336211316, 
    "outsideTemperature": 38.0, 
    "speed": 7.2069375, 
    "yawRate": 0.010152425636679658
}