{
    "gpsHeading": 176, 
    "gpsLatitude": 49.798954112432995, 
    "gpsLongitude": 9.935367381389009, 
    "outsideTemperature": 37.0, 
    "speed": 6.259312500000001, 
    "yawRate": 0.0035376826838618074
}