{
    "gpsHeading": 281, 
    "gpsLatitude": 49.80028247644817, 
    "gpsLongitude": 9.935643816555705, 
    "outsideTemperature": 41.5, 
    "speed": 10.773, 
    "yawRate": 0.02016466758953644
}