{
    "gpsHeading": 113, 
    "gpsLatitude": 49.78813659583341, 
    "gpsLongitude": 9.938844613921145, 
    "outsideTemperature": 38.5, 
    "speed": 7.040687500000001, 
    "yawRate": -0.06071974663613762
}