{
    "gpsHeading": 20, 
    "gpsLatitude": 49.7831499501775, 
    "gpsLongitude": 9.940911255967979, 
    "outsideTemperature": 42.5, 
    "speed": 0.0, 
    "yawRate": -0.0004637516125036542
}