{
    "gpsHeading": 101, 
    "gpsLatitude": 49.79964218286463, 
    "gpsLongitude": 9.94004406426549, 
    "outsideTemperature": 38.5, 
    "speed": 11.8120625, 
    "yawRate": 0.017284164359052542
}