{
    "gpsHeading": 144, 
    "gpsLatitude": 49.77744220939144, 
    "gpsLongitude": 9.939109062966306, 
    "outsideTemperature": 38.5, 
    "speed": 11.454625, 
    "yawRate": 0.016977405991743702
}