{
    "gpsHeading": 15, 
    "gpsLatitude": 49.791181908894934, 
    "gpsLongitude": 9.93551322650426, 
    "outsideTemperature": 39.5, 
    "speed": 8.7198125, 
    "yawRate": 0.003561222729727958
}