{
    "gpsHeading": 116, 
    "gpsLatitude": 49.80003940125609, 
    "gpsLongitude": 9.93737434428523, 
    "outsideTemperature": 40.0, 
    "speed": 8.87775, 
    "yawRate": 0.03648278613098924
}