{
    "gpsHeading": 79, 
    "gpsLatitude": 49.79765215141281, 
    "gpsLongitude": 9.908731285660465, 
    "outsideTemperature": 35.0, 
    "speed": 9.1853125, 
    "yawRate": -0.04437646136695102
}