{
    "gpsHeading": 289, 
    "gpsLatitude": 49.79949860086324, 
    "gpsLongitude": 9.9409862740014, 
    "outsideTemperature": 43.0, 
    "speed": 11.837, 
    "yawRate": 0.016838011829758404
}