{
    "gpsHeading": 0, 
    "gpsLatitude": 49.78673354906093, 
    "gpsLongitude": 9.927939590252404, 
    "outsideTemperature": 38.5, 
    "speed": 12.385625000000001, 
    "yawRate": -0.03733111988888361
}