{
    "gpsHeading": 0, 
    "gpsLatitude": 49.79057992060891, 
    "gpsLongitude": 9.930615764298107, 
    "outsideTemperature": 37.0, 
    "speed": 5.0207500000000005, 
    "yawRate": -0.07141212300800315
}