{
    "gpsHeading": 188, 
    "gpsLatitude": 49.79109213871194, 
    "gpsLongitude": 9.935463270361323, 
    "outsideTemperature": 38.5, 
    "speed": 7.090562500000001, 
    "yawRate": 0.021684156410605324
}