{
    "gpsHeading": 159, 
    "gpsLatitude": 49.780936373368, 
    "gpsLongitude": 9.936238512585991, 
    "outsideTemperature": 39.0, 
    "speed": 11.87025, 
    "yawRate": -0.010249730339367416
}