{
    "gpsHeading": 149, 
    "gpsLatitude": 49.79639771578365, 
    "gpsLongitude": 9.926529670319358, 
    "outsideTemperature": 41.0, 
    "speed": 8.645000000000001, 
    "yawRate": 0.04405274795331537
}