{
    "gpsHeading": 351, 
    "gpsLatitude": 49.784588284762314, 
    "gpsLongitude": 9.94639352355861, 
    "outsideTemperature": 44.0, 
    "speed": 6.4338750000000005, 
    "yawRate": -0.03605775129054234
}