{
    "gpsHeading": 87, 
    "gpsLatitude": 49.79892829617121, 
    "gpsLongitude": 9.94835991804348, 
    "outsideTemperature": 39.5, 
    "speed": 9.94175, 
    "yawRate": 0.005690767555974481
}