{
    "gpsHeading": 90, 
    "gpsLatitude": 49.79648187009152, 
    "gpsLongitude": 9.938907645833028, 
    "outsideTemperature": 39.5, 
    "speed": 6.666625, 
    "yawRate": 0.006171772313948804
}