{
    "gpsHeading": 286, 
    "gpsLatitude": 49.7988210916296, 
    "gpsLongitude": 9.942295443458292, 
    "outsideTemperature": 39.5, 
    "speed": 8.561874999999999, 
    "yawRate": -0.013936837936510165
}