{
    "gpsHeading": 0, 
    "gpsLatitude": 49.798139978177595, 
    "gpsLongitude": 9.938081860732238, 
    "outsideTemperature": 36.0, 
    "speed": 6.01825, 
    "yawRate": -0.11025778454616623
}