{
    "gpsHeading": 134, 
    "gpsLatitude": 49.776892188905094, 
    "gpsLongitude": 9.939832169753211, 
    "outsideTemperature": 38.5, 
    "speed": 11.521125000000001, 
    "yawRate": -0.009027999862971526
}