{
    "gpsHeading": 149, 
    "gpsLatitude": 49.78067024794221, 
    "gpsLongitude": 9.936484940539332, 
    "outsideTemperature": 39.0, 
    "speed": 10.7148125, 
    "yawRate": 0.012439549936558682
}