{
    "gpsHeading": 70, 
    "gpsLatitude": 49.79900549349945, 
    "gpsLongitude": 9.949524918765755, 
    "outsideTemperature": 38.5, 
    "speed": 5.985, 
    "yawRate": -0.3316813768545234
}