{
    "gpsHeading": 215, 
    "gpsLatitude": 49.78614245724903, 
    "gpsLongitude": 9.939244933616783, 
    "outsideTemperature": 39.0, 
    "speed": 6.766375, 
    "yawRate": 0.02670752275930291
}