{
    "gpsHeading": 141, 
    "gpsLatitude": 49.79651330222844, 
    "gpsLongitude": 9.926357422209083, 
    "outsideTemperature": 41.0, 
    "speed": 7.015750000000001, 
    "yawRate": -0.17987299507755306
}