{
    "gpsHeading": 196, 
    "gpsLatitude": 49.791034135941956, 
    "gpsLongitude": 9.935431000034113, 
    "outsideTemperature": 38.0, 
    "speed": 8.445500000000001, 
    "yawRate": 0.019036076913775787
}