{
    "gpsHeading": 0, 
    "gpsLatitude": 49.78565664214101, 
    "gpsLongitude": 9.932050494664576, 
    "outsideTemperature": 45.0, 
    "speed": 3.7821875, 
    "yawRate": -0.10240311484466598
}