{
    "gpsHeading": 215, 
    "gpsLatitude": 49.79118165743784, 
    "gpsLongitude": 9.929836834036077, 
    "outsideTemperature": 39.0, 
    "speed": 5.1121875, 
    "yawRate": 0.057911095998113754
}