{
    "gpsHeading": 153, 
    "gpsLatitude": 49.77811938334896, 
    "gpsLongitude": 9.938544374149409, 
    "outsideTemperature": 39.0, 
    "speed": 11.9450625, 
    "yawRate": -0.021244911378822427
}