{
    "gpsHeading": 19, 
    "gpsLatitude": 49.792871030022766, 
    "gpsLongitude": 9.936432386006414, 
    "outsideTemperature": 49.5, 
    "speed": 3.5245, 
    "yawRate": -0.010764438576190624
}