{
    "gpsHeading": 58, 
    "gpsLatitude": 49.783714136080214, 
    "gpsLongitude": 9.94422571194046, 
    "outsideTemperature": 39.0, 
    "speed": 9.393125, 
    "yawRate": -0.01047961250410886
}