{
    "gpsHeading": 274, 
    "gpsLatitude": 49.79777662267496, 
    "gpsLongitude": 9.94962265175677, 
    "outsideTemperature": 37.5, 
    "speed": 10.7314375, 
    "yawRate": -0.010366261562373358
}