{
    "gpsHeading": 89, 
    "gpsLatitude": 49.79774410089064, 
    "gpsLongitude": 9.935363777170643, 
    "outsideTemperature": 37.5, 
    "speed": 5.004125, 
    "yawRate": 0.03460454336935987
}