{
    "gpsHeading": 0, 
    "gpsLatitude": 49.79379412901943, 
    "gpsLongitude": 9.926904089934162, 
    "outsideTemperature": 39.5, 
    "speed": 9.642500000000002, 
    "yawRate": -0.021129976391205563
}