{
    "gpsHeading": 0, 
    "gpsLatitude": 49.80047190745991, 
    "gpsLongitude": 9.93319965358989, 
    "outsideTemperature": 37.0, 
    "speed": 5.9517500000000005, 
    "yawRate": -0.00792130851638454
}