{
    "gpsHeading": 280, 
    "gpsLatitude": 49.79384274405784, 
    "gpsLongitude": 9.937359592135648, 
    "outsideTemperature": 44.0, 
    "speed": 5.095562500000001, 
    "yawRate": 0.2906093085240889
}