{
    "gpsHeading": 76, 
    "gpsLatitude": 49.78671435450265, 
    "gpsLongitude": 9.935915976951817, 
    "outsideTemperature": 37.5, 
    "speed": 7.61425, 
    "yawRate": -0.034992585482914916
}