{
    "gpsHeading": 156, 
    "gpsLatitude": 49.77839858454371, 
    "gpsLongitude": 9.93832736667623, 
    "outsideTemperature": 39.0, 
    "speed": 10.9143125, 
    "yawRate": 0.027100315653311356
}