{
    "gpsHeading": 12, 
    "gpsLatitude": 49.79988358167606, 
    "gpsLongitude": 9.928937707282502, 
    "outsideTemperature": 38.0, 
    "speed": 5.336625, 
    "yawRate": -0.2784473425755011
}