{
    "gpsHeading": 282, 
    "gpsLatitude": 49.79514797402025, 
    "gpsLongitude": 9.908586614011657, 
    "outsideTemperature": 35.0, 
    "speed": 8.5203125, 
    "yawRate": -0.004932020271879995
}