{
    "gpsHeading": 351, 
    "gpsLatitude": 49.79056189951708, 
    "gpsLongitude": 9.927169041893547, 
    "outsideTemperature": 38.0, 
    "speed": 10.0830625, 
    "yawRate": -0.021672801466593592
}