{
    "gpsHeading": 128, 
    "gpsLatitude": 49.78253748451249, 
    "gpsLongitude": 9.937759325098064, 
    "outsideTemperature": 38.5, 
    "speed": 6.9658750000000005, 
    "yawRate": -0.0064537330285883935
}