{
    "gpsHeading": 0, 
    "gpsLatitude": 49.794531904136875, 
    "gpsLongitude": 9.927179603091545, 
    "outsideTemperature": 38.0, 
    "speed": 3.6658125000000004, 
    "yawRate": -0.013809461402868305
}