{
    "gpsHeading": 32, 
    "gpsLatitude": 49.79970714261422, 
    "gpsLongitude": 9.927349923364057, 
    "outsideTemperature": 43.0, 
    "speed": 0.0, 
    "yawRate": -0.0011392312923750553
}