{
    "gpsHeading": 343, 
    "gpsLatitude": 49.79481999014902, 
    "gpsLongitude": 9.909622701063123, 
    "outsideTemperature": 35.0, 
    "speed": 5.054, 
    "yawRate": 0.02718203796481568
}