{
    "gpsHeading": 262, 
    "gpsLatitude": 49.79027020928659, 
    "gpsLongitude": 9.929032422788374, 
    "outsideTemperature": 37.5, 
    "speed": 7.988312500000001, 
    "yawRate": -0.008231204085809402
}