{
    "gpsHeading": 329, 
    "gpsLatitude": 49.78483052176407, 
    "gpsLongitude": 9.935323795492483, 
    "outsideTemperature": 41.5, 
    "speed": 5.08725, 
    "yawRate": 0.2968844909680209
}