{
    "gpsHeading": 164, 
    "gpsLatitude": 49.79967327972541, 
    "gpsLongitude": 9.929020185209744, 
    "outsideTemperature": 35.0, 
    "speed": 7.0739375, 
    "yawRate": 0.01753917366696514
}