{
    "gpsHeading": 77, 
    "gpsLatitude": 49.77746274505423, 
    "gpsLongitude": 9.943797145231134, 
    "outsideTemperature": 38.0, 
    "speed": 6.5419375, 
    "yawRate": 0.19166666784408645
}