{
    "gpsHeading": 0, 
    "gpsLatitude": 49.80045187471133, 
    "gpsLongitude": 9.933742381820446, 
    "outsideTemperature": 37.5, 
    "speed": 7.090562500000001, 
    "yawRate": -0.020313146205544707
}