{
    "gpsHeading": 325, 
    "gpsLatitude": 49.7968585528202, 
    "gpsLongitude": 9.944720495684875, 
    "outsideTemperature": 38.0, 
    "speed": 9.301687500000002, 
    "yawRate": 0.022050108618386296
}