{
    "gpsHeading": 144, 
    "gpsLatitude": 49.79456442592121, 
    "gpsLongitude": 9.927455702982114, 
    "outsideTemperature": 39.0, 
    "speed": 3.458, 
    "yawRate": 0.10132224972082805
}