{
    "gpsHeading": 66, 
    "gpsLatitude": 49.797971921018934, 
    "gpsLongitude": 9.942933557747006, 
    "outsideTemperature": 42.5, 
    "speed": 8.528625, 
    "yawRate": 0.1963916145352346
}