{
    "gpsHeading": 227, 
    "gpsLatitude": 49.79335910824464, 
    "gpsLongitude": 9.927098214811716, 
    "outsideTemperature": 41.0, 
    "speed": 7.015750000000001, 
    "yawRate": 0.19531442736015814
}