{
    "gpsHeading": 288, 
    "gpsLatitude": 49.799973854773256, 
    "gpsLongitude": 9.937767371725108, 
    "outsideTemperature": 45.0, 
    "speed": 7.61425, 
    "yawRate": 0.007947362825576537
}