{
    "gpsHeading": 296, 
    "gpsLatitude": 49.78581883196744, 
    "gpsLongitude": 9.945883233293326, 
    "outsideTemperature": 41.5, 
    "speed": 9.8336875, 
    "yawRate": 0.003037623954129152
}