{
    "gpsHeading": 235, 
    "gpsLatitude": 49.7960077058289, 
    "gpsLongitude": 9.937809616517093, 
    "outsideTemperature": 38.5, 
    "speed": 6.982500000000001, 
    "yawRate": -0.005019381144907983
}