{
    "gpsHeading": 53, 
    "gpsLatitude": 49.796973803988855, 
    "gpsLongitude": 9.940026546087859, 
    "outsideTemperature": 37.5, 
    "speed": 8.894375, 
    "yawRate": 0.0012848504083652404
}