{
    "gpsHeading": 163, 
    "gpsLatitude": 49.7880940995843, 
    "gpsLongitude": 9.93112932350566, 
    "outsideTemperature": 37.5, 
    "speed": 7.281750000000001, 
    "yawRate": 0.004200874266782484
}