{
    "gpsHeading": 174, 
    "gpsLatitude": 49.791083840627785, 
    "gpsLongitude": 9.927130988053117, 
    "outsideTemperature": 40.0, 
    "speed": 8.279250000000001, 
    "yawRate": -0.016387168864952204
}