{
    "gpsHeading": 96, 
    "gpsLatitude": 49.80041742508927, 
    "gpsLongitude": 9.934350991809996, 
    "outsideTemperature": 37.5, 
    "speed": 5.0290625, 
    "yawRate": -0.0028598536856017046
}