{
    "gpsHeading": 277, 
    "gpsLatitude": 49.797824650980154, 
    "gpsLongitude": 9.948432421505947, 
    "outsideTemperature": 37.5, 
    "speed": 10.864437500000001, 
    "yawRate": 0.04426254402504816
}