{
    "gpsHeading": 0, 
    "gpsLatitude": 49.786648808019834, 
    "gpsLongitude": 9.935631327519978, 
    "outsideTemperature": 37.5, 
    "speed": 8.661624999999999, 
    "yawRate": -0.0047983894234142
}