{
    "gpsHeading": 355, 
    "gpsLatitude": 49.79128383283754, 
    "gpsLongitude": 9.927119337207706, 
    "outsideTemperature": 37.5, 
    "speed": 9.2351875, 
    "yawRate": 0.005728867789716801
}