{
    "gpsHeading": 131, 
    "gpsLatitude": 49.796532748243784, 
    "gpsLongitude": 9.926327414995729, 
    "outsideTemperature": 36.0, 
    "speed": 4.6466875000000005, 
    "yawRate": 0.018935437068560303
}