{
    "gpsHeading": 106, 
    "gpsLatitude": 49.788542699042225, 
    "gpsLongitude": 9.936674874465265, 
    "outsideTemperature": 40.0, 
    "speed": 6.791312500000001, 
    "yawRate": 0.013543754180468846
}