{
    "gpsHeading": 338, 
    "gpsLatitude": 49.797047480917776, 
    "gpsLongitude": 9.942696014611025, 
    "outsideTemperature": 40.5, 
    "speed": 7.0573125, 
    "yawRate": -0.04602008946647517
}