{
    "gpsHeading": 156, 
    "gpsLatitude": 49.7855710629096, 
    "gpsLongitude": 9.932118220442234, 
    "outsideTemperature": 44.5, 
    "speed": 8.4870625, 
    "yawRate": -0.07063812245836984
}