{
    "gpsHeading": 148, 
    "gpsLatitude": 49.78287326355369, 
    "gpsLongitude": 9.934489041755297, 
    "outsideTemperature": 40.5, 
    "speed": 9.9666875, 
    "yawRate": 0.010170621908966173
}