{
    "gpsHeading": 0, 
    "gpsLatitude": 49.78381463509927, 
    "gpsLongitude": 9.944724938093556, 
    "outsideTemperature": 38.5, 
    "speed": 9.31, 
    "yawRate": -0.006639888149720923
}