{
    "gpsHeading": 323, 
    "gpsLatitude": 49.79913046767579, 
    "gpsLongitude": 9.94171047043572, 
    "outsideTemperature": 43.5, 
    "speed": 10.9309375, 
    "yawRate": 0.05994764435401809
}