{
    "gpsHeading": 275, 
    "gpsLatitude": 49.80038414893367, 
    "gpsLongitude": 9.934871256540086, 
    "outsideTemperature": 41.0, 
    "speed": 11.953375, 
    "yawRate": 0.01265975180596083
}