{
    "gpsHeading": 345, 
    "gpsLatitude": 49.79070824754652, 
    "gpsLongitude": 9.935362687523233, 
    "outsideTemperature": 39.5, 
    "speed": 7.040687500000001, 
    "yawRate": -0.10360199334272183
}