{
    "gpsHeading": 0, 
    "gpsLatitude": 49.7872102278945, 
    "gpsLongitude": 9.942147921962407, 
    "outsideTemperature": 38.0, 
    "speed": 7.8220625, 
    "yawRate": -0.049147720680499586
}