{
    "gpsHeading": 231, 
    "gpsLatitude": 49.79267103781301, 
    "gpsLongitude": 9.912372719675798, 
    "outsideTemperature": 40.0, 
    "speed": 6.600125, 
    "yawRate": -0.01854558843743506
}