{
    "gpsHeading": 74, 
    "gpsLatitude": 49.79782859047466, 
    "gpsLongitude": 9.910386040985253, 
    "outsideTemperature": 35.0, 
    "speed": 8.561874999999999, 
    "yawRate": -0.03564981510697952
}