{
    "gpsHeading": 0, 
    "gpsLatitude": 49.7925160564233, 
    "gpsLongitude": 9.930500764586562, 
    "outsideTemperature": 44.5, 
    "speed": 3.009125, 
    "yawRate": -0.03686028238517686
}