{
    "gpsHeading": 231, 
    "gpsLatitude": 49.793681308602686, 
    "gpsLongitude": 9.944368204294442, 
    "outsideTemperature": 37.0, 
    "speed": 8.9775, 
    "yawRate": 0.054773550487772917
}