{
    "gpsHeading": 255, 
    "gpsLatitude": 49.79642026310317, 
    "gpsLongitude": 9.927157726324234, 
    "outsideTemperature": 36.0, 
    "speed": 5.835375, 
    "yawRate": -0.060127978046781015
}