{
    "gpsHeading": 89, 
    "gpsLatitude": 49.790268029991765, 
    "gpsLongitude": 9.928787168301476, 
    "outsideTemperature": 38.5, 
    "speed": 7.389812500000001, 
    "yawRate": 0.0001866169871952766
}