{
    "gpsHeading": 0, 
    "gpsLatitude": 49.783764427499264, 
    "gpsLongitude": 9.94447490592185, 
    "outsideTemperature": 39.0, 
    "speed": 9.3515625, 
    "yawRate": -7.636992142663048e-06
}