{
    "gpsHeading": 11, 
    "gpsLatitude": 49.79823469368348, 
    "gpsLongitude": 9.94333211724298, 
    "outsideTemperature": 44.5, 
    "speed": 8.960875, 
    "yawRate": 0.18991761869642418
}