{
    "gpsHeading": 191, 
    "gpsLatitude": 49.78867412728401, 
    "gpsLongitude": 9.936558282192118, 
    "outsideTemperature": 38.5, 
    "speed": 1.9451250000000002, 
    "yawRate": 0.018081610235653866
}