{
    "gpsHeading": 0, 
    "gpsLatitude": 49.79034799334806, 
    "gpsLongitude": 9.933178531193866, 
    "outsideTemperature": 37.0, 
    "speed": 7.173687500000001, 
    "yawRate": 0.00507344289782218
}