{
    "gpsHeading": 89, 
    "gpsLatitude": 49.78351137784241, 
    "gpsLongitude": 9.941466557053326, 
    "outsideTemperature": 41.5, 
    "speed": 8.6865625, 
    "yawRate": 0.0006904947086544223
}