{
    "gpsHeading": 157, 
    "gpsLatitude": 49.785886306288006, 
    "gpsLongitude": 9.92917407695204, 
    "outsideTemperature": 40.5, 
    "speed": 8.1878125, 
    "yawRate": -0.026964070923741493
}