{
    "gpsHeading": 0, 
    "gpsLatitude": 49.791638554979905, 
    "gpsLongitude": 9.928532442263993, 
    "outsideTemperature": 37.5, 
    "speed": 6.982500000000001, 
    "yawRate": -0.03598193919251834
}