{
    "gpsHeading": 279, 
    "gpsLatitude": 49.7904199100773, 
    "gpsLongitude": 9.92899327930053, 
    "outsideTemperature": 41.0, 
    "speed": 4.6217500000000005, 
    "yawRate": -0.13703650288298866
}