{
    "gpsHeading": 255, 
    "gpsLatitude": 49.79747747255065, 
    "gpsLongitude": 9.941119630080891, 
    "outsideTemperature": 40.0, 
    "speed": 6.01825, 
    "yawRate": 0.012957510150633823
}