{
    "gpsHeading": 357, 
    "gpsLatitude": 49.79263994095223, 
    "gpsLongitude": 9.927095700240764, 
    "outsideTemperature": 41.5, 
    "speed": 0.0, 
    "yawRate": -0.00013899401628331468
}