{
    "gpsHeading": 149, 
    "gpsLatitude": 49.79808633399728, 
    "gpsLongitude": 9.950357660846214, 
    "outsideTemperature": 38.0, 
    "speed": 10.1329375, 
    "yawRate": -0.010017195711974815
}