{
    "gpsHeading": 112, 
    "gpsLatitude": 49.794953849142715, 
    "gpsLongitude": 9.935755463506016, 
    "outsideTemperature": 40.0, 
    "speed": 1.2219375000000001, 
    "yawRate": -0.02107641026325582
}