{
    "gpsHeading": 211, 
    "gpsLatitude": 49.79864054543522, 
    "gpsLongitude": 9.942036610288255, 
    "outsideTemperature": 41.0, 
    "speed": 6.034875, 
    "yawRate": 0.12429323882143868
}