{
    "gpsHeading": 86, 
    "gpsLatitude": 49.797953313193894, 
    "gpsLongitude": 9.942795172525578, 
    "outsideTemperature": 40.0, 
    "speed": 5.3698749999999995, 
    "yawRate": -0.15815661825553148
}