{
    "gpsHeading": 356, 
    "gpsLatitude": 49.78476162251999, 
    "gpsLongitude": 9.946391260444752, 
    "outsideTemperature": 43.0, 
    "speed": 6.6084375, 
    "yawRate": -0.044086265849716755
}