{
    "gpsHeading": 263, 
    "gpsLatitude": 49.7864549345994, 
    "gpsLongitude": 9.928623218275373, 
    "outsideTemperature": 42.0, 
    "speed": 4.405625000000001, 
    "yawRate": 0.34793265240463445
}