{
    "gpsHeading": 287, 
    "gpsLatitude": 49.78567131047156, 
    "gpsLongitude": 9.946310458898145, 
    "outsideTemperature": 42.0, 
    "speed": 8.47875, 
    "yawRate": -0.00045303454985924944
}