{
    "gpsHeading": 310, 
    "gpsLatitude": 49.799360467098914, 
    "gpsLongitude": 9.941371841547456, 
    "outsideTemperature": 37.0, 
    "speed": 8.279250000000001, 
    "yawRate": 0.10141658034998641
}