{
    "gpsHeading": 180, 
    "gpsLatitude": 49.78638352078434, 
    "gpsLongitude": 9.928494639880658, 
    "outsideTemperature": 41.5, 
    "speed": 6.342437500000001, 
    "yawRate": 0.2152876292530673
}