{
    "gpsHeading": 265, 
    "gpsLatitude": 49.79032879878979, 
    "gpsLongitude": 9.932272698917753, 
    "outsideTemperature": 42.0, 
    "speed": 4.7464375, 
    "yawRate": -0.06530914919268387
}