{
    "gpsHeading": 0, 
    "gpsLatitude": 49.79778634568266, 
    "gpsLongitude": 9.920002095583744, 
    "outsideTemperature": 35.0, 
    "speed": 10.041500000000001, 
    "yawRate": 0.0018312103990168384
}