{
    "gpsHeading": 138, 
    "gpsLatitude": 49.77632942792592, 
    "gpsLongitude": 9.940587714505426, 
    "outsideTemperature": 38.0, 
    "speed": 13.33325, 
    "yawRate": -0.005362415185673859
}