{
    "gpsHeading": 186, 
    "gpsLatitude": 49.7993380035984, 
    "gpsLongitude": 9.935409877638088, 
    "outsideTemperature": 37.5, 
    "speed": 6.068125, 
    "yawRate": -0.001698305072121291
}