{
    "gpsHeading": 202, 
    "gpsLatitude": 49.79313019846892, 
    "gpsLongitude": 9.936597677137023, 
    "outsideTemperature": 40.5, 
    "speed": 7.0240625, 
    "yawRate": 0.038234698685713484
}