{
    "gpsHeading": 255, 
    "gpsLatitude": 49.78197355006687, 
    "gpsLongitude": 9.936105994696783, 
    "outsideTemperature": 38.0, 
    "speed": 7.996625, 
    "yawRate": 0.017457277723733594
}