{
    "gpsHeading": 348, 
    "gpsLatitude": 49.77627326917466, 
    "gpsLongitude": 9.943038247717652, 
    "outsideTemperature": 37.5, 
    "speed": 7.6475, 
    "yawRate": 0.049945932582150215
}