{
    "gpsHeading": 15, 
    "gpsLatitude": 49.79103908126483, 
    "gpsLongitude": 9.93543376606216, 
    "outsideTemperature": 39.5, 
    "speed": 8.403937500000001, 
    "yawRate": -0.002023830876653683
}