{
    "gpsHeading": 336, 
    "gpsLatitude": 49.792680760820694, 
    "gpsLongitude": 9.899670196871194, 
    "outsideTemperature": 35.5, 
    "speed": 7.788812500000001, 
    "yawRate": -0.10668471566314741
}