{
    "gpsHeading": 5, 
    "gpsLatitude": 49.796861905581466, 
    "gpsLongitude": 9.942796597449117, 
    "outsideTemperature": 40.5, 
    "speed": 7.398125000000001, 
    "yawRate": -0.0013396606154220379
}