{
    "gpsHeading": 332, 
    "gpsLatitude": 49.79717161690379, 
    "gpsLongitude": 9.94263189305173, 
    "outsideTemperature": 40.0, 
    "speed": 7.182, 
    "yawRate": -0.07656335137637542
}