{
    "gpsHeading": 164, 
    "gpsLatitude": 49.794188246106714, 
    "gpsLongitude": 9.927484033814833, 
    "outsideTemperature": 39.0, 
    "speed": 3.9650625, 
    "yawRate": -0.009157091930411846
}