{
    "gpsHeading": 157, 
    "gpsLatitude": 49.79064244960659, 
    "gpsLongitude": 9.930028779618771, 
    "outsideTemperature": 38.0, 
    "speed": 4.4970625, 
    "yawRate": -0.01312380455805414
}