{
    "gpsHeading": 0, 
    "gpsLatitude": 49.791312415127365, 
    "gpsLongitude": 9.92978293839865, 
    "outsideTemperature": 38.0, 
    "speed": 2.1363125000000003, 
    "yawRate": 0.3455413567267747
}