{
    "gpsHeading": 337, 
    "gpsLatitude": 49.791453566376845, 
    "gpsLongitude": 9.928581308759485, 
    "outsideTemperature": 38.0, 
    "speed": 7.032375, 
    "yawRate": -0.04889737565727632
}