{
    "gpsHeading": 139, 
    "gpsLatitude": 49.776423556698596, 
    "gpsLongitude": 9.940467434194849, 
    "outsideTemperature": 38.0, 
    "speed": 10.847812500000002, 
    "yawRate": 0.0009203768733968573
}