{
    "gpsHeading": 68, 
    "gpsLatitude": 49.796349938935556, 
    "gpsLongitude": 9.941462114644645, 
    "outsideTemperature": 40.0, 
    "speed": 6.6084375, 
    "yawRate": -0.011986169052586513
}