{
    "gpsHeading": 174, 
    "gpsLatitude": 49.79329548959955, 
    "gpsLongitude": 9.927107099629078, 
    "outsideTemperature": 43.5, 
    "speed": 8.063125000000001, 
    "yawRate": -0.02773180900291575
}