{
    "gpsHeading": 168, 
    "gpsLatitude": 49.79583109912902, 
    "gpsLongitude": 9.926643831840588, 
    "outsideTemperature": 40.5, 
    "speed": 8.8361875, 
    "yawRate": -0.0276802843036506
}