{
    "gpsHeading": 282, 
    "gpsLatitude": 49.79991107431849, 
    "gpsLongitude": 9.938186047788692, 
    "outsideTemperature": 40.5, 
    "speed": 4.8295625, 
    "yawRate": 8.285101061347895e-05
}