{
    "gpsHeading": 54, 
    "gpsLatitude": 49.7974058072785, 
    "gpsLongitude": 9.906250745234852, 
    "outsideTemperature": 35.5, 
    "speed": 6.733125, 
    "yawRate": -0.12221814600589644
}