{
    "gpsHeading": 84, 
    "gpsLatitude": 49.790266102154035, 
    "gpsLongitude": 9.928579045645627, 
    "outsideTemperature": 38.5, 
    "speed": 7.389812500000001, 
    "yawRate": 0.012054855900756636
}