{
    "gpsHeading": 172, 
    "gpsLatitude": 49.78156082515454, 
    "gpsLongitude": 9.935614060799445, 
    "outsideTemperature": 46.5, 
    "speed": 9.2850625, 
    "yawRate": 0.08207858033924041
}