{
    "gpsHeading": 75, 
    "gpsLatitude": 49.785491099553305, 
    "gpsLongitude": 9.9295076766984, 
    "outsideTemperature": 40.5, 
    "speed": 4.5968125, 
    "yawRate": 0.017262604285632
}