{
    "gpsHeading": 146, 
    "gpsLatitude": 49.797931101150475, 
    "gpsLongitude": 9.950491855116022, 
    "outsideTemperature": 37.5, 
    "speed": 6.583500000000001, 
    "yawRate": -0.2754817749403075
}