{
    "gpsHeading": 157, 
    "gpsLatitude": 49.7941235378142, 
    "gpsLongitude": 9.936783252473308, 
    "outsideTemperature": 39.5, 
    "speed": 5.635875, 
    "yawRate": -0.010604434751289624
}