{
    "gpsHeading": 133, 
    "gpsLatitude": 49.77699637596156, 
    "gpsLongitude": 9.939686324637995, 
    "outsideTemperature": 38.0, 
    "speed": 12.635, 
    "yawRate": -0.002046289606884729
}