{
    "gpsHeading": 263, 
    "gpsLatitude": 49.78651637394966, 
    "gpsLongitude": 9.930143276416162, 
    "outsideTemperature": 37.0, 
    "speed": 8.5868125, 
    "yawRate": 0.032126142298690694
}