{
    "gpsHeading": 231, 
    "gpsLatitude": 49.795393815240374, 
    "gpsLongitude": 9.936472367684575, 
    "outsideTemperature": 38.5, 
    "speed": 7.597625, 
    "yawRate": 0.00039113953627438686
}