{
    "gpsHeading": 142, 
    "gpsLatitude": 49.79986606349842, 
    "gpsLongitude": 9.935508281181354, 
    "outsideTemperature": 38.0, 
    "speed": 5.735625000000001, 
    "yawRate": 0.025005232483392016
}