{
    "gpsHeading": 197, 
    "gpsLatitude": 49.79592053403589, 
    "gpsLongitude": 9.944518491818375, 
    "outsideTemperature": 37.5, 
    "speed": 9.700687499999999, 
    "yawRate": -0.005614841631229506
}