{
    "gpsHeading": 68, 
    "gpsLatitude": 49.797950463346815, 
    "gpsLongitude": 9.942212378797828, 
    "outsideTemperature": 39.5, 
    "speed": 2.477125, 
    "yawRate": -0.17556717194150906
}