{
    "gpsHeading": 355, 
    "gpsLatitude": 49.782498005748536, 
    "gpsLongitude": 9.936222922246058, 
    "outsideTemperature": 41.5, 
    "speed": 8.9525625, 
    "yawRate": -0.020765432894941538
}