{
    "gpsHeading": 101, 
    "gpsLatitude": 49.797958258516765, 
    "gpsLongitude": 9.942502392647697, 
    "outsideTemperature": 40.0, 
    "speed": 5.444687500000001, 
    "yawRate": 0.10992595485079323
}