{
    "gpsHeading": 290, 
    "gpsLatitude": 49.78770191033475, 
    "gpsLongitude": 9.940635156077377, 
    "outsideTemperature": 38.5, 
    "speed": 6.01825, 
    "yawRate": -0.049147720680499586
}