{
    "gpsHeading": 154, 
    "gpsLatitude": 49.79604995062091, 
    "gpsLongitude": 9.927011545932888, 
    "outsideTemperature": 43.5, 
    "speed": 4.1978125, 
    "yawRate": 0.0006167518807562744
}