{
    "gpsHeading": 176, 
    "gpsLatitude": 49.7903613205741, 
    "gpsLongitude": 9.9271871468044, 
    "outsideTemperature": 39.5, 
    "speed": 6.4588125, 
    "yawRate": 1.892610379417752e-05
}