{
    "gpsHeading": 29, 
    "gpsLatitude": 49.779139712422456, 
    "gpsLongitude": 9.944539362757272, 
    "outsideTemperature": 37.5, 
    "speed": 10.157875, 
    "yawRate": -0.05774088226589837
}