{
    "gpsHeading": 176, 
    "gpsLatitude": 49.79111275819375, 
    "gpsLongitude": 9.930441839807232, 
    "outsideTemperature": 38.5, 
    "speed": 5.4280625, 
    "yawRate": -0.002471617554227498
}