{
    "gpsHeading": 32, 
    "gpsLatitude": 49.77989693355527, 
    "gpsLongitude": 9.945481321036088, 
    "outsideTemperature": 38.5, 
    "speed": 4.7547500000000005, 
    "yawRate": 0.19620452389927248
}