{
    "gpsHeading": 0, 
    "gpsLatitude": 49.794413803121145, 
    "gpsLongitude": 9.92668347824259, 
    "outsideTemperature": 38.5, 
    "speed": 9.9001875, 
    "yawRate": -0.007002677320090772
}