{
    "gpsHeading": 248, 
    "gpsLatitude": 49.792408600424594, 
    "gpsLongitude": 9.901317995216349, 
    "outsideTemperature": 35.5, 
    "speed": 8.9775, 
    "yawRate": -0.05118324544972855
}