{
    "gpsHeading": 204, 
    "gpsLatitude": 49.79943825116038, 
    "gpsLongitude": 9.94118241053568, 
    "outsideTemperature": 37.0, 
    "speed": 10.282562500000001, 
    "yawRate": 0.12375679477551298
}