{
    "gpsHeading": 82, 
    "gpsLatitude": 49.80023495105716, 
    "gpsLongitude": 9.93087183144013, 
    "outsideTemperature": 37.0, 
    "speed": 12.1113125, 
    "yawRate": 0.005866792574369796
}