{
    "gpsHeading": 353, 
    "gpsLatitude": 49.79097772573359, 
    "gpsLongitude": 9.931984612905646, 
    "outsideTemperature": 41.0, 
    "speed": 5.1786875, 
    "yawRate": 0.011136272044666391
}