{
    "gpsHeading": 83, 
    "gpsLatitude": 49.800184659638106, 
    "gpsLongitude": 9.930547116511132, 
    "outsideTemperature": 37.0, 
    "speed": 11.87025, 
    "yawRate": 0.009008385227959655
}