{
    "gpsHeading": 96, 
    "gpsLatitude": 49.79782439952305, 
    "gpsLongitude": 9.912062421620256, 
    "outsideTemperature": 35.0, 
    "speed": 9.7173125, 
    "yawRate": -0.028144899323403905
}