{
    "gpsHeading": 253, 
    "gpsLatitude": 49.799682751275995, 
    "gpsLongitude": 9.927184632233446, 
    "outsideTemperature": 44.0, 
    "speed": 0.03325, 
    "yawRate": 0.0009262932138106533
}