{
    "gpsHeading": 144, 
    "gpsLatitude": 49.79472996850891, 
    "gpsLongitude": 9.927462995237873, 
    "outsideTemperature": 39.0, 
    "speed": 3.55775, 
    "yawRate": -0.010378822406807736
}