{
    "gpsHeading": 357, 
    "gpsLatitude": 49.79218748581884, 
    "gpsLongitude": 9.94314243477414, 
    "outsideTemperature": 39.0, 
    "speed": 6.109687500000001, 
    "yawRate": -0.011591542102721168
}