{
    "gpsHeading": 318, 
    "gpsLatitude": 49.78022550415974, 
    "gpsLongitude": 9.945250734879737, 
    "outsideTemperature": 39.0, 
    "speed": 7.381500000000001, 
    "yawRate": 0.07438054211007002
}