{
    "gpsHeading": 176, 
    "gpsLatitude": 49.785873817252266, 
    "gpsLongitude": 9.928023828379313, 
    "outsideTemperature": 38.0, 
    "speed": 9.5510625, 
    "yawRate": -0.05286455023163363
}