{
    "gpsHeading": 89, 
    "gpsLatitude": 49.79893575606503, 
    "gpsLongitude": 9.949018232718837, 
    "outsideTemperature": 39.5, 
    "speed": 8.162875000000001, 
    "yawRate": 0.06869715355296895
}