{
    "gpsHeading": 3, 
    "gpsLatitude": 49.79200886746218, 
    "gpsLongitude": 9.928542416728767, 
    "outsideTemperature": 37.5, 
    "speed": 6.7081875, 
    "yawRate": 0.0001463763237635556
}