{
    "gpsHeading": 253, 
    "gpsLatitude": 49.78192803633264, 
    "gpsLongitude": 9.93589627947933, 
    "outsideTemperature": 38.0, 
    "speed": 6.81625, 
    "yawRate": 0.0563781200432068
}