{
    "gpsHeading": 201, 
    "gpsLatitude": 49.791933011238456, 
    "gpsLongitude": 9.935916815142134, 
    "outsideTemperature": 38.5, 
    "speed": 9.044, 
    "yawRate": -0.014823310574913593
}