{
    "gpsHeading": 80, 
    "gpsLatitude": 49.800286583580714, 
    "gpsLongitude": 9.931206269376807, 
    "outsideTemperature": 36.5, 
    "speed": 12.5269375, 
    "yawRate": -0.01437902674876353
}