{
    "gpsHeading": 87, 
    "gpsLatitude": 49.7738907970162, 
    "gpsLongitude": 9.94314243477414, 
    "outsideTemperature": 38.0, 
    "speed": 6.4920625, 
    "yawRate": 0.3564257492323484
}