{
    "gpsHeading": 91, 
    "gpsLatitude": 49.79730522444041, 
    "gpsLongitude": 9.91815019789626, 
    "outsideTemperature": 35.5, 
    "speed": 10.573500000000001, 
    "yawRate": 0.036214196663304034
}