{
    "gpsHeading": 85, 
    "gpsLatitude": 49.79085803215625, 
    "gpsLongitude": 9.928059116191697, 
    "outsideTemperature": 39.5, 
    "speed": 3.5078750000000003, 
    "yawRate": 0.002240771426156795
}