{
    "gpsHeading": 163, 
    "gpsLatitude": 49.79600359869635, 
    "gpsLongitude": 9.926637126318049, 
    "outsideTemperature": 40.5, 
    "speed": 9.459624999999999, 
    "yawRate": -0.14095215275808082
}