{
    "gpsHeading": 96, 
    "gpsLatitude": 49.79425521751307, 
    "gpsLongitude": 9.904256019917263, 
    "outsideTemperature": 35.0, 
    "speed": 10.157875, 
    "yawRate": -0.014880397008247387
}