{
    "gpsHeading": 347, 
    "gpsLatitude": 49.79867885073273, 
    "gpsLongitude": 9.929456295631926, 
    "outsideTemperature": 36.0, 
    "speed": 8.362375, 
    "yawRate": -0.026792189333690437
}