{
    "gpsHeading": 77, 
    "gpsLatitude": 49.78606551137788, 
    "gpsLongitude": 9.928940221853454, 
    "outsideTemperature": 41.0, 
    "speed": 8.669937500000001, 
    "yawRate": -0.014223167384182785
}