{
    "gpsHeading": 270, 
    "gpsLatitude": 49.79283440110589, 
    "gpsLongitude": 9.942984603537353, 
    "outsideTemperature": 38.5, 
    "speed": 7.963375, 
    "yawRate": -0.02678351317755933
}