{
    "gpsHeading": 103, 
    "gpsLatitude": 49.797954989574535, 
    "gpsLongitude": 9.942531310213637, 
    "outsideTemperature": 40.5, 
    "speed": 7.489562500000001, 
    "yawRate": 0.1525675727037454
}