{
    "gpsHeading": 120, 
    "gpsLatitude": 49.79643828419502, 
    "gpsLongitude": 9.926475439405804, 
    "outsideTemperature": 36.0, 
    "speed": 6.1761875, 
    "yawRate": 0.010383323733788075
}