{
    "gpsHeading": 49, 
    "gpsLatitude": 49.79077354257226, 
    "gpsLongitude": 9.92890795152621, 
    "outsideTemperature": 40.0, 
    "speed": 2.527, 
    "yawRate": -0.16409166842932893
}