{
    "gpsHeading": 0, 
    "gpsLatitude": 49.78659130816405, 
    "gpsLongitude": 9.935382971728908, 
    "outsideTemperature": 37.5, 
    "speed": 9.47625, 
    "yawRate": 0.01038597506893629
}