{
    "gpsHeading": 151, 
    "gpsLatitude": 49.77803967144976, 
    "gpsLongitude": 9.93860296365261, 
    "outsideTemperature": 39.0, 
    "speed": 11.404750000000002, 
    "yawRate": -0.012693191292159197
}