{
    "gpsHeading": 5, 
    "gpsLatitude": 49.77808132950853, 
    "gpsLongitude": 9.944052374182805, 
    "outsideTemperature": 38.0, 
    "speed": 8.8361875, 
    "yawRate": -0.002763010828078322
}