{
    "gpsHeading": 168, 
    "gpsLatitude": 49.799313276984044, 
    "gpsLongitude": 9.92918379995972, 
    "outsideTemperature": 35.0, 
    "speed": 6.0099375, 
    "yawRate": -0.004277441982963608
}