{
    "gpsHeading": 109, 
    "gpsLatitude": 49.79648220536765, 
    "gpsLongitude": 9.92814461160408, 
    "outsideTemperature": 36.0, 
    "speed": 4.405625000000001, 
    "yawRate": 0.023124227273346783
}