{
    "gpsHeading": 85, 
    "gpsLatitude": 49.797873601294704, 
    "gpsLongitude": 9.911403771668772, 
    "outsideTemperature": 35.0, 
    "speed": 9.243500000000001, 
    "yawRate": 0.007459817417280169
}