{
    "gpsHeading": 105, 
    "gpsLatitude": 49.78755271245822, 
    "gpsLongitude": 9.941030446631114, 
    "outsideTemperature": 39.5, 
    "speed": 4.837875, 
    "yawRate": 0.20727274609736443
}