{
    "gpsHeading": 265, 
    "gpsLatitude": 49.798860821850646, 
    "gpsLongitude": 9.942450173390904, 
    "outsideTemperature": 38.0, 
    "speed": 8.029875, 
    "yawRate": -0.28395211849035573
}