{
    "gpsHeading": 238, 
    "gpsLatitude": 49.78222852756148, 
    "gpsLongitude": 9.937488505806458, 
    "outsideTemperature": 38.5, 
    "speed": 7.863625000000001, 
    "yawRate": -0.007500930579785013
}