{
    "gpsHeading": 61, 
    "gpsLatitude": 49.799104148499815, 
    "gpsLongitude": 9.924075449069706, 
    "outsideTemperature": 35.0, 
    "speed": 8.354062500000001, 
    "yawRate": -0.14879070404809216
}