{
    "gpsHeading": 69, 
    "gpsLatitude": 49.78393407721951, 
    "gpsLongitude": 9.945316532819668, 
    "outsideTemperature": 38.0, 
    "speed": 8.304187500000001, 
    "yawRate": 0.012558733622215781
}