{
    "gpsHeading": 141, 
    "gpsLatitude": 49.77623328749651, 
    "gpsLongitude": 9.940699948188929, 
    "outsideTemperature": 38.0, 
    "speed": 13.100500000000002, 
    "yawRate": -0.025259168658408642
}