{
    "gpsHeading": 265, 
    "gpsLatitude": 49.790267191801455, 
    "gpsLongitude": 9.92872354965637, 
    "outsideTemperature": 39.5, 
    "speed": 7.3233125, 
    "yawRate": -0.03807889643533997
}