{
    "gpsHeading": 0, 
    "gpsLatitude": 49.79372606796564, 
    "gpsLongitude": 9.927566847018202, 
    "outsideTemperature": 42.0, 
    "speed": 5.1121875, 
    "yawRate": -0.009446138272882553
}