{
    "gpsHeading": 0, 
    "gpsLatitude": 49.78688492623228, 
    "gpsLongitude": 9.931666016765964, 
    "outsideTemperature": 37.0, 
    "speed": 7.049, 
    "yawRate": 0.018687107058334897
}