{
    "gpsHeading": 283, 
    "gpsLatitude": 49.7998749483158, 
    "gpsLongitude": 9.938432391923003, 
    "outsideTemperature": 40.5, 
    "speed": 6.375687500000001, 
    "yawRate": 0.00566790461699512
}