{
    "gpsHeading": 31, 
    "gpsLatitude": 49.79821080525942, 
    "gpsLongitude": 9.943318203283713, 
    "outsideTemperature": 39.0, 
    "speed": 9.27675, 
    "yawRate": 0.17472040893374682
}