{
    "gpsHeading": 174, 
    "gpsLatitude": 49.79350051095121, 
    "gpsLongitude": 9.927557962200838, 
    "outsideTemperature": 42.0, 
    "speed": 5.120500000000001, 
    "yawRate": -0.33997805422649396
}