{
    "gpsHeading": 349, 
    "gpsLatitude": 49.775575224278256, 
    "gpsLongitude": 9.943243269069326, 
    "outsideTemperature": 37.5, 
    "speed": 10.540250000000002, 
    "yawRate": -0.017074710694431464
}