{
    "gpsHeading": 29, 
    "gpsLatitude": 49.80132023988026, 
    "gpsLongitude": 9.936332389901544, 
    "outsideTemperature": 40.5, 
    "speed": 0.0, 
    "yawRate": 0.013973336490453656
}