{
    "gpsHeading": 0, 
    "gpsLatitude": 49.78421411660459, 
    "gpsLongitude": 9.946507685079872, 
    "outsideTemperature": 44.5, 
    "speed": 6.6998750000000005, 
    "yawRate": 0.15941912493281907
}