{
    "gpsHeading": 96, 
    "gpsLatitude": 49.79404131134405, 
    "gpsLongitude": 9.927512951380809, 
    "outsideTemperature": 41.5, 
    "speed": 0.0, 
    "yawRate": -6.939458340139812e-05
}