{
    "gpsHeading": 259, 
    "gpsLatitude": 49.79267019962269, 
    "gpsLongitude": 9.902406050067512, 
    "outsideTemperature": 35.5, 
    "speed": 9.883562500000002, 
    "yawRate": -4.509836629543922e-05
}