{
    "gpsHeading": 186, 
    "gpsLatitude": 49.797691630176764, 
    "gpsLongitude": 9.95044097696377, 
    "outsideTemperature": 37.5, 
    "speed": 6.0265625, 
    "yawRate": -0.3739183447527858
}