{
    "gpsHeading": 170, 
    "gpsLatitude": 49.78838796910962, 
    "gpsLongitude": 9.927662400714423, 
    "outsideTemperature": 39.0, 
    "speed": 11.612562500000001, 
    "yawRate": 0.01467969182054586
}