{
    "gpsHeading": 105, 
    "gpsLatitude": 49.79886526425933, 
    "gpsLongitude": 9.945848532214162, 
    "outsideTemperature": 41.0, 
    "speed": 9.443000000000001, 
    "yawRate": -0.018394776121546778
}