{
    "gpsHeading": 0, 
    "gpsLatitude": 49.792957447444486, 
    "gpsLongitude": 9.92710181903008, 
    "outsideTemperature": 41.5, 
    "speed": 7.398125000000001, 
    "yawRate": 0.010460483069891308
}