{
    "gpsHeading": 118, 
    "gpsLatitude": 49.79194407535064, 
    "gpsLongitude": 9.930045459606085, 
    "outsideTemperature": 38.5, 
    "speed": 3.9816875, 
    "yawRate": -0.003344282180224846
}