{
    "gpsHeading": 0, 
    "gpsLatitude": 49.79145826024262, 
    "gpsLongitude": 9.931453200244341, 
    "outsideTemperature": 39.5, 
    "speed": 4.2476875000000005, 
    "yawRate": -0.046459593271145704
}