{
    "gpsHeading": 273, 
    "gpsLatitude": 49.78653581996503, 
    "gpsLongitude": 9.93069631438762, 
    "outsideTemperature": 37.0, 
    "speed": 7.930125, 
    "yawRate": -0.003129508591593854
}