{
    "gpsHeading": 314, 
    "gpsLatitude": 49.782097434595805, 
    "gpsLongitude": 9.942294940544102, 
    "outsideTemperature": 37.5, 
    "speed": 8.661624999999999, 
    "yawRate": 0.006661767132691256
}