{
    "gpsHeading": 0, 
    "gpsLatitude": 49.783714136080214, 
    "gpsLongitude": 9.933774903604785, 
    "outsideTemperature": 40.5, 
    "speed": 9.991625, 
    "yawRate": -0.00414107795738697
}