{
    "gpsHeading": 218, 
    "gpsLatitude": 49.786849386962814, 
    "gpsLongitude": 9.940178509992426, 
    "outsideTemperature": 39.5, 
    "speed": 7.0573125, 
    "yawRate": -0.029841145005311577
}