{
    "gpsHeading": 193, 
    "gpsLatitude": 49.800263030432795, 
    "gpsLongitude": 9.937038481425013, 
    "outsideTemperature": 39.5, 
    "speed": 5.444687500000001, 
    "yawRate": 0.15115091798701466
}