{
    "gpsHeading": 291, 
    "gpsLatitude": 49.78440664892053, 
    "gpsLongitude": 9.936918536390563, 
    "outsideTemperature": 38.0, 
    "speed": 7.0573125, 
    "yawRate": 0.0027965120069809203
}