{
    "gpsHeading": 77, 
    "gpsLatitude": 49.79977579040123, 
    "gpsLongitude": 9.927812101505133, 
    "outsideTemperature": 35.5, 
    "speed": 10.4321875, 
    "yawRate": 0.0013076116234180327
}