{
    "gpsHeading": 0, 
    "gpsLatitude": 49.78664771837243, 
    "gpsLongitude": 9.931727120840085, 
    "outsideTemperature": 37.0, 
    "speed": 4.937625, 
    "yawRate": -0.2762735365287014
}