{
    "gpsHeading": 68, 
    "gpsLatitude": 49.79663383399608, 
    "gpsLongitude": 9.928950447775325, 
    "outsideTemperature": 37.0, 
    "speed": 5.843687500000001, 
    "yawRate": -0.002183046880570369
}