{
    "gpsHeading": 153, 
    "gpsLatitude": 49.78772470911137, 
    "gpsLongitude": 9.931359322928785, 
    "outsideTemperature": 37.5, 
    "speed": 7.165375, 
    "yawRate": -0.01028535852477092
}