{
    "gpsHeading": 280, 
    "gpsLatitude": 49.79270967838664, 
    "gpsLongitude": 9.905914630917543, 
    "outsideTemperature": 36.0, 
    "speed": 9.393125, 
    "yawRate": 0.0369558817759838
}