{
    "gpsHeading": 189, 
    "gpsLatitude": 49.78450186734058, 
    "gpsLongitude": 9.937819088067677, 
    "outsideTemperature": 38.5, 
    "speed": 3.35825, 
    "yawRate": -0.027223151127320523
}