{
    "gpsHeading": 0, 
    "gpsLatitude": 49.79779162628166, 
    "gpsLongitude": 9.936148490945861, 
    "outsideTemperature": 37.5, 
    "speed": 6.159562500000001, 
    "yawRate": -0.031892501131623
}