{
    "gpsHeading": 196, 
    "gpsLatitude": 49.791993863855495, 
    "gpsLongitude": 9.935950175116757, 
    "outsideTemperature": 39.0, 
    "speed": 10.573500000000001, 
    "yawRate": -0.0024013872669159378
}