{
    "gpsHeading": 79, 
    "gpsLatitude": 49.78566326384452, 
    "gpsLongitude": 9.931232169457607, 
    "outsideTemperature": 38.5, 
    "speed": 3.9983125, 
    "yawRate": 0.008117047041343778
}