{
    "gpsHeading": 0, 
    "gpsLatitude": 49.788892140585595, 
    "gpsLongitude": 9.936415203104913, 
    "outsideTemperature": 39.0, 
    "speed": 9.8336875, 
    "yawRate": 0.04775220751955677
}