{
    "gpsHeading": 0, 
    "gpsLatitude": 49.7774355038689, 
    "gpsLongitude": 9.939116271403034, 
    "outsideTemperature": 38.5, 
    "speed": 13.0921875, 
    "yawRate": 0.027798840602217444
}