{
    "gpsHeading": 161, 
    "gpsLatitude": 49.77839187902117, 
    "gpsLongitude": 9.938332647275228, 
    "outsideTemperature": 39.0, 
    "speed": 10.964187500000001, 
    "yawRate": 0.02273738577143461
}