{
    "gpsHeading": 144, 
    "gpsLatitude": 49.79822413248547, 
    "gpsLongitude": 9.94202655200445, 
    "outsideTemperature": 41.5, 
    "speed": 5.6275625, 
    "yawRate": -0.1479618468832411
}