{
    "gpsHeading": 179, 
    "gpsLatitude": 49.800626888849614, 
    "gpsLongitude": 9.937142417024374, 
    "outsideTemperature": 39.5, 
    "speed": 3.8902500000000004, 
    "yawRate": -0.0033107208144803175
}