{
    "gpsHeading": 5, 
    "gpsLatitude": 49.79164106955086, 
    "gpsLongitude": 9.943055430619188, 
    "outsideTemperature": 39.0, 
    "speed": 7.3565625, 
    "yawRate": 0.008654277220413148
}