{
    "gpsHeading": 0, 
    "gpsLatitude": 49.79792464708503, 
    "gpsLongitude": 9.929721582867403, 
    "outsideTemperature": 34.5, 
    "speed": 6.1928125000000005, 
    "yawRate": 0.005845467678603054
}