{
    "gpsHeading": 145, 
    "gpsLatitude": 49.782725239143616, 
    "gpsLongitude": 9.93760409225126, 
    "outsideTemperature": 38.5, 
    "speed": 7.971687500000001, 
    "yawRate": -0.00017054772140867526
}