{
    "gpsHeading": 8, 
    "gpsLatitude": 49.78987273943803, 
    "gpsLongitude": 9.935895441289013, 
    "outsideTemperature": 37.5, 
    "speed": 5.6608125000000005, 
    "yawRate": -0.0018492979514544117
}