{
    "gpsHeading": 180, 
    "gpsLatitude": 49.79237859321123, 
    "gpsLongitude": 9.927090503460796, 
    "outsideTemperature": 41.0, 
    "speed": 10.157875, 
    "yawRate": 0.025849799033309143
}