{
    "gpsHeading": 0, 
    "gpsLatitude": 49.78712054153053, 
    "gpsLongitude": 9.942348500905402, 
    "outsideTemperature": 38.0, 
    "speed": 8.8528125, 
    "yawRate": 0.004259354430526036
}