{
    "gpsHeading": 170, 
    "gpsLatitude": 49.79052191783892, 
    "gpsLongitude": 9.92717298138804, 
    "outsideTemperature": 39.0, 
    "speed": 6.8079375, 
    "yawRate": 0.010134993723562668
}