{
    "gpsHeading": 139, 
    "gpsLatitude": 49.79436326024501, 
    "gpsLongitude": 9.944579931168656, 
    "outsideTemperature": 37.0, 
    "speed": 7.74725, 
    "yawRate": -0.08939064572695611
}