{
    "gpsHeading": 0, 
    "gpsLatitude": 49.791436048199195, 
    "gpsLongitude": 9.930601850338842, 
    "outsideTemperature": 38.5, 
    "speed": 6.8411875, 
    "yawRate": 0.00974000864307123
}