{
    "gpsHeading": 84, 
    "gpsLatitude": 49.79893022400894, 
    "gpsLongitude": 9.948640208885637, 
    "outsideTemperature": 39.5, 
    "speed": 9.1520625, 
    "yawRate": 0.007785162658367721
}