{
    "gpsHeading": 142, 
    "gpsLatitude": 49.77716493603441, 
    "gpsLongitude": 9.939449871149426, 
    "outsideTemperature": 38.0, 
    "speed": 12.53525, 
    "yawRate": 0.02936963692901287
}