{
    "gpsHeading": 301, 
    "gpsLatitude": 49.781322443828245, 
    "gpsLongitude": 9.943517441122166, 
    "outsideTemperature": 37.5, 
    "speed": 6.4338750000000005, 
    "yawRate": -0.002937543753277593
}