{
    "gpsHeading": 89, 
    "gpsLatitude": 49.79427273569072, 
    "gpsLongitude": 9.903747992765805, 
    "outsideTemperature": 35.0, 
    "speed": 8.761375, 
    "yawRate": -0.010342540953062366
}