{
    "gpsHeading": 170, 
    "gpsLatitude": 49.790329972256245, 
    "gpsLongitude": 9.927189912832445, 
    "outsideTemperature": 39.0, 
    "speed": 7.54775, 
    "yawRate": -0.03140384247390159
}