{
    "gpsHeading": 152, 
    "gpsLatitude": 49.77939829413539, 
    "gpsLongitude": 9.937572660114332, 
    "outsideTemperature": 39.0, 
    "speed": 9.542750000000002, 
    "yawRate": -0.011471460815763307
}