{
    "gpsHeading": 0, 
    "gpsLatitude": 49.78763049651969, 
    "gpsLongitude": 9.937534103359745, 
    "outsideTemperature": 37.0, 
    "speed": 3.0423750000000003, 
    "yawRate": -0.0985225702555072
}