{
    "gpsHeading": 168, 
    "gpsLatitude": 49.78890664127808, 
    "gpsLongitude": 9.930575447343852, 
    "outsideTemperature": 38.0, 
    "speed": 5.868625, 
    "yawRate": -0.011681621926366082
}