{
    "gpsHeading": 0, 
    "gpsLatitude": 49.78603609089775, 
    "gpsLongitude": 9.933332925850351, 
    "outsideTemperature": 38.0, 
    "speed": 8.844500000000002, 
    "yawRate": -0.014048634458983515
}