{
    "gpsHeading": 265, 
    "gpsLatitude": 49.7865240853006, 
    "gpsLongitude": 9.930366570316718, 
    "outsideTemperature": 37.0, 
    "speed": 7.730625000000001, 
    "yawRate": -0.015172280430354484
}