{
    "gpsHeading": 204, 
    "gpsLatitude": 49.78569243286756, 
    "gpsLongitude": 9.938782671656673, 
    "outsideTemperature": 38.5, 
    "speed": 7.639187500000001, 
    "yawRate": -0.05602108378522608
}