{
    "gpsHeading": 82, 
    "gpsLatitude": 49.79429997687604, 
    "gpsLongitude": 9.901123786519799, 
    "outsideTemperature": 35.0, 
    "speed": 7.032375, 
    "yawRate": 0.016710062452849485
}