{
    "gpsHeading": 95, 
    "gpsLatitude": 49.79739465934728, 
    "gpsLongitude": 9.916786294611624, 
    "outsideTemperature": 36.0, 
    "speed": 7.315, 
    "yawRate": 0.03307260400971417
}