{
    "gpsHeading": 86, 
    "gpsLatitude": 49.79742466656065, 
    "gpsLongitude": 9.906444870112372, 
    "outsideTemperature": 35.5, 
    "speed": 8.61175, 
    "yawRate": 0.005016356464488388
}