{
    "gpsHeading": 99, 
    "gpsLatitude": 49.800324637421134, 
    "gpsLongitude": 9.935330165738893, 
    "outsideTemperature": 39.5, 
    "speed": 3.9983125, 
    "yawRate": -0.18181628387793294
}