{
    "gpsHeading": 78, 
    "gpsLatitude": 49.797508820868536, 
    "gpsLongitude": 9.907324886126716, 
    "outsideTemperature": 35.0, 
    "speed": 9.659125, 
    "yawRate": 0.0006530333345026377
}