{
    "gpsHeading": 142, 
    "gpsLatitude": 49.79547159930184, 
    "gpsLongitude": 9.926666295341088, 
    "outsideTemperature": 40.0, 
    "speed": 7.797125, 
    "yawRate": -0.010925123484504686
}