{
    "gpsHeading": 205, 
    "gpsLatitude": 49.796279111853714, 
    "gpsLongitude": 9.944806829287574, 
    "outsideTemperature": 38.0, 
    "speed": 8.761375, 
    "yawRate": 0.020565097148684996
}