{
    "gpsHeading": 84, 
    "gpsLatitude": 49.797562129772714, 
    "gpsLongitude": 9.907853532759976, 
    "outsideTemperature": 35.0, 
    "speed": 8.786312500000001, 
    "yawRate": -0.002837625169486756
}