{
    "gpsHeading": 178, 
    "gpsLatitude": 49.79440441538959, 
    "gpsLongitude": 9.926685992813539, 
    "outsideTemperature": 40.0, 
    "speed": 8.6200625, 
    "yawRate": 0.018221875023799412
}