{
    "gpsHeading": 353, 
    "gpsLatitude": 49.795099694257964, 
    "gpsLongitude": 9.926679874024224, 
    "outsideTemperature": 40.5, 
    "speed": 7.797125, 
    "yawRate": 0.022514341995777547
}