{
    "gpsHeading": 355, 
    "gpsLatitude": 49.79144996215848, 
    "gpsLongitude": 9.92710961420003, 
    "outsideTemperature": 37.5, 
    "speed": 8.960875, 
    "yawRate": -0.02708332214777596
}