{
    "gpsHeading": 276, 
    "gpsLatitude": 49.797826327360795, 
    "gpsLongitude": 9.948356313825116, 
    "outsideTemperature": 37.5, 
    "speed": 11.088875, 
    "yawRate": 0.0018510432015865447
}