{
    "gpsHeading": 356, 
    "gpsLatitude": 49.79605632086732, 
    "gpsLongitude": 9.906384101314345, 
    "outsideTemperature": 36.0, 
    "speed": 4.937625, 
    "yawRate": 0.16698291104955895
}