{
    "gpsHeading": 276, 
    "gpsLatitude": 49.80040686389128, 
    "gpsLongitude": 9.934533214385011, 
    "outsideTemperature": 41.0, 
    "speed": 12.0448125, 
    "yawRate": 0.017721206636744657
}