{
    "gpsHeading": 71, 
    "gpsLatitude": 49.78764860143055, 
    "gpsLongitude": 9.941296572056942, 
    "outsideTemperature": 39.5, 
    "speed": 7.431375000000001, 
    "yawRate": 0.111977768938475
}