{
    "gpsHeading": 17, 
    "gpsLatitude": 49.792244985674614, 
    "gpsLongitude": 9.936087386871742, 
    "outsideTemperature": 38.5, 
    "speed": 6.691562500000001, 
    "yawRate": 0.005132019056522392
}