{
    "gpsHeading": 259, 
    "gpsLatitude": 49.79363965054391, 
    "gpsLongitude": 9.938863557022312, 
    "outsideTemperature": 40.5, 
    "speed": 2.1778750000000002, 
    "yawRate": 0.027455467622343122
}