{
    "gpsHeading": 277, 
    "gpsLatitude": 49.7937124892825, 
    "gpsLongitude": 9.938344381939668, 
    "outsideTemperature": 40.0, 
    "speed": 7.921812500000001, 
    "yawRate": -0.01739949415391027
}