{
    "gpsHeading": 349, 
    "gpsLatitude": 49.79419134741089, 
    "gpsLongitude": 9.926719939521417, 
    "outsideTemperature": 39.0, 
    "speed": 8.0714375, 
    "yawRate": -0.05498936387989495
}