{
    "gpsHeading": 188, 
    "gpsLatitude": 49.79028772746424, 
    "gpsLongitude": 9.929947139881849, 
    "outsideTemperature": 38.0, 
    "speed": 3.9235, 
    "yawRate": -0.21331306976180084
}