{
    "gpsHeading": 301, 
    "gpsLatitude": 49.79254748856021, 
    "gpsLongitude": 9.930819360726243, 
    "outsideTemperature": 42.0, 
    "speed": 2.7348125, 
    "yawRate": -0.006142487550077337
}