{
    "gpsHeading": 23, 
    "gpsLatitude": 49.79321192202489, 
    "gpsLongitude": 9.936659619401494, 
    "outsideTemperature": 48.5, 
    "speed": 4.4970625, 
    "yawRate": -0.007971911773000299
}