{
    "gpsHeading": 253, 
    "gpsLatitude": 49.800043256931545, 
    "gpsLongitude": 9.929632147960529, 
    "outsideTemperature": 39.5, 
    "speed": 6.151250000000001, 
    "yawRate": -0.008633265068369114
}