{
    "gpsHeading": 160, 
    "gpsLatitude": 49.788948802251056, 
    "gpsLongitude": 9.927560225314696, 
    "outsideTemperature": 39.5, 
    "speed": 10.3490625, 
    "yawRate": -0.05443534655842806
}