{
    "gpsHeading": 351, 
    "gpsLatitude": 49.79882410911474, 
    "gpsLongitude": 9.945378810360266, 
    "outsideTemperature": 40.5, 
    "speed": 0.0, 
    "yawRate": -0.00027466100440373784
}