{
    "gpsHeading": 269, 
    "gpsLatitude": 49.797874690942116, 
    "gpsLongitude": 9.946773810505666, 
    "outsideTemperature": 37.5, 
    "speed": 10.93925, 
    "yawRate": -0.007224668908783497
}