{
    "gpsHeading": 182, 
    "gpsLatitude": 49.79275385101638, 
    "gpsLongitude": 9.927099053002033, 
    "outsideTemperature": 39.5, 
    "speed": 8.8029375, 
    "yawRate": 0.01572004732994431
}