{
    "gpsHeading": 293, 
    "gpsLatitude": 49.785991582991876, 
    "gpsLongitude": 9.945397921099495, 
    "outsideTemperature": 41.0, 
    "speed": 10.27425, 
    "yawRate": 0.02869396395844584
}