{
    "gpsHeading": 347, 
    "gpsLatitude": 49.78306856189767, 
    "gpsLongitude": 9.940934054744606, 
    "outsideTemperature": 37.5, 
    "speed": 3.0257500000000004, 
    "yawRate": -0.008697130284858506
}