{
    "gpsHeading": 14, 
    "gpsLatitude": 49.77865800444699, 
    "gpsLongitude": 9.94420324843996, 
    "outsideTemperature": 37.5, 
    "speed": 9.1354375, 
    "yawRate": -0.04377824824994377
}