{
    "gpsHeading": 253, 
    "gpsLatitude": 49.80014275012223, 
    "gpsLongitude": 9.930276297219526, 
    "outsideTemperature": 39.5, 
    "speed": 12.967500000000001, 
    "yawRate": -0.008284199217970571
}