{
    "gpsHeading": 171, 
    "gpsLatitude": 49.79417491888066, 
    "gpsLongitude": 9.926724046653971, 
    "outsideTemperature": 40.0, 
    "speed": 6.5668750000000005, 
    "yawRate": 0.06168057339845764
}