{
    "gpsHeading": 259, 
    "gpsLatitude": 49.797794979042926, 
    "gpsLongitude": 9.949320484147337, 
    "outsideTemperature": 37.5, 
    "speed": 11.063937500000002, 
    "yawRate": -0.0011160165268030509
}