{
    "gpsHeading": 110, 
    "gpsLatitude": 49.78805219006843, 
    "gpsLongitude": 9.939219871726301, 
    "outsideTemperature": 41.0, 
    "speed": 8.561874999999999, 
    "yawRate": 0.005512684566823289
}