{
    "gpsHeading": 290, 
    "gpsLatitude": 49.782725239143616, 
    "gpsLongitude": 9.94129598532372, 
    "outsideTemperature": 37.0, 
    "speed": 5.5610625, 
    "yawRate": -0.019169105796824702
}