{
    "gpsHeading": 252, 
    "gpsLatitude": 49.796895517013205, 
    "gpsLongitude": 9.929487979225913, 
    "outsideTemperature": 35.5, 
    "speed": 5.5278125000000005, 
    "yawRate": -0.004975573683761686
}