{
    "gpsHeading": 253, 
    "gpsLatitude": 49.80031382476605, 
    "gpsLongitude": 9.931387989037633, 
    "outsideTemperature": 39.5, 
    "speed": 13.998250000000002, 
    "yawRate": -0.0044444748635826346
}