{
    "gpsHeading": 314, 
    "gpsLatitude": 49.80117020381343, 
    "gpsLongitude": 9.93726127241138, 
    "outsideTemperature": 41.0, 
    "speed": 2.4688125, 
    "yawRate": 0.1096763017579592
}