{
    "gpsHeading": 60, 
    "gpsLatitude": 49.79842546579973, 
    "gpsLongitude": 9.921966310773788, 
    "outsideTemperature": 35.0, 
    "speed": 12.585125000000001, 
    "yawRate": -0.012480489467337295
}