{
    "gpsHeading": 133, 
    "gpsLatitude": 49.79889074524498, 
    "gpsLongitude": 9.94642269258168, 
    "outsideTemperature": 40.5, 
    "speed": 11.562687500000001, 
    "yawRate": 0.02401672470191483
}