{
    "gpsHeading": 157, 
    "gpsLatitude": 49.79698327553944, 
    "gpsLongitude": 9.925905218532813, 
    "outsideTemperature": 41.0, 
    "speed": 10.523625000000001, 
    "yawRate": 0.015429348220609084
}