{
    "gpsHeading": 76, 
    "gpsLatitude": 49.80002272126877, 
    "gpsLongitude": 9.929492421634594, 
    "outsideTemperature": 38.0, 
    "speed": 10.4654375, 
    "yawRate": -0.001987189059604356
}