{
    "gpsHeading": 68, 
    "gpsLatitude": 49.79768241008328, 
    "gpsLongitude": 9.908984922050534, 
    "outsideTemperature": 35.0, 
    "speed": 8.7530625, 
    "yawRate": 0.011125008846467842
}