{
    "gpsHeading": 0, 
    "gpsLatitude": 49.790211619783406, 
    "gpsLongitude": 9.935714056904315, 
    "outsideTemperature": 38.0, 
    "speed": 4.0648125, 
    "yawRate": 0.10234685839260578
}