{
    "gpsHeading": 284, 
    "gpsLatitude": 49.79525190961961, 
    "gpsLongitude": 9.90802293102314, 
    "outsideTemperature": 35.0, 
    "speed": 8.6200625, 
    "yawRate": 0.04027200735477293
}