{
    "gpsHeading": 150, 
    "gpsLatitude": 49.798249362014026, 
    "gpsLongitude": 9.950217431606086, 
    "outsideTemperature": 38.0, 
    "speed": 10.2326875, 
    "yawRate": 0.015639144292341874
}