{
    "gpsHeading": 0, 
    "gpsLatitude": 49.79253332314385, 
    "gpsLongitude": 9.93128883112308, 
    "outsideTemperature": 43.5, 
    "speed": 5.253500000000001, 
    "yawRate": -0.024468444696017687
}