{
    "gpsHeading": 278, 
    "gpsLatitude": 49.792685538505495, 
    "gpsLongitude": 9.906133230952321, 
    "outsideTemperature": 36.0, 
    "speed": 7.4230625, 
    "yawRate": -0.02517783959501332
}