{
    "gpsHeading": 287, 
    "gpsLatitude": 49.79342742075553, 
    "gpsLongitude": 9.940130481687222, 
    "outsideTemperature": 39.0, 
    "speed": 5.2285625, 
    "yawRate": 0.002887084106343572
}