{
    "gpsHeading": 123, 
    "gpsLatitude": 49.79891547185935, 
    "gpsLongitude": 9.947236826837061, 
    "outsideTemperature": 40.0, 
    "speed": 12.144562500000001, 
    "yawRate": -0.015602249318356456
}