{
    "gpsHeading": 349, 
    "gpsLatitude": 49.7761208023559, 
    "gpsLongitude": 9.94308292326159, 
    "outsideTemperature": 37.5, 
    "speed": 8.694875, 
    "yawRate": 0.0038692403294999394
}