{
    "gpsHeading": 354, 
    "gpsLatitude": 49.78712439720599, 
    "gpsLongitude": 9.937409883554675, 
    "outsideTemperature": 37.5, 
    "speed": 8.354062500000001, 
    "yawRate": 0.008640645816942585
}