{
    "gpsHeading": 166, 
    "gpsLatitude": 49.795994965336085, 
    "gpsLongitude": 9.927033003605008, 
    "outsideTemperature": 42.0, 
    "speed": 4.7547500000000005, 
    "yawRate": -0.0014776432216369651
}