{
    "gpsHeading": 0, 
    "gpsLatitude": 49.79091854949718, 
    "gpsLongitude": 9.930504033528798, 
    "outsideTemperature": 38.0, 
    "speed": 4.937625, 
    "yawRate": -0.004216946806222194
}