{
    "gpsHeading": 110, 
    "gpsLatitude": 49.7877377010613, 
    "gpsLongitude": 9.94048989769538, 
    "outsideTemperature": 39.5, 
    "speed": 8.4205625, 
    "yawRate": -0.01595486523270692
}