{
    "gpsHeading": 172, 
    "gpsLatitude": 49.78716714491218, 
    "gpsLongitude": 9.92786574568543, 
    "outsideTemperature": 38.5, 
    "speed": 11.704, 
    "yawRate": 0.0003679919541927201
}