{
    "gpsHeading": 148, 
    "gpsLatitude": 49.78223330524628, 
    "gpsLongitude": 9.935057921523782, 
    "outsideTemperature": 40.0, 
    "speed": 10.224375, 
    "yawRate": 0.005283700003382607
}