{
    "gpsHeading": 45, 
    "gpsLatitude": 49.793623808746915, 
    "gpsLongitude": 9.944230741082363, 
    "outsideTemperature": 39.5, 
    "speed": 8.2875625, 
    "yawRate": -0.04113081030380744
}