{
    "gpsHeading": 290, 
    "gpsLatitude": 49.79778969844393, 
    "gpsLongitude": 9.943313257960842, 
    "outsideTemperature": 39.0, 
    "speed": 3.341625, 
    "yawRate": -0.1393460932847519
}