{
    "gpsHeading": 348, 
    "gpsLatitude": 49.79064605382495, 
    "gpsLongitude": 9.942144317744043, 
    "outsideTemperature": 38.5, 
    "speed": 10.2493125, 
    "yawRate": 0.027852898992349853
}