{
    "gpsHeading": 260, 
    "gpsLatitude": 49.78216574710668, 
    "gpsLongitude": 9.937170161123872, 
    "outsideTemperature": 38.5, 
    "speed": 8.129625, 
    "yawRate": -0.0020904098986026434
}