{
    "gpsHeading": 0, 
    "gpsLatitude": 49.793873002728304, 
    "gpsLongitude": 9.944773553131983, 
    "outsideTemperature": 37.0, 
    "speed": 8.462125, 
    "yawRate": -0.06338523987224089
}