{
    "gpsHeading": 80, 
    "gpsLatitude": 49.797863040096686, 
    "gpsLongitude": 9.910724334597386, 
    "outsideTemperature": 35.0, 
    "speed": 6.6084375, 
    "yawRate": -0.092198482871595
}