{
    "gpsHeading": 92, 
    "gpsLatitude": 49.79401440543486, 
    "gpsLongitude": 9.907376015736096, 
    "outsideTemperature": 34.5, 
    "speed": 10.307500000000001, 
    "yawRate": 0.027007505039616412
}