{
    "gpsHeading": 0, 
    "gpsLatitude": 49.797471018485204, 
    "gpsLongitude": 9.91913632880479, 
    "outsideTemperature": 35.0, 
    "speed": 10.4654375, 
    "yawRate": -0.007942633412151281
}