{
    "gpsHeading": 273, 
    "gpsLatitude": 49.800426058449546, 
    "gpsLongitude": 9.934197686800923, 
    "outsideTemperature": 41.0, 
    "speed": 12.2941875, 
    "yawRate": -0.00933139676916719
}