{
    "gpsHeading": 27, 
    "gpsLatitude": 49.79606772025565, 
    "gpsLongitude": 9.926619105226232, 
    "outsideTemperature": 43.0, 
    "speed": 0.0, 
    "yawRate": 0.00026121595458431955
}