{
    "gpsHeading": 0, 
    "gpsLatitude": 49.79795968344031, 
    "gpsLongitude": 9.92049604113784, 
    "outsideTemperature": 35.0, 
    "speed": 10.340750000000002, 
    "yawRate": -0.016320213821724237
}