{
    "gpsHeading": 23, 
    "gpsLatitude": 49.79508770813642, 
    "gpsLongitude": 9.938485700827208, 
    "outsideTemperature": 43.0, 
    "speed": 6.051500000000001, 
    "yawRate": -0.09104958416792881
}