{
    "gpsHeading": 169, 
    "gpsLatitude": 49.790906647194674, 
    "gpsLongitude": 9.927142135984333, 
    "outsideTemperature": 38.0, 
    "speed": 6.8245625, 
    "yawRate": -0.00155871226479942
}