{
    "gpsHeading": 149, 
    "gpsLatitude": 49.788102732944566, 
    "gpsLongitude": 9.937086006815996, 
    "outsideTemperature": 39.5, 
    "speed": 9.0190625, 
    "yawRate": -0.008621927319858447
}