{
    "gpsHeading": 103, 
    "gpsLatitude": 49.799510251708654, 
    "gpsLongitude": 9.940919386414057, 
    "outsideTemperature": 38.0, 
    "speed": 7.9135, 
    "yawRate": -0.1431115938992236
}