{
    "gpsHeading": 135, 
    "gpsLatitude": 49.77673242983059, 
    "gpsLongitude": 9.9400607442528, 
    "outsideTemperature": 38.0, 
    "speed": 13.050625, 
    "yawRate": -0.011820133418052848
}