{
    "gpsHeading": 6, 
    "gpsLatitude": 49.787209138247086, 
    "gpsLongitude": 9.93742321078072, 
    "outsideTemperature": 37.5, 
    "speed": 8.6366875, 
    "yawRate": -0.013350502758185438
}