{
    "gpsHeading": 175, 
    "gpsLatitude": 49.79073439908443, 
    "gpsLongitude": 9.927153200096521, 
    "outsideTemperature": 39.5, 
    "speed": 6.550250000000001, 
    "yawRate": -0.002250001923798333
}