{
    "gpsHeading": 158, 
    "gpsLatitude": 49.79567276497804, 
    "gpsLongitude": 9.926655482685996, 
    "outsideTemperature": 40.0, 
    "speed": 7.2900625, 
    "yawRate": 0.010193360464625987
}