{
    "gpsHeading": 0, 
    "gpsLatitude": 49.79147494022994, 
    "gpsLongitude": 9.93567072246492, 
    "outsideTemperature": 38.5, 
    "speed": 9.3349375, 
    "yawRate": -0.005368446995306525
}