{
    "gpsHeading": 87, 
    "gpsLatitude": 49.79429662411477, 
    "gpsLongitude": 9.902891613718436, 
    "outsideTemperature": 35.0, 
    "speed": 9.426375, 
    "yawRate": -0.01976731891383095
}