{
    "gpsHeading": 141, 
    "gpsLatitude": 49.776040503723486, 
    "gpsLongitude": 9.940917123300201, 
    "outsideTemperature": 37.5, 
    "speed": 13.33325, 
    "yawRate": -0.039745401449962046
}