{
    "gpsHeading": 0, 
    "gpsLatitude": 49.79511796680689, 
    "gpsLongitude": 9.926679874024224, 
    "outsideTemperature": 38.0, 
    "speed": 8.595125, 
    "yawRate": -0.005257348068096075
}