{
    "gpsHeading": 146, 
    "gpsLatitude": 49.78463857618138, 
    "gpsLongitude": 9.932958254778452, 
    "outsideTemperature": 41.5, 
    "speed": 8.67825, 
    "yawRate": -0.008678934012571991
}