{
    "gpsHeading": 257, 
    "gpsLatitude": 49.79288133976366, 
    "gpsLongitude": 9.903430989187756, 
    "outsideTemperature": 35.5, 
    "speed": 8.528625, 
    "yawRate": 0.003445560137692963
}