{
    "gpsHeading": 65, 
    "gpsLatitude": 49.79610443299156, 
    "gpsLongitude": 9.94040934760587, 
    "outsideTemperature": 40.0, 
    "speed": 4.7963125, 
    "yawRate": -0.038689706608099825
}