{
    "gpsHeading": 152, 
    "gpsLatitude": 49.783038554684296, 
    "gpsLongitude": 9.934352416733535, 
    "outsideTemperature": 40.5, 
    "speed": 10.257624999999999, 
    "yawRate": 0.07090807987836814
}