{
    "gpsHeading": 55, 
    "gpsLatitude": 49.793652474855755, 
    "gpsLongitude": 9.900293559010294, 
    "outsideTemperature": 35.0, 
    "speed": 7.847, 
    "yawRate": 0.09908960314698093
}