{
    "gpsHeading": 250, 
    "gpsLatitude": 49.79277690125011, 
    "gpsLongitude": 9.902849620383513, 
    "outsideTemperature": 35.5, 
    "speed": 9.559375, 
    "yawRate": -0.001092295917492059
}