{
    "gpsHeading": 199, 
    "gpsLatitude": 49.79260968228175, 
    "gpsLongitude": 9.936283774863117, 
    "outsideTemperature": 39.5, 
    "speed": 8.3706875, 
    "yawRate": -0.014125178874115516
}