{
    "gpsHeading": 143, 
    "gpsLatitude": 49.795817436626834, 
    "gpsLongitude": 9.927105171791347, 
    "outsideTemperature": 41.5, 
    "speed": 5.037375, 
    "yawRate": -0.005317367576023909
}