{
    "gpsHeading": 0, 
    "gpsLatitude": 49.79916022343207, 
    "gpsLongitude": 9.92926627788696, 
    "outsideTemperature": 35.0, 
    "speed": 5.6608125000000005, 
    "yawRate": -0.06361863655076941
}