{
    "gpsHeading": 140, 
    "gpsLatitude": 49.782359704346156, 
    "gpsLongitude": 9.937910199355183, 
    "outsideTemperature": 38.0, 
    "speed": 3.857, 
    "yawRate": -0.10768282964425799
}