{
    "gpsHeading": 32, 
    "gpsLatitude": 49.787936603623635, 
    "gpsLongitude": 9.941589938668045, 
    "outsideTemperature": 39.5, 
    "speed": 8.0215625, 
    "yawRate": 0.11145417016287718
}