{
    "gpsHeading": 158, 
    "gpsLatitude": 49.799562470965434, 
    "gpsLongitude": 9.926121890729865, 
    "outsideTemperature": 47.5, 
    "speed": 8.1046875, 
    "yawRate": 0.11246965463149221
}