{
    "gpsHeading": 169, 
    "gpsLatitude": 49.78931827654301, 
    "gpsLongitude": 9.927405998296273, 
    "outsideTemperature": 39.5, 
    "speed": 10.822875000000002, 
    "yawRate": 0.04068509767526109
}