{
    "gpsHeading": 77, 
    "gpsLatitude": 49.79981744846001, 
    "gpsLongitude": 9.928095996565652, 
    "outsideTemperature": 35.0, 
    "speed": 9.7173125, 
    "yawRate": 0.0030529408754127294
}