{
    "gpsHeading": 353, 
    "gpsLatitude": 49.79348022674552, 
    "gpsLongitude": 9.92707181181669, 
    "outsideTemperature": 40.0, 
    "speed": 8.7696875, 
    "yawRate": 0.07905192267326643
}