{
    "gpsHeading": 92, 
    "gpsLatitude": 49.7973530012885, 
    "gpsLongitude": 9.917263224902285, 
    "outsideTemperature": 36.0, 
    "speed": 10.498687499999999, 
    "yawRate": 0.008288928631394835
}