{
    "gpsHeading": 277, 
    "gpsLatitude": 49.79249719714117, 
    "gpsLongitude": 9.909537121831708, 
    "outsideTemperature": 37.0, 
    "speed": 9.783812500000002, 
    "yawRate": 0.018629924630043454
}