{
    "gpsHeading": 319, 
    "gpsLatitude": 49.7990502528624, 
    "gpsLongitude": 9.941827984718216, 
    "outsideTemperature": 43.5, 
    "speed": 6.583500000000001, 
    "yawRate": -0.007072998922563588
}