{
    "gpsHeading": 45, 
    "gpsLatitude": 49.79810603146973, 
    "gpsLongitude": 9.943218793912067, 
    "outsideTemperature": 42.5, 
    "speed": 8.985812500000002, 
    "yawRate": 0.1656738197001351
}