{
    "gpsHeading": 354, 
    "gpsLatitude": 49.799368849002086, 
    "gpsLongitude": 9.9254691081106, 
    "outsideTemperature": 36.0, 
    "speed": 1.197, 
    "yawRate": 0.0035765396510105438
}