{
    "gpsHeading": 125, 
    "gpsLatitude": 49.79622831752048, 
    "gpsLongitude": 9.94094293956197, 
    "outsideTemperature": 40.0, 
    "speed": 6.7165, 
    "yawRate": -0.009019109324196918
}