{
    "gpsHeading": 175, 
    "gpsLatitude": 49.78950661790735, 
    "gpsLongitude": 9.927360149285926, 
    "outsideTemperature": 39.5, 
    "speed": 10.67325, 
    "yawRate": 0.07698794611674226
}