{
    "gpsHeading": 217, 
    "gpsLatitude": 49.79968660695145, 
    "gpsLongitude": 9.927211286685532, 
    "outsideTemperature": 44.0, 
    "speed": 0.0, 
    "yawRate": 0.0002782336195654507
}