{
    "gpsHeading": 77, 
    "gpsLatitude": 49.78553577509722, 
    "gpsLongitude": 9.93004487287286, 
    "outsideTemperature": 39.5, 
    "speed": 8.4371875, 
    "yawRate": -0.005321988199012013
}