{
    "gpsHeading": 0, 
    "gpsLatitude": 49.78679775443926, 
    "gpsLongitude": 9.943072948796814, 
    "outsideTemperature": 38.5, 
    "speed": 7.938437500000001, 
    "yawRate": 0.0019904264029335242
}