{
    "gpsHeading": 319, 
    "gpsLatitude": 49.792391585161155, 
    "gpsLongitude": 9.899982925678657, 
    "outsideTemperature": 35.5, 
    "speed": 6.5086875, 
    "yawRate": -0.10598658396234933
}