{
    "gpsHeading": 183, 
    "gpsLatitude": 49.79278050546848, 
    "gpsLongitude": 9.927098801544938, 
    "outsideTemperature": 42.0, 
    "speed": 11.379812500000002, 
    "yawRate": 0.02951499046249781
}