{
    "gpsHeading": 15, 
    "gpsLatitude": 49.79836880413428, 
    "gpsLongitude": 9.94339464624067, 
    "outsideTemperature": 39.0, 
    "speed": 9.467937500000001, 
    "yawRate": 0.15238019450821927
}