{
    "gpsHeading": 123, 
    "gpsLatitude": 49.78006549362813, 
    "gpsLongitude": 9.937048204432692, 
    "outsideTemperature": 41.0, 
    "speed": 11.105500000000001, 
    "yawRate": 0.027449774751818902
}