{
    "gpsHeading": 229, 
    "gpsLatitude": 49.79036274549763, 
    "gpsLongitude": 9.93500377442926, 
    "outsideTemperature": 37.5, 
    "speed": 6.6998750000000005, 
    "yawRate": -0.11744867059217835
}