{
    "gpsHeading": 285, 
    "gpsLatitude": 49.795809641456884, 
    "gpsLongitude": 9.937377948503594, 
    "outsideTemperature": 38.5, 
    "speed": 8.428875, 
    "yawRate": -0.0018777884913181238
}