{
    "gpsHeading": 83, 
    "gpsLatitude": 49.7942988034096, 
    "gpsLongitude": 9.902000449772874, 
    "outsideTemperature": 35.0, 
    "speed": 9.260125, 
    "yawRate": -0.0058046848978763515
}