{
    "gpsHeading": 0, 
    "gpsLatitude": 49.78634303619201, 
    "gpsLongitude": 9.934410168046421, 
    "outsideTemperature": 38.0, 
    "speed": 8.9691875, 
    "yawRate": 0.01806542377771117
}