{
    "gpsHeading": 137, 
    "gpsLatitude": 49.77712302651854, 
    "gpsLongitude": 9.939508795928724, 
    "outsideTemperature": 38.5, 
    "speed": 11.2135625, 
    "yawRate": 0.016977405991743702
}