{
    "gpsHeading": 255, 
    "gpsLatitude": 49.80019798686416, 
    "gpsLongitude": 9.930634036847055, 
    "outsideTemperature": 39.5, 
    "speed": 13.042312500000001, 
    "yawRate": -0.007237001666773951
}