{
    "gpsHeading": 143, 
    "gpsLatitude": 49.79181968790753, 
    "gpsLongitude": 9.930190215073923, 
    "outsideTemperature": 38.5, 
    "speed": 4.073125, 
    "yawRate": -0.07350651811039638
}