{
    "gpsHeading": 206, 
    "gpsLatitude": 49.782659105927564, 
    "gpsLongitude": 9.93635518867817, 
    "outsideTemperature": 38.0, 
    "speed": 6.749750000000001, 
    "yawRate": 0.008381565613363553
}