{
    "gpsHeading": 0, 
    "gpsLatitude": 49.7855335958024, 
    "gpsLongitude": 9.930024337210092, 
    "outsideTemperature": 40.0, 
    "speed": 7.4729375000000005, 
    "yawRate": 0.031050705376386337
}