{
    "gpsHeading": 32, 
    "gpsLatitude": 49.79302022789929, 
    "gpsLongitude": 9.943554656772282, 
    "outsideTemperature": 40.5, 
    "speed": 7.5145, 
    "yawRate": -0.000639171657539801
}