{
    "gpsHeading": 14, 
    "gpsLatitude": 49.79792355743762, 
    "gpsLongitude": 9.942732978804045, 
    "outsideTemperature": 43.0, 
    "speed": 5.037375, 
    "yawRate": -0.2010198561438682
}