{
    "gpsHeading": 89, 
    "gpsLatitude": 49.79990302769142, 
    "gpsLongitude": 9.928696057013969, 
    "outsideTemperature": 35.5, 
    "speed": 5.669125, 
    "yawRate": -0.21895293997826273
}