{
    "gpsHeading": 184, 
    "gpsLatitude": 49.79547025819734, 
    "gpsLongitude": 9.926932420766917, 
    "outsideTemperature": 38.0, 
    "speed": 3.0423750000000003, 
    "yawRate": -0.15605379544040338
}