{
    "gpsHeading": 82, 
    "gpsLatitude": 49.797340260795664, 
    "gpsLongitude": 9.918733243081105, 
    "outsideTemperature": 35.5, 
    "speed": 10.656625, 
    "yawRate": 0.09939511558549778
}