{
    "gpsHeading": 196, 
    "gpsLatitude": 49.792343808313056, 
    "gpsLongitude": 9.936136840100453, 
    "outsideTemperature": 39.0, 
    "speed": 9.659125, 
    "yawRate": 0.0073724565442511904
}