{
    "gpsHeading": 0, 
    "gpsLatitude": 49.79291193371026, 
    "gpsLongitude": 9.927107099629078, 
    "outsideTemperature": 40.0, 
    "speed": 8.6366875, 
    "yawRate": -0.023898926690325985
}