{
    "gpsHeading": 270, 
    "gpsLatitude": 49.79791660045799, 
    "gpsLongitude": 9.945722133114304, 
    "outsideTemperature": 37.5, 
    "speed": 10.324125, 
    "yawRate": 0.006737965107171101
}