{
    "gpsHeading": 69, 
    "gpsLatitude": 49.78351137784241, 
    "gpsLongitude": 9.941142428857551, 
    "outsideTemperature": 41.5, 
    "speed": 7.564375, 
    "yawRate": 0.024426972535777143
}