{
    "gpsHeading": 0, 
    "gpsLatitude": 49.799610750727716, 
    "gpsLongitude": 9.926626565120053, 
    "outsideTemperature": 49.0, 
    "speed": 0.0, 
    "yawRate": -0.0004425764430945416
}