{
    "gpsHeading": 0, 
    "gpsLatitude": 49.787024149644004, 
    "gpsLongitude": 9.931633243524532, 
    "outsideTemperature": 37.0, 
    "speed": 7.88025, 
    "yawRate": 0.002106479164389245
}