{
    "gpsHeading": 285, 
    "gpsLatitude": 49.78591832515814, 
    "gpsLongitude": 9.945661531954341, 
    "outsideTemperature": 41.5, 
    "speed": 10.1994375, 
    "yawRate": 0.01350959946609535
}