{
    "gpsHeading": 190, 
    "gpsLatitude": 49.79848330093165, 
    "gpsLongitude": 9.941970979986388, 
    "outsideTemperature": 41.0, 
    "speed": 7.223562500000001, 
    "yawRate": 0.09793876711632392
}