{
    "gpsHeading": 160, 
    "gpsLatitude": 49.78922439922745, 
    "gpsLongitude": 9.936225185359914, 
    "outsideTemperature": 39.0, 
    "speed": 9.950062500000001, 
    "yawRate": -0.010018190721454602
}