{
    "gpsHeading": 229, 
    "gpsLatitude": 49.79652025920806, 
    "gpsLongitude": 9.938189316730929, 
    "outsideTemperature": 35.5, 
    "speed": 4.372375000000001, 
    "yawRate": 0.016278586223420516
}