{
    "gpsHeading": 133, 
    "gpsLatitude": 49.79704546926101, 
    "gpsLongitude": 9.944440204842719, 
    "outsideTemperature": 38.5, 
    "speed": 9.567687500000002, 
    "yawRate": -0.01015269768641552
}