{
    "gpsHeading": 80, 
    "gpsLatitude": 49.7942988034096, 
    "gpsLongitude": 9.902257941838403, 
    "outsideTemperature": 35.0, 
    "speed": 8.9525625, 
    "yawRate": -0.0019649605434894075
}