{
    "gpsHeading": 175, 
    "gpsLatitude": 49.791831338752935, 
    "gpsLongitude": 9.927093269488845, 
    "outsideTemperature": 40.5, 
    "speed": 9.592625, 
    "yawRate": 0.007698374812569058
}