{
    "gpsHeading": 47, 
    "gpsLatitude": 49.78789435883164, 
    "gpsLongitude": 9.937855214070378, 
    "outsideTemperature": 37.0, 
    "speed": 7.389812500000001, 
    "yawRate": -0.06693211079441132
}