{
    "gpsHeading": 255, 
    "gpsLatitude": 49.79995633659563, 
    "gpsLongitude": 9.929059328697555, 
    "outsideTemperature": 44.0, 
    "speed": 10.856125, 
    "yawRate": 0.017339963446996842
}