{
    "gpsHeading": 4, 
    "gpsLatitude": 49.79381131192093, 
    "gpsLongitude": 9.937563523839877, 
    "outsideTemperature": 43.0, 
    "speed": 0.0, 
    "yawRate": -0.0002056664065387963
}