{
    "gpsHeading": 43, 
    "gpsLatitude": 49.79543857460333, 
    "gpsLongitude": 9.939047372158965, 
    "outsideTemperature": 41.5, 
    "speed": 6.583500000000001, 
    "yawRate": 0.002150997888567356
}