{
    "gpsHeading": 152, 
    "gpsLatitude": 49.78111943413336, 
    "gpsLongitude": 9.936069114322795, 
    "outsideTemperature": 39.0, 
    "speed": 11.6956875, 
    "yawRate": 0.0017930414993932136
}