{
    "gpsHeading": 126, 
    "gpsLatitude": 49.79481965487289, 
    "gpsLongitude": 9.93590935524828, 
    "outsideTemperature": 40.5, 
    "speed": 4.7464375, 
    "yawRate": 0.018018964981416658
}