{
    "gpsHeading": 75, 
    "gpsLatitude": 49.785318851443066, 
    "gpsLongitude": 9.928310992382103, 
    "outsideTemperature": 41.5, 
    "speed": 8.5868125, 
    "yawRate": -0.020785573407843858
}