{
    "gpsHeading": 26, 
    "gpsLatitude": 49.79241522212811, 
    "gpsLongitude": 9.931964328699937, 
    "outsideTemperature": 39.0, 
    "speed": 2.6101250000000005, 
    "yawRate": 0.046915521710549746
}