{
    "gpsHeading": 317, 
    "gpsLatitude": 49.79775994268765, 
    "gpsLongitude": 9.943360196618602, 
    "outsideTemperature": 37.5, 
    "speed": 7.0240625, 
    "yawRate": -0.12961900337991833
}