{
    "gpsHeading": 0, 
    "gpsLatitude": 49.79100580510922, 
    "gpsLongitude": 9.92990715820372, 
    "outsideTemperature": 39.0, 
    "speed": 5.2867500000000005, 
    "yawRate": 0.005725751363484023
}