{
    "gpsHeading": 0, 
    "gpsLatitude": 49.78355580192923, 
    "gpsLongitude": 9.933910438979135, 
    "outsideTemperature": 40.5, 
    "speed": 10.773, 
    "yawRate": -0.0020466828549937305
}