{
    "gpsHeading": 306, 
    "gpsLatitude": 49.792308269043595, 
    "gpsLongitude": 9.900165986443989, 
    "outsideTemperature": 35.5, 
    "speed": 8.2210625, 
    "yawRate": -0.12099641552950055
}