{
    "gpsHeading": 96, 
    "gpsLatitude": 49.794049106514, 
    "gpsLongitude": 9.906798837883471, 
    "outsideTemperature": 35.0, 
    "speed": 10.407250000000001, 
    "yawRate": 0.031196295244402893
}