{
    "gpsHeading": 302, 
    "gpsLatitude": 49.798849673919435, 
    "gpsLongitude": 9.942968510283265, 
    "outsideTemperature": 38.0, 
    "speed": 9.7339375, 
    "yawRate": 0.20107488063886061
}