{
    "gpsHeading": 355, 
    "gpsLatitude": 49.7953099123896, 
    "gpsLongitude": 9.926672665587498, 
    "outsideTemperature": 40.0, 
    "speed": 7.381500000000001, 
    "yawRate": 0.003315720223839851
}