{
    "gpsHeading": 37, 
    "gpsLatitude": 49.7794099449808, 
    "gpsLongitude": 9.944865502609808, 
    "outsideTemperature": 37.5, 
    "speed": 7.963375, 
    "yawRate": 0.005963635431893179
}