{
    "gpsHeading": 175, 
    "gpsLatitude": 49.794429393461066, 
    "gpsLongitude": 9.927460480666921, 
    "outsideTemperature": 40.0, 
    "speed": 3.0257500000000004, 
    "yawRate": -0.16127756658971407
}