{
    "gpsHeading": 0, 
    "gpsLatitude": 49.79683659223389, 
    "gpsLongitude": 9.92655272055308, 
    "outsideTemperature": 35.5, 
    "speed": 9.8004375, 
    "yawRate": -0.03185364416447327
}