{
    "gpsHeading": 0, 
    "gpsLatitude": 49.78734299724078, 
    "gpsLongitude": 9.941858494845794, 
    "outsideTemperature": 38.0, 
    "speed": 2.5935, 
    "yawRate": 0.017174790895283024
}