{
    "gpsHeading": 164, 
    "gpsLatitude": 49.79492216554872, 
    "gpsLongitude": 9.927443213946388, 
    "outsideTemperature": 39.0, 
    "speed": 4.5136875000000005, 
    "yawRate": -0.014567612611594217
}