{
    "gpsHeading": 65, 
    "gpsLatitude": 49.78535548035994, 
    "gpsLongitude": 9.92865574005968, 
    "outsideTemperature": 41.0, 
    "speed": 8.246, 
    "yawRate": 0.009408622651656859
}