{
    "gpsHeading": 285, 
    "gpsLatitude": 49.79290581492094, 
    "gpsLongitude": 9.942674892215033, 
    "outsideTemperature": 38.0, 
    "speed": 7.8054375, 
    "yawRate": 0.02505276560667186
}