{
    "gpsHeading": 167, 
    "gpsLatitude": 49.794295534467345, 
    "gpsLongitude": 9.927472382969425, 
    "outsideTemperature": 40.5, 
    "speed": 4.571875, 
    "yawRate": 0.02425093289727996
}