{
    "gpsHeading": 140, 
    "gpsLatitude": 49.79468881336432, 
    "gpsLongitude": 9.936059056038989, 
    "outsideTemperature": 40.0, 
    "speed": 4.605125, 
    "yawRate": -0.0496998099959621
}