{
    "gpsHeading": 86, 
    "gpsLatitude": 49.79245579053948, 
    "gpsLongitude": 9.928924631513521, 
    "outsideTemperature": 39.0, 
    "speed": 2.4272500000000004, 
    "yawRate": 0.05180812218279448
}