{
    "gpsHeading": 53, 
    "gpsLatitude": 49.79603771304228, 
    "gpsLongitude": 9.940148754236136, 
    "outsideTemperature": 40.0, 
    "speed": 5.6940625, 
    "yawRate": -0.0516051430728578
}