{
    "gpsHeading": 158, 
    "gpsLatitude": 49.793913319682574, 
    "gpsLongitude": 9.92753742653807, 
    "outsideTemperature": 42.5, 
    "speed": 5.0290625, 
    "yawRate": -0.0007194920129110539
}