{
    "gpsHeading": 261, 
    "gpsLatitude": 49.79355080237026, 
    "gpsLongitude": 9.939474094849592, 
    "outsideTemperature": 41.0, 
    "speed": 4.9958125, 
    "yawRate": -0.28879819283902414
}