{
    "gpsHeading": 176, 
    "gpsLatitude": 49.791654983510135, 
    "gpsLongitude": 9.927096873707207, 
    "outsideTemperature": 40.0, 
    "speed": 10.606750000000002, 
    "yawRate": 0.0022878541313866886
}