{
    "gpsHeading": 149, 
    "gpsLatitude": 49.796676916978406, 
    "gpsLongitude": 9.92615131121003, 
    "outsideTemperature": 36.0, 
    "speed": 2.2693125, 
    "yawRate": 0.031152741832520203
}