{
    "gpsHeading": 62, 
    "gpsLatitude": 49.79819219743439, 
    "gpsLongitude": 9.921188805435266, 
    "outsideTemperature": 35.0, 
    "speed": 12.219375000000001, 
    "yawRate": 0.012826784686580849
}