{
    "gpsHeading": 151, 
    "gpsLatitude": 49.781480191246004, 
    "gpsLongitude": 9.935697963650226, 
    "outsideTemperature": 39.5, 
    "speed": 11.778812499999999, 
    "yawRate": -0.004839209658185047
}