{
    "gpsHeading": 334, 
    "gpsLatitude": 49.79428304543161, 
    "gpsLongitude": 9.94468126837803, 
    "outsideTemperature": 39.0, 
    "speed": 7.0074375, 
    "yawRate": 0.08366023121378462
}