{
    "gpsHeading": 23, 
    "gpsLatitude": 49.80064775978853, 
    "gpsLongitude": 9.937146272699831, 
    "outsideTemperature": 41.5, 
    "speed": 6.0099375, 
    "yawRate": 0.021013575756649038
}