{
    "gpsHeading": 209, 
    "gpsLatitude": 49.79325215516012, 
    "gpsLongitude": 9.943786584033138, 
    "outsideTemperature": 37.0, 
    "speed": 0.6733125, 
    "yawRate": -0.0026477819028399106
}