{
    "gpsHeading": 267, 
    "gpsLatitude": 49.800478864439555, 
    "gpsLongitude": 9.932739068010415, 
    "outsideTemperature": 40.0, 
    "speed": 13.782125, 
    "yawRate": 0.056991114806616415
}