{
    "gpsHeading": 89, 
    "gpsLatitude": 49.79793663320657, 
    "gpsLongitude": 9.943017712054882, 
    "outsideTemperature": 39.5, 
    "speed": 7.788812500000001, 
    "yawRate": -0.12272643444004767
}