{
    "gpsHeading": 26, 
    "gpsLatitude": 49.793691618343594, 
    "gpsLongitude": 9.937019370685748, 
    "outsideTemperature": 46.5, 
    "speed": 3.7988125, 
    "yawRate": 0.02571294279048981
}