{
    "gpsHeading": 142, 
    "gpsLatitude": 49.788376653540325, 
    "gpsLongitude": 9.936813762600885, 
    "outsideTemperature": 40.0, 
    "speed": 8.14625, 
    "yawRate": 0.012147490778873683
}