{
    "gpsHeading": 153, 
    "gpsLatitude": 49.7788404784791, 
    "gpsLongitude": 9.937994940396315, 
    "outsideTemperature": 39.0, 
    "speed": 10.5319375, 
    "yawRate": 0.06567209212238503
}