{
    "gpsHeading": 158, 
    "gpsLatitude": 49.79815380831785, 
    "gpsLongitude": 9.942079609451525, 
    "outsideTemperature": 39.5, 
    "speed": 4.4139375, 
    "yawRate": 0.09142546477965362
}