{
    "gpsHeading": 280, 
    "gpsLatitude": 49.79374274795296, 
    "gpsLongitude": 9.93812796119968, 
    "outsideTemperature": 39.5, 
    "speed": 7.3066875, 
    "yawRate": 0.0004028642164312724
}