{
    "gpsHeading": 151, 
    "gpsLatitude": 49.78172326643808, 
    "gpsLongitude": 9.935444913993377, 
    "outsideTemperature": 39.5, 
    "speed": 10.590125, 
    "yawRate": 0.025529519326515933
}