{
    "gpsHeading": 284, 
    "gpsLatitude": 49.80017996577233, 
    "gpsLongitude": 9.93643070962578, 
    "outsideTemperature": 42.5, 
    "speed": 11.521125000000001, 
    "yawRate": 0.007947362825576537
}