{
    "gpsHeading": 28, 
    "gpsLatitude": 49.795994630059965, 
    "gpsLongitude": 9.944585211767652, 
    "outsideTemperature": 38.0, 
    "speed": 8.844500000000002, 
    "yawRate": 0.009832803854426397
}