{
    "gpsHeading": 353, 
    "gpsLatitude": 49.79860718546057, 
    "gpsLongitude": 9.943371260730821, 
    "outsideTemperature": 41.5, 
    "speed": 10.5319375, 
    "yawRate": 0.20546732664560466
}