{
    "gpsHeading": 267, 
    "gpsLatitude": 49.795406052819004, 
    "gpsLongitude": 9.907188764019145, 
    "outsideTemperature": 35.0, 
    "speed": 8.5203125, 
    "yawRate": -0.004932020271879995
}