{
    "gpsHeading": 43, 
    "gpsLatitude": 49.79666685869459, 
    "gpsLongitude": 9.939338810932336, 
    "outsideTemperature": 38.5, 
    "speed": 8.5203125, 
    "yawRate": -0.011456053131193467
}