{
    "gpsHeading": 255, 
    "gpsLatitude": 49.7997954878737, 
    "gpsLongitude": 9.92794520612753, 
    "outsideTemperature": 42.0, 
    "speed": 8.3873125, 
    "yawRate": 0.004424526982238865
}