{
    "gpsHeading": 234, 
    "gpsLatitude": 49.79515132678152, 
    "gpsLongitude": 9.935944894517759, 
    "outsideTemperature": 38.5, 
    "speed": 2.9675625, 
    "yawRate": 0.051354753694508225
}