{
    "gpsHeading": 352, 
    "gpsLatitude": 49.78344189186508, 
    "gpsLongitude": 9.940845709485147, 
    "outsideTemperature": 42.0, 
    "speed": 3.95675, 
    "yawRate": -0.5387907770827832
}