{
    "gpsHeading": 182, 
    "gpsLatitude": 49.79147217420189, 
    "gpsLongitude": 9.931696275436416, 
    "outsideTemperature": 40.0, 
    "speed": 3.7323125, 
    "yawRate": -0.03319509095598919
}