{
    "gpsHeading": 176, 
    "gpsLatitude": 49.79201247168056, 
    "gpsLongitude": 9.927089329994352, 
    "outsideTemperature": 40.5, 
    "speed": 10.124625000000002, 
    "yawRate": 0.009443704064562764
}