{
    "gpsHeading": 306, 
    "gpsLatitude": 49.780416360095025, 
    "gpsLongitude": 9.94494404104256, 
    "outsideTemperature": 38.5, 
    "speed": 5.943437500000001, 
    "yawRate": -0.034702536139573734
}