{
    "gpsHeading": 21, 
    "gpsLatitude": 49.78953637366362, 
    "gpsLongitude": 9.942029318032494, 
    "outsideTemperature": 39.0, 
    "speed": 8.8195625, 
    "yawRate": 0.04478259273669504
}