{
    "gpsHeading": 344, 
    "gpsLatitude": 49.79111024362279, 
    "gpsLongitude": 9.928739894367554, 
    "outsideTemperature": 38.5, 
    "speed": 6.4920625, 
    "yawRate": -0.000726288302233793
}