{
    "gpsHeading": 25, 
    "gpsLatitude": 49.79613854733747, 
    "gpsLongitude": 9.944700462936293, 
    "outsideTemperature": 38.0, 
    "speed": 8.827875, 
    "yawRate": 5.896004325827613e-05
}