{
    "gpsHeading": 300, 
    "gpsLatitude": 49.79880491455648, 
    "gpsLongitude": 9.943097926868266, 
    "outsideTemperature": 39.5, 
    "speed": 10.5153125, 
    "yawRate": 0.18607789434203625
}