{
    "gpsHeading": 152, 
    "gpsLatitude": 49.78084442389017, 
    "gpsLongitude": 9.936323505084182, 
    "outsideTemperature": 39.0, 
    "speed": 11.13875, 
    "yawRate": -0.00972613156376861
}