{
    "gpsHeading": 155, 
    "gpsLatitude": 49.79086440240266, 
    "gpsLongitude": 9.928617686219281, 
    "outsideTemperature": 38.5, 
    "speed": 3.341625, 
    "yawRate": 0.025104584627282166
}