{
    "gpsHeading": 151, 
    "gpsLatitude": 49.79722358470347, 
    "gpsLongitude": 9.925730455851621, 
    "outsideTemperature": 36.0, 
    "speed": 8.1545625, 
    "yawRate": 0.019284502918959837
}