{
    "gpsHeading": 79, 
    "gpsLatitude": 49.800414659061225, 
    "gpsLongitude": 9.932066001185476, 
    "outsideTemperature": 36.5, 
    "speed": 11.8785625, 
    "yawRate": -0.05347440199343601
}