{
    "gpsHeading": 282, 
    "gpsLatitude": 49.79962575433439, 
    "gpsLongitude": 9.940170714822477, 
    "outsideTemperature": 41.5, 
    "speed": 11.7455625, 
    "yawRate": 0.00671510216819174
}