{
    "gpsHeading": 173, 
    "gpsLatitude": 49.79164383557891, 
    "gpsLongitude": 9.927093772403035, 
    "outsideTemperature": 38.5, 
    "speed": 10.6981875, 
    "yawRate": 0.006993401069972809
}