{
    "gpsHeading": 351, 
    "gpsLatitude": 49.79855437947058, 
    "gpsLongitude": 9.943391880212625, 
    "outsideTemperature": 43.5, 
    "speed": 7.198625000000001, 
    "yawRate": 0.1612942189637169
}