{
    "gpsHeading": 0, 
    "gpsLatitude": 49.79780051109902, 
    "gpsLongitude": 9.941807365236414, 
    "outsideTemperature": 40.5, 
    "speed": 8.0548125, 
    "yawRate": -0.017411218834067158
}