{
    "gpsHeading": 232, 
    "gpsLatitude": 49.79034581405323, 
    "gpsLongitude": 9.929030159674518, 
    "outsideTemperature": 39.5, 
    "speed": 5.9517500000000005, 
    "yawRate": -0.3230911632860089
}