{
    "gpsHeading": 158, 
    "gpsLatitude": 49.789393043119325, 
    "gpsLongitude": 9.936137929747865, 
    "outsideTemperature": 39.0, 
    "speed": 9.742250000000002, 
    "yawRate": 0.01720894560965652
}