{
    "gpsHeading": 0, 
    "gpsLatitude": 49.79403468964055, 
    "gpsLongitude": 9.909369651406275, 
    "outsideTemperature": 34.5, 
    "speed": 8.254312500000001, 
    "yawRate": -0.004059355645882647
}