{
    "gpsHeading": 52, 
    "gpsLatitude": 49.7957932967457, 
    "gpsLongitude": 9.939703256082401, 
    "outsideTemperature": 40.5, 
    "speed": 5.6857500000000005, 
    "yawRate": -0.026297868918939656
}