{
    "gpsHeading": 158, 
    "gpsLatitude": 49.7785699106446, 
    "gpsLongitude": 9.938198536824418, 
    "outsideTemperature": 39.0, 
    "speed": 11.022375000000002, 
    "yawRate": 0.014359805361861652
}