{
    "gpsHeading": 24, 
    "gpsLatitude": 49.7984063550605, 
    "gpsLongitude": 9.943401854677397, 
    "outsideTemperature": 44.0, 
    "speed": 8.5868125, 
    "yawRate": 0.17892204440886017
}