{
    "gpsHeading": 343, 
    "gpsLatitude": 49.794036030745055, 
    "gpsLongitude": 9.926760759389865, 
    "outsideTemperature": 39.0, 
    "speed": 8.94425, 
    "yawRate": -0.05656016020669037
}