{
    "gpsHeading": 244, 
    "gpsLatitude": 49.78797298108343, 
    "gpsLongitude": 9.938052104975945, 
    "outsideTemperature": 38.0, 
    "speed": 6.8910625, 
    "yawRate": 0.10950270832578185
}