{
    "gpsHeading": 195, 
    "gpsLatitude": 49.79526272227472, 
    "gpsLongitude": 9.94391709026555, 
    "outsideTemperature": 37.5, 
    "speed": 7.896875, 
    "yawRate": 0.16403116166261594
}