{
    "gpsHeading": 79, 
    "gpsLatitude": 49.797535475320615, 
    "gpsLongitude": 9.907592687933146, 
    "outsideTemperature": 35.0, 
    "speed": 9.47625, 
    "yawRate": -0.009295343401865745
}