{
    "gpsHeading": 261, 
    "gpsLatitude": 49.786554092513946, 
    "gpsLongitude": 9.931210460328394, 
    "outsideTemperature": 37.0, 
    "speed": 7.173687500000001, 
    "yawRate": -0.009761759749172115
}