{
    "gpsHeading": 293, 
    "gpsLatitude": 49.80009245870318, 
    "gpsLongitude": 9.937055999602642, 
    "outsideTemperature": 43.5, 
    "speed": 11.4296875, 
    "yawRate": -0.008633265068369114
}