{
    "gpsHeading": 16, 
    "gpsLatitude": 49.79255687629176, 
    "gpsLongitude": 9.928580219112071, 
    "outsideTemperature": 38.0, 
    "speed": 1.29675, 
    "yawRate": -0.17019775867087997
}