{
    "gpsHeading": 123, 
    "gpsLatitude": 49.78766109046628, 
    "gpsLongitude": 9.940803799969288, 
    "outsideTemperature": 39.5, 
    "speed": 6.201125, 
    "yawRate": 0.02610756974035615
}