{
    "gpsHeading": 86, 
    "gpsLatitude": 49.783520514116866, 
    "gpsLongitude": 9.941962681902249, 
    "outsideTemperature": 40.5, 
    "speed": 8.761375, 
    "yawRate": -0.0014039003937388172
}