{
    "gpsHeading": 148, 
    "gpsLatitude": 49.78100300949825, 
    "gpsLongitude": 9.936176821778615, 
    "outsideTemperature": 43.5, 
    "speed": 10.8976875, 
    "yawRate": 0.0016189018223029441
}