{
    "gpsHeading": 57, 
    "gpsLatitude": 49.79861246605957, 
    "gpsLongitude": 9.943837713642484, 
    "outsideTemperature": 38.5, 
    "speed": 9.002437500000001, 
    "yawRate": -0.029960703091044164
}