{
    "gpsHeading": 215, 
    "gpsLatitude": 49.78639911112426, 
    "gpsLongitude": 9.939572414573828, 
    "outsideTemperature": 39.0, 
    "speed": 4.256, 
    "yawRate": 0.132125409579759
}