{
    "gpsHeading": 57, 
    "gpsLatitude": 49.79788357575948, 
    "gpsLongitude": 9.941983552841146, 
    "outsideTemperature": 36.5, 
    "speed": 3.8403750000000003, 
    "yawRate": 0.00023765285716862068
}