{
    "gpsHeading": 161, 
    "gpsLatitude": 49.79822966454158, 
    "gpsLongitude": 9.929611025564538, 
    "outsideTemperature": 34.5, 
    "speed": 7.0240625, 
    "yawRate": 0.009336126182591456
}