{
    "gpsHeading": 112, 
    "gpsLatitude": 49.787795200917074, 
    "gpsLongitude": 9.94025436621616, 
    "outsideTemperature": 39.5, 
    "speed": 9.127125000000001, 
    "yawRate": -0.0037375604687470165
}