{
    "gpsHeading": 14, 
    "gpsLatitude": 49.79393217896472, 
    "gpsLongitude": 9.92682236637821, 
    "outsideTemperature": 44.0, 
    "speed": 0.0, 
    "yawRate": -2.1058441065389738e-05
}