{
    "gpsHeading": 325, 
    "gpsLatitude": 49.79797938091276, 
    "gpsLongitude": 9.943194654030899, 
    "outsideTemperature": 41.0, 
    "speed": 0.3075625, 
    "yawRate": -0.0107153274127719
}