{
    "gpsHeading": 202, 
    "gpsLatitude": 49.78228636269337, 
    "gpsLongitude": 9.937726300399534, 
    "outsideTemperature": 38.5, 
    "speed": 5.5278125000000005, 
    "yawRate": -0.2281105480318643
}