{
    "gpsHeading": 0, 
    "gpsLatitude": 49.78799360056523, 
    "gpsLongitude": 9.939455151748424, 
    "outsideTemperature": 38.0, 
    "speed": 6.6998750000000005, 
    "yawRate": 0.021834326983193087
}