{
    "gpsHeading": 220, 
    "gpsLatitude": 49.78670329039046, 
    "gpsLongitude": 9.939984385114874, 
    "outsideTemperature": 39.5, 
    "speed": 6.7165, 
    "yawRate": 0.03211804344048528
}