{
    "gpsHeading": 356, 
    "gpsLatitude": 49.792408600424594, 
    "gpsLongitude": 9.92856932263795, 
    "outsideTemperature": 37.0, 
    "speed": 5.4779375, 
    "yawRate": 0.02440645292648409
}