{
    "gpsHeading": 148, 
    "gpsLatitude": 49.78497686979352, 
    "gpsLongitude": 9.932627421060138, 
    "outsideTemperature": 42.5, 
    "speed": 8.894375, 
    "yawRate": -0.001174018228996382
}