{
    "gpsHeading": 282, 
    "gpsLatitude": 49.80013964881806, 
    "gpsLongitude": 9.93674436044259, 
    "outsideTemperature": 43.0, 
    "speed": 11.404750000000002, 
    "yawRate": -0.018232575954337964
}