{
    "gpsHeading": 139, 
    "gpsLatitude": 49.79478243922279, 
    "gpsLongitude": 9.944042651175128, 
    "outsideTemperature": 37.0, 
    "speed": 9.127125000000001, 
    "yawRate": -0.023242667076372767
}