{
    "gpsHeading": 93, 
    "gpsLatitude": 49.79423602295481, 
    "gpsLongitude": 9.904538490054241, 
    "outsideTemperature": 35.0, 
    "speed": 10.889375000000001, 
    "yawRate": 0.007808883267678712
}