{
    "gpsHeading": 55, 
    "gpsLatitude": 49.79647524838801, 
    "gpsLongitude": 9.941988246706922, 
    "outsideTemperature": 39.5, 
    "speed": 6.7081875, 
    "yawRate": 0.029029068369278942
}