{
    "gpsHeading": 28, 
    "gpsLatitude": 49.796350190392644, 
    "gpsLongitude": 9.944860473467905, 
    "outsideTemperature": 38.0, 
    "speed": 7.8553125, 
    "yawRate": 0.09640113475334332
}