{
    "gpsHeading": 281, 
    "gpsLatitude": 49.79961049927062, 
    "gpsLongitude": 9.940287977647879, 
    "outsideTemperature": 37.0, 
    "speed": 12.0448125, 
    "yawRate": -0.00504850402166628
}