{
    "gpsHeading": 4, 
    "gpsLatitude": 49.788879148635665, 
    "gpsLongitude": 9.941824045223726, 
    "outsideTemperature": 39.0, 
    "speed": 8.661624999999999, 
    "yawRate": -0.018921924961097507
}