{
    "gpsHeading": 149, 
    "gpsLatitude": 49.785436617182675, 
    "gpsLongitude": 9.932229364478356, 
    "outsideTemperature": 44.0, 
    "speed": 10.058125, 
    "yawRate": -0.01513665224495098
}