{
    "gpsHeading": 128, 
    "gpsLatitude": 49.77419497628241, 
    "gpsLongitude": 9.942754604114226, 
    "outsideTemperature": 38.0, 
    "speed": 5.719, 
    "yawRate": -0.03871679341916094
}