{
    "gpsHeading": 206, 
    "gpsLatitude": 49.78435049016924, 
    "gpsLongitude": 9.937700484137766, 
    "outsideTemperature": 39.0, 
    "speed": 4.0149375, 
    "yawRate": -0.08464448351793334
}