{
    "gpsHeading": 4, 
    "gpsLatitude": 49.789958570126544, 
    "gpsLongitude": 9.942080196184747, 
    "outsideTemperature": 39.0, 
    "speed": 10.640000000000002, 
    "yawRate": -0.00740275189793469
}