{
    "gpsHeading": 340, 
    "gpsLatitude": 49.79667859335904, 
    "gpsLongitude": 9.944929624169104, 
    "outsideTemperature": 38.0, 
    "speed": 8.3125, 
    "yawRate": 0.13305304904522403
}