{
    "gpsHeading": 323, 
    "gpsLatitude": 49.79867574942855, 
    "gpsLongitude": 9.943299930734801, 
    "outsideTemperature": 40.0, 
    "speed": 10.2326875, 
    "yawRate": 0.18887042114522756
}