{
    "gpsHeading": 171, 
    "gpsLatitude": 49.78791330193281, 
    "gpsLongitude": 9.931254632958108, 
    "outsideTemperature": 37.5, 
    "speed": 7.2401875, 
    "yawRate": -0.0581073800294139
}