{
    "gpsHeading": 357, 
    "gpsLatitude": 49.79218019356308, 
    "gpsLongitude": 9.927086815423369, 
    "outsideTemperature": 37.5, 
    "speed": 8.1795, 
    "yawRate": -0.010328161328631038
}