{
    "gpsHeading": 137, 
    "gpsLatitude": 49.79728552696794, 
    "gpsLongitude": 9.944078777177795, 
    "outsideTemperature": 39.0, 
    "speed": 9.093875, 
    "yawRate": 0.010093121636718798
}