{
    "gpsHeading": 94, 
    "gpsLatitude": 49.79780386386028, 
    "gpsLongitude": 9.912335504025718, 
    "outsideTemperature": 35.0, 
    "speed": 9.9999375, 
    "yawRate": -0.012436936055454612
}