{
    "gpsHeading": 24, 
    "gpsLatitude": 49.78811019283839, 
    "gpsLongitude": 9.938688542884025, 
    "outsideTemperature": 38.0, 
    "speed": 1.2635, 
    "yawRate": -0.03122368227743399
}