{
    "gpsHeading": 55, 
    "gpsLatitude": 49.79641162974291, 
    "gpsLongitude": 9.941724887309173, 
    "outsideTemperature": 40.0, 
    "speed": 6.7248125000000005, 
    "yawRate": 0.002150997888567356
}