{
    "gpsHeading": 180, 
    "gpsLatitude": 49.79314721373238, 
    "gpsLongitude": 9.927106596714886, 
    "outsideTemperature": 43.0, 
    "speed": 9.584312500000001, 
    "yawRate": -0.021274090770536762
}