{
    "gpsHeading": 158, 
    "gpsLatitude": 49.788407415124986, 
    "gpsLongitude": 9.930910220556656, 
    "outsideTemperature": 37.5, 
    "speed": 7.7389375000000005, 
    "yawRate": 0.004899005967579569
}