{
    "gpsHeading": 154, 
    "gpsLatitude": 49.796812703809834, 
    "gpsLongitude": 9.9260285163285, 
    "outsideTemperature": 41.0, 
    "speed": 9.67575, 
    "yawRate": 0.10426660714711852
}