{
    "gpsHeading": 231, 
    "gpsLatitude": 49.79527604950077, 
    "gpsLongitude": 9.936216049085457, 
    "outsideTemperature": 38.5, 
    "speed": 6.849500000000001, 
    "yawRate": -0.0030995189677140147
}