{
    "gpsHeading": 21, 
    "gpsLatitude": 49.78549688306649, 
    "gpsLongitude": 9.946712706431516, 
    "outsideTemperature": 42.0, 
    "speed": 1.2136250000000002, 
    "yawRate": 0.169716567519585
}