{
    "gpsHeading": 96, 
    "gpsLatitude": 49.794028319394144, 
    "gpsLongitude": 9.90708851645718, 
    "outsideTemperature": 35.0, 
    "speed": 10.282562500000001, 
    "yawRate": 0.0010020991849011805
}