{
    "gpsHeading": 42, 
    "gpsLatitude": 49.777594424753104, 
    "gpsLongitude": 9.943982972024513, 
    "outsideTemperature": 38.0, 
    "speed": 7.581, 
    "yawRate": 0.11295231857914369
}