{
    "gpsHeading": 203, 
    "gpsLatitude": 49.79303380658242, 
    "gpsLongitude": 9.936524922217462, 
    "outsideTemperature": 40.0, 
    "speed": 8.379, 
    "yawRate": -0.004495782369309177
}