{
    "gpsHeading": 229, 
    "gpsLatitude": 49.79955936966126, 
    "gpsLongitude": 9.926173774710527, 
    "outsideTemperature": 48.0, 
    "speed": 5.361562500000001, 
    "yawRate": 0.40376510678934086
}