{
    "gpsHeading": 0, 
    "gpsLatitude": 49.78748825562281, 
    "gpsLongitude": 9.92781185004804, 
    "outsideTemperature": 38.5, 
    "speed": 12.0365, 
    "yawRate": 0.00246238705658596
}