{
    "gpsHeading": 84, 
    "gpsLatitude": 49.80046914143186, 
    "gpsLongitude": 9.932530777716503, 
    "outsideTemperature": 36.0, 
    "speed": 8.512, 
    "yawRate": -0.035672043623094465
}