{
    "gpsHeading": 136, 
    "gpsLatitude": 49.77658189084957, 
    "gpsLongitude": 9.94026744198511, 
    "outsideTemperature": 38.5, 
    "speed": 11.280062500000001, 
    "yawRate": -0.0053628084337828605
}