{
    "gpsHeading": 0, 
    "gpsLatitude": 49.78981549103935, 
    "gpsLongitude": 9.935923772121766, 
    "outsideTemperature": 39.5, 
    "speed": 9.792125, 
    "yawRate": -0.005305801741069318
}