{
    "gpsHeading": 17, 
    "gpsLatitude": 49.79303213020179, 
    "gpsLongitude": 9.899615463043451, 
    "outsideTemperature": 35.5, 
    "speed": 7.963375, 
    "yawRate": -0.09150035117079693
}