{
    "gpsHeading": 267, 
    "gpsLatitude": 49.784781906725655, 
    "gpsLongitude": 9.935545161555343, 
    "outsideTemperature": 39.0, 
    "speed": 3.2751250000000005, 
    "yawRate": -0.004184805000995883
}