{
    "gpsHeading": 302, 
    "gpsLatitude": 49.79967713540088, 
    "gpsLongitude": 9.939792104256053, 
    "outsideTemperature": 37.0, 
    "speed": 11.379812500000002, 
    "yawRate": -0.004699438171267738
}