{
    "gpsHeading": 332, 
    "gpsLatitude": 49.79586831477911, 
    "gpsLongitude": 9.92664047907932, 
    "outsideTemperature": 39.0, 
    "speed": 7.2568125, 
    "yawRate": 0.06719477084683168
}