{
    "gpsHeading": 152, 
    "gpsLatitude": 49.797801600746425, 
    "gpsLongitude": 9.939312156480252, 
    "outsideTemperature": 36.5, 
    "speed": 5.2285625, 
    "yawRate": -0.0008256404461239424
}