{
    "gpsHeading": 218, 
    "gpsLatitude": 49.78712137972085, 
    "gpsLongitude": 9.940546810817917, 
    "outsideTemperature": 40.0, 
    "speed": 7.9135, 
    "yawRate": 0.010475960715756794
}