{
    "gpsHeading": 28, 
    "gpsLatitude": 49.779577415406244, 
    "gpsLongitude": 9.94507521782726, 
    "outsideTemperature": 37.5, 
    "speed": 6.8328750000000005, 
    "yawRate": -0.05774088226589837
}