{
    "gpsHeading": 149, 
    "gpsLatitude": 49.779565513103734, 
    "gpsLongitude": 9.937447099204793, 
    "outsideTemperature": 39.0, 
    "speed": 10.1495625, 
    "yawRate": -0.007980802311774907
}