{
    "gpsHeading": 153, 
    "gpsLatitude": 49.77564051930397, 
    "gpsLongitude": 9.941313754958443, 
    "outsideTemperature": 37.5, 
    "speed": 10.9143125, 
    "yawRate": -0.005187882260474588
}