{
    "gpsHeading": 335, 
    "gpsLatitude": 49.79964302105495, 
    "gpsLongitude": 9.92693409714755, 
    "outsideTemperature": 44.0, 
    "speed": 0.0, 
    "yawRate": -0.00012007092964102725
}