{
    "gpsHeading": 314, 
    "gpsLatitude": 49.7822074889845, 
    "gpsLongitude": 9.942121016053225, 
    "outsideTemperature": 37.5, 
    "speed": 8.329125, 
    "yawRate": -0.024754159403206345
}