{
    "gpsHeading": 23, 
    "gpsLatitude": 49.79880633948002, 
    "gpsLongitude": 9.94519432467136, 
    "outsideTemperature": 38.5, 
    "speed": 4.5968125, 
    "yawRate": -0.004478896011926746
}