{
    "gpsHeading": 283, 
    "gpsLatitude": 49.799562470965434, 
    "gpsLongitude": 9.940617973175875, 
    "outsideTemperature": 37.0, 
    "speed": 11.961687500000002, 
    "yawRate": 0.017291710403861276
}