{
    "gpsHeading": 55, 
    "gpsLatitude": 49.796208284771886, 
    "gpsLongitude": 9.938269363906251, 
    "outsideTemperature": 41.0, 
    "speed": 7.21525, 
    "yawRate": -0.00203127517042389
}