{
    "gpsHeading": 157, 
    "gpsLatitude": 49.798781026132424, 
    "gpsLongitude": 9.93533879909916, 
    "outsideTemperature": 37.0, 
    "speed": 6.6250625, 
    "yawRate": -0.03311423160801889
}