{
    "gpsHeading": 271, 
    "gpsLatitude": 49.792576322307134, 
    "gpsLongitude": 9.907955456702577, 
    "outsideTemperature": 36.5, 
    "speed": 9.8669375, 
    "yawRate": -0.011913337279856799
}