{
    "gpsHeading": 273, 
    "gpsLatitude": 49.79793772285398, 
    "gpsLongitude": 9.945031883387829, 
    "outsideTemperature": 37.5, 
    "speed": 8.844500000000002, 
    "yawRate": 0.16713372336544724
}