{
    "gpsHeading": 89, 
    "gpsLatitude": 49.79400384423686, 
    "gpsLongitude": 9.907951014293895, 
    "outsideTemperature": 34.5, 
    "speed": 9.700687499999999, 
    "yawRate": 0.013393936874060354
}