{
    "gpsHeading": 159, 
    "gpsLatitude": 49.792380185772835, 
    "gpsLongitude": 9.929107440821793, 
    "outsideTemperature": 39.5, 
    "speed": 4.1895, 
    "yawRate": -0.003344282180224846
}