{
    "gpsHeading": 215, 
    "gpsLatitude": 49.798347178824095, 
    "gpsLongitude": 9.926213002017406, 
    "outsideTemperature": 42.5, 
    "speed": 7.639187500000001, 
    "yawRate": 0.09571449381234629
}