{
    "gpsHeading": 257, 
    "gpsLatitude": 49.79251831953715, 
    "gpsLongitude": 9.911246275708113, 
    "outsideTemperature": 38.0, 
    "speed": 5.810437500000001, 
    "yawRate": -0.05607016735531211
}