{
    "gpsHeading": 23, 
    "gpsLatitude": 49.79994803851147, 
    "gpsLongitude": 9.937932411398622, 
    "outsideTemperature": 43.0, 
    "speed": 0.0, 
    "yawRate": -0.00044213505863537907
}