{
    "gpsHeading": 56, 
    "gpsLatitude": 49.79606880990306, 
    "gpsLongitude": 9.926618769950105, 
    "outsideTemperature": 46.0, 
    "speed": 0.714875, 
    "yawRate": 0.0006167518807562744
}