{
    "gpsHeading": 320, 
    "gpsLatitude": 49.797320814780306, 
    "gpsLongitude": 9.944024378626212, 
    "outsideTemperature": 38.0, 
    "speed": 10.5153125, 
    "yawRate": -0.007620488665516604
}