{
    "gpsHeading": 136, 
    "gpsLatitude": 49.79675470103987, 
    "gpsLongitude": 9.944873549236853, 
    "outsideTemperature": 38.0, 
    "speed": 7.21525, 
    "yawRate": -0.15676035485393633
}