{
    "gpsHeading": 290, 
    "gpsLatitude": 49.784481080220715, 
    "gpsLongitude": 9.93664964493672, 
    "outsideTemperature": 38.0, 
    "speed": 6.517, 
    "yawRate": -0.0027885415994007203
}