{
    "gpsHeading": 0, 
    "gpsLatitude": 49.78411940109872, 
    "gpsLongitude": 9.946279110580285, 
    "outsideTemperature": 42.0, 
    "speed": 0.0, 
    "yawRate": 0.0006790535173776971
}