{
    "gpsHeading": 60, 
    "gpsLatitude": 49.79787326601858, 
    "gpsLongitude": 9.920250451374814, 
    "outsideTemperature": 35.0, 
    "speed": 9.9168125, 
    "yawRate": -0.011258758990940412
}