{
    "gpsHeading": 305, 
    "gpsLatitude": 49.7959335259858, 
    "gpsLongitude": 9.937648264880975, 
    "outsideTemperature": 38.5, 
    "speed": 7.813750000000001, 
    "yawRate": -0.0055429799205057965
}