{
    "gpsHeading": 266, 
    "gpsLatitude": 49.79251354185235, 
    "gpsLongitude": 9.909261021941104, 
    "outsideTemperature": 37.0, 
    "speed": 10.0830625, 
    "yawRate": -0.012611468980654876
}