{
    "gpsHeading": 235, 
    "gpsLatitude": 49.79341384207237, 
    "gpsLongitude": 9.927390994689596, 
    "outsideTemperature": 40.0, 
    "speed": 3.142125, 
    "yawRate": -0.23633894103214156
}