{
    "gpsHeading": 287, 
    "gpsLatitude": 49.784626338602735, 
    "gpsLongitude": 9.936126614178583, 
    "outsideTemperature": 38.0, 
    "speed": 6.134625000000001, 
    "yawRate": -0.003486673300197806
}