{
    "gpsHeading": 150, 
    "gpsLatitude": 49.78083302450187, 
    "gpsLongitude": 9.93633406628218, 
    "outsideTemperature": 43.0, 
    "speed": 11.180312500000001, 
    "yawRate": 0.000920770121505859
}