{
    "gpsHeading": 150, 
    "gpsLatitude": 49.80075412613982, 
    "gpsLongitude": 9.937176279913185, 
    "outsideTemperature": 40.0, 
    "speed": 4.472125, 
    "yawRate": -0.17662191553751444
}