{
    "gpsHeading": 2, 
    "gpsLatitude": 49.79083188061835, 
    "gpsLongitude": 9.942161584464577, 
    "outsideTemperature": 38.5, 
    "speed": 9.534437500000001, 
    "yawRate": -0.09222575354485792
}