{
    "gpsHeading": 281, 
    "gpsLatitude": 49.79320077409366, 
    "gpsLongitude": 9.941261870977778, 
    "outsideTemperature": 37.0, 
    "speed": 7.896875, 
    "yawRate": 0.005679610909534889
}