{
    "gpsHeading": 137, 
    "gpsLatitude": 49.77727440368988, 
    "gpsLongitude": 9.939296314683258, 
    "outsideTemperature": 38.5, 
    "speed": 11.404750000000002, 
    "yawRate": 0.02971830953130241
}