{
    "gpsHeading": 357, 
    "gpsLatitude": 49.795651894039125, 
    "gpsLongitude": 9.926655734143091, 
    "outsideTemperature": 39.0, 
    "speed": 8.0548125, 
    "yawRate": 0.05864265751205944
}