{
    "gpsHeading": 230, 
    "gpsLatitude": 49.797262979648394, 
    "gpsLongitude": 9.94065854158726, 
    "outsideTemperature": 39.5, 
    "speed": 7.049, 
    "yawRate": -0.011128033526887437
}