{
    "gpsHeading": 74, 
    "gpsLatitude": 49.80011215617565, 
    "gpsLongitude": 9.930079071037834, 
    "outsideTemperature": 37.5, 
    "speed": 11.33825, 
    "yawRate": 0.009706516928757732
}