{
    "gpsHeading": 353, 
    "gpsLatitude": 49.79182630961104, 
    "gpsLongitude": 9.9285337833685, 
    "outsideTemperature": 37.5, 
    "speed": 6.7165, 
    "yawRate": -0.03563287334211979
}