{
    "gpsHeading": 338, 
    "gpsLatitude": 49.790532143760814, 
    "gpsLongitude": 9.929056311212413, 
    "outsideTemperature": 40.0, 
    "speed": 4.322500000000001, 
    "yawRate": 0.06838875007674013
}