{
    "gpsHeading": 264, 
    "gpsLatitude": 49.786466082530616, 
    "gpsLongitude": 9.928904347307846, 
    "outsideTemperature": 36.5, 
    "speed": 0.83125, 
    "yawRate": -0.0017332451899986915
}