{
    "gpsHeading": 74, 
    "gpsLatitude": 49.79944244211197, 
    "gpsLongitude": 9.925963556578887, 
    "outsideTemperature": 36.5, 
    "speed": 9.842, 
    "yawRate": 0.020331700470155468
}