{
    "gpsHeading": 147, 
    "gpsLatitude": 49.78824857805982, 
    "gpsLongitude": 9.936936306025284, 
    "outsideTemperature": 39.5, 
    "speed": 9.7173125, 
    "yawRate": 0.022270400440440347
}