{
    "gpsHeading": 351, 
    "gpsLatitude": 49.784392986418354, 
    "gpsLongitude": 9.946430990665819, 
    "outsideTemperature": 44.5, 
    "speed": 7.4064375, 
    "yawRate": -0.0028964955026510317
}