{
    "gpsHeading": 19, 
    "gpsLatitude": 49.79207885635369, 
    "gpsLongitude": 9.93599661086036, 
    "outsideTemperature": 38.5, 
    "speed": 6.500375000000001, 
    "yawRate": 0.010717072662905025
}