{
    "gpsHeading": 223, 
    "gpsLatitude": 49.79629436691749, 
    "gpsLongitude": 9.937745997871987, 
    "outsideTemperature": 36.0, 
    "speed": 4.4638125, 
    "yawRate": 0.32677266015320583
}