{
    "gpsHeading": 326, 
    "gpsLatitude": 49.78835050200242, 
    "gpsLongitude": 9.936831532235608, 
    "outsideTemperature": 38.5, 
    "speed": 8.354062500000001, 
    "yawRate": -0.012321273463420608
}