{
    "gpsHeading": 252, 
    "gpsLatitude": 49.782031049922665, 
    "gpsLongitude": 9.936440181176366, 
    "outsideTemperature": 38.0, 
    "speed": 8.262625000000002, 
    "yawRate": -0.008199062280583091
}