{
    "gpsHeading": 68, 
    "gpsLatitude": 49.79998525416157, 
    "gpsLongitude": 9.929244652576743, 
    "outsideTemperature": 38.0, 
    "speed": 9.201937500000001, 
    "yawRate": 0.02052755829112247
}