{
    "gpsHeading": 18, 
    "gpsLatitude": 49.791674680982595, 
    "gpsLongitude": 9.931702142768634, 
    "outsideTemperature": 40.0, 
    "speed": 5.469625, 
    "yawRate": -0.0761301905550486
}