{
    "gpsHeading": 198, 
    "gpsLatitude": 49.79546665397897, 
    "gpsLongitude": 9.944105766906043, 
    "outsideTemperature": 37.5, 
    "speed": 8.9775, 
    "yawRate": 0.07048151375572122
}