{
    "gpsHeading": 128, 
    "gpsLatitude": 49.791631346543184, 
    "gpsLongitude": 9.930261042155754, 
    "outsideTemperature": 38.0, 
    "speed": 4.663312500000001, 
    "yawRate": 0.031038704084062348
}