{
    "gpsHeading": 151, 
    "gpsLatitude": 49.78116796535273, 
    "gpsLongitude": 9.936023265312446, 
    "outsideTemperature": 44.0, 
    "speed": 10.556875, 
    "yawRate": 0.0010953030467051306
}