{
    "gpsHeading": 272, 
    "gpsLatitude": 49.79786329155379, 
    "gpsLongitude": 9.947073212087087, 
    "outsideTemperature": 37.5, 
    "speed": 10.67325, 
    "yawRate": -0.004432142105592182
}