{
    "gpsHeading": 18, 
    "gpsLatitude": 49.800996614598674, 
    "gpsLongitude": 9.937246017347608, 
    "outsideTemperature": 40.5, 
    "speed": 3.7073750000000003, 
    "yawRate": 0.045622718209769104
}