{
    "gpsHeading": 63, 
    "gpsLatitude": 49.78767408241619, 
    "gpsLongitude": 9.94074931759864, 
    "outsideTemperature": 39.0, 
    "speed": 0.0, 
    "yawRate": 0.00048499930780406637
}