{
    "gpsHeading": 274, 
    "gpsLatitude": 49.79247464982162, 
    "gpsLongitude": 9.909941297202804, 
    "outsideTemperature": 37.5, 
    "speed": 9.700687499999999, 
    "yawRate": 0.0013511650352997229
}