{
    "gpsHeading": 282, 
    "gpsLatitude": 49.7996468767304, 
    "gpsLongitude": 9.940007686805723, 
    "outsideTemperature": 41.5, 
    "speed": 11.296687499999999, 
    "yawRate": 0.003398976589402609
}