{
    "gpsHeading": 25, 
    "gpsLatitude": 49.77901079875161, 
    "gpsLongitude": 9.944433834596309, 
    "outsideTemperature": 37.5, 
    "speed": 7.8220625, 
    "yawRate": -0.03958945804515829
}