{
    "gpsHeading": 141, 
    "gpsLatitude": 49.77979609926008, 
    "gpsLongitude": 9.93727434818036, 
    "outsideTemperature": 40.5, 
    "speed": 11.7455625, 
    "yawRate": -0.021244911378822427
}