{
    "gpsHeading": 207, 
    "gpsLatitude": 49.79784518664294, 
    "gpsLongitude": 9.926218282616402, 
    "outsideTemperature": 41.5, 
    "speed": 6.359062500000001, 
    "yawRate": -0.03675599641402064
}