{
    "gpsHeading": 73, 
    "gpsLatitude": 49.78574465212434, 
    "gpsLongitude": 9.931980421954062, 
    "outsideTemperature": 38.5, 
    "speed": 7.090562500000001, 
    "yawRate": 0.1384931421653185
}