{
    "gpsHeading": 94, 
    "gpsLatitude": 49.79752047171394, 
    "gpsLongitude": 9.91598464939197, 
    "outsideTemperature": 34.5, 
    "speed": 6.68325, 
    "yawRate": 0.02386591238602655
}