{
    "gpsHeading": 102, 
    "gpsLatitude": 49.799600776262935, 
    "gpsLongitude": 9.940362408948078, 
    "outsideTemperature": 38.0, 
    "speed": 11.221875, 
    "yawRate": 0.004194194969095292
}