{
    "gpsHeading": 130, 
    "gpsLatitude": 49.79027079601981, 
    "gpsLongitude": 9.929166533239153, 
    "outsideTemperature": 38.5, 
    "speed": 5.444687500000001, 
    "yawRate": -0.24171601733921497
}