{
    "gpsHeading": 130, 
    "gpsLatitude": 49.790086310330935, 
    "gpsLongitude": 9.927447153440879, 
    "outsideTemperature": 38.5, 
    "speed": 4.771375000000001, 
    "yawRate": 0.10577903673285063
}