{
    "gpsHeading": 167, 
    "gpsLatitude": 49.78940435868862, 
    "gpsLongitude": 9.930202704109647, 
    "outsideTemperature": 38.0, 
    "speed": 5.702375000000001, 
    "yawRate": -0.0006860476388020717
}