{
    "gpsHeading": 0, 
    "gpsLatitude": 49.78352747109649, 
    "gpsLongitude": 9.936488796214793, 
    "outsideTemperature": 38.5, 
    "speed": 6.292562500000001, 
    "yawRate": -0.027048618202121254
}