{
    "gpsHeading": 93, 
    "gpsLatitude": 49.79407022891001, 
    "gpsLongitude": 9.90650572272943, 
    "outsideTemperature": 35.0, 
    "speed": 10.581812500000002, 
    "yawRate": -0.0188946542878336
}