{
    "gpsHeading": 341, 
    "gpsLatitude": 49.793631101002674, 
    "gpsLongitude": 9.92700048182067, 
    "outsideTemperature": 39.5, 
    "speed": 9.692375, 
    "yawRate": -0.039630466462345186
}