{
    "gpsHeading": 169, 
    "gpsLatitude": 49.792313801099695, 
    "gpsLongitude": 9.927089078537259, 
    "outsideTemperature": 39.0, 
    "speed": 1.546125, 
    "yawRate": 0.022875897263121375
}