{
    "gpsHeading": 270, 
    "gpsLatitude": 49.79886995812512, 
    "gpsLongitude": 9.94249132853551, 
    "outsideTemperature": 41.5, 
    "speed": 7.5145, 
    "yawRate": 0.13493974725860314
}