{
    "gpsHeading": 88, 
    "gpsLatitude": 49.794013818701636, 
    "gpsLongitude": 9.908740505753954, 
    "outsideTemperature": 34.5, 
    "speed": 9.085562500000002, 
    "yawRate": 0.010252344220470494
}