{
    "gpsHeading": 252, 
    "gpsLatitude": 49.78206658919214, 
    "gpsLongitude": 9.936645453985134, 
    "outsideTemperature": 38.0, 
    "speed": 7.522812500000001, 
    "yawRate": -0.0064537330285883935
}