{
    "gpsHeading": 0, 
    "gpsLatitude": 49.78384330120814, 
    "gpsLongitude": 9.935747668336033, 
    "outsideTemperature": 39.0, 
    "speed": 6.999125000000001, 
    "yawRate": -0.016751175615354327
}