{
    "gpsHeading": 95, 
    "gpsLatitude": 49.7977624572586, 
    "gpsLongitude": 9.912879908636906, 
    "outsideTemperature": 35.0, 
    "speed": 9.542750000000002, 
    "yawRate": -0.046121790618944725
}