{
    "gpsHeading": 51, 
    "gpsLatitude": 49.79865051989999, 
    "gpsLongitude": 9.944089086918698, 
    "outsideTemperature": 38.5, 
    "speed": 9.4513125, 
    "yawRate": -0.011809278870303083
}