{
    "gpsHeading": 109, 
    "gpsLatitude": 49.78799494166973, 
    "gpsLongitude": 9.939449032959109, 
    "outsideTemperature": 40.5, 
    "speed": 7.5560625, 
    "yawRate": -7.236903955835147e-05
}