{
    "gpsHeading": 144, 
    "gpsLatitude": 49.77733802233498, 
    "gpsLongitude": 9.939217943888572, 
    "outsideTemperature": 38.5, 
    "speed": 12.551875, 
    "yawRate": 0.03530375638579305
}