{
    "gpsHeading": 60, 
    "gpsLatitude": 49.79828330872189, 
    "gpsLongitude": 9.921496588919858, 
    "outsideTemperature": 35.0, 
    "speed": 12.019875, 
    "yawRate": -0.016320213821724237
}