{
    "gpsHeading": 63, 
    "gpsLatitude": 49.79763354358777, 
    "gpsLongitude": 9.914557714195448, 
    "outsideTemperature": 35.0, 
    "speed": 9.80875, 
    "yawRate": 0.00047850040930237474
}