{
    "gpsHeading": 109, 
    "gpsLatitude": 49.79351828058593, 
    "gpsLongitude": 9.93965489250107, 
    "outsideTemperature": 41.0, 
    "speed": 0.0, 
    "yawRate": -0.0006525048027501365
}