{
    "gpsHeading": 308, 
    "gpsLatitude": 49.79892963727571, 
    "gpsLongitude": 9.942004339961011, 
    "outsideTemperature": 39.0, 
    "speed": 5.48625, 
    "yawRate": -0.09125492379985778
}