{
    "gpsHeading": 272, 
    "gpsLatitude": 49.79254882966471, 
    "gpsLongitude": 9.90869214217262, 
    "outsideTemperature": 37.0, 
    "speed": 10.4488125, 
    "yawRate": 0.01583739782685214
}