{
    "gpsHeading": 0, 
    "gpsLatitude": 49.78779880513544, 
    "gpsLongitude": 9.940239362609452, 
    "outsideTemperature": 38.0, 
    "speed": 7.714, 
    "yawRate": 0.005079166164048165
}