{
    "gpsHeading": 355, 
    "gpsLatitude": 49.790680251989905, 
    "gpsLongitude": 9.927602134830586, 
    "outsideTemperature": 38.0, 
    "speed": 1.9201875000000002, 
    "yawRate": -0.027429825857746108
}