{
    "gpsHeading": 231, 
    "gpsLatitude": 49.796342479041726, 
    "gpsLongitude": 9.93858242798984, 
    "outsideTemperature": 38.5, 
    "speed": 7.248500000000001, 
    "yawRate": -0.0029249860425147435
}