{
    "gpsHeading": 11, 
    "gpsLatitude": 49.79759465155704, 
    "gpsLongitude": 9.942597946343884, 
    "outsideTemperature": 39.5, 
    "speed": 6.234375, 
    "yawRate": -0.01006630687539354
}