{
    "gpsHeading": 171, 
    "gpsLatitude": 49.78926136342045, 
    "gpsLongitude": 9.93031292613642, 
    "outsideTemperature": 38.0, 
    "speed": 6.309187500000001, 
    "yawRate": -0.010459891449970192
}