{
    "gpsHeading": 5, 
    "gpsLatitude": 49.787363281446474, 
    "gpsLongitude": 9.937458833869231, 
    "outsideTemperature": 37.0, 
    "speed": 8.038187500000001, 
    "yawRate": -0.021728083167758396
}