{
    "gpsHeading": 0, 
    "gpsLatitude": 49.79810997096424, 
    "gpsLongitude": 9.937823530476358, 
    "outsideTemperature": 36.0, 
    "speed": 6.2759375, 
    "yawRate": -0.01566093908807589
}