{
    "gpsHeading": 196, 
    "gpsLatitude": 49.79298158732564, 
    "gpsLongitude": 9.943516016198627, 
    "outsideTemperature": 39.5, 
    "speed": 6.134625000000001, 
    "yawRate": -0.08385577971777262
}