{
    "gpsHeading": 210, 
    "gpsLatitude": 49.79345742796889, 
    "gpsLongitude": 9.936845446194873, 
    "outsideTemperature": 42.0, 
    "speed": 7.265125, 
    "yawRate": 0.010309430653804288
}