{
    "gpsHeading": 14, 
    "gpsLatitude": 49.792736081381655, 
    "gpsLongitude": 9.943276042310726, 
    "outsideTemperature": 41.0, 
    "speed": 5.835375, 
    "yawRate": -0.06329649180413474
}