{
    "gpsHeading": 85, 
    "gpsLatitude": 49.78352495652554, 
    "gpsLongitude": 9.942209361312687, 
    "outsideTemperature": 40.5, 
    "speed": 9.193625, 
    "yawRate": -0.006639888149720923
}