{
    "gpsHeading": 0, 
    "gpsLatitude": 49.78562353362346, 
    "gpsLongitude": 9.930881302990715, 
    "outsideTemperature": 40.5, 
    "speed": 5.303375000000001, 
    "yawRate": -0.0007142870099098035
}