{
    "gpsHeading": 290, 
    "gpsLatitude": 49.78435216654989, 
    "gpsLongitude": 9.937114924381971, 
    "outsideTemperature": 38.5, 
    "speed": 7.730625000000001, 
    "yawRate": 0.0071598351369666705
}