{
    "gpsHeading": 80, 
    "gpsLatitude": 49.78351607170818, 
    "gpsLongitude": 9.941713236463764, 
    "outsideTemperature": 41.0, 
    "speed": 8.911000000000001, 
    "yawRate": -0.0008803016181400114
}