{
    "gpsHeading": 203, 
    "gpsLatitude": 49.7858110367975, 
    "gpsLongitude": 9.93888132665707, 
    "outsideTemperature": 38.5, 
    "speed": 7.4230625, 
    "yawRate": 0.03700496534606983
}