{
    "gpsHeading": 151, 
    "gpsLatitude": 49.777924923195286, 
    "gpsLongitude": 9.938687117960487, 
    "outsideTemperature": 39.0, 
    "speed": 12.2276875, 
    "yawRate": 0.001444368897103673
}