{
    "gpsHeading": 8, 
    "gpsLatitude": 49.777806067808264, 
    "gpsLongitude": 9.9440129792379, 
    "outsideTemperature": 38.0, 
    "speed": 8.162875000000001, 
    "yawRate": 0.017657341420255265
}