{
    "gpsHeading": 98, 
    "gpsLatitude": 49.79129607041619, 
    "gpsLongitude": 9.930395739339788, 
    "outsideTemperature": 39.0, 
    "speed": 5.1121875, 
    "yawRate": -0.041916058649299516
}