{
    "gpsHeading": 293, 
    "gpsLatitude": 49.79338852872478, 
    "gpsLongitude": 9.940326031488311, 
    "outsideTemperature": 39.0, 
    "speed": 3.009125, 
    "yawRate": -0.001999837799239992
}