{
    "gpsHeading": 358, 
    "gpsLatitude": 49.790453856785156, 
    "gpsLongitude": 9.94212654810932, 
    "outsideTemperature": 38.5, 
    "speed": 10.548562500000001, 
    "yawRate": -0.03707334918183759
}