{
    "gpsHeading": 204, 
    "gpsLatitude": 49.79316657592871, 
    "gpsLongitude": 9.936625169779425, 
    "outsideTemperature": 40.0, 
    "speed": 8.14625, 
    "yawRate": 0.008245121170248539
}