{
    "gpsHeading": 160, 
    "gpsLatitude": 49.77900769744744, 
    "gpsLongitude": 9.937868541296423, 
    "outsideTemperature": 39.0, 
    "speed": 10.124625000000002, 
    "yawRate": -0.030844615512900277
}