{
    "gpsHeading": 354, 
    "gpsLatitude": 49.79074831304369, 
    "gpsLongitude": 9.927152110449107, 
    "outsideTemperature": 37.5, 
    "speed": 10.07475, 
    "yawRate": -0.015738682009813407
}