{
    "gpsHeading": 325, 
    "gpsLatitude": 49.79135826413773, 
    "gpsLongitude": 9.930045459606085, 
    "outsideTemperature": 38.0, 
    "speed": 5.7273125, 
    "yawRate": 0.0038058891862900544
}