{
    "gpsHeading": 138, 
    "gpsLatitude": 49.79425798354114, 
    "gpsLongitude": 9.936606059040196, 
    "outsideTemperature": 40.0, 
    "speed": 4.081437500000001, 
    "yawRate": -0.05563392945274229
}