{
    "gpsHeading": 80, 
    "gpsLatitude": 49.79744520222342, 
    "gpsLongitude": 9.906679060487086, 
    "outsideTemperature": 35.5, 
    "speed": 9.3765, 
    "yawRate": 0.02142245143323477
}