{
    "gpsHeading": 169, 
    "gpsLatitude": 49.794916633492626, 
    "gpsLongitude": 9.943905187963047, 
    "outsideTemperature": 37.5, 
    "speed": 8.7364375, 
    "yawRate": 0.06716538817693209
}