{
    "gpsHeading": 266, 
    "gpsLatitude": 49.79026442577341, 
    "gpsLongitude": 9.928412161953416, 
    "outsideTemperature": 39.5, 
    "speed": 6.9575625, 
    "yawRate": -0.02149826854139432
}