{
    "gpsHeading": 167, 
    "gpsLatitude": 49.79549381134525, 
    "gpsLongitude": 9.927246574497886, 
    "outsideTemperature": 40.0, 
    "speed": 5.810437500000001, 
    "yawRate": -0.005317367576023909
}