{
    "gpsHeading": 282, 
    "gpsLatitude": 49.80133993735272, 
    "gpsLongitude": 9.936764057915045, 
    "outsideTemperature": 40.5, 
    "speed": 4.5968125, 
    "yawRate": 0.015603055075466667
}