{
    "gpsHeading": 65, 
    "gpsLatitude": 49.7978485394042, 
    "gpsLongitude": 9.911232110291753, 
    "outsideTemperature": 35.0, 
    "speed": 7.4729375000000005, 
    "yawRate": -0.214371530511196
}