{
    "gpsHeading": 301, 
    "gpsLatitude": 49.78147524592313, 
    "gpsLongitude": 9.943276042310726, 
    "outsideTemperature": 37.5, 
    "speed": 4.4638125, 
    "yawRate": 0.018879071896651157
}