{
    "gpsHeading": 285, 
    "gpsLatitude": 49.7925096861769, 
    "gpsLongitude": 9.931397376769185, 
    "outsideTemperature": 41.0, 
    "speed": 2.6683125, 
    "yawRate": -0.0026518290460889353
}