{
    "gpsHeading": 233, 
    "gpsLatitude": 49.79551132952289, 
    "gpsLongitude": 9.936728267188503, 
    "outsideTemperature": 38.5, 
    "speed": 7.6308750000000005, 
    "yawRate": -0.0008305909401215041
}