{
    "gpsHeading": 96, 
    "gpsLatitude": 49.78562772457505, 
    "gpsLongitude": 9.930917428993384, 
    "outsideTemperature": 39.0, 
    "speed": 5.2784375, 
    "yawRate": 0.018589022553309974
}