{
    "gpsHeading": 78, 
    "gpsLatitude": 49.79926575159303, 
    "gpsLongitude": 9.924772152861621, 
    "outsideTemperature": 35.0, 
    "speed": 8.2875625, 
    "yawRate": -0.0072445017113541964
}