{
    "gpsHeading": 195, 
    "gpsLatitude": 49.79642244239802, 
    "gpsLongitude": 9.944912441267602, 
    "outsideTemperature": 38.0, 
    "speed": 8.7364375, 
    "yawRate": -0.03196931333634427
}