{
    "gpsHeading": 269, 
    "gpsLatitude": 49.79315526035942, 
    "gpsLongitude": 9.941487930906414, 
    "outsideTemperature": 37.5, 
    "speed": 8.528625, 
    "yawRate": -0.015264340114396514
}