{
    "gpsHeading": 0, 
    "gpsLatitude": 49.79593302307162, 
    "gpsLongitude": 9.939958233576979, 
    "outsideTemperature": 40.5, 
    "speed": 6.151250000000001, 
    "yawRate": -0.031708389600122025
}