{
    "gpsHeading": 57, 
    "gpsLatitude": 49.79675520395406, 
    "gpsLongitude": 9.929445482976833, 
    "outsideTemperature": 36.5, 
    "speed": 5.1953125, 
    "yawRate": -0.013527687018533916
}