{
    "gpsHeading": 272, 
    "gpsLatitude": 49.799974357687454, 
    "gpsLongitude": 9.937763516049648, 
    "outsideTemperature": 37.0, 
    "speed": 4.563562500000001, 
    "yawRate": 0.005772537340698459
}