{
    "gpsHeading": 96, 
    "gpsLatitude": 49.80035908704318, 
    "gpsLongitude": 9.935073511863681, 
    "outsideTemperature": 39.5, 
    "speed": 6.4588125, 
    "yawRate": -0.021769591470055343
}