{
    "gpsHeading": 309, 
    "gpsLatitude": 49.780932182416414, 
    "gpsLongitude": 9.944133762462634, 
    "outsideTemperature": 38.0, 
    "speed": 6.799625000000001, 
    "yawRate": 0.022020664550241015
}