{
    "gpsHeading": 0, 
    "gpsLatitude": 49.78618218747008, 
    "gpsLongitude": 9.933851011285617, 
    "outsideTemperature": 38.0, 
    "speed": 8.595125, 
    "yawRate": 0.020857950580902486
}