{
    "gpsHeading": 297, 
    "gpsLatitude": 49.78031996820852, 
    "gpsLongitude": 9.945101537003218, 
    "outsideTemperature": 39.0, 
    "speed": 7.4479999999999995, 
    "yawRate": -0.01131512416285055
}