{
    "gpsHeading": 184, 
    "gpsLatitude": 49.794549087038405, 
    "gpsLongitude": 9.926997380516495, 
    "outsideTemperature": 37.5, 
    "speed": 1.8619999999999999, 
    "yawRate": 0.383951075126633
}