{
    "gpsHeading": 321, 
    "gpsLatitude": 49.79972248149704, 
    "gpsLongitude": 9.93947987836278, 
    "outsideTemperature": 37.0, 
    "speed": 11.687375000000001, 
    "yawRate": 0.00036201665951608925
}