{
    "gpsHeading": 62, 
    "gpsLatitude": 49.797433802835116, 
    "gpsLongitude": 9.941024914575019, 
    "outsideTemperature": 37.0, 
    "speed": 9.659125, 
    "yawRate": -0.012328717757190815
}