{
    "gpsHeading": 188, 
    "gpsLatitude": 49.792717725013695, 
    "gpsLongitude": 9.912722664133343, 
    "outsideTemperature": 40.0, 
    "speed": 2.4688125, 
    "yawRate": 0.07395686191826305
}