{
    "gpsHeading": 60, 
    "gpsLatitude": 49.79808046666506, 
    "gpsLongitude": 9.943176549120048, 
    "outsideTemperature": 39.0, 
    "speed": 8.9359375, 
    "yawRate": 0.19496622825688015
}