{
    "gpsHeading": 164, 
    "gpsLatitude": 49.79948552509428, 
    "gpsLongitude": 9.929093526862529, 
    "outsideTemperature": 35.0, 
    "speed": 7.0074375, 
    "yawRate": -0.006197304160157577
}