{
    "gpsHeading": 266, 
    "gpsLatitude": 49.796420514560275, 
    "gpsLongitude": 9.926838794908424, 
    "outsideTemperature": 36.0, 
    "speed": 3.8154375000000003, 
    "yawRate": -0.31215352203475794
}