{
    "gpsHeading": 38, 
    "gpsLatitude": 49.79720799436357, 
    "gpsLongitude": 9.940537087810238, 
    "outsideTemperature": 37.5, 
    "speed": 8.3706875, 
    "yawRate": -0.0015076763948260762
}