{
    "gpsHeading": 355, 
    "gpsLatitude": 49.790929948885505, 
    "gpsLongitude": 9.927140208146605, 
    "outsideTemperature": 37.5, 
    "speed": 9.958375, 
    "yawRate": -0.009455496702633688
}