{
    "gpsHeading": 159, 
    "gpsLatitude": 49.797309415392, 
    "gpsLongitude": 9.925677398404511, 
    "outsideTemperature": 36.5, 
    "speed": 7.564375, 
    "yawRate": 0.005670934753403783
}