{
    "gpsHeading": 279, 
    "gpsLatitude": 49.79292274636535, 
    "gpsLongitude": 9.942599035991297, 
    "outsideTemperature": 38.0, 
    "speed": 7.3066875, 
    "yawRate": -0.0032215682756358828
}