{
    "gpsHeading": 0, 
    "gpsLatitude": 49.784293828503785, 
    "gpsLongitude": 9.933270732128818, 
    "outsideTemperature": 41.0, 
    "speed": 9.218562499999999, 
    "yawRate": 0.049615063004037195
}