{
    "gpsHeading": 267, 
    "gpsLatitude": 49.79259970781698, 
    "gpsLongitude": 9.911812389448551, 
    "outsideTemperature": 39.0, 
    "speed": 7.2069375, 
    "yawRate": -0.009120810476665481
}