{
    "gpsHeading": 21, 
    "gpsLatitude": 49.78312161934476, 
    "gpsLongitude": 9.936734888892008, 
    "outsideTemperature": 40.0, 
    "speed": 7.281750000000001, 
    "yawRate": 0.0001785181289898673
}