{
    "gpsHeading": 263, 
    "gpsLatitude": 49.790268029991765, 
    "gpsLongitude": 9.928807117231024, 
    "outsideTemperature": 38.0, 
    "speed": 8.096375, 
    "yawRate": 0.009222088434133599
}