{
    "gpsHeading": 0, 
    "gpsLatitude": 49.79144216698851, 
    "gpsLongitude": 9.930901587196388, 
    "outsideTemperature": 39.0, 
    "speed": 7.1570625, 
    "yawRate": 0.013579732997458176
}