{
    "gpsHeading": 150, 
    "gpsLatitude": 49.789106884944935, 
    "gpsLongitude": 9.930427422933775, 
    "outsideTemperature": 38.0, 
    "speed": 6.234375, 
    "yawRate": -0.02651692056831704
}