{
    "gpsHeading": 179, 
    "gpsLatitude": 49.794756371503915, 
    "gpsLongitude": 9.926679874024224, 
    "outsideTemperature": 40.0, 
    "speed": 9.742250000000002, 
    "yawRate": 0.0026884446810503775
}