{
    "gpsHeading": 77, 
    "gpsLatitude": 49.799854915567195, 
    "gpsLongitude": 9.928359942696623, 
    "outsideTemperature": 35.0, 
    "speed": 8.603437500000002, 
    "yawRate": -0.006197304160157577
}