{
    "gpsHeading": 6, 
    "gpsLatitude": 49.78847438653134, 
    "gpsLongitude": 9.941744668600657, 
    "outsideTemperature": 39.5, 
    "speed": 9.301687500000002, 
    "yawRate": -0.005133823870342179
}