{
    "gpsHeading": 28, 
    "gpsLatitude": 49.793819358547985, 
    "gpsLongitude": 9.92755209486862, 
    "outsideTemperature": 42.0, 
    "speed": 0.0, 
    "yawRate": -0.001179827512680082
}