{
    "gpsHeading": 3, 
    "gpsLatitude": 49.799610750727716, 
    "gpsLongitude": 9.926626565120053, 
    "outsideTemperature": 49.5, 
    "speed": 0.0, 
    "yawRate": -0.0006171116293454055
}