{
    "gpsHeading": 135, 
    "gpsLatitude": 49.77673854861991, 
    "gpsLongitude": 9.94005185943544, 
    "outsideTemperature": 38.5, 
    "speed": 11.6375, 
    "yawRate": -0.01932544244973746
}