{
    "gpsHeading": 297, 
    "gpsLatitude": 49.79739298296665, 
    "gpsLongitude": 9.939350713234841, 
    "outsideTemperature": 36.5, 
    "speed": 3.6491875000000005, 
    "yawRate": -0.08634677379384424
}