{
    "gpsHeading": 255, 
    "gpsLatitude": 49.800285242476214, 
    "gpsLongitude": 9.93119604345494, 
    "outsideTemperature": 39.5, 
    "speed": 13.8735625, 
    "yawRate": -0.004269941938383363
}