{
    "gpsHeading": 147, 
    "gpsLatitude": 49.78189610128154, 
    "gpsLongitude": 9.93531876635058, 
    "outsideTemperature": 39.5, 
    "speed": 10.689875, 
    "yawRate": -0.02333969972932467
}