{
    "gpsHeading": 34, 
    "gpsLatitude": 49.79825740864108, 
    "gpsLongitude": 9.94334686939256, 
    "outsideTemperature": 42.0, 
    "speed": 9.659125, 
    "yawRate": 0.1853960402476706
}