{
    "gpsHeading": 272, 
    "gpsLatitude": 49.79887691510475, 
    "gpsLongitude": 9.94254907984836, 
    "outsideTemperature": 39.5, 
    "speed": 9.709000000000001, 
    "yawRate": -0.3610828261581762
}