{
    "gpsHeading": 83, 
    "gpsLatitude": 49.78443020206844, 
    "gpsLongitude": 9.93515490014351, 
    "outsideTemperature": 40.5, 
    "speed": 6.7165, 
    "yawRate": 0.06318490412598435
}