{
    "gpsHeading": 47, 
    "gpsLatitude": 49.79715217088843, 
    "gpsLongitude": 9.940416556042598, 
    "outsideTemperature": 39.5, 
    "speed": 7.3565625, 
    "yawRate": 0.001787402937869549
}