{
    "gpsHeading": 0, 
    "gpsLatitude": 49.78366719742242, 
    "gpsLongitude": 9.943979032530022, 
    "outsideTemperature": 39.0, 
    "speed": 9.21025, 
    "yawRate": -0.00018216991734193422
}