{
    "gpsHeading": 178, 
    "gpsLatitude": 49.792193017874936, 
    "gpsLongitude": 9.927086815423369, 
    "outsideTemperature": 41.0, 
    "speed": 9.950062500000001, 
    "yawRate": 0.002811452906984502
}