{
    "gpsHeading": 279, 
    "gpsLatitude": 49.79359992032286, 
    "gpsLongitude": 9.939144099321597, 
    "outsideTemperature": 40.5, 
    "speed": 4.48875, 
    "yawRate": -0.025253475787884422
}