{
    "gpsHeading": 60, 
    "gpsLatitude": 49.79847408083816, 
    "gpsLongitude": 9.922125986029274, 
    "outsideTemperature": 35.0, 
    "speed": 12.560187500000001, 
    "yawRate": -8.865177817712964e-05
}