{
    "gpsHeading": 342, 
    "gpsLatitude": 49.77647359666055, 
    "gpsLongitude": 9.942966833902597, 
    "outsideTemperature": 37.5, 
    "speed": 6.3923125, 
    "yawRate": -0.0383677275687614
}