{
    "gpsHeading": 346, 
    "gpsLatitude": 49.774594373968704, 
    "gpsLongitude": 9.943499336211316, 
    "outsideTemperature": 37.5, 
    "speed": 10.773, 
    "yawRate": -0.013060453414844256
}