{
    "gpsHeading": 279, 
    "gpsLatitude": 49.79887213741994, 
    "gpsLongitude": 9.942826856119598, 
    "outsideTemperature": 39.5, 
    "speed": 10.166187500000001, 
    "yawRate": 0.07385322343880266
}