{
    "gpsHeading": 183, 
    "gpsLatitude": 49.79355214347476, 
    "gpsLongitude": 9.927571289426915, 
    "outsideTemperature": 41.0, 
    "speed": 3.8486875, 
    "yawRate": -0.3117371647182952
}