{
    "gpsHeading": 0, 
    "gpsLatitude": 49.79862353017176, 
    "gpsLongitude": 9.929478256218236, 
    "outsideTemperature": 34.5, 
    "speed": 5.2950625, 
    "yawRate": 0.028534747954529153
}