{
    "gpsHeading": 317, 
    "gpsLatitude": 49.78193801079742, 
    "gpsLongitude": 9.942546313820316, 
    "outsideTemperature": 37.5, 
    "speed": 8.395625, 
    "yawRate": -0.037844128793163595
}