{
    "gpsHeading": 188, 
    "gpsLatitude": 49.79404525083854, 
    "gpsLongitude": 9.944854606135685, 
    "outsideTemperature": 37.0, 
    "speed": 7.398125000000001, 
    "yawRate": -0.2387908296976682
}