{
    "gpsHeading": 272, 
    "gpsLatitude": 49.797841917700694, 
    "gpsLongitude": 9.947738232284982, 
    "outsideTemperature": 37.5, 
    "speed": 10.5984375, 
    "yawRate": 0.003945438303979785
}