{
    "gpsHeading": 337, 
    "gpsLatitude": 49.78884721358458, 
    "gpsLongitude": 9.936440432633459, 
    "outsideTemperature": 38.0, 
    "speed": 8.61175, 
    "yawRate": -0.018429925845400062
}