{
    "gpsHeading": 59, 
    "gpsLatitude": 49.796579100168344, 
    "gpsLongitude": 9.928683232702081, 
    "outsideTemperature": 37.0, 
    "speed": 4.3474375, 
    "yawRate": -0.03708963192045637
}