{
    "gpsHeading": 65, 
    "gpsLatitude": 49.790155209575026, 
    "gpsLongitude": 9.927746303565204, 
    "outsideTemperature": 38.5, 
    "speed": 5.469625, 
    "yawRate": 0.1019393123784627
}