{
    "gpsHeading": 0, 
    "gpsLatitude": 49.77960574623897, 
    "gpsLongitude": 9.937416840534308, 
    "outsideTemperature": 40.0, 
    "speed": 12.0780625, 
    "yawRate": 0.003713296924696184
}