{
    "gpsHeading": 208, 
    "gpsLatitude": 49.78652525876703, 
    "gpsLongitude": 9.939743489217625, 
    "outsideTemperature": 39.0, 
    "speed": 5.7771875, 
    "yawRate": -0.003661206225397077
}