{
    "gpsHeading": 131, 
    "gpsLatitude": 49.77399246950171, 
    "gpsLongitude": 9.943006312666567, 
    "outsideTemperature": 38.0, 
    "speed": 1.2884375000000001, 
    "yawRate": 0.04331368142457096
}