{
    "gpsHeading": 0, 
    "gpsLatitude": 49.784046059445934, 
    "gpsLongitude": 9.945896811976466, 
    "outsideTemperature": 38.0, 
    "speed": 7.531125, 
    "yawRate": -0.09495354830063255
}