{
    "gpsHeading": 0, 
    "gpsLatitude": 49.79742299018, 
    "gpsLongitude": 9.91900406237271, 
    "outsideTemperature": 35.5, 
    "speed": 10.822875000000002, 
    "yawRate": 0.05052589652965717
}