{
    "gpsHeading": 153, 
    "gpsLatitude": 49.78410297256848, 
    "gpsLongitude": 9.935088766927453, 
    "outsideTemperature": 40.0, 
    "speed": 4.804625000000001, 
    "yawRate": 0.12304969746938894
}