{
    "gpsHeading": 26, 
    "gpsLatitude": 49.78797080178859, 
    "gpsLongitude": 9.93804598618663, 
    "outsideTemperature": 38.5, 
    "speed": 7.040687500000001, 
    "yawRate": -0.10793116175833409
}