{
    "gpsHeading": 81, 
    "gpsLatitude": 49.78810575042971, 
    "gpsLongitude": 9.938644621711406, 
    "outsideTemperature": 41.5, 
    "speed": 4.8295625, 
    "yawRate": -0.09397108279685162
}