{
    "gpsHeading": 339, 
    "gpsLatitude": 49.79404189807728, 
    "gpsLongitude": 9.926757406628596, 
    "outsideTemperature": 39.0, 
    "speed": 7.888562500000001, 
    "yawRate": 0.06455582201167592
}