{
    "gpsHeading": 237, 
    "gpsLatitude": 49.79878219959886, 
    "gpsLongitude": 9.942217994672955, 
    "outsideTemperature": 41.0, 
    "speed": 6.7081875, 
    "yawRate": 0.15239303977854615
}