{
    "gpsHeading": 121, 
    "gpsLatitude": 49.797998575471034, 
    "gpsLongitude": 9.942320421529743, 
    "outsideTemperature": 40.5, 
    "speed": 7.888562500000001, 
    "yawRate": 0.18991761869642418
}