{
    "gpsHeading": 150, 
    "gpsLatitude": 49.78141883571475, 
    "gpsLongitude": 9.935762169028553, 
    "outsideTemperature": 45.5, 
    "speed": 9.891875, 
    "yawRate": -0.004838816410076045
}