{
    "gpsHeading": 150, 
    "gpsLatitude": 49.794770536920275, 
    "gpsLongitude": 9.927020766026375, 
    "outsideTemperature": 37.5, 
    "speed": 4.3557500000000005, 
    "yawRate": 0.044135469763342344
}