{
    "gpsHeading": 293, 
    "gpsLatitude": 49.78783241656717, 
    "gpsLongitude": 9.940100474473867, 
    "outsideTemperature": 38.5, 
    "speed": 5.602625000000001, 
    "yawRate": 0.01246240191489873
}