{
    "gpsHeading": 21, 
    "gpsLatitude": 49.79398163219346, 
    "gpsLongitude": 9.944846810965736, 
    "outsideTemperature": 39.0, 
    "speed": 5.81875, 
    "yawRate": 0.18506386075465348
}