{
    "gpsHeading": 109, 
    "gpsLatitude": 49.789764948163196, 
    "gpsLongitude": 9.929909924231767, 
    "outsideTemperature": 38.0, 
    "speed": 7.0988750000000005, 
    "yawRate": -0.07259361282096731
}