{
    "gpsHeading": 357, 
    "gpsLatitude": 49.79420995523593, 
    "gpsLongitude": 9.900554655294219, 
    "outsideTemperature": 35.0, 
    "speed": 5.968375, 
    "yawRate": 0.0076343503424794405
}