{
    "gpsHeading": 19, 
    "gpsLatitude": 49.77881273437959, 
    "gpsLongitude": 9.944286564557519, 
    "outsideTemperature": 37.5, 
    "speed": 8.304187500000001, 
    "yawRate": -0.03732053001756479
}