{
    "gpsHeading": 135, 
    "gpsLatitude": 49.776690268857614, 
    "gpsLongitude": 9.940123776164683, 
    "outsideTemperature": 38.0, 
    "speed": 12.7929375, 
    "yawRate": -0.027877162536400685
}