{
    "gpsHeading": 241, 
    "gpsLatitude": 49.79884330367302, 
    "gpsLongitude": 9.942371048224931, 
    "outsideTemperature": 42.0, 
    "speed": 2.9675625, 
    "yawRate": 0.04995849029291306
}