{
    "gpsHeading": 272, 
    "gpsLatitude": 49.78803609681432, 
    "gpsLongitude": 9.938251007538305, 
    "outsideTemperature": 38.5, 
    "speed": 8.029875, 
    "yawRate": 0.04091126872240574
}