{
    "gpsHeading": 265, 
    "gpsLatitude": 49.79034824480515, 
    "gpsLongitude": 9.933694940248495, 
    "outsideTemperature": 37.0, 
    "speed": 7.564375, 
    "yawRate": 0.00036105391743689605
}