{
    "gpsHeading": 19, 
    "gpsLatitude": 49.793549377446716, 
    "gpsLongitude": 9.936913758705755, 
    "outsideTemperature": 47.5, 
    "speed": 4.638375, 
    "yawRate": -0.03816610783250102
}