{
    "gpsHeading": 14, 
    "gpsLatitude": 49.777208521930916, 
    "gpsLongitude": 9.942907657666206, 
    "outsideTemperature": 38.0, 
    "speed": 5.8270625, 
    "yawRate": -0.3809758597352434
}