{
    "gpsHeading": 316, 
    "gpsLatitude": 49.79765248668894, 
    "gpsLongitude": 9.943525487749211, 
    "outsideTemperature": 37.5, 
    "speed": 8.5785, 
    "yawRate": -0.016347134925488106
}