{
    "gpsHeading": 272, 
    "gpsLatitude": 49.790276579533, 
    "gpsLongitude": 9.929431820474663, 
    "outsideTemperature": 41.5, 
    "speed": 3.8320625, 
    "yawRate": -0.05744948899204855
}