{
    "gpsHeading": 266, 
    "gpsLatitude": 49.7865022085333, 
    "gpsLongitude": 9.929779920913509, 
    "outsideTemperature": 37.0, 
    "speed": 8.894375, 
    "yawRate": -0.0092381609735743
}