{
    "gpsHeading": 269, 
    "gpsLatitude": 49.79142992940988, 
    "gpsLongitude": 9.930336563103364, 
    "outsideTemperature": 38.5, 
    "speed": 5.320000000000001, 
    "yawRate": 0.052326042391732115
}