{
    "gpsHeading": 0, 
    "gpsLatitude": 49.796906078211215, 
    "gpsLongitude": 9.939148206454151, 
    "outsideTemperature": 37.5, 
    "speed": 5.0290625, 
    "yawRate": -0.01601000493847443
}