{
    "gpsHeading": 0, 
    "gpsLatitude": 49.797714093677286, 
    "gpsLongitude": 9.941623801556892, 
    "outsideTemperature": 40.5, 
    "speed": 8.329125, 
    "yawRate": 0.027443742942186235
}