{
    "gpsHeading": 99, 
    "gpsLatitude": 49.79975357835782, 
    "gpsLongitude": 9.939264044356014, 
    "outsideTemperature": 39.0, 
    "speed": 11.853625000000001, 
    "yawRate": 0.002797931567499137
}