{
    "gpsHeading": 3, 
    "gpsLatitude": 49.788641605499684, 
    "gpsLongitude": 9.94177744184209, 
    "outsideTemperature": 39.0, 
    "speed": 8.8195625, 
    "yawRate": 0.02750383314195131
}