{
    "gpsHeading": 52, 
    "gpsLatitude": 49.79381047373061, 
    "gpsLongitude": 9.944675736321939, 
    "outsideTemperature": 39.0, 
    "speed": 5.810437500000001, 
    "yawRate": 0.19588490211701823
}