{
    "gpsHeading": 266, 
    "gpsLatitude": 49.792441373666, 
    "gpsLongitude": 9.910746881916953, 
    "outsideTemperature": 38.0, 
    "speed": 7.173687500000001, 
    "yawRate": -0.08277370491082542
}