{
    "gpsHeading": 155, 
    "gpsLatitude": 49.791445519749786, 
    "gpsLongitude": 9.9303554223855, 
    "outsideTemperature": 38.5, 
    "speed": 1.6541875, 
    "yawRate": -0.03214221483813139
}