{
    "gpsHeading": 64, 
    "gpsLatitude": 49.785712214159055, 
    "gpsLongitude": 9.93167850580169, 
    "outsideTemperature": 38.5, 
    "speed": 7.3233125, 
    "yawRate": -0.19486474496559322
}