{
    "gpsHeading": 321, 
    "gpsLatitude": 49.794551350152254, 
    "gpsLongitude": 9.94433878381431, 
    "outsideTemperature": 39.0, 
    "speed": 8.8029375, 
    "yawRate": -0.007620488665516604
}