{
    "gpsHeading": 0, 
    "gpsLatitude": 49.79243550633379, 
    "gpsLongitude": 9.931860225462515, 
    "outsideTemperature": 42.0, 
    "speed": 3.55775, 
    "yawRate": -0.18521326880469235
}