{
    "gpsHeading": 77, 
    "gpsLatitude": 49.78679381494475, 
    "gpsLongitude": 9.936438756252825, 
    "outsideTemperature": 37.5, 
    "speed": 8.3873125, 
    "yawRate": -0.03603978303411154
}