{
    "gpsHeading": 293, 
    "gpsLatitude": 49.78777776655847, 
    "gpsLongitude": 9.940324103650582, 
    "outsideTemperature": 38.5, 
    "speed": 5.536125, 
    "yawRate": -0.004118225979046922
}