{
    "gpsHeading": 96, 
    "gpsLatitude": 49.79797359739957, 
    "gpsLongitude": 9.94241823833982, 
    "outsideTemperature": 39.5, 
    "speed": 6.6583125, 
    "yawRate": 0.10141658034998641
}