{
    "gpsHeading": 355, 
    "gpsLatitude": 49.79475796406552, 
    "gpsLongitude": 9.926679874024224, 
    "outsideTemperature": 41.0, 
    "speed": 6.8245625, 
    "yawRate": 0.017801953015392263
}