{
    "gpsHeading": 156, 
    "gpsLatitude": 49.7985655274018, 
    "gpsLongitude": 9.95002355818563, 
    "outsideTemperature": 38.5, 
    "speed": 8.645000000000001, 
    "yawRate": -0.014555051767159837
}