{
    "gpsHeading": 110, 
    "gpsLatitude": 49.7977202124666, 
    "gpsLongitude": 9.913429593847129, 
    "outsideTemperature": 35.0, 
    "speed": 10.324125, 
    "yawRate": 0.015139266126055049
}