{
    "gpsHeading": 0, 
    "gpsLatitude": 49.792731890430055, 
    "gpsLongitude": 9.902663206856912, 
    "outsideTemperature": 35.5, 
    "speed": 9.858625, 
    "yawRate": 0.02892736721680939
}