{
    "gpsHeading": 340, 
    "gpsLatitude": 49.79853635837874, 
    "gpsLongitude": 9.929497366957499, 
    "outsideTemperature": 36.0, 
    "speed": 7.8553125, 
    "yawRate": -0.004975573683761686
}