{
    "gpsHeading": 282, 
    "gpsLatitude": 49.79958241989498, 
    "gpsLongitude": 9.940502386731108, 
    "outsideTemperature": 42.0, 
    "speed": 12.13625, 
    "yawRate": -0.007422064772962131
}