{
    "gpsHeading": 148, 
    "gpsLatitude": 49.78256053474623, 
    "gpsLongitude": 9.9347720986255, 
    "outsideTemperature": 40.5, 
    "speed": 10.423875, 
    "yawRate": -0.021070771701732157
}