{
    "gpsHeading": 278, 
    "gpsLatitude": 49.80137882938345, 
    "gpsLongitude": 9.9365160374001, 
    "outsideTemperature": 40.0, 
    "speed": 3.4247500000000004, 
    "yawRate": 0.020664509906250496
}