{
    "gpsHeading": 272, 
    "gpsLatitude": 49.7928843572488, 
    "gpsLongitude": 9.903647661384806, 
    "outsideTemperature": 36.0, 
    "speed": 7.522812500000001, 
    "yawRate": 0.14359549907283575
}