{
    "gpsHeading": 311, 
    "gpsLatitude": 49.79695025084094, 
    "gpsLongitude": 9.944583786844113, 
    "outsideTemperature": 38.0, 
    "speed": 10.141250000000001, 
    "yawRate": 0.00826200752763097
}