{
    "gpsHeading": 344, 
    "gpsLatitude": 49.797299943841395, 
    "gpsLongitude": 9.929926017485855, 
    "outsideTemperature": 36.5, 
    "speed": 6.109687500000001, 
    "yawRate": 0.0021802762494153812
}