{
    "gpsHeading": 274, 
    "gpsLatitude": 49.785743562476924, 
    "gpsLongitude": 9.94610133041395, 
    "outsideTemperature": 42.0, 
    "speed": 8.844500000000002, 
    "yawRate": 0.0049574861313231204
}