{
    "gpsHeading": 37, 
    "gpsLatitude": 49.79448052307042, 
    "gpsLongitude": 9.93782462012377, 
    "outsideTemperature": 44.0, 
    "speed": 4.7298124999999995, 
    "yawRate": 0.00058020156177193
}