{
    "gpsHeading": 337, 
    "gpsLatitude": 49.79418330078384, 
    "gpsLongitude": 9.926721867359147, 
    "outsideTemperature": 38.5, 
    "speed": 8.445500000000001, 
    "yawRate": -0.07192892549427822
}