{
    "gpsHeading": 257, 
    "gpsLatitude": 49.79999548008346, 
    "gpsLongitude": 9.929310199059579, 
    "outsideTemperature": 44.5, 
    "speed": 9.584312500000001, 
    "yawRate": -0.012330633836907051
}