{
    "gpsHeading": 2, 
    "gpsLatitude": 49.79315383543589, 
    "gpsLongitude": 9.927106009981665, 
    "outsideTemperature": 41.0, 
    "speed": 7.140437500000001, 
    "yawRate": -0.023398904418799063
}