{
    "gpsHeading": 74, 
    "gpsLatitude": 49.79641967636995, 
    "gpsLongitude": 9.938762974184222, 
    "outsideTemperature": 39.5, 
    "speed": 0.515375, 
    "yawRate": 0.00023765285716862068
}