{
    "gpsHeading": 0, 
    "gpsLatitude": 49.79661581290425, 
    "gpsLongitude": 9.942556288285088, 
    "outsideTemperature": 39.0, 
    "speed": 3.8653125000000004, 
    "yawRate": -0.029264928647330244
}