{
    "gpsHeading": 181, 
    "gpsLatitude": 49.7906649131071, 
    "gpsLongitude": 9.93537241053091, 
    "outsideTemperature": 37.5, 
    "speed": 3.0506875000000004, 
    "yawRate": -0.022502759283688476
}