{
    "gpsHeading": 0, 
    "gpsLatitude": 49.78772747513942, 
    "gpsLongitude": 9.940531555754143, 
    "outsideTemperature": 38.0, 
    "speed": 6.1263125, 
    "yawRate": -0.03453980785622312
}