{
    "gpsHeading": 256, 
    "gpsLatitude": 49.80037157607891, 
    "gpsLongitude": 9.931774646231101, 
    "outsideTemperature": 40.0, 
    "speed": 14.239312500000002, 
    "yawRate": 0.0009660458175997349
}