{
    "gpsHeading": 118, 
    "gpsLatitude": 49.792169632365066, 
    "gpsLongitude": 9.929604906775221, 
    "outsideTemperature": 39.0, 
    "speed": 4.9126875000000005, 
    "yawRate": -0.05518056096445603
}