{
    "gpsHeading": 60, 
    "gpsLatitude": 49.79901270193618, 
    "gpsLongitude": 9.923782669191791, 
    "outsideTemperature": 35.0, 
    "speed": 7.414750000000001, 
    "yawRate": -0.007419034636553468
}