{
    "gpsHeading": 160, 
    "gpsLatitude": 49.77874802608709, 
    "gpsLongitude": 9.938064342554576, 
    "outsideTemperature": 39.0, 
    "speed": 10.964187500000001, 
    "yawRate": 0.0937722863276025
}