{
    "gpsHeading": 0, 
    "gpsLatitude": 49.78609803316221, 
    "gpsLongitude": 9.933553202265799, 
    "outsideTemperature": 38.0, 
    "speed": 7.572687500000001, 
    "yawRate": 0.0053245202381534545
}