{
    "gpsHeading": 312, 
    "gpsLatitude": 49.799234990008394, 
    "gpsLongitude": 9.941557668340835, 
    "outsideTemperature": 37.0, 
    "speed": 6.267625, 
    "yawRate": 0.049929367416154766
}