{
    "gpsHeading": 248, 
    "gpsLatitude": 49.79243274030574, 
    "gpsLongitude": 9.931947983988755, 
    "outsideTemperature": 41.5, 
    "speed": 3.192, 
    "yawRate": -0.1715997006391373
}