{
    "gpsHeading": 145, 
    "gpsLatitude": 49.77495437671007, 
    "gpsLongitude": 9.941911887568997, 
    "outsideTemperature": 39.0, 
    "speed": 10.365687500000002, 
    "yawRate": 0.05448378863733524
}