{
    "gpsHeading": 193, 
    "gpsLatitude": 49.79281554182375, 
    "gpsLongitude": 9.936400702412426, 
    "outsideTemperature": 39.5, 
    "speed": 9.21025, 
    "yawRate": 0.03110893437137391
}