{
    "gpsHeading": 0, 
    "gpsLatitude": 49.79181298238499, 
    "gpsLongitude": 9.931750171073839, 
    "outsideTemperature": 41.0, 
    "speed": 5.843687500000001, 
    "yawRate": 0.043773929056959884
}