{
    "gpsHeading": 297, 
    "gpsLatitude": 49.79810519327941, 
    "gpsLongitude": 9.929656874574919, 
    "outsideTemperature": 34.5, 
    "speed": 6.899375000000001, 
    "yawRate": 0.00200574332421611
}