{
    "gpsHeading": 255, 
    "gpsLatitude": 49.79983186533348, 
    "gpsLongitude": 9.928201860002744, 
    "outsideTemperature": 43.0, 
    "speed": 9.443000000000001, 
    "yawRate": 0.0023301318798456252
}