{
    "gpsHeading": 357, 
    "gpsLatitude": 49.79495493879013, 
    "gpsLongitude": 9.926679874024224, 
    "outsideTemperature": 41.0, 
    "speed": 7.938437500000001, 
    "yawRate": -0.017802763725290823
}