{
    "gpsHeading": 96, 
    "gpsLatitude": 49.790275489885595, 
    "gpsLongitude": 9.929385217092996, 
    "outsideTemperature": 38.5, 
    "speed": 5.6940625, 
    "yawRate": 0.06825445781497258
}