{
    "gpsHeading": 356, 
    "gpsLatitude": 49.77429832514857, 
    "gpsLongitude": 9.943350222153828, 
    "outsideTemperature": 37.5, 
    "speed": 10.856125, 
    "yawRate": 0.00927976101068231
}