{
    "gpsHeading": 60, 
    "gpsLatitude": 49.798668038077636, 
    "gpsLongitude": 9.922768794183762, 
    "outsideTemperature": 35.0, 
    "speed": 12.0365, 
    "yawRate": -0.000961316404174478
}