{
    "gpsHeading": 324, 
    "gpsLatitude": 49.79746381004846, 
    "gpsLongitude": 9.943808796076542, 
    "outsideTemperature": 37.5, 
    "speed": 9.80875, 
    "yawRate": -0.019314194653878694
}