{
    "gpsHeading": 347, 
    "gpsLatitude": 49.79434213784901, 
    "gpsLongitude": 9.900568485434452, 
    "outsideTemperature": 35.0, 
    "speed": 2.9343125, 
    "yawRate": -0.26254261786623856
}