{
    "gpsHeading": 94, 
    "gpsLatitude": 49.797741921595815, 
    "gpsLongitude": 9.91314854863369, 
    "outsideTemperature": 35.0, 
    "speed": 10.066437500000001, 
    "yawRate": 0.037479480551581616
}