{
    "gpsHeading": 10, 
    "gpsLatitude": 49.79202630182078, 
    "gpsLongitude": 9.931827955135306, 
    "outsideTemperature": 41.5, 
    "speed": 6.134625000000001, 
    "yawRate": -0.006142487550077337
}