{
    "gpsHeading": 237, 
    "gpsLatitude": 49.795718027255184, 
    "gpsLongitude": 9.937178207750916, 
    "outsideTemperature": 38.5, 
    "speed": 7.98, 
    "yawRate": 0.017495366205818846
}