{
    "gpsHeading": 0, 
    "gpsLatitude": 49.80043578145724, 
    "gpsLongitude": 9.934025187233587, 
    "outsideTemperature": 37.5, 
    "speed": 6.0099375, 
    "yawRate": -0.01333182919756691
}