{
    "gpsHeading": 194, 
    "gpsLatitude": 49.7978379782062, 
    "gpsLongitude": 9.935136040861375, 
    "outsideTemperature": 37.5, 
    "speed": 3.95675, 
    "yawRate": 0.34998553920473074
}