{
    "gpsHeading": 248, 
    "gpsLatitude": 49.79661690255166, 
    "gpsLongitude": 9.928257683477899, 
    "outsideTemperature": 36.0, 
    "speed": 6.6250625, 
    "yawRate": -0.0037538432073657944
}