{
    "gpsHeading": 0, 
    "gpsLatitude": 49.79368801412522, 
    "gpsLongitude": 9.927572965807549, 
    "outsideTemperature": 43.0, 
    "speed": 5.1288124999999996, 
    "yawRate": 0.037536662979873056
}