{
    "gpsHeading": 147, 
    "gpsLatitude": 49.79025302638509, 
    "gpsLongitude": 9.935690168480276, 
    "outsideTemperature": 41.0, 
    "speed": 7.522812500000001, 
    "yawRate": 0.005864305471693965
}