{
    "gpsHeading": 8, 
    "gpsLatitude": 49.79275577885411, 
    "gpsLongitude": 9.93636683952358, 
    "outsideTemperature": 44.5, 
    "speed": 0.0, 
    "yawRate": -0.00027623465772053644
}