{
    "gpsHeading": 0, 
    "gpsLatitude": 49.785328574450745, 
    "gpsLongitude": 9.938479330580797, 
    "outsideTemperature": 38.5, 
    "speed": 7.049, 
    "yawRate": 0.011697691192152684
}