{
    "gpsHeading": 171, 
    "gpsLatitude": 49.79380963554029, 
    "gpsLongitude": 9.937061615477766, 
    "outsideTemperature": 40.0, 
    "speed": 3.325, 
    "yawRate": -0.06942203054349762
}