{
    "gpsHeading": 92, 
    "gpsLatitude": 49.79428463799322, 
    "gpsLongitude": 9.903396288108594, 
    "outsideTemperature": 35.0, 
    "speed": 8.304187500000001, 
    "yawRate": 0.005539955240086202
}