{
    "gpsHeading": 317, 
    "gpsLatitude": 49.79718410593953, 
    "gpsLongitude": 9.94423015434914, 
    "outsideTemperature": 38.0, 
    "speed": 10.4488125, 
    "yawRate": -0.004653428937127008
}