{
    "gpsHeading": 255, 
    "gpsLatitude": 49.79962080901153, 
    "gpsLongitude": 9.926498824915653, 
    "outsideTemperature": 49.0, 
    "speed": 8.204437500000001, 
    "yawRate": 0.14563091041938353
}