{
    "gpsHeading": 262, 
    "gpsLatitude": 49.79036048238378, 
    "gpsLongitude": 9.934723483587106, 
    "outsideTemperature": 37.0, 
    "speed": 6.7580625, 
    "yawRate": 0.016941681811382548
}