{
    "gpsHeading": 17, 
    "gpsLatitude": 49.79812103507642, 
    "gpsLongitude": 9.943229355110063, 
    "outsideTemperature": 38.5, 
    "speed": 6.916, 
    "yawRate": 0.06498520821744572
}