{
    "gpsHeading": 276, 
    "gpsLatitude": 49.7955060489239, 
    "gpsLongitude": 9.906678222296765, 
    "outsideTemperature": 35.0, 
    "speed": 4.0066250000000005, 
    "yawRate": -0.1447328933566233
}