{
    "gpsHeading": 102, 
    "gpsLatitude": 49.79980185812011, 
    "gpsLongitude": 9.93893212099029, 
    "outsideTemperature": 39.0, 
    "speed": 12.236, 
    "yawRate": 0.002623398642299866
}