{
    "gpsHeading": 101, 
    "gpsLatitude": 49.799921048783254, 
    "gpsLongitude": 9.938116310354271, 
    "outsideTemperature": 39.5, 
    "speed": 11.263437500000002, 
    "yawRate": -0.011513768298854003
}