{
    "gpsHeading": 175, 
    "gpsLatitude": 49.796252205944526, 
    "gpsLongitude": 9.926570741644898, 
    "outsideTemperature": 41.0, 
    "speed": 9.509500000000001, 
    "yawRate": 0.026948521283770913
}