{
    "gpsHeading": 144, 
    "gpsLatitude": 49.79419436489603, 
    "gpsLongitude": 9.944765422685908, 
    "outsideTemperature": 37.0, 
    "speed": 7.0240625, 
    "yawRate": -0.19515759839781072
}