{
    "gpsHeading": 0, 
    "gpsLatitude": 49.79895796810845, 
    "gpsLongitude": 9.929349091090327, 
    "outsideTemperature": 35.0, 
    "speed": 6.691562500000001, 
    "yawRate": 0.005496401828204512
}