{
    "gpsHeading": 149, 
    "gpsLatitude": 49.77519275803637, 
    "gpsLongitude": 9.941696053562264, 
    "outsideTemperature": 37.5, 
    "speed": 1.679125, 
    "yawRate": 0.003887829849895455
}