{
    "gpsHeading": 217, 
    "gpsLatitude": 49.7872260696915, 
    "gpsLongitude": 9.940696846884753, 
    "outsideTemperature": 40.5, 
    "speed": 7.888562500000001, 
    "yawRate": -0.0015668111230048294
}