{
    "gpsHeading": 252, 
    "gpsLatitude": 49.79683332329166, 
    "gpsLongitude": 9.929213555715977, 
    "outsideTemperature": 35.5, 
    "speed": 4.9958125, 
    "yawRate": 0.00881252740699364
}