{
    "gpsHeading": 191, 
    "gpsLatitude": 49.798596372805484, 
    "gpsLongitude": 9.942005429608457, 
    "outsideTemperature": 42.5, 
    "speed": 5.48625, 
    "yawRate": 0.10074757152594663
}