{
    "gpsHeading": 42, 
    "gpsLatitude": 49.79871581492573, 
    "gpsLongitude": 9.944527125178642, 
    "outsideTemperature": 38.0, 
    "speed": 7.622562500000001, 
    "yawRate": -0.008144087441115411
}