{
    "gpsHeading": 282, 
    "gpsLatitude": 49.79774359797645, 
    "gpsLongitude": 9.949898835466405, 
    "outsideTemperature": 37.5, 
    "speed": 9.9168125, 
    "yawRate": 0.04792773545423682
}