{
    "gpsHeading": 228, 
    "gpsLatitude": 49.935350811142996, 
    "gpsLongitude": 11.591002219297653, 
    "outsideTemperature": 17.5, 
    "speed": 8.6865625, 
    "yawRate": 0.002037729094047182
}