{
    "gpsHeading": 353, 
    "gpsLatitude": 49.941939657590794, 
    "gpsLongitude": 11.5708725759087, 
    "outsideTemperature": 20.5, 
    "speed": 9.501187500000002, 
    "yawRate": 0.002871285340279163
}