{
    "gpsHeading": 117, 
    "gpsLatitude": 49.94481934424561, 
    "gpsLongitude": 11.57770785030984, 
    "outsideTemperature": 20.0, 
    "speed": 4.68825, 
    "yawRate": -0.015415563425895819
}