{
    "gpsHeading": 287, 
    "gpsLatitude": 49.94000410850963, 
    "gpsLongitude": 11.566746416432759, 
    "outsideTemperature": 18.5, 
    "speed": 10.2326875, 
    "yawRate": 0.008225775832752993
}