{
    "gpsHeading": 213, 
    "gpsLatitude": 49.942279376126486, 
    "gpsLongitude": 11.577656720700496, 
    "outsideTemperature": 19.0, 
    "speed": 1.1221875, 
    "yawRate": -0.07159499228808333
}