{
    "gpsHeading": 234, 
    "gpsLatitude": 49.9476166367922, 
    "gpsLongitude": 11.587568907938135, 
    "outsideTemperature": 22.0, 
    "speed": 8.329125, 
    "yawRate": -0.044513122283411616
}