{
    "gpsHeading": 292, 
    "gpsLatitude": 49.94226663563365, 
    "gpsLongitude": 11.577976155030495, 
    "outsideTemperature": 19.0, 
    "speed": 4.131312500000001, 
    "yawRate": 0.14639663128600489
}