{
    "gpsHeading": 184, 
    "gpsLatitude": 49.9372896291664, 
    "gpsLongitude": 11.576726413267089, 
    "outsideTemperature": 18.0, 
    "speed": 4.2975625, 
    "yawRate": 0.012032564407878001
}