{
    "gpsHeading": 252, 
    "gpsLatitude": 49.94017191421119, 
    "gpsLongitude": 11.56598584253864, 
    "outsideTemperature": 18.5, 
    "speed": 7.3066875, 
    "yawRate": -0.02022309097475402
}