{
    "gpsHeading": 247, 
    "gpsLatitude": 49.9462544098882, 
    "gpsLongitude": 11.582654765744707, 
    "outsideTemperature": 20.5, 
    "speed": 13.624187500000001, 
    "yawRate": -0.030620636305136114
}