{
    "gpsHeading": 33, 
    "gpsLatitude": 49.937436899205196, 
    "gpsLongitude": 11.582005000610582, 
    "outsideTemperature": 18.0, 
    "speed": 13.3249375, 
    "yawRate": -0.016351306104687387
}