{
    "gpsHeading": 126, 
    "gpsLatitude": 49.949024628887535, 
    "gpsLongitude": 11.564298397791452, 
    "outsideTemperature": 18.5, 
    "speed": 14.812875, 
    "yawRate": 0.00847246276714482
}