{
    "gpsHeading": 240, 
    "gpsLatitude": 49.94596858698994, 
    "gpsLongitude": 11.572344773382344, 
    "outsideTemperature": 19.0, 
    "speed": 12.5685, 
    "yawRate": 0.051799785827913565
}