{
    "gpsHeading": 62, 
    "gpsLatitude": 49.9389118627069, 
    "gpsLongitude": 11.584066948791609, 
    "outsideTemperature": 17.5, 
    "speed": 10.723125000000001, 
    "yawRate": 0.018031680159600803
}