{
    "gpsHeading": 106, 
    "gpsLatitude": 49.950234640429876, 
    "gpsLongitude": 11.561316703375013, 
    "outsideTemperature": 18.5, 
    "speed": 13.7073125, 
    "yawRate": -0.008457230977199377
}