{
    "gpsHeading": 283, 
    "gpsLatitude": 49.94383463826061, 
    "gpsLongitude": 11.580068948615224, 
    "outsideTemperature": 18.5, 
    "speed": 5.1953125, 
    "yawRate": -0.36978047963353317
}