{
    "gpsHeading": 128, 
    "gpsLatitude": 49.938744895195654, 
    "gpsLongitude": 11.577648925530513, 
    "outsideTemperature": 18.0, 
    "speed": 8.0215625, 
    "yawRate": 0.004178582773903849
}