{
    "gpsHeading": 340, 
    "gpsLatitude": 49.94934909235944, 
    "gpsLongitude": 11.561146718378629, 
    "outsideTemperature": 18.5, 
    "speed": 9.4513125, 
    "yawRate": -0.0152640150599779
}