{
    "gpsHeading": 234, 
    "gpsLatitude": 49.943322420157585, 
    "gpsLongitude": 11.569227292134462, 
    "outsideTemperature": 23.0, 
    "speed": 8.886062500000001, 
    "yawRate": -0.019278272339564112
}