{
    "gpsHeading": 160, 
    "gpsLatitude": 49.94197578359349, 
    "gpsLongitude": 11.570728071897955, 
    "outsideTemperature": 18.0, 
    "speed": 7.94675, 
    "yawRate": 0.12353281808487952
}