{
    "gpsHeading": 0, 
    "gpsLatitude": 49.936927698587304, 
    "gpsLongitude": 11.576464227335785, 
    "outsideTemperature": 18.0, 
    "speed": 8.6865625, 
    "yawRate": -0.001976528185539033
}