{
    "gpsHeading": 305, 
    "gpsLatitude": 49.947648236567176, 
    "gpsLongitude": 11.56312199768083, 
    "outsideTemperature": 19.0, 
    "speed": 10.423875, 
    "yawRate": -0.014914949209578365
}