{
    "gpsHeading": 261, 
    "gpsLatitude": 49.9376224745415, 
    "gpsLongitude": 11.577368131774167, 
    "outsideTemperature": 18.0, 
    "speed": 8.570187500000001, 
    "yawRate": 0.012335171680814107
}