{
    "gpsHeading": 126, 
    "gpsLatitude": 49.94680107761326, 
    "gpsLongitude": 11.587323653451238, 
    "outsideTemperature": 20.0, 
    "speed": 9.67575, 
    "yawRate": 0.0523572171512697
}