{
    "gpsHeading": 200, 
    "gpsLatitude": 49.94277935665087, 
    "gpsLongitude": 11.582863391314712, 
    "outsideTemperature": 18.5, 
    "speed": 7.6308750000000005, 
    "yawRate": -0.011052240295910069
}