{
    "gpsHeading": 311, 
    "gpsLatitude": 49.948096919844126, 
    "gpsLongitude": 11.562276179831457, 
    "outsideTemperature": 19.0, 
    "speed": 11.1470625, 
    "yawRate": -0.009678961453595265
}