{
    "gpsHeading": 196, 
    "gpsLatitude": 49.939718537068465, 
    "gpsLongitude": 11.577169732125997, 
    "outsideTemperature": 18.5, 
    "speed": 5.2119375, 
    "yawRate": -0.02584108036039859
}