{
    "gpsHeading": 69, 
    "gpsLatitude": 49.94184661846556, 
    "gpsLongitude": 11.573654194296365, 
    "outsideTemperature": 18.5, 
    "speed": 5.203625000000001, 
    "yawRate": 0.02212918854401066
}