{
    "gpsHeading": 318, 
    "gpsLatitude": 49.94663100879785, 
    "gpsLongitude": 11.56464364838322, 
    "outsideTemperature": 19.5, 
    "speed": 9.002437500000001, 
    "yawRate": -0.009504428528395996
}