{
    "gpsHeading": 57, 
    "gpsLatitude": 49.93981660533561, 
    "gpsLongitude": 11.575554790841275, 
    "outsideTemperature": 18.0, 
    "speed": 5.81875, 
    "yawRate": -0.011052240295910069
}