{
    "gpsHeading": 282, 
    "gpsLatitude": 49.93516657691121, 
    "gpsLongitude": 11.58216777717024, 
    "outsideTemperature": 18.0, 
    "speed": 13.690687500000001, 
    "yawRate": -0.013844767099100394
}