{
    "gpsHeading": 67, 
    "gpsLatitude": 49.94122107703161, 
    "gpsLongitude": 11.569585618495212, 
    "outsideTemperature": 19.5, 
    "speed": 10.648312500000001, 
    "yawRate": 0.02197442940111938
}