{
    "gpsHeading": 307, 
    "gpsLatitude": 49.94788770754088, 
    "gpsLongitude": 11.562648923065629, 
    "outsideTemperature": 19.0, 
    "speed": 11.305000000000001, 
    "yawRate": -0.0018249798196211145
}