{
    "gpsHeading": 156, 
    "gpsLatitude": 49.94251549433893, 
    "gpsLongitude": 11.570413079976637, 
    "outsideTemperature": 18.0, 
    "speed": 11.546062500000001, 
    "yawRate": -0.0211549769054483
}