{
    "gpsHeading": 329, 
    "gpsLatitude": 49.93897942084648, 
    "gpsLongitude": 11.575749167175921, 
    "outsideTemperature": 18.0, 
    "speed": 7.4479999999999995, 
    "yawRate": -0.08156354207647916
}