{
    "gpsHeading": 61, 
    "gpsLatitude": 49.9446641113988, 
    "gpsLongitude": 11.57822945614444, 
    "outsideTemperature": 20.0, 
    "speed": 5.6109375, 
    "yawRate": 0.1521360447655574
}