{
    "gpsHeading": 135, 
    "gpsLatitude": 49.93974158730219, 
    "gpsLongitude": 11.576438913988172, 
    "outsideTemperature": 18.5, 
    "speed": 7.2318750000000005, 
    "yawRate": -0.013670234173901123
}