{
    "gpsHeading": 34, 
    "gpsLatitude": 49.93833493631135, 
    "gpsLongitude": 11.582968081285388, 
    "outsideTemperature": 18.0, 
    "speed": 13.067250000000001, 
    "yawRate": -0.04183311318380381
}