{
    "gpsHeading": 34, 
    "gpsLatitude": 49.942209387234975, 
    "gpsLongitude": 11.576705877604319, 
    "outsideTemperature": 18.0, 
    "speed": 5.1620625, 
    "yawRate": -0.0124283306454768
}