{
    "gpsHeading": 127, 
    "gpsLatitude": 49.94305461835114, 
    "gpsLongitude": 11.581589174394075, 
    "outsideTemperature": 18.5, 
    "speed": 7.2318750000000005, 
    "yawRate": 0.0019746510412529624
}