{
    "gpsHeading": 123, 
    "gpsLatitude": 49.948406044433234, 
    "gpsLongitude": 11.565586696309447, 
    "outsideTemperature": 18.5, 
    "speed": 13.9234375, 
    "yawRate": -0.002697644445618463
}