{
    "gpsHeading": 100, 
    "gpsLatitude": 49.94013830277946, 
    "gpsLongitude": 11.577164200069905, 
    "outsideTemperature": 18.5, 
    "speed": 4.970875, 
    "yawRate": -0.010307650017649555
}