{
    "gpsHeading": 309, 
    "gpsLatitude": 49.9473465718719, 
    "gpsLongitude": 11.563795567419993, 
    "outsideTemperature": 19.0, 
    "speed": 9.783812500000002, 
    "yawRate": 0.04669517338581995
}