{
    "gpsHeading": 240, 
    "gpsLatitude": 49.94107464518315, 
    "gpsLongitude": 11.575059755639764, 
    "outsideTemperature": 19.0, 
    "speed": 3.5328125, 
    "yawRate": 0.02893597262678819
}