{
    "gpsHeading": 313, 
    "gpsLatitude": 49.938308030402176, 
    "gpsLongitude": 11.575031173349949, 
    "outsideTemperature": 17.5, 
    "speed": 12.06975, 
    "yawRate": 0.06521864801624093
}