{
    "gpsHeading": 248, 
    "gpsLatitude": 49.94640159610796, 
    "gpsLongitude": 11.583291958024072, 
    "outsideTemperature": 20.5, 
    "speed": 13.757187500000002, 
    "yawRate": -0.004266164600022343
}