{
    "gpsHeading": 310, 
    "gpsLatitude": 49.93415328863639, 
    "gpsLongitude": 11.587827238193983, 
    "outsideTemperature": 18.0, 
    "speed": 12.9758125, 
    "yawRate": -0.0028491928115363815
}