{
    "gpsHeading": 99, 
    "gpsLatitude": 49.935410490293606, 
    "gpsLongitude": 11.580140865344472, 
    "outsideTemperature": 20.0, 
    "speed": 6.159562500000001, 
    "yawRate": 0.4178866117914944
}