{
    "gpsHeading": 158, 
    "gpsLatitude": 49.94214493039955, 
    "gpsLongitude": 11.570630338906943, 
    "outsideTemperature": 18.0, 
    "speed": 10.0830625, 
    "yawRate": -0.012777396495875344
}