{
    "gpsHeading": 331, 
    "gpsLatitude": 49.94066552448917, 
    "gpsLongitude": 11.586193940541314, 
    "outsideTemperature": 18.0, 
    "speed": 10.490375, 
    "yawRate": 0.07754740765260587
}