{
    "gpsHeading": 134, 
    "gpsLatitude": 49.94416379559829, 
    "gpsLongitude": 11.58368641038749, 
    "outsideTemperature": 19.0, 
    "speed": 9.1188125, 
    "yawRate": -0.003547324512334459
}