{
    "gpsHeading": 200, 
    "gpsLatitude": 49.94355962801745, 
    "gpsLongitude": 11.583267231409714, 
    "outsideTemperature": 19.0, 
    "speed": 8.2709375, 
    "yawRate": 0.07237449794941798
}