{
    "gpsHeading": 22, 
    "gpsLatitude": 49.948121311182355, 
    "gpsLongitude": 11.578102218854228, 
    "outsideTemperature": 20.0, 
    "speed": 2.8262500000000004, 
    "yawRate": -0.009502152356005442
}