{
    "gpsHeading": 252, 
    "gpsLatitude": 49.94595442157356, 
    "gpsLongitude": 11.581188100327154, 
    "outsideTemperature": 20.0, 
    "speed": 9.858625, 
    "yawRate": -0.07582466393178805
}