{
    "gpsHeading": 54, 
    "gpsLatitude": 49.94147773090683, 
    "gpsLongitude": 11.570732849582765, 
    "outsideTemperature": 21.5, 
    "speed": 5.6857500000000005, 
    "yawRate": 0.07495338344764367
}