{
    "gpsHeading": 305, 
    "gpsLatitude": 49.94156490269985, 
    "gpsLongitude": 11.583414166172345, 
    "outsideTemperature": 18.0, 
    "speed": 6.7248125000000005, 
    "yawRate": 0.02536206301797615
}