{
    "gpsHeading": 212, 
    "gpsLatitude": 49.94741773422986, 
    "gpsLongitude": 11.586605072892043, 
    "outsideTemperature": 21.5, 
    "speed": 0.69825, 
    "yawRate": -0.04835284663779856
}