{
    "gpsHeading": 227, 
    "gpsLatitude": 49.93510966378866, 
    "gpsLongitude": 11.59055445803003, 
    "outsideTemperature": 17.5, 
    "speed": 5.095562500000001, 
    "yawRate": 0.009717177802822063
}