{
    "gpsHeading": 196, 
    "gpsLatitude": 49.94208323959219, 
    "gpsLongitude": 11.58249006134732, 
    "outsideTemperature": 18.5, 
    "speed": 5.702375000000001, 
    "yawRate": -0.0679499739109241
}