{
    "gpsHeading": 244, 
    "gpsLatitude": 49.946009406858394, 
    "gpsLongitude": 11.57251559656905, 
    "outsideTemperature": 19.0, 
    "speed": 12.859437500000002, 
    "yawRate": 0.07745612583222926
}