{
    "gpsHeading": 212, 
    "gpsLatitude": 49.94540188651628, 
    "gpsLongitude": 11.571227298051053, 
    "outsideTemperature": 19.0, 
    "speed": 13.208562500000001, 
    "yawRate": 0.003454165547671766
}