{
    "gpsHeading": 285, 
    "gpsLatitude": 49.94363045509926, 
    "gpsLongitude": 11.583312828962967, 
    "outsideTemperature": 19.0, 
    "speed": 8.5785, 
    "yawRate": 0.16051362517513035
}