{
    "gpsHeading": 314, 
    "gpsLatitude": 49.942324135489436, 
    "gpsLongitude": 11.577399480092028, 
    "outsideTemperature": 19.0, 
    "speed": 3.3831875, 
    "yawRate": -0.0037016843855053006
}