{
    "gpsHeading": 248, 
    "gpsLatitude": 49.946744918862, 
    "gpsLongitude": 11.58429728349086, 
    "outsideTemperature": 21.0, 
    "speed": 13.649125, 
    "yawRate": 0.011965397443524766
}