{
    "gpsHeading": 322, 
    "gpsLatitude": 49.9443224650254, 
    "gpsLongitude": 11.568500329672098, 
    "outsideTemperature": 20.5, 
    "speed": 5.719, 
    "yawRate": 0.29383379546821325
}