{
    "gpsHeading": 295, 
    "gpsLatitude": 49.940347682720784, 
    "gpsLongitude": 11.565147568402125, 
    "outsideTemperature": 18.5, 
    "speed": 5.5610625, 
    "yawRate": 0.00037179419877884055
}