{
    "gpsHeading": 47, 
    "gpsLatitude": 49.93908796649259, 
    "gpsLongitude": 11.584602300947408, 
    "outsideTemperature": 17.5, 
    "speed": 11.354875, 
    "yawRate": 0.018031680159600803
}