{
    "gpsHeading": 0, 
    "gpsLatitude": 49.9431521837041, 
    "gpsLongitude": 11.58043699798362, 
    "outsideTemperature": 18.0, 
    "speed": 5.103875, 
    "yawRate": -0.003959468415527221
}