{
    "gpsHeading": 333, 
    "gpsLatitude": 49.93928468976012, 
    "gpsLongitude": 11.575550013156468, 
    "outsideTemperature": 18.0, 
    "speed": 6.550250000000001, 
    "yawRate": -0.007736114717120938
}