{
    "gpsHeading": 145, 
    "gpsLatitude": 49.94056745622203, 
    "gpsLongitude": 11.584999770795966, 
    "outsideTemperature": 18.5, 
    "speed": 8.570187500000001, 
    "yawRate": -0.01244850369750523
}