{
    "gpsHeading": 120, 
    "gpsLatitude": 49.946076881178946, 
    "gpsLongitude": 11.580131980527074, 
    "outsideTemperature": 22.0, 
    "speed": 1.4879375000000001, 
    "yawRate": -0.007631984812604457
}