{
    "gpsHeading": 205, 
    "gpsLatitude": 49.944006634913755, 
    "gpsLongitude": 11.570027847706708, 
    "outsideTemperature": 18.5, 
    "speed": 10.091375000000001, 
    "yawRate": 0.06000283331228626
}