{
    "gpsHeading": 281, 
    "gpsLatitude": 49.93957772109511, 
    "gpsLongitude": 11.568721695734958, 
    "outsideTemperature": 18.5, 
    "speed": 10.9143125, 
    "yawRate": -0.00294433138001029
}