{
    "gpsHeading": 134, 
    "gpsLatitude": 49.94562853317812, 
    "gpsLongitude": 11.571302818998658, 
    "outsideTemperature": 22.5, 
    "speed": 6.134625000000001, 
    "yawRate": 0.2724960959373058
}