{
    "gpsHeading": 245, 
    "gpsLatitude": 49.94704884667113, 
    "gpsLongitude": 11.585160619517895, 
    "outsideTemperature": 21.5, 
    "speed": 13.840312500000001, 
    "yawRate": -0.019625062017572106
}