{
    "gpsHeading": 316, 
    "gpsLatitude": 49.94911104630927, 
    "gpsLongitude": 11.575749502452048, 
    "outsideTemperature": 19.5, 
    "speed": 5.843687500000001, 
    "yawRate": 0.26300414223622054
}