{
    "gpsHeading": 205, 
    "gpsLatitude": 49.938164951314974, 
    "gpsLongitude": 11.578963375586437, 
    "outsideTemperature": 18.0, 
    "speed": 6.8245625, 
    "yawRate": 0.02437794351957474
}