{
    "gpsHeading": 57, 
    "gpsLatitude": 49.94588300775852, 
    "gpsLongitude": 11.572429765880537, 
    "outsideTemperature": 21.0, 
    "speed": 10.3490625, 
    "yawRate": -0.09733917256028635
}