{
    "gpsHeading": 136, 
    "gpsLatitude": 49.94014852870134, 
    "gpsLongitude": 11.585618690526418, 
    "outsideTemperature": 18.0, 
    "speed": 5.3781875, 
    "yawRate": 0.08371913808738055
}