{
    "gpsHeading": 53, 
    "gpsLatitude": 49.94682211619025, 
    "gpsLongitude": 11.575165032343632, 
    "outsideTemperature": 21.5, 
    "speed": 0.681625, 
    "yawRate": 0.0024785589857879557
}