{
    "gpsHeading": 32, 
    "gpsLatitude": 49.93677908744403, 
    "gpsLongitude": 11.581371999282805, 
    "outsideTemperature": 18.5, 
    "speed": 12.0448125, 
    "yawRate": 0.014191955805212863
}