{
    "gpsHeading": 252, 
    "gpsLatitude": 49.94611602466677, 
    "gpsLongitude": 11.573030077785948, 
    "outsideTemperature": 19.0, 
    "speed": 12.626687500000001, 
    "yawRate": 0.05057805535151767
}