{
    "gpsHeading": 210, 
    "gpsLatitude": 49.94164855409353, 
    "gpsLongitude": 11.576071954267189, 
    "outsideTemperature": 19.0, 
    "speed": 4.1645625, 
    "yawRate": 0.013053476433639622
}