{
    "gpsHeading": 316, 
    "gpsLatitude": 49.94721044976434, 
    "gpsLongitude": 11.563979466375642, 
    "outsideTemperature": 19.0, 
    "speed": 10.0165625, 
    "yawRate": 0.08753587788248714
}