{
    "gpsHeading": 151, 
    "gpsLatitude": 49.938610198011624, 
    "gpsLongitude": 11.587927569575012, 
    "outsideTemperature": 18.0, 
    "speed": 11.571, 
    "yawRate": 0.012858770456411922
}