{
    "gpsHeading": 310, 
    "gpsLatitude": 49.94795467894724, 
    "gpsLongitude": 11.562530067678622, 
    "outsideTemperature": 19.0, 
    "speed": 11.379812500000002, 
    "yawRate": -0.0152640150599779
}