{
    "gpsHeading": 211, 
    "gpsLatitude": 49.94650829773537, 
    "gpsLongitude": 11.574260624991059, 
    "outsideTemperature": 20.0, 
    "speed": 7.8054375, 
    "yawRate": -0.03232508411821158
}