{
    "gpsHeading": 288, 
    "gpsLatitude": 49.93926658484927, 
    "gpsLongitude": 11.570122227936483, 
    "outsideTemperature": 18.5, 
    "speed": 10.440500000000002, 
    "yawRate": 0.002117123450772545
}