{
    "gpsHeading": 301, 
    "gpsLatitude": 49.94625021893662, 
    "gpsLongitude": 11.57994674046692, 
    "outsideTemperature": 19.5, 
    "speed": 12.186125, 
    "yawRate": 0.009172870640334441
}