{
    "gpsHeading": 75, 
    "gpsLatitude": 49.947121853047776, 
    "gpsLongitude": 11.576156108575066, 
    "outsideTemperature": 21.5, 
    "speed": 10.0165625, 
    "yawRate": -0.007644350675779699
}