{
    "gpsHeading": 73, 
    "gpsLatitude": 49.945954673030656, 
    "gpsLongitude": 11.572701171905365, 
    "outsideTemperature": 20.5, 
    "speed": 9.301687500000002, 
    "yawRate": -0.0249080086025223
}