{
    "gpsHeading": 205, 
    "gpsLatitude": 49.94341545928282, 
    "gpsLongitude": 11.583183412377933, 
    "outsideTemperature": 19.0, 
    "speed": 8.927625, 
    "yawRate": 0.002037729094047182
}