{
    "gpsHeading": 87, 
    "gpsLatitude": 49.94609800357495, 
    "gpsLongitude": 11.573305004210075, 
    "outsideTemperature": 20.5, 
    "speed": 5.137125, 
    "yawRate": -0.24569215897980184
}