{
    "gpsHeading": 26, 
    "gpsLatitude": 49.93696910518899, 
    "gpsLongitude": 11.581537541870508, 
    "outsideTemperature": 18.5, 
    "speed": 11.928437500000001, 
    "yawRate": -0.03293193399863304
}