{
    "gpsHeading": 300, 
    "gpsLatitude": 49.93597325127276, 
    "gpsLongitude": 11.578654167178303, 
    "outsideTemperature": 18.0, 
    "speed": 13.931750000000001, 
    "yawRate": -0.0042454562131315435
}