{
    "gpsHeading": 321, 
    "gpsLatitude": 49.93992607299107, 
    "gpsLongitude": 11.572588100031515, 
    "outsideTemperature": 20.0, 
    "speed": 0.0, 
    "yawRate": -0.00011525122497880753
}