{
    "gpsHeading": 296, 
    "gpsLatitude": 49.94660636600252, 
    "gpsLongitude": 11.578924232098592, 
    "outsideTemperature": 19.5, 
    "speed": 10.2991875, 
    "yawRate": -0.04283794106909602
}