{
    "gpsHeading": 133, 
    "gpsLatitude": 49.94153271619166, 
    "gpsLongitude": 11.583546432604457, 
    "outsideTemperature": 18.5, 
    "speed": 7.3731875, 
    "yawRate": -0.005990785465126241
}