{
    "gpsHeading": 29, 
    "gpsLatitude": 49.94185298871198, 
    "gpsLongitude": 11.574195832879509, 
    "outsideTemperature": 18.5, 
    "speed": 2.4688125, 
    "yawRate": -0.09341160793801208
}