{
    "gpsHeading": 132, 
    "gpsLatitude": 49.94702462297095, 
    "gpsLongitude": 11.586902295178637, 
    "outsideTemperature": 20.0, 
    "speed": 9.567687500000002, 
    "yawRate": 0.03403126000533035
}