{
    "gpsHeading": 122, 
    "gpsLatitude": 49.94601468745739, 
    "gpsLongitude": 11.580302803713812, 
    "outsideTemperature": 23.0, 
    "speed": 7.7555625, 
    "yawRate": 0.013610907756996759
}