{
    "gpsHeading": 278, 
    "gpsLatitude": 49.94162324074594, 
    "gpsLongitude": 11.583159523953896, 
    "outsideTemperature": 18.0, 
    "speed": 6.0764375, 
    "yawRate": -0.01582770732908858
}