{
    "gpsHeading": 334, 
    "gpsLatitude": 49.94231717850982, 
    "gpsLongitude": 11.581140072021947, 
    "outsideTemperature": 18.0, 
    "speed": 7.2568125, 
    "yawRate": 0.0073851717224353314
}