{
    "gpsHeading": 34, 
    "gpsLatitude": 49.93774241957593, 
    "gpsLongitude": 11.582315633942253, 
    "outsideTemperature": 18.0, 
    "speed": 13.53275, 
    "yawRate": 0.0026727827420510394
}