{
    "gpsHeading": 324, 
    "gpsLatitude": 49.94705161269918, 
    "gpsLongitude": 11.56414366785884, 
    "outsideTemperature": 19.0, 
    "speed": 10.640000000000002, 
    "yawRate": 0.03151080889346946
}