{
    "gpsHeading": 165, 
    "gpsLatitude": 49.947177173608736, 
    "gpsLongitude": 11.575351445870265, 
    "outsideTemperature": 18.5, 
    "speed": 4.1146875000000005, 
    "yawRate": -0.503369932314476
}