{
    "gpsHeading": 122, 
    "gpsLatitude": 49.93956799808744, 
    "gpsLongitude": 11.576756169023348, 
    "outsideTemperature": 18.5, 
    "speed": 6.5918125000000005, 
    "yawRate": -0.0026746598863371103
}