{
    "gpsHeading": 29, 
    "gpsLatitude": 49.93600635979031, 
    "gpsLongitude": 11.580646461743976, 
    "outsideTemperature": 19.0, 
    "speed": 12.360687500000001, 
    "yawRate": -0.030488473045841256
}