{
    "gpsHeading": 44, 
    "gpsLatitude": 49.939586605912496, 
    "gpsLongitude": 11.585522801554104, 
    "outsideTemperature": 17.5, 
    "speed": 9.5510625, 
    "yawRate": 0.04508428356551265
}