{
    "gpsHeading": 75, 
    "gpsLatitude": 49.947127468922915, 
    "gpsLongitude": 11.576368673639596, 
    "outsideTemperature": 21.5, 
    "speed": 9.01075, 
    "yawRate": -0.06244768918840048
}