{
    "gpsHeading": 151, 
    "gpsLatitude": 49.942820763252556, 
    "gpsLongitude": 11.570228678106798, 
    "outsideTemperature": 18.5, 
    "speed": 12.0115625, 
    "yawRate": 0.02893597262678819
}