{
    "gpsHeading": 147, 
    "gpsLatitude": 49.93826545033405, 
    "gpsLongitude": 11.588296960047915, 
    "outsideTemperature": 18.0, 
    "speed": 11.4961875, 
    "yawRate": 0.03589711658273656
}