{
    "gpsHeading": 124, 
    "gpsLatitude": 49.946531599426194, 
    "gpsLongitude": 11.569518647088838, 
    "outsideTemperature": 18.0, 
    "speed": 10.5651875, 
    "yawRate": 0.010392324944338787
}