{
    "gpsHeading": 32, 
    "gpsLatitude": 49.94163329902976, 
    "gpsLongitude": 11.5712455706, 
    "outsideTemperature": 18.0, 
    "speed": 6.999125000000001, 
    "yawRate": 0.05651217480829786
}