{
    "gpsHeading": 122, 
    "gpsLatitude": 49.947651086414254, 
    "gpsLongitude": 11.567159476621217, 
    "outsideTemperature": 18.5, 
    "speed": 13.5078125, 
    "yawRate": -0.015089482134777637
}