{
    "gpsHeading": 169, 
    "gpsLatitude": 49.937311338295636, 
    "gpsLongitude": 11.576723647239042, 
    "outsideTemperature": 18.0, 
    "speed": 9.0689375, 
    "yawRate": 0.006924650999631738
}