{
    "gpsHeading": 295, 
    "gpsLatitude": 49.94115301597784, 
    "gpsLongitude": 11.585839218398961, 
    "outsideTemperature": 17.5, 
    "speed": 7.015750000000001, 
    "yawRate": 0.139681129023603
}