{
    "gpsHeading": 225, 
    "gpsLatitude": 49.94661935795244, 
    "gpsLongitude": 11.574507555858592, 
    "outsideTemperature": 18.5, 
    "speed": 2.7763750000000003, 
    "yawRate": -0.01136161617728292
}