{
    "gpsHeading": 331, 
    "gpsLatitude": 49.943370197005684, 
    "gpsLongitude": 11.569955344244274, 
    "outsideTemperature": 24.0, 
    "speed": 6.167875, 
    "yawRate": 0.22436969123883982
}