{
    "gpsHeading": 224, 
    "gpsLatitude": 49.941216047889704, 
    "gpsLongitude": 11.575587228806581, 
    "outsideTemperature": 19.0, 
    "speed": 4.1978125, 
    "yawRate": -0.18451779489211503
}