{
    "gpsHeading": 331, 
    "gpsLatitude": 49.9461907912431, 
    "gpsLongitude": 11.570254745825661, 
    "outsideTemperature": 22.0, 
    "speed": 0.0, 
    "yawRate": 0.0001056011819787683
}