{
    "gpsHeading": 246, 
    "gpsLatitude": 49.94736409004955, 
    "gpsLongitude": 11.586383958286278, 
    "outsideTemperature": 22.5, 
    "speed": 8.861125, 
    "yawRate": -0.009502152356005442
}