{
    "gpsHeading": 160, 
    "gpsLatitude": 49.942001013122045, 
    "gpsLongitude": 11.573214228198692, 
    "outsideTemperature": 18.5, 
    "speed": 5.1454375, 
    "yawRate": 0.04708739684752927
}