{
    "gpsHeading": 149, 
    "gpsLatitude": 49.938481284340796, 
    "gpsLongitude": 11.588063607863518, 
    "outsideTemperature": 18.0, 
    "speed": 11.6375, 
    "yawRate": 0.008495447326426172
}