{
    "gpsHeading": 201, 
    "gpsLatitude": 49.9422643725198, 
    "gpsLongitude": 11.582587794338332, 
    "outsideTemperature": 18.5, 
    "speed": 7.2734375, 
    "yawRate": 0.018792889913193098
}