{
    "gpsHeading": 203, 
    "gpsLatitude": 49.94418466653719, 
    "gpsLongitude": 11.570162544890742, 
    "outsideTemperature": 18.5, 
    "speed": 10.8976875, 
    "yawRate": -0.0009091575823139838
}