{
    "gpsHeading": 133, 
    "gpsLatitude": 49.94509913217359, 
    "gpsLongitude": 11.58201950130307, 
    "outsideTemperature": 19.0, 
    "speed": 12.801250000000001, 
    "yawRate": -0.0018019952603397617
}