{
    "gpsHeading": 52, 
    "gpsLatitude": 49.945722159036585, 
    "gpsLongitude": 11.579814222577708, 
    "outsideTemperature": 18.0, 
    "speed": 7.389812500000001, 
    "yawRate": -0.007450126919516615
}