{
    "gpsHeading": 302, 
    "gpsLatitude": 49.936355214600454, 
    "gpsLongitude": 11.577651188644367, 
    "outsideTemperature": 18.0, 
    "speed": 12.46875, 
    "yawRate": -0.040024705879014896
}