{
    "gpsHeading": 128, 
    "gpsLatitude": 49.93876023407846, 
    "gpsLongitude": 11.578291985142098, 
    "outsideTemperature": 18.0, 
    "speed": 8.428875, 
    "yawRate": 0.010066243653221597
}