{
    "gpsHeading": 245, 
    "gpsLatitude": 49.94628072906418, 
    "gpsLongitude": 11.57360616599116, 
    "outsideTemperature": 19.5, 
    "speed": 10.9475625, 
    "yawRate": -0.0030035526847072233
}