{
    "gpsHeading": 121, 
    "gpsLatitude": 49.94219270724766, 
    "gpsLongitude": 11.5781572879581, 
    "outsideTemperature": 19.0, 
    "speed": 4.372375000000001, 
    "yawRate": -0.012951929421074615
}