{
    "gpsHeading": 58, 
    "gpsLatitude": 49.94695379588911, 
    "gpsLongitude": 11.57551506062024, 
    "outsideTemperature": 22.0, 
    "speed": 8.453812500000002, 
    "yawRate": -0.04708879177085072
}