{
    "gpsHeading": 83, 
    "gpsLatitude": 49.94565602582053, 
    "gpsLongitude": 11.579559245083132, 
    "outsideTemperature": 18.0, 
    "speed": 6.4588125, 
    "yawRate": -0.06260253128253594
}