{
    "gpsHeading": 125, 
    "gpsLatitude": 49.94825600836639, 
    "gpsLongitude": 11.565899173659815, 
    "outsideTemperature": 18.5, 
    "speed": 14.081375000000001, 
    "yawRate": 0.004632738412757875
}