{
    "gpsHeading": 305, 
    "gpsLatitude": 49.94250795062606, 
    "gpsLongitude": 11.580649479229118, 
    "outsideTemperature": 18.0, 
    "speed": 5.461312500000001, 
    "yawRate": -0.004483067191126027
}