{
    "gpsHeading": 297, 
    "gpsLatitude": 49.93591357212217, 
    "gpsLongitude": 11.578826666745643, 
    "outsideTemperature": 18.0, 
    "speed": 13.906812500000001, 
    "yawRate": -0.01227397077230596
}