{
    "gpsHeading": 320, 
    "gpsLatitude": 49.93945635113714, 
    "gpsLongitude": 11.572941983983581, 
    "outsideTemperature": 17.5, 
    "speed": 10.5984375, 
    "yawRate": 0.04759082257109865
}