{
    "gpsHeading": 106, 
    "gpsLatitude": 49.94638852033899, 
    "gpsLongitude": 11.588891991354325, 
    "outsideTemperature": 19.5, 
    "speed": 9.709000000000001, 
    "yawRate": -0.02216834190888659
}