{
    "gpsHeading": 310, 
    "gpsLatitude": 49.946063302495816, 
    "gpsLongitude": 11.580458371836707, 
    "outsideTemperature": 22.5, 
    "speed": 10.5319375, 
    "yawRate": 0.03227799416397863
}