{
    "gpsHeading": 149, 
    "gpsLatitude": 49.93869829181399, 
    "gpsLongitude": 11.587844169638421, 
    "outsideTemperature": 18.0, 
    "speed": 11.3133125, 
    "yawRate": 0.03223192515354889
}