{
    "gpsHeading": 17, 
    "gpsLatitude": 49.94012774158146, 
    "gpsLongitude": 11.586256134262879, 
    "outsideTemperature": 18.0, 
    "speed": 9.0689375, 
    "yawRate": 0.11158132806649453
}