{
    "gpsHeading": 86, 
    "gpsLatitude": 49.94726828489624, 
    "gpsLongitude": 11.586369206136697, 
    "outsideTemperature": 20.0, 
    "speed": 7.331625000000001, 
    "yawRate": -0.24068356425857262
}