{
    "gpsHeading": 32, 
    "gpsLatitude": 49.93804685029923, 
    "gpsLongitude": 11.582636409376759, 
    "outsideTemperature": 18.0, 
    "speed": 13.2251875, 
    "yawRate": -0.03153567059703788
}