{
    "gpsHeading": 250, 
    "gpsLatitude": 49.94608383815859, 
    "gpsLongitude": 11.572862272084388, 
    "outsideTemperature": 19.0, 
    "speed": 13.0755625, 
    "yawRate": 0.0835647782142097
}