{
    "gpsHeading": 278, 
    "gpsLatitude": 49.93498217504136, 
    "gpsLongitude": 11.583485328530305, 
    "outsideTemperature": 18.0, 
    "speed": 14.014875, 
    "yawRate": -0.012623036622704501
}