{
    "gpsHeading": 297, 
    "gpsLatitude": 49.94328327666977, 
    "gpsLongitude": 11.584368362029789, 
    "outsideTemperature": 19.5, 
    "speed": 10.091375000000001, 
    "yawRate": -0.001278396484741948
}