{
    "gpsHeading": 93, 
    "gpsLatitude": 49.95024746474172, 
    "gpsLongitude": 11.56115057405409, 
    "outsideTemperature": 18.5, 
    "speed": 12.0115625, 
    "yawRate": -0.14825810406194265
}