{
    "gpsHeading": 33, 
    "gpsLatitude": 49.937845768442074, 
    "gpsLongitude": 11.58242091064612, 
    "outsideTemperature": 18.0, 
    "speed": 13.524437500000001, 
    "yawRate": -0.018445701207080625
}