{
    "gpsHeading": 133, 
    "gpsLatitude": 49.94451658990294, 
    "gpsLongitude": 11.583103365202613, 
    "outsideTemperature": 19.5, 
    "speed": 12.144562500000001, 
    "yawRate": 0.0013395973932500975
}