{
    "gpsHeading": 67, 
    "gpsLatitude": 49.94571880627533, 
    "gpsLongitude": 11.571925342947477, 
    "outsideTemperature": 21.5, 
    "speed": 9.775500000000001, 
    "yawRate": -0.07569708983555687
}