{
    "gpsHeading": 262, 
    "gpsLatitude": 49.93771467547642, 
    "gpsLongitude": 11.578200035664274, 
    "outsideTemperature": 18.0, 
    "speed": 10.27425, 
    "yawRate": -0.12188064779754752
}