{
    "gpsHeading": 123, 
    "gpsLatitude": 49.93612244914929, 
    "gpsLongitude": 11.577958385395737, 
    "outsideTemperature": 18.0, 
    "speed": 11.8120625, 
    "yawRate": 0.04659008359736546
}