{
    "gpsHeading": 117, 
    "gpsLatitude": 49.94980330769249, 
    "gpsLongitude": 11.562580862011876, 
    "outsideTemperature": 18.5, 
    "speed": 14.9874375, 
    "yawRate": -0.024863325945945758
}