{
    "gpsHeading": 107, 
    "gpsLatitude": 49.94245690483573, 
    "gpsLongitude": 11.583609799792468, 
    "outsideTemperature": 18.5, 
    "speed": 5.236875, 
    "yawRate": -0.0026746598863371103
}