{
    "gpsHeading": 206, 
    "gpsLatitude": 49.945202145763616, 
    "gpsLongitude": 11.571012805148825, 
    "outsideTemperature": 19.0, 
    "speed": 12.7430625, 
    "yawRate": 0.012180811807643266
}