{
    "gpsHeading": 268, 
    "gpsLatitude": 49.94393052723293, 
    "gpsLongitude": 11.58087587443388, 
    "outsideTemperature": 19.0, 
    "speed": 5.1620625, 
    "yawRate": 0.10285468180652302
}