{
    "gpsHeading": 39, 
    "gpsLatitude": 49.94495630454348, 
    "gpsLongitude": 11.578314783918758, 
    "outsideTemperature": 18.5, 
    "speed": 6.666625, 
    "yawRate": 0.0038945132184469307
}