{
    "gpsHeading": 347, 
    "gpsLatitude": 49.938599636813635, 
    "gpsLongitude": 11.576029458018077, 
    "outsideTemperature": 18.0, 
    "speed": 7.6890625, 
    "yawRate": 0.03415178733074286
}