{
    "gpsHeading": 291, 
    "gpsLatitude": 49.94855608050005, 
    "gpsLongitude": 11.577505846443342, 
    "outsideTemperature": 20.5, 
    "speed": 9.027375000000001, 
    "yawRate": 0.0019028861378736007
}