{
    "gpsHeading": 5, 
    "gpsLatitude": 49.9468771852941, 
    "gpsLongitude": 11.589820873864161, 
    "outsideTemperature": 19.5, 
    "speed": 9.0356875, 
    "yawRate": -0.04311229293281799
}