{
    "gpsHeading": 154, 
    "gpsLatitude": 49.94154495377029, 
    "gpsLongitude": 11.574368332446879, 
    "outsideTemperature": 18.0, 
    "speed": 4.5469375, 
    "yawRate": 0.002756033846873689
}