{
    "gpsHeading": 342, 
    "gpsLatitude": 49.942386077753895, 
    "gpsLongitude": 11.570609719425141, 
    "outsideTemperature": 20.0, 
    "speed": 11.080562500000001, 
    "yawRate": 0.011946997450649205
}