{
    "gpsHeading": 147, 
    "gpsLatitude": 49.940297726577846, 
    "gpsLongitude": 11.585347535958688, 
    "outsideTemperature": 18.5, 
    "speed": 7.863625000000001, 
    "yawRate": 0.030137530051155652
}