{
    "gpsHeading": 206, 
    "gpsLatitude": 49.94490299563929, 
    "gpsLongitude": 11.570734190687272, 
    "outsideTemperature": 18.5, 
    "speed": 13.167000000000002, 
    "yawRate": 0.00013803996888263597
}