{
    "gpsHeading": 43, 
    "gpsLatitude": 49.94160941060571, 
    "gpsLongitude": 11.576028116913571, 
    "outsideTemperature": 18.5, 
    "speed": 5.5278125000000005, 
    "yawRate": -0.01556992329906666
}