{
    "gpsHeading": 139, 
    "gpsLatitude": 49.94400219250508, 
    "gpsLongitude": 11.583946668481063, 
    "outsideTemperature": 19.5, 
    "speed": 6.1429375, 
    "yawRate": -0.44371936186529637
}