{
    "gpsHeading": 72, 
    "gpsLatitude": 49.94113105539151, 
    "gpsLongitude": 11.56903056886696, 
    "outsideTemperature": 19.5, 
    "speed": 11.820375000000002, 
    "yawRate": 0.006091933207970815
}