{
    "gpsHeading": 137, 
    "gpsLatitude": 49.937765469809655, 
    "gpsLongitude": 11.588986455403102, 
    "outsideTemperature": 18.0, 
    "speed": 11.2385, 
    "yawRate": 0.00500478882243777
}