{
    "gpsHeading": 92, 
    "gpsLatitude": 49.947090504729914, 
    "gpsLongitude": 11.576968063535622, 
    "outsideTemperature": 21.0, 
    "speed": 3.3915, 
    "yawRate": -0.013578470132559884
}