{
    "gpsHeading": 218, 
    "gpsLatitude": 49.94180018272198, 
    "gpsLongitude": 11.576241687806478, 
    "outsideTemperature": 19.0, 
    "speed": 4.1146875000000005, 
    "yawRate": 0.0010107045948789925
}