{
    "gpsHeading": 129, 
    "gpsLatitude": 49.94284381348629, 
    "gpsLongitude": 11.582348071907527, 
    "outsideTemperature": 18.5, 
    "speed": 6.799625000000001, 
    "yawRate": -0.00029427698633954823
}