{
    "gpsHeading": 130, 
    "gpsLatitude": 49.9389644172398, 
    "gpsLongitude": 11.5772697282309, 
    "outsideTemperature": 18.5, 
    "speed": 9.1188125, 
    "yawRate": 0.014476025360669782
}