{
    "gpsHeading": 344, 
    "gpsLatitude": 49.94883687425641, 
    "gpsLongitude": 11.5613900450278, 
    "outsideTemperature": 19.0, 
    "speed": 9.2850625, 
    "yawRate": -0.041618486765091674
}