{
    "gpsHeading": 115, 
    "gpsLatitude": 49.94659823555643, 
    "gpsLongitude": 11.578698339808053, 
    "outsideTemperature": 23.5, 
    "speed": 12.502, 
    "yawRate": -0.010249978690595511
}