{
    "gpsHeading": 48, 
    "gpsLatitude": 49.94639053199575, 
    "gpsLongitude": 11.589651727058092, 
    "outsideTemperature": 19.5, 
    "speed": 8.262625000000002, 
    "yawRate": 0.041536175788904964
}