{
    "gpsHeading": 296, 
    "gpsLatitude": 49.946592116767114, 
    "gpsLongitude": 11.578971170756384, 
    "outsideTemperature": 20.5, 
    "speed": 11.579312500000002, 
    "yawRate": 0.0034800615060730706
}