{
    "gpsHeading": 39, 
    "gpsLatitude": 49.94522410634992, 
    "gpsLongitude": 11.578667829680475, 
    "outsideTemperature": 19.5, 
    "speed": 8.861125, 
    "yawRate": 0.0013395973932500975
}