{
    "gpsHeading": 48, 
    "gpsLatitude": 49.94580715153479, 
    "gpsLongitude": 11.57216255080733, 
    "outsideTemperature": 21.0, 
    "speed": 10.498687499999999, 
    "yawRate": -0.06470151554799286
}