{
    "gpsHeading": 135, 
    "gpsLatitude": 49.941860532424826, 
    "gpsLongitude": 11.57339058344149, 
    "outsideTemperature": 18.5, 
    "speed": 4.921, 
    "yawRate": 0.2526871827324573
}