{
    "gpsHeading": 11, 
    "gpsLatitude": 49.939499098843335, 
    "gpsLongitude": 11.575452531622547, 
    "outsideTemperature": 18.0, 
    "speed": 4.9459375, 
    "yawRate": 0.028217667873961683
}