{
    "gpsHeading": 128, 
    "gpsLatitude": 49.94506719712248, 
    "gpsLongitude": 11.576978960009747, 
    "outsideTemperature": 20.5, 
    "speed": 4.2476875000000005, 
    "yawRate": 0.06801117481943224
}