{
    "gpsHeading": 193, 
    "gpsLatitude": 49.94304489534346, 
    "gpsLongitude": 11.58299783704165, 
    "outsideTemperature": 19.0, 
    "speed": 8.0714375, 
    "yawRate": -0.009830509819514176
}