{
    "gpsHeading": 187, 
    "gpsLatitude": 49.94558880295706, 
    "gpsLongitude": 11.576893967511554, 
    "outsideTemperature": 21.0, 
    "speed": 5.236875, 
    "yawRate": -0.03967564002861635
}