{
    "gpsHeading": 303, 
    "gpsLatitude": 49.942082736678, 
    "gpsLongitude": 11.58182252657847, 
    "outsideTemperature": 18.0, 
    "speed": 7.331625000000001, 
    "yawRate": 0.015239153356409485
}