{
    "gpsHeading": 309, 
    "gpsLatitude": 49.94624158557635, 
    "gpsLongitude": 11.57997029361483, 
    "outsideTemperature": 21.5, 
    "speed": 11.554375, 
    "yawRate": -0.00018512992311559484
}