{
    "gpsHeading": 269, 
    "gpsLatitude": 49.94599105049044, 
    "gpsLongitude": 11.580821392063232, 
    "outsideTemperature": 20.0, 
    "speed": 6.7248125000000005, 
    "yawRate": -0.028177175352344333
}