{
    "gpsHeading": 286, 
    "gpsLatitude": 49.93526414226418, 
    "gpsLongitude": 11.581605016191071, 
    "outsideTemperature": 18.0, 
    "speed": 14.1894375, 
    "yawRate": -0.010179575669912719
}