{
    "gpsHeading": 10, 
    "gpsLatitude": 49.94426965903538, 
    "gpsLongitude": 11.580084455136094, 
    "outsideTemperature": 18.5, 
    "speed": 5.635875, 
    "yawRate": 0.24527354876925836
}