{
    "gpsHeading": 281, 
    "gpsLatitude": 49.946799065956505, 
    "gpsLongitude": 11.578428945439988, 
    "outsideTemperature": 20.0, 
    "speed": 9.160375, 
    "yawRate": -0.010133506659482986
}