{
    "gpsHeading": 32, 
    "gpsLatitude": 49.94560129199281, 
    "gpsLongitude": 11.579396468523475, 
    "outsideTemperature": 19.5, 
    "speed": 7.497875, 
    "yawRate": -0.05398733989496949
}