{
    "gpsHeading": 80, 
    "gpsLatitude": 49.941298861093074, 
    "gpsLongitude": 11.569933635115028, 
    "outsideTemperature": 19.5, 
    "speed": 9.060625, 
    "yawRate": 0.005568334432373001
}