{
    "gpsHeading": 320, 
    "gpsLatitude": 49.938223289361076, 
    "gpsLongitude": 11.575149777279861, 
    "outsideTemperature": 17.5, 
    "speed": 12.5685, 
    "yawRate": 0.10536122081211002
}