{
    "gpsHeading": 213, 
    "gpsLatitude": 49.938086329063196, 
    "gpsLongitude": 11.578860278177393, 
    "outsideTemperature": 18.0, 
    "speed": 8.6865625, 
    "yawRate": -0.004070923287932272
}