{
    "gpsHeading": 12, 
    "gpsLatitude": 49.946532689073614, 
    "gpsLongitude": 11.58973060076697, 
    "outsideTemperature": 19.5, 
    "speed": 8.645000000000001, 
    "yawRate": -0.03682910762563828
}