{
    "gpsHeading": 47, 
    "gpsLatitude": 49.93858630958759, 
    "gpsLongitude": 11.583357001592717, 
    "outsideTemperature": 18.0, 
    "speed": 12.9758125, 
    "yawRate": -0.041309514408205995
}