{
    "gpsHeading": 224, 
    "gpsLatitude": 49.93456743847226, 
    "gpsLongitude": 11.589537816993959, 
    "outsideTemperature": 18.0, 
    "speed": 9.3349375, 
    "yawRate": -0.009481443969114642
}