{
    "gpsHeading": 30, 
    "gpsLatitude": 49.942752450741686, 
    "gpsLongitude": 11.584281190236775, 
    "outsideTemperature": 19.0, 
    "speed": 7.132125, 
    "yawRate": 0.004830255897238499
}