{
    "gpsHeading": 8, 
    "gpsLatitude": 49.937272697721994, 
    "gpsLongitude": 11.576724233972262, 
    "outsideTemperature": 18.0, 
    "speed": 7.4479999999999995, 
    "yawRate": 0.13939514122599866
}