{
    "gpsHeading": 323, 
    "gpsLatitude": 49.94328855726876, 
    "gpsLongitude": 11.56845892307043, 
    "outsideTemperature": 22.0, 
    "speed": 5.6774375, 
    "yawRate": -0.20602850230295403
}