{
    "gpsHeading": 289, 
    "gpsLatitude": 49.93987242881076, 
    "gpsLongitude": 11.567345890147818, 
    "outsideTemperature": 18.0, 
    "speed": 11.587625000000001, 
    "yawRate": 0.0008953929743766541
}