{
    "gpsHeading": 257, 
    "gpsLatitude": 49.93760411817353, 
    "gpsLongitude": 11.577135031046867, 
    "outsideTemperature": 18.0, 
    "speed": 6.741437500000001, 
    "yawRate": 0.015302231409203705
}