{
    "gpsHeading": 129, 
    "gpsLatitude": 49.93934218961589, 
    "gpsLongitude": 11.576639744388261, 
    "outsideTemperature": 18.5, 
    "speed": 6.034875, 
    "yawRate": 0.06509057366850508
}