{
    "gpsHeading": 126, 
    "gpsLatitude": 49.939302459394845, 
    "gpsLongitude": 11.577259753766127, 
    "outsideTemperature": 18.0, 
    "speed": 7.331625000000001, 
    "yawRate": -0.0016274623351404905
}