{
    "gpsHeading": 292, 
    "gpsLatitude": 49.94175601009224, 
    "gpsLongitude": 11.582621405770052, 
    "outsideTemperature": 18.0, 
    "speed": 6.483750000000001, 
    "yawRate": -0.037993388829416865
}