{
    "gpsHeading": 243, 
    "gpsLatitude": 49.94718245420774, 
    "gpsLongitude": 11.585678621134129, 
    "outsideTemperature": 22.0, 
    "speed": 13.2750625, 
    "yawRate": 0.007602074313539016
}