{
    "gpsHeading": 293, 
    "gpsLatitude": 49.94868465889475, 
    "gpsLongitude": 11.577029167609776, 
    "outsideTemperature": 20.0, 
    "speed": 8.9359375, 
    "yawRate": -0.027767711146029304
}