{
    "gpsHeading": 20, 
    "gpsLatitude": 49.94754606116746, 
    "gpsLongitude": 11.577840032922923, 
    "outsideTemperature": 20.0, 
    "speed": 6.367375, 
    "yawRate": -0.007407757253612202
}