{
    "gpsHeading": 171, 
    "gpsLatitude": 49.942675253413455, 
    "gpsLongitude": 11.582809495677319, 
    "outsideTemperature": 18.5, 
    "speed": 4.3806875, 
    "yawRate": 0.371000332965643
}