{
    "gpsHeading": 251, 
    "gpsLatitude": 49.9475321472082, 
    "gpsLongitude": 11.587184765315618, 
    "outsideTemperature": 21.5, 
    "speed": 7.3399375000000004, 
    "yawRate": -0.005592279963938409
}