{
    "gpsHeading": 144, 
    "gpsLatitude": 49.936226887662855, 
    "gpsLongitude": 11.590995597594148, 
    "outsideTemperature": 17.5, 
    "speed": 11.280062500000001, 
    "yawRate": -0.002500126961137839
}