{
    "gpsHeading": 208, 
    "gpsLatitude": 49.941519640422705, 
    "gpsLongitude": 11.575927534075477, 
    "outsideTemperature": 19.0, 
    "speed": 4.638375, 
    "yawRate": -0.0017818222083113321
}