{
    "gpsHeading": 61, 
    "gpsLatitude": 49.94103189747696, 
    "gpsLongitude": 11.574865044029023, 
    "outsideTemperature": 18.0, 
    "speed": 4.1811875, 
    "yawRate": 0.10241433413574787
}