{
    "gpsHeading": 52, 
    "gpsLatitude": 49.946277711579015, 
    "gpsLongitude": 11.574128610016073, 
    "outsideTemperature": 22.5, 
    "speed": 9.268437500000001, 
    "yawRate": 0.017139324702539642
}