{
    "gpsHeading": 114, 
    "gpsLatitude": 49.94665716033577, 
    "gpsLongitude": 11.57854360987544, 
    "outsideTemperature": 24.0, 
    "speed": 12.369, 
    "yawRate": -0.00257052998182063
}