{
    "gpsHeading": 226, 
    "gpsLatitude": 49.93440491336969, 
    "gpsLongitude": 11.58923615229868, 
    "outsideTemperature": 18.0, 
    "speed": 9.060625, 
    "yawRate": 0.015476764334403967
}