{
    "gpsHeading": 195, 
    "gpsLatitude": 49.94879798222568, 
    "gpsLongitude": 11.57559695181426, 
    "outsideTemperature": 19.0, 
    "speed": 9.709000000000001, 
    "yawRate": -0.03439996230360756
}