{
    "gpsHeading": 145, 
    "gpsLatitude": 49.94341017868383, 
    "gpsLongitude": 11.569813941537705, 
    "outsideTemperature": 18.5, 
    "speed": 11.537749999999999, 
    "yawRate": -0.009461270917086213
}