{
    "gpsHeading": 23, 
    "gpsLatitude": 49.942570479623754, 
    "gpsLongitude": 11.584141463910836, 
    "outsideTemperature": 19.0, 
    "speed": 7.531125, 
    "yawRate": -0.003547324512334459
}