{
    "gpsHeading": 304, 
    "gpsLatitude": 49.943438844792695, 
    "gpsLongitude": 11.584057561060057, 
    "outsideTemperature": 19.0, 
    "speed": 8.561874999999999, 
    "yawRate": 0.04706722379550084
}