{
    "gpsHeading": 295, 
    "gpsLatitude": 49.94669605236649, 
    "gpsLongitude": 11.578685599315198, 
    "outsideTemperature": 20.0, 
    "speed": 10.7979375, 
    "yawRate": -0.017638422443058594
}