{
    "gpsHeading": 112, 
    "gpsLatitude": 49.947010206097495, 
    "gpsLongitude": 11.577491429569887, 
    "outsideTemperature": 25.5, 
    "speed": 10.648312500000001, 
    "yawRate": -0.012169840867789479
}