{
    "gpsHeading": 122, 
    "gpsLatitude": 49.94942746315412, 
    "gpsLongitude": 11.563447299343048, 
    "outsideTemperature": 18.5, 
    "speed": 15.012375, 
    "yawRate": -0.01334415288278393
}