{
    "gpsHeading": 207, 
    "gpsLatitude": 49.94661885503825, 
    "gpsLongitude": 11.577322282763785, 
    "outsideTemperature": 23.0, 
    "speed": 7.2734375, 
    "yawRate": 0.011986105830414573
}