{
    "gpsHeading": 260, 
    "gpsLatitude": 49.94697718139898, 
    "gpsLongitude": 11.58489197952115, 
    "outsideTemperature": 21.0, 
    "speed": 14.2725625, 
    "yawRate": -0.011422014533198417
}