{
    "gpsHeading": 59, 
    "gpsLatitude": 49.93900574002245, 
    "gpsLongitude": 11.584333912407754, 
    "outsideTemperature": 17.5, 
    "speed": 10.67325, 
    "yawRate": 0.11681731582247762
}