{
    "gpsHeading": 204, 
    "gpsLatitude": 49.94245413880768, 
    "gpsLongitude": 11.582690053557057, 
    "outsideTemperature": 18.5, 
    "speed": 7.381500000000001, 
    "yawRate": -0.011401306146308611
}