{
    "gpsHeading": 136, 
    "gpsLatitude": 49.938022123684874, 
    "gpsLongitude": 11.588596948362555, 
    "outsideTemperature": 18.0, 
    "speed": 11.346562500000001, 
    "yawRate": 0.03362818855514405
}