{
    "gpsHeading": 116, 
    "gpsLatitude": 49.946381311902265, 
    "gpsLongitude": 11.57928892870575, 
    "outsideTemperature": 23.0, 
    "speed": 11.039, 
    "yawRate": -0.010249978690595511
}