{
    "gpsHeading": 329, 
    "gpsLatitude": 49.945854676925784, 
    "gpsLongitude": 11.56588836100472, 
    "outsideTemperature": 19.5, 
    "speed": 8.246, 
    "yawRate": -0.0035703090716158116
}