{
    "gpsHeading": 35, 
    "gpsLatitude": 49.94543491121477, 
    "gpsLongitude": 11.57906253350099, 
    "outsideTemperature": 18.0, 
    "speed": 7.049, 
    "yawRate": -0.03188473644743642
}