{
    "gpsHeading": 332, 
    "gpsLatitude": 49.93908855322583, 
    "gpsLongitude": 11.573231746376322, 
    "outsideTemperature": 17.5, 
    "speed": 11.354875, 
    "yawRate": -0.01122677322110934
}