{
    "gpsHeading": 214, 
    "gpsLatitude": 49.94549769166956, 
    "gpsLongitude": 11.571343387410044, 
    "outsideTemperature": 19.0, 
    "speed": 13.6325, 
    "yawRate": 0.04097874446554882
}