{
    "gpsHeading": 303, 
    "gpsLatitude": 49.94907802161076, 
    "gpsLongitude": 11.575976400571, 
    "outsideTemperature": 19.5, 
    "speed": 5.6275625, 
    "yawRate": 0.07311231961924078
}