{
    "gpsHeading": 83, 
    "gpsLatitude": 49.940699387378, 
    "gpsLongitude": 11.566010317695902, 
    "outsideTemperature": 22.0, 
    "speed": 8.295875, 
    "yawRate": 0.060371672944993786
}