{
    "gpsHeading": 219, 
    "gpsLatitude": 49.942071085832595, 
    "gpsLongitude": 11.576548968376882, 
    "outsideTemperature": 19.0, 
    "speed": 4.2144375, 
    "yawRate": 0.00397776432326958
}