{
    "gpsHeading": 322, 
    "gpsLatitude": 49.93739607933673, 
    "gpsLongitude": 11.575852851318185, 
    "outsideTemperature": 18.0, 
    "speed": 12.7929375, 
    "yawRate": -0.06253945322974172
}