{
    "gpsHeading": 121, 
    "gpsLatitude": 49.947725517714446, 
    "gpsLongitude": 11.567004243774415, 
    "outsideTemperature": 18.5, 
    "speed": 13.73225, 
    "yawRate": 0.010392324944338787
}