{
    "gpsHeading": 68, 
    "gpsLatitude": 49.94719217721541, 
    "gpsLongitude": 11.586076426258815, 
    "outsideTemperature": 20.0, 
    "speed": 7.780500000000001, 
    "yawRate": -0.12828436043013974
}