{
    "gpsHeading": 287, 
    "gpsLatitude": 49.93519935015262, 
    "gpsLongitude": 11.58198060927232, 
    "outsideTemperature": 18.0, 
    "speed": 13.948375, 
    "yawRate": -0.007910647642320209
}