{
    "gpsHeading": 279, 
    "gpsLatitude": 49.93494076843969, 
    "gpsLongitude": 11.583873662104406, 
    "outsideTemperature": 18.0, 
    "speed": 14.006562500000001, 
    "yawRate": -0.010528641520311263
}