{
    "gpsHeading": 286, 
    "gpsLatitude": 49.939939903131304, 
    "gpsLongitude": 11.567037268472909, 
    "outsideTemperature": 18.5, 
    "speed": 11.080562500000001, 
    "yawRate": -0.00399152893120691
}