{
    "gpsHeading": 267, 
    "gpsLatitude": 49.943924911357804, 
    "gpsLongitude": 11.58178254490031, 
    "outsideTemperature": 19.5, 
    "speed": 5.7273125, 
    "yawRate": 0.0049417107696435505
}