{
    "gpsHeading": 113, 
    "gpsLatitude": 49.947053791994, 
    "gpsLongitude": 11.577263106527393, 
    "outsideTemperature": 25.5, 
    "speed": 9.085562500000002, 
    "yawRate": -0.04864722223446991
}