{
    "gpsHeading": 194, 
    "gpsLatitude": 49.943146903105095, 
    "gpsLongitude": 11.583049218108123, 
    "outsideTemperature": 19.0, 
    "speed": 9.044, 
    "yawRate": -0.009481443969114642
}