{
    "gpsHeading": 290, 
    "gpsLatitude": 49.93574107255484, 
    "gpsLongitude": 11.57935757649276, 
    "outsideTemperature": 18.0, 
    "speed": 14.1894375, 
    "yawRate": -0.00686345009112359
}