{
    "gpsHeading": 65, 
    "gpsLatitude": 49.94582718428337, 
    "gpsLongitude": 11.58057110843443, 
    "outsideTemperature": 23.5, 
    "speed": 4.1146875000000005, 
    "yawRate": 0.4431285000834372
}