{
    "gpsHeading": 293, 
    "gpsLatitude": 49.94466939199779, 
    "gpsLongitude": 11.578546711179612, 
    "outsideTemperature": 18.5, 
    "speed": 6.109687500000001, 
    "yawRate": 0.02431486546677953
}