{
    "gpsHeading": 78, 
    "gpsLatitude": 49.94596657533317, 
    "gpsLongitude": 11.581773911540044, 
    "outsideTemperature": 21.5, 
    "speed": 13.33325, 
    "yawRate": 0.014832638233392651
}