{
    "gpsHeading": 55, 
    "gpsLatitude": 49.941547971255424, 
    "gpsLongitude": 11.571026132374868, 
    "outsideTemperature": 21.0, 
    "speed": 5.461312500000001, 
    "yawRate": 0.29905365940371237
}