{
    "gpsHeading": 64, 
    "gpsLatitude": 49.9398855045797, 
    "gpsLongitude": 11.575862574325864, 
    "outsideTemperature": 18.5, 
    "speed": 3.4912500000000004, 
    "yawRate": -0.11398020758611094
}