{
    "gpsHeading": 35, 
    "gpsLatitude": 49.94532603029254, 
    "gpsLongitude": 11.578858937072885, 
    "outsideTemperature": 19.5, 
    "speed": 8.761375, 
    "yawRate": -0.0031982586619349242
}