{
    "gpsHeading": 116, 
    "gpsLatitude": 49.94471691738882, 
    "gpsLongitude": 11.577991410094267, 
    "outsideTemperature": 20.0, 
    "speed": 4.2310625, 
    "yawRate": 0.3004890311850729
}