{
    "gpsHeading": 257, 
    "gpsLatitude": 49.94619439546146, 
    "gpsLongitude": 11.573335598156683, 
    "outsideTemperature": 19.5, 
    "speed": 11.7455625, 
    "yawRate": -0.0007346246571147125
}