{
    "gpsHeading": 309, 
    "gpsLatitude": 49.93883826959702, 
    "gpsLongitude": 11.573447580383087, 
    "outsideTemperature": 17.5, 
    "speed": 10.166187500000001, 
    "yawRate": -0.06829903976132264
}