{
    "gpsHeading": 194, 
    "gpsLatitude": 49.94826799448792, 
    "gpsLongitude": 11.575343399243222, 
    "outsideTemperature": 18.5, 
    "speed": 10.091375000000001, 
    "yawRate": 0.030526285870579886
}