{
    "gpsHeading": 131, 
    "gpsLatitude": 49.94488463927134, 
    "gpsLongitude": 11.582437255357304, 
    "outsideTemperature": 19.0, 
    "speed": 12.5269375, 
    "yawRate": -0.005292653764328164
}