{
    "gpsHeading": 286, 
    "gpsLatitude": 49.94123851139022, 
    "gpsLongitude": 11.584796677282053, 
    "outsideTemperature": 18.0, 
    "speed": 8.703187500000002, 
    "yawRate": -0.009893587872308396
}