{
    "gpsHeading": 194, 
    "gpsLatitude": 49.93552775311901, 
    "gpsLongitude": 11.591334226482411, 
    "outsideTemperature": 17.5, 
    "speed": 7.132125, 
    "yawRate": -0.07091703363931467
}