{
    "gpsHeading": 345, 
    "gpsLatitude": 49.93916189487861, 
    "gpsLongitude": 11.575620002047982, 
    "outsideTemperature": 18.0, 
    "speed": 7.3066875, 
    "yawRate": 0.007971848550828357
}