{
    "gpsHeading": 278, 
    "gpsLatitude": 49.9350435305726, 
    "gpsLongitude": 11.58291502383828, 
    "outsideTemperature": 18.0, 
    "speed": 13.516125, 
    "yawRate": -0.008783312268317557
}