{
    "gpsHeading": 298, 
    "gpsLatitude": 49.94651600908629, 
    "gpsLongitude": 11.57921474886265, 
    "outsideTemperature": 19.5, 
    "speed": 11.33825, 
    "yawRate": -0.007407757253612202
}