{
    "gpsHeading": 125, 
    "gpsLatitude": 49.9487074576714, 
    "gpsLongitude": 11.564959227037761, 
    "outsideTemperature": 18.5, 
    "speed": 14.1561875, 
    "yawRate": -7.96505676274096e-05
}