{
    "gpsHeading": 167, 
    "gpsLatitude": 49.94010301496709, 
    "gpsLongitude": 11.575153381498225, 
    "outsideTemperature": 18.5, 
    "speed": 4.837875, 
    "yawRate": -0.03386959491957201
}