{
    "gpsHeading": 255, 
    "gpsLatitude": 49.94196295928164, 
    "gpsLongitude": 11.576425838219224, 
    "outsideTemperature": 19.0, 
    "speed": 4.5303125, 
    "yawRate": 0.0022324350712758755
}