{
    "gpsHeading": 99, 
    "gpsLatitude": 49.94160270508317, 
    "gpsLongitude": 11.583243342985641, 
    "outsideTemperature": 19.0, 
    "speed": 7.7721875, 
    "yawRate": -0.029029131591450884
}