{
    "gpsHeading": 55, 
    "gpsLatitude": 49.94690685723134, 
    "gpsLongitude": 11.5753911760913, 
    "outsideTemperature": 22.0, 
    "speed": 6.633375, 
    "yawRate": -0.02981003217610699
}