{
    "gpsHeading": 300, 
    "gpsLatitude": 49.93433383483078, 
    "gpsLongitude": 11.587338405600818, 
    "outsideTemperature": 18.0, 
    "speed": 14.280875000000002, 
    "yawRate": -0.001976528185539033
}