{
    "gpsHeading": 306, 
    "gpsLatitude": 49.946344934442486, 
    "gpsLongitude": 11.579688410211073, 
    "outsideTemperature": 21.0, 
    "speed": 11.379812500000002, 
    "yawRate": -0.0019304591751092995
}