{
    "gpsHeading": 81, 
    "gpsLatitude": 49.94064297716963, 
    "gpsLongitude": 11.565618966636658, 
    "outsideTemperature": 18.5, 
    "speed": 4.921, 
    "yawRate": -0.014987103218770921
}