{
    "gpsHeading": 330, 
    "gpsLatitude": 49.93683524619529, 
    "gpsLongitude": 11.576636140169898, 
    "outsideTemperature": 18.0, 
    "speed": 7.896875, 
    "yawRate": -0.2567945989767072
}