{
    "gpsHeading": 165, 
    "gpsLatitude": 49.94168048914464, 
    "gpsLongitude": 11.574292560042176, 
    "outsideTemperature": 18.0, 
    "speed": 3.607625, 
    "yawRate": 0.012878943508440351
}