{
    "gpsHeading": 113, 
    "gpsLatitude": 49.94999936040775, 
    "gpsLongitude": 11.562017514299486, 
    "outsideTemperature": 18.5, 
    "speed": 15.1869375, 
    "yawRate": -0.015613080910376442
}