{
    "gpsHeading": 131, 
    "gpsLatitude": 49.94261163476835, 
    "gpsLongitude": 11.583136138444045, 
    "outsideTemperature": 18.5, 
    "speed": 6.359062500000001, 
    "yawRate": 0.006226519298833661
}