{
    "gpsHeading": 306, 
    "gpsLatitude": 49.94649689834706, 
    "gpsLongitude": 11.579268057766855, 
    "outsideTemperature": 20.5, 
    "speed": 11.9118125, 
    "yawRate": 0.019362557699220646
}