{
    "gpsHeading": 185, 
    "gpsLatitude": 49.9500913098856, 
    "gpsLongitude": 11.560625280182096, 
    "outsideTemperature": 18.5, 
    "speed": 3.2335625, 
    "yawRate": -0.3030688087138372
}