{
    "gpsHeading": 65, 
    "gpsLatitude": 49.946336301082226, 
    "gpsLongitude": 11.583365048219761, 
    "outsideTemperature": 20.5, 
    "speed": 14.039812500000002, 
    "yawRate": -0.004016917688145512
}