{
    "gpsHeading": 115, 
    "gpsLatitude": 49.93590745333285, 
    "gpsLongitude": 11.578532294306125, 
    "outsideTemperature": 18.0, 
    "speed": 11.6956875, 
    "yawRate": -0.002104602533275869
}