{
    "gpsHeading": 24, 
    "gpsLatitude": 49.94240879271151, 
    "gpsLongitude": 11.577183646085293, 
    "outsideTemperature": 19.5, 
    "speed": 3.5993125000000004, 
    "yawRate": -0.15065840740342565
}