{
    "gpsHeading": 196, 
    "gpsLatitude": 49.946439901405455, 
    "gpsLongitude": 11.577197811501653, 
    "outsideTemperature": 22.5, 
    "speed": 6.9409375, 
    "yawRate": 0.0009905315428505625
}