{
    "gpsHeading": 293, 
    "gpsLatitude": 49.94841383960318, 
    "gpsLongitude": 11.578045892464882, 
    "outsideTemperature": 21.0, 
    "speed": 7.74725, 
    "yawRate": 0.011153131173443907
}