{
    "gpsHeading": 267, 
    "gpsLatitude": 49.94392608482425, 
    "gpsLongitude": 11.581997792173855, 
    "outsideTemperature": 19.5, 
    "speed": 4.8628125, 
    "yawRate": 0.01262115947841843
}