{
    "gpsHeading": 145, 
    "gpsLatitude": 49.94088219668624, 
    "gpsLongitude": 11.584603893509009, 
    "outsideTemperature": 18.5, 
    "speed": 9.218562499999999, 
    "yawRate": -0.0018019952603397617
}