{
    "gpsHeading": 44, 
    "gpsLatitude": 49.945479922034835, 
    "gpsLongitude": 11.579146436351769, 
    "outsideTemperature": 19.5, 
    "speed": 7.531125, 
    "yawRate": -0.025014874311863677
}