{
    "gpsHeading": 164, 
    "gpsLatitude": 49.93745131607865, 
    "gpsLongitude": 11.576670589791933, 
    "outsideTemperature": 18.0, 
    "speed": 7.21525, 
    "yawRate": -0.04508616070979872
}