{
    "gpsHeading": 297, 
    "gpsLatitude": 49.94013184871402, 
    "gpsLongitude": 11.5661692385801, 
    "outsideTemperature": 18.5, 
    "speed": 3.7821875, 
    "yawRate": 0.03370758291186941
}