{
    "gpsHeading": 287, 
    "gpsLatitude": 49.93546715195907, 
    "gpsLongitude": 11.58046951976796, 
    "outsideTemperature": 18.0, 
    "speed": 14.081375000000001, 
    "yawRate": -0.018033557303886873
}