{
    "gpsHeading": 57, 
    "gpsLatitude": 49.945765493476, 
    "gpsLongitude": 11.58016668160624, 
    "outsideTemperature": 19.0, 
    "speed": 7.0573125, 
    "yawRate": -0.08453060180486974
}