{
    "gpsHeading": 182, 
    "gpsLatitude": 49.94862908687671, 
    "gpsLongitude": 11.575514725344114, 
    "outsideTemperature": 19.0, 
    "speed": 10.457125, 
    "yawRate": 0.03541320777616444
}