{
    "gpsHeading": 66, 
    "gpsLatitude": 49.946187689938924, 
    "gpsLongitude": 11.582835311939087, 
    "outsideTemperature": 21.0, 
    "speed": 13.865250000000001, 
    "yawRate": -0.00262065428655035
}