{
    "gpsHeading": 17, 
    "gpsLatitude": 49.943083535917104, 
    "gpsLongitude": 11.584532814970082, 
    "outsideTemperature": 19.0, 
    "speed": 4.3557500000000005, 
    "yawRate": 0.4463985566517966
}