{
    "gpsHeading": 119, 
    "gpsLatitude": 49.94659907374675, 
    "gpsLongitude": 11.58791499672022, 
    "outsideTemperature": 19.5, 
    "speed": 9.709000000000001, 
    "yawRate": 0.05148455252527335
}