{
    "gpsHeading": 193, 
    "gpsLatitude": 49.94513190541501, 
    "gpsLongitude": 11.576785589503514, 
    "outsideTemperature": 20.5, 
    "speed": 1.9285, 
    "yawRate": 0.2695967034247741
}