{
    "gpsHeading": 128, 
    "gpsLatitude": 49.937238248099945, 
    "gpsLongitude": 11.589822550244794, 
    "outsideTemperature": 18.0, 
    "speed": 11.00575, 
    "yawRate": -0.013146635398303307
}