{
    "gpsHeading": 14, 
    "gpsLatitude": 49.937402449583146, 
    "gpsLongitude": 11.576688610883753, 
    "outsideTemperature": 18.0, 
    "speed": 7.2568125, 
    "yawRate": 0.07621422230380494
}