{
    "gpsHeading": 277, 
    "gpsLatitude": 49.93932802419954, 
    "gpsLongitude": 11.569844786941374, 
    "outsideTemperature": 18.5, 
    "speed": 10.590125, 
    "yawRate": -0.0013735350532158564
}