{
    "gpsHeading": 282, 
    "gpsLatitude": 49.93864741366173, 
    "gpsLongitude": 11.57389534165071, 
    "outsideTemperature": 17.5, 
    "speed": 9.8170625, 
    "yawRate": -0.11804092344316058
}