{
    "gpsHeading": 77, 
    "gpsLatitude": 49.942195808551844, 
    "gpsLongitude": 11.572993951783246, 
    "outsideTemperature": 18.5, 
    "speed": 4.4139375, 
    "yawRate": -0.1253511332495075
}