{
    "gpsHeading": 80, 
    "gpsLatitude": 49.94088856693266, 
    "gpsLongitude": 11.567335580406917, 
    "outsideTemperature": 20.5, 
    "speed": 11.93675, 
    "yawRate": -0.00647443740638763
}