{
    "gpsHeading": 222, 
    "gpsLatitude": 49.94693409841666, 
    "gpsLongitude": 11.577513893070387, 
    "outsideTemperature": 24.5, 
    "speed": 6.849500000000001, 
    "yawRate": 0.13328648884401922
}