{
    "gpsHeading": 157, 
    "gpsLatitude": 49.94044801410178, 
    "gpsLongitude": 11.58515366253826, 
    "outsideTemperature": 18.5, 
    "speed": 8.661624999999999, 
    "yawRate": 0.03293005685434697
}