{
    "gpsHeading": 293, 
    "gpsLatitude": 49.94609909322237, 
    "gpsLongitude": 11.580358962465061, 
    "outsideTemperature": 20.0, 
    "speed": 10.689875, 
    "yawRate": 0.027149761935875257
}