{
    "gpsHeading": 164, 
    "gpsLatitude": 49.947360234374074, 
    "gpsLongitude": 11.575171402590076, 
    "outsideTemperature": 18.5, 
    "speed": 4.837875, 
    "yawRate": 0.03890386628015284
}