{
    "gpsHeading": 144, 
    "gpsLatitude": 49.940447175911466, 
    "gpsLongitude": 11.574956742049753, 
    "outsideTemperature": 19.0, 
    "speed": 3.308375, 
    "yawRate": -0.002104602533275869
}