{
    "gpsHeading": 39, 
    "gpsLatitude": 49.94148301150583, 
    "gpsLongitude": 11.575886462749905, 
    "outsideTemperature": 18.5, 
    "speed": 5.7273125, 
    "yawRate": 0.002756033846873689
}