{
    "gpsHeading": 284, 
    "gpsLatitude": 49.94131352942364, 
    "gpsLongitude": 11.584449750309618, 
    "outsideTemperature": 18.0, 
    "speed": 8.2376875, 
    "yawRate": -0.0069265281439178095
}