{
    "gpsHeading": 339, 
    "gpsLatitude": 49.94100800905291, 
    "gpsLongitude": 11.586073073497547, 
    "outsideTemperature": 18.0, 
    "speed": 6.334125, 
    "yawRate": 0.2368959683596854
}