{
    "gpsHeading": 251, 
    "gpsLatitude": 49.93760906349641, 
    "gpsLongitude": 11.577198901149066, 
    "outsideTemperature": 18.0, 
    "speed": 7.896875, 
    "yawRate": -0.009260452466452936
}