{
    "gpsHeading": 108, 
    "gpsLatitude": 49.93992355842012, 
    "gpsLongitude": 11.586350598311656, 
    "outsideTemperature": 18.0, 
    "speed": 9.002437500000001, 
    "yawRate": 0.004132124196440422
}