{
    "gpsHeading": 28, 
    "gpsLatitude": 49.94415356967641, 
    "gpsLongitude": 11.568408128737179, 
    "outsideTemperature": 21.0, 
    "speed": 4.15625, 
    "yawRate": 0.023831360184694582
}