{
    "gpsHeading": 248, 
    "gpsLatitude": 49.94617687728384, 
    "gpsLongitude": 11.582288392756912, 
    "outsideTemperature": 20.0, 
    "speed": 13.53275, 
    "yawRate": -0.038125552088711726
}