{
    "gpsHeading": 64, 
    "gpsLatitude": 49.94307548929005, 
    "gpsLongitude": 11.570175872116785, 
    "outsideTemperature": 25.0, 
    "speed": 3.7489375, 
    "yawRate": 0.0006184811331706674
}