{
    "gpsHeading": 52, 
    "gpsLatitude": 49.93988382819907, 
    "gpsLongitude": 11.5758539409656, 
    "outsideTemperature": 18.0, 
    "speed": 4.970875, 
    "yawRate": -0.11786639051796131
}