{
    "gpsHeading": 218, 
    "gpsLatitude": 49.939892713016434, 
    "gpsLongitude": 11.572010335445668, 
    "outsideTemperature": 20.5, 
    "speed": 9.5178125, 
    "yawRate": 0.03719824141585881
}