{
    "gpsHeading": 285, 
    "gpsLatitude": 49.94144579585573, 
    "gpsLongitude": 11.583903920774857, 
    "outsideTemperature": 18.0, 
    "speed": 8.0548125, 
    "yawRate": 0.0073851717224353314
}