{
    "gpsHeading": 68, 
    "gpsLatitude": 49.947124116161646, 
    "gpsLongitude": 11.585813653594254, 
    "outsideTemperature": 20.0, 
    "speed": 10.440500000000002, 
    "yawRate": -0.004016917688145512
}