{
    "gpsHeading": 205, 
    "gpsLatitude": 49.94387713450972, 
    "gpsLongitude": 11.583630586912331, 
    "outsideTemperature": 19.0, 
    "speed": 5.6774375, 
    "yawRate": -0.10460188820280379
}