{
    "gpsHeading": 69, 
    "gpsLatitude": 49.941436575762246, 
    "gpsLongitude": 11.570550291731623, 
    "outsideTemperature": 19.5, 
    "speed": 0.781375, 
    "yawRate": -0.00106391672520526
}