{
    "gpsHeading": 159, 
    "gpsLatitude": 49.936708260362195, 
    "gpsLongitude": 11.576629183190265, 
    "outsideTemperature": 18.0, 
    "speed": 7.431375000000001, 
    "yawRate": 0.17818790919773503
}