{
    "gpsHeading": 25, 
    "gpsLatitude": 49.94248464893524, 
    "gpsLongitude": 11.584077509989637, 
    "outsideTemperature": 19.0, 
    "speed": 6.483750000000001, 
    "yawRate": -0.004769054988730349
}