{
    "gpsHeading": 107, 
    "gpsLatitude": 49.945713274219216, 
    "gpsLongitude": 11.573845888421966, 
    "outsideTemperature": 20.0, 
    "speed": 4.1895, 
    "yawRate": 0.17266326272323235
}