{
    "gpsHeading": 142, 
    "gpsLatitude": 49.93664690483094, 
    "gpsLongitude": 11.590559738629029, 
    "outsideTemperature": 18.0, 
    "speed": 11.163687500000002, 
    "yawRate": -0.001278396484741948
}