{
    "gpsHeading": 284, 
    "gpsLatitude": 49.935395486686915, 
    "gpsLongitude": 11.58084528048727, 
    "outsideTemperature": 18.0, 
    "speed": 13.998250000000002, 
    "yawRate": -0.002500126961137839
}