{
    "gpsHeading": 198, 
    "gpsLatitude": 49.94029076959822, 
    "gpsLongitude": 11.575045841680499, 
    "outsideTemperature": 19.0, 
    "speed": 4.372375000000001, 
    "yawRate": -0.000359273281281172
}