{
    "gpsHeading": 224, 
    "gpsLatitude": 49.934746895019245, 
    "gpsLongitude": 11.589872254930635, 
    "outsideTemperature": 18.0, 
    "speed": 6.8578125, 
    "yawRate": 0.021934482566782956
}