{
    "gpsHeading": 320, 
    "gpsLatitude": 49.9461538270501, 
    "gpsLongitude": 11.565582840633988, 
    "outsideTemperature": 19.5, 
    "speed": 7.4563125, 
    "yawRate": 0.10551276917802795
}