{
    "gpsHeading": 345, 
    "gpsLatitude": 49.938259080087626, 
    "gpsLongitude": 11.576226432742706, 
    "outsideTemperature": 18.0, 
    "speed": 8.162875000000001, 
    "yawRate": -0.0005802647839438708
}