{
    "gpsHeading": 65, 
    "gpsLatitude": 49.94641768936205, 
    "gpsLongitude": 11.58374223386261, 
    "outsideTemperature": 20.5, 
    "speed": 14.214375, 
    "yawRate": 0.00034640544184023816
}