{
    "gpsHeading": 122, 
    "gpsLatitude": 49.93617684770091, 
    "gpsLongitude": 11.577814216661155, 
    "outsideTemperature": 18.0, 
    "speed": 11.820375000000002, 
    "yawRate": 0.01936294726625434
}