{
    "gpsHeading": 22, 
    "gpsLatitude": 49.94333080206076, 
    "gpsLongitude": 11.580515871692496, 
    "outsideTemperature": 18.5, 
    "speed": 2.5935, 
    "yawRate": -0.6057489945031622
}