{
    "gpsHeading": 286, 
    "gpsLatitude": 49.93963941190249, 
    "gpsLongitude": 11.568430340780615, 
    "outsideTemperature": 18.5, 
    "speed": 11.5128125, 
    "yawRate": -0.00399152893120691
}