{
    "gpsHeading": 132, 
    "gpsLatitude": 49.93734545264155, 
    "gpsLongitude": 11.589659522228041, 
    "outsideTemperature": 18.0, 
    "speed": 11.0473125, 
    "yawRate": -0.008608779343117294
}