{
    "gpsHeading": 304, 
    "gpsLatitude": 49.94476100619951, 
    "gpsLongitude": 11.566783967358967, 
    "outsideTemperature": 20.0, 
    "speed": 7.140437500000001, 
    "yawRate": -0.1718200489638661
}