{
    "gpsHeading": 178, 
    "gpsLatitude": 49.94274968471363, 
    "gpsLongitude": 11.580375055719148, 
    "outsideTemperature": 18.0, 
    "speed": 4.7796875, 
    "yawRate": 0.06742449799103921
}