{
    "gpsHeading": 300, 
    "gpsLatitude": 49.94452966567188, 
    "gpsLongitude": 11.567354188231956, 
    "outsideTemperature": 20.5, 
    "speed": 9.1686875, 
    "yawRate": -0.06744935969460664
}