{
    "gpsHeading": 332, 
    "gpsLatitude": 49.94275186400848, 
    "gpsLongitude": 11.570388688638408, 
    "outsideTemperature": 19.5, 
    "speed": 8.927625, 
    "yawRate": -0.0021901694905046647
}