{
    "gpsHeading": 63, 
    "gpsLatitude": 49.93982775326684, 
    "gpsLongitude": 11.57560533371743, 
    "outsideTemperature": 18.5, 
    "speed": 5.1454375, 
    "yawRate": -0.0001847403560819008
}