{
    "gpsHeading": 305, 
    "gpsLatitude": 49.93462577651837, 
    "gpsLongitude": 11.586446152007845, 
    "outsideTemperature": 18.0, 
    "speed": 13.4745625, 
    "yawRate": 0.05980812733505855
}