{
    "gpsHeading": 308, 
    "gpsLatitude": 49.93659518848836, 
    "gpsLongitude": 11.577107538404464, 
    "outsideTemperature": 18.0, 
    "speed": 9.9168125, 
    "yawRate": 0.01617489603520105
}