{
    "gpsHeading": 149, 
    "gpsLatitude": 49.935703521628604, 
    "gpsLongitude": 11.591543606423734, 
    "outsideTemperature": 17.5, 
    "speed": 6.292562500000001, 
    "yawRate": -0.3377778762692425
}