{
    "gpsHeading": 119, 
    "gpsLatitude": 49.94313382733615, 
    "gpsLongitude": 11.581313074503475, 
    "outsideTemperature": 18.5, 
    "speed": 6.999125000000001, 
    "yawRate": -0.01128985127390356
}