{
    "gpsHeading": 287, 
    "gpsLatitude": 49.934777405146804, 
    "gpsLongitude": 11.585738635560837, 
    "outsideTemperature": 18.0, 
    "speed": 12.8095625, 
    "yawRate": 0.03310458977954624
}