{
    "gpsHeading": 120, 
    "gpsLatitude": 49.9421054516356, 
    "gpsLongitude": 11.578375552716784, 
    "outsideTemperature": 18.5, 
    "speed": 5.236875, 
    "yawRate": -0.03808467064979249
}