{
    "gpsHeading": 157, 
    "gpsLatitude": 49.94322074767207, 
    "gpsLongitude": 11.569950315102338, 
    "outsideTemperature": 18.5, 
    "speed": 11.953375, 
    "yawRate": -0.01556992329906666
}