{
    "gpsHeading": 170, 
    "gpsLatitude": 49.941348817236005, 
    "gpsLongitude": 11.574478386835553, 
    "outsideTemperature": 18.0, 
    "speed": 4.206125, 
    "yawRate": 0.0137516081344377
}