{
    "gpsHeading": 78, 
    "gpsLatitude": 49.94073190916231, 
    "gpsLongitude": 11.566237299633887, 
    "outsideTemperature": 21.5, 
    "speed": 10.856125, 
    "yawRate": 0.005044735656774196
}