{
    "gpsHeading": 253, 
    "gpsLatitude": 49.936966339160946, 
    "gpsLongitude": 11.576531701656348, 
    "outsideTemperature": 18.0, 
    "speed": 7.08225, 
    "yawRate": -0.4020059927426329
}