{
    "gpsHeading": 77, 
    "gpsLatitude": 49.940603833681806, 
    "gpsLongitude": 11.565346722421545, 
    "outsideTemperature": 18.5, 
    "speed": 6.9243125, 
    "yawRate": 0.017999619643921112
}