{
    "gpsHeading": 0, 
    "gpsLatitude": 49.9408649299657, 
    "gpsLongitude": 11.567170037819213, 
    "outsideTemperature": 20.5, 
    "speed": 12.0365, 
    "yawRate": 0.0005068796015891735
}