{
    "gpsHeading": 172, 
    "gpsLatitude": 49.94368770349796, 
    "gpsLongitude": 11.56979365733203, 
    "outsideTemperature": 18.5, 
    "speed": 9.958375, 
    "yawRate": 0.20381796367661673
}