{
    "gpsHeading": 306, 
    "gpsLatitude": 49.94776323627872, 
    "gpsLongitude": 11.562890321877067, 
    "outsideTemperature": 19.0, 
    "speed": 10.955875, 
    "yawRate": -0.012995087032384396
}