{
    "gpsHeading": 299, 
    "gpsLatitude": 49.93871547471551, 
    "gpsLongitude": 11.573640028879971, 
    "outsideTemperature": 17.5, 
    "speed": 9.592625, 
    "yawRate": -0.18558516549534007
}