{
    "gpsHeading": 254, 
    "gpsLatitude": 49.9461329561112, 
    "gpsLongitude": 11.58211086404767, 
    "outsideTemperature": 20.0, 
    "speed": 13.2251875, 
    "yawRate": -0.029747971679138768
}