{
    "gpsHeading": 289, 
    "gpsLatitude": 49.941497428379286, 
    "gpsLongitude": 11.583691188072295, 
    "outsideTemperature": 18.0, 
    "speed": 7.3233125, 
    "yawRate": -0.009020923246311048
}