{
    "gpsHeading": 64, 
    "gpsLatitude": 49.94696519527744, 
    "gpsLongitude": 11.58520085265315, 
    "outsideTemperature": 20.0, 
    "speed": 11.903500000000001, 
    "yawRate": 0.005582393197823337
}