{
    "gpsHeading": 305, 
    "gpsLatitude": 49.94217854183129, 
    "gpsLongitude": 11.578190899389815, 
    "outsideTemperature": 19.0, 
    "speed": 4.9958125, 
    "yawRate": 0.019685727591218876
}