{
    "gpsHeading": 0, 
    "gpsLatitude": 49.945379925929956, 
    "gpsLongitude": 11.566266133380829, 
    "outsideTemperature": 19.5, 
    "speed": 8.3374375, 
    "yawRate": 0.021387899231902797
}