{
    "gpsHeading": 295, 
    "gpsLatitude": 49.936036031727554, 
    "gpsLongitude": 11.578483930724824, 
    "outsideTemperature": 18.0, 
    "speed": 13.898500000000002, 
    "yawRate": -0.02361861091026851
}