{
    "gpsHeading": 59, 
    "gpsLatitude": 49.94227744828876, 
    "gpsLongitude": 11.577933910238478, 
    "outsideTemperature": 19.0, 
    "speed": 2.809625, 
    "yawRate": -0.17072969380135972
}