{
    "gpsHeading": 318, 
    "gpsLatitude": 49.93910297009929, 
    "gpsLongitude": 11.5708725759087, 
    "outsideTemperature": 19.0, 
    "speed": 8.728125, 
    "yawRate": 0.009971105084747689
}