{
    "gpsHeading": 257, 
    "gpsLatitude": 49.93759162913781, 
    "gpsLongitude": 11.576977786543303, 
    "outsideTemperature": 18.0, 
    "speed": 8.038187500000001, 
    "yawRate": -0.01222751219484253
}