{
    "gpsHeading": 115, 
    "gpsLatitude": 49.93580217662897, 
    "gpsLongitude": 11.578812836605408, 
    "outsideTemperature": 18.0, 
    "speed": 10.864437500000001, 
    "yawRate": 0.008192840053490065
}