{
    "gpsHeading": 306, 
    "gpsLatitude": 49.94754547443424, 
    "gpsLongitude": 11.563345626857544, 
    "outsideTemperature": 19.0, 
    "speed": 9.742250000000002, 
    "yawRate": 0.0027128762355639064
}