{
    "gpsHeading": 201, 
    "gpsLatitude": 49.94771604616385, 
    "gpsLongitude": 11.57515313004113, 
    "outsideTemperature": 18.5, 
    "speed": 7.2568125, 
    "yawRate": -0.049584326795958054
}