{
    "gpsHeading": 54, 
    "gpsLatitude": 49.942826295308656, 
    "gpsLongitude": 11.582886944462654, 
    "outsideTemperature": 19.0, 
    "speed": 5.6940625, 
    "yawRate": 0.19937138944180835
}