{
    "gpsHeading": 249, 
    "gpsLatitude": 49.937636891414954, 
    "gpsLongitude": 11.577548677968547, 
    "outsideTemperature": 18.0, 
    "speed": 8.403937500000001, 
    "yawRate": -0.0630165934278771
}