{
    "gpsHeading": 135, 
    "gpsLatitude": 49.94589491006102, 
    "gpsLongitude": 11.570866960033575, 
    "outsideTemperature": 24.0, 
    "speed": 7.331625000000001, 
    "yawRate": -0.004313123428990433
}