{
    "gpsHeading": 354, 
    "gpsLatitude": 49.94675740789772, 
    "gpsLongitude": 11.564478608709704, 
    "outsideTemperature": 19.0, 
    "speed": 9.692375, 
    "yawRate": -0.024165194245148673
}