{
    "gpsHeading": 109, 
    "gpsLatitude": 49.93986211906984, 
    "gpsLongitude": 11.586588392904732, 
    "outsideTemperature": 18.0, 
    "speed": 9.301687500000002, 
    "yawRate": -0.002325594035938568
}