{
    "gpsHeading": 152, 
    "gpsLatitude": 49.93891773003912, 
    "gpsLongitude": 11.587657504654691, 
    "outsideTemperature": 18.0, 
    "speed": 10.93925, 
    "yawRate": 0.015127698484004432
}