{
    "gpsHeading": 325, 
    "gpsLatitude": 49.94441550415063, 
    "gpsLongitude": 11.579870297509961, 
    "outsideTemperature": 18.5, 
    "speed": 6.691562500000001, 
    "yawRate": 0.07143875527062642
}