{
    "gpsHeading": 305, 
    "gpsLatitude": 49.9463658053814, 
    "gpsLongitude": 11.565076406044165, 
    "outsideTemperature": 19.5, 
    "speed": 5.7855, 
    "yawRate": -0.184037353727826
}