{
    "gpsHeading": 54, 
    "gpsLatitude": 49.94118578921923, 
    "gpsLongitude": 11.57552528654211, 
    "outsideTemperature": 18.5, 
    "speed": 4.6466875000000005, 
    "yawRate": 0.1149807047501073
}