{
    "gpsHeading": 286, 
    "gpsLatitude": 49.943904627152115, 
    "gpsLongitude": 11.582581424091922, 
    "outsideTemperature": 19.5, 
    "speed": 6.21775, 
    "yawRate": 0.032517912951153215
}