{
    "gpsHeading": 15, 
    "gpsLatitude": 49.94332325834791, 
    "gpsLongitude": 11.583137563367584, 
    "outsideTemperature": 19.0, 
    "speed": 6.9741875, 
    "yawRate": -0.027695946242649937
}