{
    "gpsHeading": 100, 
    "gpsLatitude": 49.94577219899854, 
    "gpsLongitude": 11.58070555416137, 
    "outsideTemperature": 19.0, 
    "speed": 8.9026875, 
    "yawRate": -0.12502224045113738
}