{
    "gpsHeading": 271, 
    "gpsLatitude": 49.94391795437817, 
    "gpsLongitude": 11.582318064694173, 
    "outsideTemperature": 19.5, 
    "speed": 5.943437500000001, 
    "yawRate": 0.007908770498033145
}