{
    "gpsHeading": 205, 
    "gpsLatitude": 49.943479664661155, 
    "gpsLongitude": 11.583215850343239, 
    "outsideTemperature": 19.0, 
    "speed": 10.0165625, 
    "yawRate": 0.004655722972039228
}