{
    "gpsHeading": 246, 
    "gpsLatitude": 49.937564974685706, 
    "gpsLongitude": 11.576643683882752, 
    "outsideTemperature": 18.0, 
    "speed": 7.3731875, 
    "yawRate": 0.0015605888959118039
}