{
    "gpsHeading": 316, 
    "gpsLatitude": 49.94436244670354, 
    "gpsLongitude": 11.568250884233613, 
    "outsideTemperature": 20.5, 
    "speed": 7.049, 
    "yawRate": 0.04058652100384049
}