{
    "gpsHeading": 199, 
    "gpsLatitude": 49.948447953949106, 
    "gpsLongitude": 11.575428056465286, 
    "outsideTemperature": 19.0, 
    "speed": 10.3158125, 
    "yawRate": 0.01691271770502482
}