{
    "gpsHeading": 302, 
    "gpsLatitude": 49.94876017984236, 
    "gpsLongitude": 11.576803359138237, 
    "outsideTemperature": 20.0, 
    "speed": 9.359875, 
    "yawRate": -0.0035076345433087694
}