{
    "gpsHeading": 268, 
    "gpsLatitude": 49.94044298495987, 
    "gpsLongitude": 11.564858895656764, 
    "outsideTemperature": 18.5, 
    "speed": 3.5078750000000003, 
    "yawRate": -0.29057459210867126
}