{
    "gpsHeading": 26, 
    "gpsLatitude": 49.94791520018329, 
    "gpsLongitude": 11.57798227381981, 
    "outsideTemperature": 20.0, 
    "speed": 6.7165, 
    "yawRate": -0.013167343785193115
}