{
    "gpsHeading": 248, 
    "gpsLatitude": 49.94637519311295, 
    "gpsLongitude": 11.583204450954927, 
    "outsideTemperature": 20.5, 
    "speed": 13.682375, 
    "yawRate": -0.001473637796831026
}