{
    "gpsHeading": 147, 
    "gpsLatitude": 49.94100658412936, 
    "gpsLongitude": 11.584458886584075, 
    "outsideTemperature": 18.5, 
    "speed": 8.495375000000001, 
    "yawRate": 0.00727371685003028
}