{
    "gpsHeading": 30, 
    "gpsLatitude": 49.936487397213526, 
    "gpsLongitude": 11.581137557450996, 
    "outsideTemperature": 18.5, 
    "speed": 12.252625, 
    "yawRate": 0.03670670315593969
}