{
    "gpsHeading": 160, 
    "gpsLatitude": 49.94302243184295, 
    "gpsLongitude": 11.570090041428275, 
    "outsideTemperature": 18.5, 
    "speed": 12.061437500000002, 
    "yawRate": -0.00911220506668767
}