{
    "gpsHeading": 113, 
    "gpsLatitude": 49.94648524750165, 
    "gpsLongitude": 11.579003943997787, 
    "outsideTemperature": 23.0, 
    "speed": 12.0448125, 
    "yawRate": -0.0004761348794273903
}