{
    "gpsHeading": 154, 
    "gpsLatitude": 49.94272018041447, 
    "gpsLongitude": 11.570291961475775, 
    "outsideTemperature": 18.0, 
    "speed": 12.053125, 
    "yawRate": -0.02010777935425168
}