{
    "gpsHeading": 331, 
    "gpsLatitude": 49.94920961749061, 
    "gpsLongitude": 11.56121695872724, 
    "outsideTemperature": 19.0, 
    "speed": 8.0548125, 
    "yawRate": 0.10010224849684558
}