{
    "gpsHeading": 224, 
    "gpsLatitude": 49.94573691118618, 
    "gpsLongitude": 11.571736163392826, 
    "outsideTemperature": 19.0, 
    "speed": 12.635, 
    "yawRate": 0.08653183794260029
}