{
    "gpsHeading": 229, 
    "gpsLatitude": 49.945868507066024, 
    "gpsLongitude": 11.57202500377622, 
    "outsideTemperature": 19.0, 
    "speed": 12.6433125, 
    "yawRate": 0.018638530040022257
}