{
    "gpsHeading": 199, 
    "gpsLatitude": 49.94291740659618, 
    "gpsLongitude": 11.582933380206228, 
    "outsideTemperature": 19.0, 
    "speed": 8.162875000000001, 
    "yawRate": 0.021759949641582694
}