{
    "gpsHeading": 127, 
    "gpsLatitude": 49.94713300097901, 
    "gpsLongitude": 11.586716384566227, 
    "outsideTemperature": 20.0, 
    "speed": 9.0356875, 
    "yawRate": 0.05078642082447527
}