{
    "gpsHeading": 282, 
    "gpsLatitude": 49.93973940800736, 
    "gpsLongitude": 11.567965564249556, 
    "outsideTemperature": 18.0, 
    "speed": 11.562687500000001, 
    "yawRate": 0.0005463271239781117
}