{
    "gpsHeading": 338, 
    "gpsLatitude": 49.938465191086706, 
    "gpsLongitude": 11.576106990622447, 
    "outsideTemperature": 18.0, 
    "speed": 8.0880625, 
    "yawRate": 0.0032594595704430736
}