{
    "gpsHeading": 128, 
    "gpsLatitude": 49.93662771027268, 
    "gpsLongitude": 11.576795899244413, 
    "outsideTemperature": 18.0, 
    "speed": 9.576, 
    "yawRate": 0.02390080332143936
}