{
    "gpsHeading": 33, 
    "gpsLatitude": 49.9372457918128, 
    "gpsLongitude": 11.581809199352397, 
    "outsideTemperature": 18.0, 
    "speed": 12.6931875, 
    "yawRate": 0.00598890832084017
}