{
    "gpsHeading": 237, 
    "gpsLatitude": 49.94697969596994, 
    "gpsLongitude": 11.575315571324658, 
    "outsideTemperature": 18.5, 
    "speed": 8.595125, 
    "yawRate": 0.04972490764251758
}