{
    "gpsHeading": 73, 
    "gpsLatitude": 49.94117883223961, 
    "gpsLongitude": 11.569354780881769, 
    "outsideTemperature": 19.5, 
    "speed": 11.379812500000002, 
    "yawRate": 0.017436573345934358
}