{
    "gpsHeading": 71, 
    "gpsLatitude": 49.93992355842012, 
    "gpsLongitude": 11.5761456311961, 
    "outsideTemperature": 18.5, 
    "speed": 4.1146875000000005, 
    "yawRate": 0.08865251857042754
}