{
    "gpsHeading": 45, 
    "gpsLatitude": 49.93946272138355, 
    "gpsLongitude": 11.58530923066119, 
    "outsideTemperature": 17.5, 
    "speed": 10.2326875, 
    "yawRate": 0.011050363151623005
}