{
    "gpsHeading": 119, 
    "gpsLatitude": 49.9492668658893, 
    "gpsLongitude": 11.563787856069073, 
    "outsideTemperature": 18.5, 
    "speed": 15.037312500000002, 
    "yawRate": -0.001999512744820386
}