{
    "gpsHeading": 106, 
    "gpsLatitude": 49.94624636326115, 
    "gpsLongitude": 11.589575619377262, 
    "outsideTemperature": 19.5, 
    "speed": 3.5245, 
    "yawRate": 0.5349407553276943
}