{
    "gpsHeading": 174, 
    "gpsLatitude": 49.94574831057449, 
    "gpsLongitude": 11.576928081857462, 
    "outsideTemperature": 21.0, 
    "speed": 6.3258125000000005, 
    "yawRate": -0.023444077985069242
}