{
    "gpsHeading": 111, 
    "gpsLatitude": 49.941678812764, 
    "gpsLongitude": 11.58293446985364, 
    "outsideTemperature": 19.0, 
    "speed": 7.8054375, 
    "yawRate": -0.00372185743753373
}