{
    "gpsHeading": 295, 
    "gpsLatitude": 49.943780491166095, 
    "gpsLongitude": 11.583263124277126, 
    "outsideTemperature": 20.5, 
    "speed": 5.2451875, 
    "yawRate": 0.032517912951153215
}