{
    "gpsHeading": 122, 
    "gpsLatitude": 49.948864366898825, 
    "gpsLongitude": 11.564631997537811, 
    "outsideTemperature": 18.5, 
    "speed": 14.463750000000001, 
    "yawRate": 0.0006184811331706674
}