{
    "gpsHeading": 119, 
    "gpsLatitude": 49.94973298352486, 
    "gpsLongitude": 11.562763671320113, 
    "outsideTemperature": 18.5, 
    "speed": 14.6881875, 
    "yawRate": -0.02067453574115928
}