{
    "gpsHeading": 65, 
    "gpsLatitude": 49.94680434655551, 
    "gpsLongitude": 11.584745631491707, 
    "outsideTemperature": 20.0, 
    "speed": 12.5934375, 
    "yawRate": -0.00262065428655035
}