{
    "gpsHeading": 29, 
    "gpsLatitude": 49.945110196285775, 
    "gpsLongitude": 11.578516117233004, 
    "outsideTemperature": 19.5, 
    "speed": 8.1545625, 
    "yawRate": -0.0580015971745567
}