{
    "gpsHeading": 327, 
    "gpsLatitude": 49.939002973994405, 
    "gpsLongitude": 11.573308356971342, 
    "outsideTemperature": 17.5, 
    "speed": 10.93925, 
    "yawRate": 0.007797315625629086
}