{
    "gpsHeading": 290, 
    "gpsLatitude": 49.93558969538349, 
    "gpsLongitude": 11.57990583677944, 
    "outsideTemperature": 18.0, 
    "speed": 14.1561875, 
    "yawRate": -0.025014874311863677
}