{
    "gpsHeading": 332, 
    "gpsLatitude": 49.937810732086795, 
    "gpsLongitude": 11.575504164146118, 
    "outsideTemperature": 18.0, 
    "speed": 13.2335, 
    "yawRate": 0.02437794351957474
}