{
    "gpsHeading": 81, 
    "gpsLatitude": 49.94556885402753, 
    "gpsLongitude": 11.571640609696638, 
    "outsideTemperature": 22.0, 
    "speed": 7.4563125, 
    "yawRate": 0.2189144879010809
}