{
    "gpsHeading": 126, 
    "gpsLatitude": 49.93968852985509, 
    "gpsLongitude": 11.57653614406503, 
    "outsideTemperature": 18.5, 
    "speed": 6.8328750000000005, 
    "yawRate": -0.00808518056751948
}