{
    "gpsHeading": 107, 
    "gpsLatitude": 49.94171963263246, 
    "gpsLongitude": 11.58276867580884, 
    "outsideTemperature": 19.0, 
    "speed": 8.512, 
    "yawRate": -0.006165318390325512
}