{
    "gpsHeading": 185, 
    "gpsLatitude": 51.522654278893256, 
    "gpsLongitude": 7.470246221041182, 
    "outsideTemperature": 16.0, 
    "speed": 3.55775, 
    "yawRate": -0.016271580926189425
}