{
    "gpsHeading": 27, 
    "gpsLatitude": 51.51112119921962, 
    "gpsLongitude": 7.463565676572654, 
    "outsideTemperature": 9.0, 
    "speed": 2.2859375, 
    "yawRate": 0.025184994219783062
}