{
    "gpsHeading": 79, 
    "gpsLatitude": 51.50254450061483, 
    "gpsLongitude": 7.453370097188651, 
    "outsideTemperature": 8.0, 
    "speed": 9.492875, 
    "yawRate": 0.10203880427539921
}