{
    "gpsHeading": 269, 
    "gpsLatitude": 51.513061777442694, 
    "gpsLongitude": 7.4445623933323555, 
    "outsideTemperature": 10.0, 
    "speed": 11.2385, 
    "yawRate": -0.0022979758005143235
}