{
    "gpsHeading": 261, 
    "gpsLatitude": 51.50991646827627, 
    "gpsLongitude": 7.466870660994549, 
    "outsideTemperature": 20.5, 
    "speed": 5.75225, 
    "yawRate": -0.005617608431130121
}