{
    "gpsHeading": 32, 
    "gpsLatitude": 51.50867703625379, 
    "gpsLongitude": 7.461275405349135, 
    "outsideTemperature": 8.0, 
    "speed": 10.856125, 
    "yawRate": -0.012338758158847964
}