{
    "gpsHeading": 177, 
    "gpsLatitude": 51.51008477689202, 
    "gpsLongitude": 7.442954325208233, 
    "outsideTemperature": 11.5, 
    "speed": 4.3806875, 
    "yawRate": 0.023652314429026895
}