{
    "gpsHeading": 52, 
    "gpsLatitude": 51.51606895284479, 
    "gpsLongitude": 7.4563356983509985, 
    "outsideTemperature": 9.5, 
    "speed": 9.7339375, 
    "yawRate": -0.046848513437544384
}