{
    "gpsHeading": 55, 
    "gpsLatitude": 51.51622787372898, 
    "gpsLongitude": 7.45676258867969, 
    "outsideTemperature": 9.0, 
    "speed": 10.4654375, 
    "yawRate": -0.0496410402407357
}