{
    "gpsHeading": 23, 
    "gpsLatitude": 51.504409809347386, 
    "gpsLongitude": 7.467350944046477, 
    "outsideTemperature": 9.5, 
    "speed": 10.290875, 
    "yawRate": -0.018255552087239932
}