{
    "gpsHeading": 0, 
    "gpsLatitude": 51.51989478873, 
    "gpsLongitude": 7.473994272864924, 
    "outsideTemperature": 9.0, 
    "speed": 6.068125, 
    "yawRate": -0.009416591357350854
}