{
    "gpsHeading": 82, 
    "gpsLatitude": 51.51064753787119, 
    "gpsLongitude": 7.4451295967202045, 
    "outsideTemperature": 10.5, 
    "speed": 7.2318750000000005, 
    "yawRate": 0.006548087759483428
}