{
    "gpsHeading": 349, 
    "gpsLatitude": 51.50698900477338, 
    "gpsLongitude": 7.467867101644012, 
    "outsideTemperature": 10.0, 
    "speed": 8.7530625, 
    "yawRate": -0.03605791045758148
}