{
    "gpsHeading": 301, 
    "gpsLatitude": 51.50351261043154, 
    "gpsLongitude": 7.478236773156953, 
    "outsideTemperature": 10.0, 
    "speed": 10.457125, 
    "yawRate": -0.0014560963584454736
}