{
    "gpsHeading": 355, 
    "gpsLatitude": 51.51635980488496, 
    "gpsLongitude": 7.468725157072047, 
    "outsideTemperature": 9.5, 
    "speed": 3.6242500000000004, 
    "yawRate": -0.008425958536467305
}