{
    "gpsHeading": 289, 
    "gpsLatitude": 51.51509396986748, 
    "gpsLongitude": 7.463140127348469, 
    "outsideTemperature": 13.5, 
    "speed": 5.868625, 
    "yawRate": 0.010694864008288745
}