{
    "gpsHeading": 341, 
    "gpsLatitude": 51.513988648295786, 
    "gpsLongitude": 7.474426779068774, 
    "outsideTemperature": 9.5, 
    "speed": 7.597625, 
    "yawRate": -0.04780035947163498
}