{
    "gpsHeading": 331, 
    "gpsLatitude": 51.521922035831885, 
    "gpsLongitude": 7.46216179160989, 
    "outsideTemperature": 10.0, 
    "speed": 11.7289375, 
    "yawRate": -0.004968742212072396
}