{
    "gpsHeading": 174, 
    "gpsLatitude": 51.50292009369609, 
    "gpsLongitude": 7.4587470880754125, 
    "outsideTemperature": 10.5, 
    "speed": 12.9093125, 
    "yawRate": -0.002688616761954557
}