{
    "gpsHeading": 345, 
    "gpsLatitude": 51.523856746722736, 
    "gpsLongitude": 7.461278422834276, 
    "outsideTemperature": 10.0, 
    "speed": 10.822875000000002, 
    "yawRate": 0.037966357386988024
}