{
    "gpsHeading": 267, 
    "gpsLatitude": 51.50993842886259, 
    "gpsLongitude": 7.466122073222001, 
    "outsideTemperature": 18.5, 
    "speed": 9.80875, 
    "yawRate": -0.0010797523759450986
}