{
    "gpsHeading": 357, 
    "gpsLatitude": 51.512856420814906, 
    "gpsLongitude": 7.472292327425247, 
    "outsideTemperature": 13.0, 
    "speed": 6.359062500000001, 
    "yawRate": 0.016196873233780936
}