{
    "gpsHeading": 127, 
    "gpsLatitude": 51.50439396755039, 
    "gpsLongitude": 7.476252106123169, 
    "outsideTemperature": 10.0, 
    "speed": 11.379812500000002, 
    "yawRate": 0.03781381181142628
}