{
    "gpsHeading": 99, 
    "gpsLatitude": 51.50542368435545, 
    "gpsLongitude": 7.457935719848075, 
    "outsideTemperature": 8.5, 
    "speed": 6.5918125000000005, 
    "yawRate": 0.04270958308464034
}