{
    "gpsHeading": 31, 
    "gpsLatitude": 51.51665476405769, 
    "gpsLongitude": 7.463377921941546, 
    "outsideTemperature": 10.0, 
    "speed": 3.6491875000000005, 
    "yawRate": 0.05377377560261847
}