{
    "gpsHeading": 333, 
    "gpsLatitude": 51.515553130523394, 
    "gpsLongitude": 7.468632369403871, 
    "outsideTemperature": 10.0, 
    "speed": 1.7206875000000001, 
    "yawRate": 0.410627594867364
}