{
    "gpsHeading": 332, 
    "gpsLatitude": 51.50661953048143, 
    "gpsLongitude": 7.475022061832249, 
    "outsideTemperature": 10.0, 
    "speed": 3.6575, 
    "yawRate": -0.039891526365637
}