{
    "gpsHeading": 254, 
    "gpsLatitude": 51.515350623742684, 
    "gpsLongitude": 7.457507320776813, 
    "outsideTemperature": 8.5, 
    "speed": 4.3973125, 
    "yawRate": 0.006723082876284811
}