{
    "gpsHeading": 180, 
    "gpsLatitude": 51.52130780996723, 
    "gpsLongitude": 7.46999099208951, 
    "outsideTemperature": 21.0, 
    "speed": 5.5195, 
    "yawRate": -0.017890309931839214
}