{
    "gpsHeading": 105, 
    "gpsLatitude": 51.50559760884632, 
    "gpsLongitude": 7.453582326977054, 
    "outsideTemperature": 9.0, 
    "speed": 4.9126875000000005, 
    "yawRate": 0.20799226324850004
}