{
    "gpsHeading": 344, 
    "gpsLatitude": 51.50317423300038, 
    "gpsLongitude": 7.466952384550504, 
    "outsideTemperature": 9.0, 
    "speed": 11.471250000000001, 
    "yawRate": -0.0060382473232800295
}