{
    "gpsHeading": 160, 
    "gpsLatitude": 51.513517333880266, 
    "gpsLongitude": 7.455766818582515, 
    "outsideTemperature": 12.5, 
    "speed": 0.0, 
    "yawRate": -0.0001504392612447199
}