{
    "gpsHeading": 175, 
    "gpsLatitude": 51.50142677382644, 
    "gpsLongitude": 7.458864853815039, 
    "outsideTemperature": 9.5, 
    "speed": 7.0573125, 
    "yawRate": -0.002863149687153829
}