{
    "gpsHeading": 0, 
    "gpsLatitude": 51.51036037386842, 
    "gpsLongitude": 7.474503976397017, 
    "outsideTemperature": 9.5, 
    "speed": 11.612562500000001, 
    "yawRate": 0.0011925059328792738
}