{
    "gpsHeading": 80, 
    "gpsLatitude": 51.50248867713969, 
    "gpsLongitude": 7.452502905486161, 
    "outsideTemperature": 8.5, 
    "speed": 8.1046875, 
    "yawRate": -0.009662267852235588
}