{
    "gpsHeading": 257, 
    "gpsLatitude": 51.51342840188756, 
    "gpsLongitude": 7.452404585761924, 
    "outsideTemperature": 12.0, 
    "speed": 11.3133125, 
    "yawRate": -0.0026470416509128663
}