{
    "gpsHeading": 249, 
    "gpsLatitude": 51.5204759060771, 
    "gpsLongitude": 7.466054012168215, 
    "outsideTemperature": 11.5, 
    "speed": 7.1071875, 
    "yawRate": -0.0020016824836818084
}