{
    "gpsHeading": 310, 
    "gpsLatitude": 51.51260094040614, 
    "gpsLongitude": 7.47162621757994, 
    "outsideTemperature": 11.0, 
    "speed": 8.2210625, 
    "yawRate": 0.0019023562023907695
}