{
    "gpsHeading": 0, 
    "gpsLatitude": 51.50994287127127, 
    "gpsLongitude": 7.474483776010341, 
    "outsideTemperature": 9.5, 
    "speed": 11.762187500000001, 
    "yawRate": -2.9224543516617133e-05
}