{
    "gpsHeading": 186, 
    "gpsLatitude": 51.520277590247986, 
    "gpsLongitude": 7.469804578562909, 
    "outsideTemperature": 16.5, 
    "speed": 11.828687500000001, 
    "yawRate": -0.014574184353050083
}