{
    "gpsHeading": 164, 
    "gpsLatitude": 51.506311746996836, 
    "gpsLongitude": 7.450910930616126, 
    "outsideTemperature": 10.0, 
    "speed": 10.7314375, 
    "yawRate": -0.027627185770730475
}