{
    "gpsHeading": 56, 
    "gpsLatitude": 51.50435700335739, 
    "gpsLongitude": 7.458468725070985, 
    "outsideTemperature": 7.0, 
    "speed": 4.7464375, 
    "yawRate": -0.031653416427364606
}