{
    "gpsHeading": 310, 
    "gpsLatitude": 51.51320561090118, 
    "gpsLongitude": 7.4560778710093425, 
    "outsideTemperature": 9.5, 
    "speed": 5.652500000000001, 
    "yawRate": -0.04730270257550235
}