{
    "gpsHeading": 5, 
    "gpsLatitude": 51.515577018947454, 
    "gpsLongitude": 7.4746003682835225, 
    "outsideTemperature": 9.5, 
    "speed": 13.998250000000002, 
    "yawRate": -0.00573792449857191
}