{
    "gpsHeading": 209, 
    "gpsLatitude": 51.50434426286458, 
    "gpsLongitude": 7.458758990377914, 
    "outsideTemperature": 12.5, 
    "speed": 9.459624999999999, 
    "yawRate": 0.06869534964461287
}