{
    "gpsHeading": 82, 
    "gpsLatitude": 51.50102896870176, 
    "gpsLongitude": 7.4640912219017395, 
    "outsideTemperature": 9.5, 
    "speed": 8.927625, 
    "yawRate": 0.006528123291079407
}