{
    "gpsHeading": 351, 
    "gpsLatitude": 51.515672321186535, 
    "gpsLongitude": 7.461781253205735, 
    "outsideTemperature": 10.5, 
    "speed": 5.3781875, 
    "yawRate": 0.01665399390714016
}