{
    "gpsHeading": 336, 
    "gpsLatitude": 51.522443976942604, 
    "gpsLongitude": 7.4619146092852615, 
    "outsideTemperature": 10.0, 
    "speed": 12.626687500000001, 
    "yawRate": -0.0002563532316871115
}