{
    "gpsHeading": 44, 
    "gpsLatitude": 51.50030007840165, 
    "gpsLongitude": 7.452079870832926, 
    "outsideTemperature": 7.5, 
    "speed": 4.9958125, 
    "yawRate": 0.018621169054934585
}