{
    "gpsHeading": 89, 
    "gpsLatitude": 51.51771281169547, 
    "gpsLongitude": 7.465132924828331, 
    "outsideTemperature": 9.0, 
    "speed": 11.105500000000001, 
    "yawRate": -0.01767620357203662
}