{
    "gpsHeading": 272, 
    "gpsLatitude": 51.52106448331806, 
    "gpsLongitude": 7.469930390929579, 
    "outsideTemperature": 8.5, 
    "speed": 12.2775625, 
    "yawRate": 0.029164446029561943
}