{
    "gpsHeading": 62, 
    "gpsLatitude": 51.51123427109346, 
    "gpsLongitude": 7.446559549401866, 
    "outsideTemperature": 10.0, 
    "speed": 9.243500000000001, 
    "yawRate": -0.0072400133312719
}