{
    "gpsHeading": 276, 
    "gpsLatitude": 51.51106286117352, 
    "gpsLongitude": 7.470556519096725, 
    "outsideTemperature": 11.0, 
    "speed": 1.56275, 
    "yawRate": 0.007160138626192088
}