{
    "gpsHeading": 0, 
    "gpsLatitude": 51.50803171352835, 
    "gpsLongitude": 7.470043211346302, 
    "outsideTemperature": 11.5, 
    "speed": 11.454625, 
    "yawRate": -0.011404473094812864
}