{
    "gpsHeading": 130, 
    "gpsLatitude": 51.506773673680804, 
    "gpsLongitude": 7.4721753998759715, 
    "outsideTemperature": 10.0, 
    "speed": 10.739749999999999, 
    "yawRate": 0.004303490173135438
}