{
    "gpsHeading": 176, 
    "gpsLatitude": 51.520043986606495, 
    "gpsLongitude": 7.47393266587658, 
    "outsideTemperature": 10.0, 
    "speed": 0.0, 
    "yawRate": 0.0005241125235374701
}