{
    "gpsHeading": 173, 
    "gpsLatitude": 51.50308898904508, 
    "gpsLongitude": 7.478727030673657, 
    "outsideTemperature": 9.5, 
    "speed": 8.1711875, 
    "yawRate": -0.04753278861109575
}