{
    "gpsHeading": 96, 
    "gpsLatitude": 51.52475143106765, 
    "gpsLongitude": 7.463882596331701, 
    "outsideTemperature": 10.0, 
    "speed": 3.325, 
    "yawRate": -0.0033979458852769705
}