{
    "gpsHeading": 347, 
    "gpsLatitude": 51.511457564994025, 
    "gpsLongitude": 7.469986549680829, 
    "outsideTemperature": 10.5, 
    "speed": 4.904375, 
    "yawRate": -0.009595022192953828
}