{
    "gpsHeading": 82, 
    "gpsLatitude": 51.505471209746446, 
    "gpsLongitude": 7.457096775159305, 
    "outsideTemperature": 8.5, 
    "speed": 7.896875, 
    "yawRate": -0.0038907079436077564
}