{
    "gpsHeading": 308, 
    "gpsLatitude": 51.51140978814594, 
    "gpsLongitude": 7.459924577833447, 
    "outsideTemperature": 12.0, 
    "speed": 7.5560625, 
    "yawRate": -0.009285113428910231
}