{
    "gpsHeading": 59, 
    "gpsLatitude": 51.50368536145598, 
    "gpsLongitude": 7.456621269792185, 
    "outsideTemperature": 7.5, 
    "speed": 10.423875, 
    "yawRate": 0.0016823722857269648
}