{
    "gpsHeading": 55, 
    "gpsLatitude": 51.51142479175261, 
    "gpsLongitude": 7.447035976778334, 
    "outsideTemperature": 9.5, 
    "speed": 8.570187500000001, 
    "yawRate": -0.021900779048023584
}