{
    "gpsHeading": 182, 
    "gpsLatitude": 51.51223926128414, 
    "gpsLongitude": 7.4725323851321805, 
    "outsideTemperature": 15.5, 
    "speed": 9.4346875, 
    "yawRate": -0.08970563485949176
}