{
    "gpsHeading": 11, 
    "gpsLatitude": 51.5165375850513, 
    "gpsLongitude": 7.46935405126724, 
    "outsideTemperature": 9.5, 
    "speed": 4.921, 
    "yawRate": 0.00044827313902849337
}