{
    "gpsHeading": 261, 
    "gpsLatitude": 51.513347851798045, 
    "gpsLongitude": 7.451570418757962, 
    "outsideTemperature": 11.5, 
    "speed": 11.205250000000001, 
    "yawRate": -0.0036942392021094856
}