{
    "gpsHeading": 174, 
    "gpsLatitude": 51.51217698374354, 
    "gpsLongitude": 7.450646230113871, 
    "outsideTemperature": 10.0, 
    "speed": 9.758875, 
    "yawRate": -0.007032300597197616
}