{
    "gpsHeading": 324, 
    "gpsLatitude": 51.51164976203383, 
    "gpsLongitude": 7.463674557494918, 
    "outsideTemperature": 8.5, 
    "speed": 2.5186875, 
    "yawRate": 0.21420415221076547
}