{
    "gpsHeading": 80, 
    "gpsLatitude": 51.52487757871043, 
    "gpsLongitude": 7.464944332006871, 
    "outsideTemperature": 10.5, 
    "speed": 6.8411875, 
    "yawRate": 0.005503233299893801
}