{
    "gpsHeading": 49, 
    "gpsLatitude": 51.51231059128014, 
    "gpsLongitude": 7.458010402605367, 
    "outsideTemperature": 10.5, 
    "speed": 0.0, 
    "yawRate": 6.0855175531557564e-05
}