{
    "gpsHeading": 62, 
    "gpsLatitude": 51.51208226823767, 
    "gpsLongitude": 7.448751249444053, 
    "outsideTemperature": 9.5, 
    "speed": 10.1994375, 
    "yawRate": -0.02905662898120065
}