{
    "gpsHeading": 14, 
    "gpsLatitude": 51.50635977530203, 
    "gpsLongitude": 7.460058185370035, 
    "outsideTemperature": 7.5, 
    "speed": 13.399750000000001, 
    "yawRate": -0.007447031413846103
}