{
    "gpsHeading": 22, 
    "gpsLatitude": 51.51544232176344, 
    "gpsLongitude": 7.457667079851329, 
    "outsideTemperature": 8.5, 
    "speed": 3.5993125000000004, 
    "yawRate": -0.21467977784175526
}