{
    "gpsHeading": 278, 
    "gpsLatitude": 51.51176811450666, 
    "gpsLongitude": 7.462228763016264, 
    "outsideTemperature": 10.0, 
    "speed": 6.749750000000001, 
    "yawRate": 0.01558568333381421
}