{
    "gpsHeading": 358, 
    "gpsLatitude": 51.50972812691194, 
    "gpsLongitude": 7.474475645564264, 
    "outsideTemperature": 9.5, 
    "speed": 11.920125, 
    "yawRate": -2.9224543516617133e-05
}