{
    "gpsHeading": 305, 
    "gpsLatitude": 51.51278400117147, 
    "gpsLongitude": 7.456929891467061, 
    "outsideTemperature": 11.0, 
    "speed": 10.789625000000001, 
    "yawRate": 0.007470047390234692
}