{
    "gpsHeading": 38, 
    "gpsLatitude": 51.51721727357976, 
    "gpsLongitude": 7.462474017503163, 
    "outsideTemperature": 9.5, 
    "speed": 2.4605, 
    "yawRate": 0.004838543778689217
}