{
    "gpsHeading": 63, 
    "gpsLatitude": 51.503595339815874, 
    "gpsLongitude": 7.456379870980746, 
    "outsideTemperature": 7.5, 
    "speed": 9.725625, 
    "yawRate": -6.295696626773209e-05
}