{
    "gpsHeading": 314, 
    "gpsLatitude": 51.51322036305076, 
    "gpsLongitude": 7.456057670622699, 
    "outsideTemperature": 10.5, 
    "speed": 10.656625, 
    "yawRate": -0.13477428664730037
}