{
    "gpsHeading": 353, 
    "gpsLatitude": 51.50721674108263, 
    "gpsLongitude": 7.467857378636333, 
    "outsideTemperature": 10.0, 
    "speed": 6.1429375, 
    "yawRate": -0.02226980936682714
}