{
    "gpsHeading": 32, 
    "gpsLatitude": 51.510954231708375, 
    "gpsLongitude": 7.445871478970249, 
    "outsideTemperature": 10.0, 
    "speed": 9.4180625, 
    "yawRate": -0.001131360949291453
}