{
    "gpsHeading": 29, 
    "gpsLatitude": 51.50511699051827, 
    "gpsLongitude": 7.459629031927486, 
    "outsideTemperature": 7.5, 
    "speed": 11.27175, 
    "yawRate": 0.04613457662237879
}