{
    "gpsHeading": 2, 
    "gpsLatitude": 51.51670589366705, 
    "gpsLongitude": 7.474783764324983, 
    "outsideTemperature": 9.5, 
    "speed": 13.433, 
    "yawRate": 0.026550666663322047
}