{
    "gpsHeading": 317, 
    "gpsLatitude": 51.52083565736138, 
    "gpsLongitude": 7.473484569332864, 
    "outsideTemperature": 8.5, 
    "speed": 8.113000000000001, 
    "yawRate": 0.3438473101641338
}