{
    "gpsHeading": 9, 
    "gpsLatitude": 51.50593422607783, 
    "gpsLongitude": 7.459923991100225, 
    "outsideTemperature": 7.5, 
    "speed": 12.759687500000002, 
    "yawRate": -0.002385576583063268
}