{
    "gpsHeading": 84, 
    "gpsLatitude": 51.5247845395852, 
    "gpsLongitude": 7.464160121145843, 
    "outsideTemperature": 11.0, 
    "speed": 4.1146875000000005, 
    "yawRate": -0.0046196763616728614
}