{
    "gpsHeading": 65, 
    "gpsLatitude": 51.512606221005136, 
    "gpsLongitude": 7.45036183213916, 
    "outsideTemperature": 10.5, 
    "speed": 3.6658125000000004, 
    "yawRate": -0.23183070825406338
}