{
    "gpsHeading": 193, 
    "gpsLatitude": 51.51502532208047, 
    "gpsLongitude": 7.4639981827765025, 
    "outsideTemperature": 16.0, 
    "speed": 2.9758750000000003, 
    "yawRate": -0.13504012853323571
}