{
    "gpsHeading": 346, 
    "gpsLatitude": 51.52336891995795, 
    "gpsLongitude": 7.46149869924969, 
    "outsideTemperature": 10.0, 
    "speed": 11.2468125, 
    "yawRate": -0.007063137314464643
}