{
    "gpsHeading": 347, 
    "gpsLatitude": 51.50266620584893, 
    "gpsLongitude": 7.4670718266707645, 
    "outsideTemperature": 9.0, 
    "speed": 11.662437500000001, 
    "yawRate": -0.0020239900436928217
}