{
    "gpsHeading": 96, 
    "gpsLatitude": 51.50083760985227, 
    "gpsLongitude": 7.461746803583667, 
    "outsideTemperature": 11.0, 
    "speed": 5.469625, 
    "yawRate": 0.058015336224911056
}