{
    "gpsHeading": 259, 
    "gpsLatitude": 51.513332261458146, 
    "gpsLongitude": 7.44988481802947, 
    "outsideTemperature": 11.0, 
    "speed": 10.847812500000002, 
    "yawRate": -0.01085008913528556
}