{
    "gpsHeading": 1, 
    "gpsLatitude": 51.51671226391347, 
    "gpsLongitude": 7.468834540908469, 
    "outsideTemperature": 9.0, 
    "speed": 2.4106250000000005, 
    "yawRate": -0.018025269422436156
}