{
    "gpsHeading": 306, 
    "gpsLatitude": 51.51214203120729, 
    "gpsLongitude": 7.458393204123378, 
    "outsideTemperature": 11.5, 
    "speed": 10.2326875, 
    "yawRate": -0.008586981728112154
}