{
    "gpsHeading": 345, 
    "gpsLatitude": 51.513688157066966, 
    "gpsLongitude": 7.474459049395984, 
    "outsideTemperature": 9.5, 
    "speed": 0.748125, 
    "yawRate": 0.001243392509404894
}