{
    "gpsHeading": 259, 
    "gpsLatitude": 51.51334760034095, 
    "gpsLongitude": 7.4505359242681, 
    "outsideTemperature": 11.0, 
    "speed": 11.27175, 
    "yawRate": 0.0024144131798709617
}