{
    "gpsHeading": 173, 
    "gpsLatitude": 51.50905422189666, 
    "gpsLongitude": 7.450684535411396, 
    "outsideTemperature": 9.0, 
    "speed": 8.428875, 
    "yawRate": -0.0019708457664137885
}