{
    "gpsHeading": 227, 
    "gpsLatitude": 51.51543176056542, 
    "gpsLongitude": 7.4580937187229255, 
    "outsideTemperature": 8.5, 
    "speed": 4.4305625, 
    "yawRate": -0.016838862025638633
}