{
    "gpsHeading": 2, 
    "gpsLatitude": 51.512762292042254, 
    "gpsLongitude": 7.461594001488816, 
    "outsideTemperature": 10.5, 
    "speed": 2.7015625, 
    "yawRate": 0.23537768832226175
}