{
    "gpsHeading": 179, 
    "gpsLatitude": 51.51072004133367, 
    "gpsLongitude": 7.450620413852103, 
    "outsideTemperature": 9.5, 
    "speed": 11.7455625, 
    "yawRate": 0.001345279812375342
}