{
    "gpsHeading": 128, 
    "gpsLatitude": 51.524538111631834, 
    "gpsLongitude": 7.467839860458671, 
    "outsideTemperature": 9.5, 
    "speed": 6.28425, 
    "yawRate": 0.003932436973099368
}