{
    "gpsHeading": 338, 
    "gpsLatitude": 51.51968976737832, 
    "gpsLongitude": 7.474071554012199, 
    "outsideTemperature": 9.5, 
    "speed": 11.8453125, 
    "yawRate": -0.014827112038533225
}