{
    "gpsHeading": 9, 
    "gpsLatitude": 51.511726204990794, 
    "gpsLongitude": 7.459633725793262, 
    "outsideTemperature": 11.5, 
    "speed": 1.3715625, 
    "yawRate": -7.410975792685164e-07
}