{
    "gpsHeading": 180, 
    "gpsLatitude": 51.514577309355765, 
    "gpsLongitude": 7.472782333484854, 
    "outsideTemperature": 15.0, 
    "speed": 9.950062500000001, 
    "yawRate": 0.010279936611962736
}