{
    "gpsHeading": 327, 
    "gpsLatitude": 51.50624175810532, 
    "gpsLongitude": 7.475113173119757, 
    "outsideTemperature": 10.5, 
    "speed": 8.0465, 
    "yawRate": -0.0007961511209645278
}