{
    "gpsHeading": 179, 
    "gpsLatitude": 51.50775066831489, 
    "gpsLongitude": 7.450794003066851, 
    "outsideTemperature": 11.0, 
    "speed": 7.7389375000000005, 
    "yawRate": -0.01191922250278118
}