{
    "gpsHeading": 117, 
    "gpsLatitude": 51.51664537632614, 
    "gpsLongitude": 7.459522330300079, 
    "outsideTemperature": 12.0, 
    "speed": 2.29425, 
    "yawRate": 0.007827467516899235
}