{
    "gpsHeading": 86, 
    "gpsLatitude": 51.50557422333646, 
    "gpsLongitude": 7.453333719728888, 
    "outsideTemperature": 9.0, 
    "speed": 6.583500000000001, 
    "yawRate": 0.005708602942361092
}