{
    "gpsHeading": 339, 
    "gpsLatitude": 51.50629171424824, 
    "gpsLongitude": 7.468071200986306, 
    "outsideTemperature": 10.0, 
    "speed": 11.3631875, 
    "yawRate": -0.005863714398080758
}