{
    "gpsHeading": 13, 
    "gpsLatitude": 51.50787698359573, 
    "gpsLongitude": 7.460818423988024, 
    "outsideTemperature": 8.5, 
    "speed": 9.8004375, 
    "yawRate": -0.013385955710044584
}