{
    "gpsHeading": 0, 
    "gpsLatitude": 51.50692287155732, 
    "gpsLongitude": 7.460322382958133, 
    "outsideTemperature": 8.0, 
    "speed": 10.8810625, 
    "yawRate": 0.034789936484415244
}