{
    "gpsHeading": 159, 
    "gpsLatitude": 51.51283898645631, 
    "gpsLongitude": 7.461328211339116, 
    "outsideTemperature": 10.0, 
    "speed": 2.3108750000000002, 
    "yawRate": -0.08471569649349243
}