{
    "gpsHeading": 177, 
    "gpsLatitude": 51.514894480571904, 
    "gpsLongitude": 7.472790966845121, 
    "outsideTemperature": 16.0, 
    "speed": 7.88025, 
    "yawRate": -0.02078692407353533
}