{
    "gpsHeading": 348, 
    "gpsLatitude": 51.50812894360518, 
    "gpsLongitude": 7.474624843440784, 
    "outsideTemperature": 10.5, 
    "speed": 11.778812499999999, 
    "yawRate": -0.009454002504286194
}