{
    "gpsHeading": 318, 
    "gpsLatitude": 51.52135064149245, 
    "gpsLongitude": 7.469998451983331, 
    "outsideTemperature": 20.0, 
    "speed": 0.0, 
    "yawRate": 0.0005529859695921628
}