{
    "gpsHeading": 133, 
    "gpsLatitude": 51.504919261422366, 
    "gpsLongitude": 7.475377035431696, 
    "outsideTemperature": 9.5, 
    "speed": 10.265937500000001, 
    "yawRate": -0.0007579646576483885
}