{
    "gpsHeading": 165, 
    "gpsLatitude": 51.51580148631449, 
    "gpsLongitude": 7.463880668493972, 
    "outsideTemperature": 11.5, 
    "speed": 3.142125, 
    "yawRate": -0.01062887379597116
}