{
    "gpsHeading": 132, 
    "gpsLatitude": 51.52488394895684, 
    "gpsLongitude": 7.467201494712896, 
    "outsideTemperature": 10.0, 
    "speed": 6.882750000000001, 
    "yawRate": 0.008470293028284389
}