{
    "gpsHeading": 329, 
    "gpsLatitude": 51.521726988945, 
    "gpsLongitude": 7.462276539864342, 
    "outsideTemperature": 10.0, 
    "speed": 11.4961875, 
    "yawRate": 0.0006163113943102368
}