{
    "gpsHeading": 98, 
    "gpsLatitude": 51.51287117296448, 
    "gpsLongitude": 7.461410437809262, 
    "outsideTemperature": 10.0, 
    "speed": 4.871125000000001, 
    "yawRate": -0.279668973941256
}