{
    "gpsHeading": 147, 
    "gpsLatitude": 51.50522201576506, 
    "gpsLongitude": 7.459539597020612, 
    "outsideTemperature": 9.0, 
    "speed": 10.648312500000001, 
    "yawRate": -0.19727318906457592
}