{
    "gpsHeading": 240, 
    "gpsLatitude": 51.516507577837935, 
    "gpsLongitude": 7.4639996077000434, 
    "outsideTemperature": 10.5, 
    "speed": 4.2643125, 
    "yawRate": 0.002565514929849925
}