{
    "gpsHeading": 10, 
    "gpsLatitude": 51.50804587894471, 
    "gpsLongitude": 7.460907942713929, 
    "outsideTemperature": 8.5, 
    "speed": 10.1495625, 
    "yawRate": 0.008256127014684896
}