{
    "gpsHeading": 251, 
    "gpsLatitude": 51.51174506427292, 
    "gpsLongitude": 7.462501510145564, 
    "outsideTemperature": 10.0, 
    "speed": 5.88525, 
    "yawRate": -0.040264852730003194
}