{
    "gpsHeading": 213, 
    "gpsLatitude": 51.512255941271455, 
    "gpsLongitude": 7.460308217541773, 
    "outsideTemperature": 9.0, 
    "speed": 7.497875, 
    "yawRate": 0.008833951413402279
}