{
    "gpsHeading": 54, 
    "gpsLatitude": 51.51168949225488, 
    "gpsLongitude": 7.447717341687447, 
    "outsideTemperature": 9.5, 
    "speed": 10.108, 
    "yawRate": -0.029405694831599192
}