{
    "gpsHeading": 66, 
    "gpsLatitude": 51.514649226085005, 
    "gpsLongitude": 7.458130934373007, 
    "outsideTemperature": 8.5, 
    "speed": 5.170375000000001, 
    "yawRate": -0.00890545903162794
}