{
    "gpsHeading": 356, 
    "gpsLatitude": 51.509407602934516, 
    "gpsLongitude": 7.474466509289807, 
    "outsideTemperature": 10.0, 
    "speed": 11.679062500000002, 
    "yawRate": -0.005439745224698987
}