{
    "gpsHeading": 340, 
    "gpsLatitude": 51.51366954924191, 
    "gpsLongitude": 7.455726250171131, 
    "outsideTemperature": 20.0, 
    "speed": 5.3865, 
    "yawRate": 0.16228657266254828
}