{
    "gpsHeading": 93, 
    "gpsLatitude": 51.51766897434186, 
    "gpsLongitude": 7.466123749602636, 
    "outsideTemperature": 8.5, 
    "speed": 11.97, 
    "yawRate": -0.031115238812393406
}