{
    "gpsHeading": 114, 
    "gpsLatitude": 51.512611501604134, 
    "gpsLongitude": 7.471277614226871, 
    "outsideTemperature": 11.0, 
    "speed": 7.2734375, 
    "yawRate": -0.005952977411711376
}