{
    "gpsHeading": 0, 
    "gpsLatitude": 51.51010480964061, 
    "gpsLongitude": 7.474490397713846, 
    "outsideTemperature": 9.5, 
    "speed": 11.6956875, 
    "yawRate": 0.0003198413068819252
}