{
    "gpsHeading": 80, 
    "gpsLatitude": 51.508475032387274, 
    "gpsLongitude": 7.468623987500701, 
    "outsideTemperature": 13.0, 
    "speed": 6.9243125, 
    "yawRate": -0.09256228331254841
}