{
    "gpsHeading": 0, 
    "gpsLatitude": 51.51089865969032, 
    "gpsLongitude": 7.47452509879301, 
    "outsideTemperature": 9.5, 
    "speed": 12.2941875, 
    "yawRate": -0.004567080598701638
}