{
    "gpsHeading": 93, 
    "gpsLatitude": 51.50549870238886, 
    "gpsLongitude": 7.4524920928310685, 
    "outsideTemperature": 9.0, 
    "speed": 3.3831875, 
    "yawRate": 0.1256127225543696
}