{
    "gpsHeading": 46, 
    "gpsLatitude": 51.499973938549125, 
    "gpsLongitude": 7.45152842542304, 
    "outsideTemperature": 7.5, 
    "speed": 12.202750000000002, 
    "yawRate": -0.00930409897697362
}