{
    "gpsHeading": 352, 
    "gpsLatitude": 51.51272482493506, 
    "gpsLongitude": 7.474529038287501, 
    "outsideTemperature": 10.0, 
    "speed": 9.659125, 
    "yawRate": 0.01154083509617182
}