{
    "gpsHeading": 130, 
    "gpsLatitude": 51.503523423086634, 
    "gpsLongitude": 7.4779945361551965, 
    "outsideTemperature": 9.5, 
    "speed": 12.9924375, 
    "yawRate": 0.0006382987439477656
}