{
    "gpsHeading": 268, 
    "gpsLatitude": 51.50999006138616, 
    "gpsLongitude": 7.464350977081126, 
    "outsideTemperature": 15.0, 
    "speed": 9.2518125, 
    "yawRate": -0.009457332785517065
}