{
    "gpsHeading": 0, 
    "gpsLatitude": 51.50294398212015, 
    "gpsLongitude": 7.478966501647366, 
    "outsideTemperature": 9.5, 
    "speed": 5.5527500000000005, 
    "yawRate": 0.005350687724332058
}