{
    "gpsHeading": 172, 
    "gpsLatitude": 51.50849649005939, 
    "gpsLongitude": 7.450729294774334, 
    "outsideTemperature": 9.5, 
    "speed": 6.467125, 
    "yawRate": -0.0049379054948043765
}