{
    "gpsHeading": 0, 
    "gpsLatitude": 51.517205874191454, 
    "gpsLongitude": 7.468029542927543, 
    "outsideTemperature": 8.0, 
    "speed": 10.166187500000001, 
    "yawRate": 0.026306093578219423
}