{
    "gpsHeading": 46, 
    "gpsLatitude": 51.5107908684155, 
    "gpsLongitude": 7.463311788725488, 
    "outsideTemperature": 8.5, 
    "speed": 4.5469375, 
    "yawRate": 0.0342607063301531
}