{
    "gpsHeading": 250, 
    "gpsLatitude": 51.52080120773933, 
    "gpsLongitude": 7.467395703409445, 
    "outsideTemperature": 13.0, 
    "speed": 9.925125000000001, 
    "yawRate": 0.003583371122699833
}