{
    "gpsHeading": 175, 
    "gpsLatitude": 51.51439952918943, 
    "gpsLongitude": 7.472773700124587, 
    "outsideTemperature": 14.5, 
    "speed": 9.67575, 
    "yawRate": 0.017261253619940534
}