{
    "gpsHeading": 68, 
    "gpsLatitude": 51.51475341314146, 
    "gpsLongitude": 7.45929953931368, 
    "outsideTemperature": 8.5, 
    "speed": 1.546125, 
    "yawRate": 0.42044553695897025
}