{
    "gpsHeading": 130, 
    "gpsLatitude": 51.5070283997183, 
    "gpsLongitude": 7.471741217291488, 
    "outsideTemperature": 10.0, 
    "speed": 10.365687500000002, 
    "yawRate": 0.001860029220343657
}