{
    "gpsHeading": 75, 
    "gpsLatitude": 51.50094338947035, 
    "gpsLongitude": 7.463125375198886, 
    "outsideTemperature": 10.0, 
    "speed": 8.304187500000001, 
    "yawRate": 0.013509440299056211
}