{
    "gpsHeading": 65, 
    "gpsLatitude": 51.51543670588829, 
    "gpsLongitude": 7.458125402316915, 
    "outsideTemperature": 8.5, 
    "speed": 4.563562500000001, 
    "yawRate": -0.03072207468155669
}