{
    "gpsHeading": 250, 
    "gpsLatitude": 51.51483119720293, 
    "gpsLongitude": 7.458227912992768, 
    "outsideTemperature": 9.0, 
    "speed": 3.3998125000000003, 
    "yawRate": 0.01168942614190492
}