{
    "gpsHeading": 171, 
    "gpsLatitude": 51.50862758302506, 
    "gpsLongitude": 7.4507178953860205, 
    "outsideTemperature": 9.5, 
    "speed": 7.414750000000001, 
    "yawRate": 0.007104866343956254
}