{
    "gpsHeading": 61, 
    "gpsLatitude": 51.51046036997329, 
    "gpsLongitude": 7.444607907066609, 
    "outsideTemperature": 11.0, 
    "speed": 7.896875, 
    "yawRate": 0.002708363405095491
}