{
    "gpsHeading": 281, 
    "gpsLatitude": 51.52083289133333, 
    "gpsLongitude": 7.473110149718025, 
    "outsideTemperature": 8.5, 
    "speed": 9.9999375, 
    "yawRate": -0.04466298132979727
}