{
    "gpsHeading": 0, 
    "gpsLatitude": 51.50908087634876, 
    "gpsLongitude": 7.4744720413459005, 
    "outsideTemperature": 10.0, 
    "speed": 11.961687500000002, 
    "yawRate": -0.0009018891695139657
}