{
    "gpsHeading": 327, 
    "gpsLatitude": 51.503383696760714, 
    "gpsLongitude": 7.478462916904622, 
    "outsideTemperature": 10.0, 
    "speed": 10.6649375, 
    "yawRate": -0.001107030508046931
}