{
    "gpsHeading": 10, 
    "gpsLatitude": 51.51672114873083, 
    "gpsLongitude": 7.469391769831545, 
    "outsideTemperature": 9.5, 
    "speed": 5.6109375, 
    "yawRate": -0.008801971896540821
}