{
    "gpsHeading": 356, 
    "gpsLatitude": 51.50824453004996, 
    "gpsLongitude": 7.468199611742959, 
    "outsideTemperature": 14.5, 
    "speed": 7.348250000000001, 
    "yawRate": 0.06626267861893329
}