{
    "gpsHeading": 260, 
    "gpsLatitude": 51.5135784379544, 
    "gpsLongitude": 7.453476212082836, 
    "outsideTemperature": 13.5, 
    "speed": 11.33825, 
    "yawRate": 0.006254137534257906
}