{
    "gpsHeading": 178, 
    "gpsLatitude": 51.51103981093979, 
    "gpsLongitude": 7.450626784098512, 
    "outsideTemperature": 9.5, 
    "speed": 11.679062500000002, 
    "yawRate": 0.006232201717959898
}