{
    "gpsHeading": 356, 
    "gpsLatitude": 51.51429089972428, 
    "gpsLongitude": 7.474415128223333, 
    "outsideTemperature": 9.5, 
    "speed": 10.723125000000001, 
    "yawRate": -0.03418679130607892
}