{
    "gpsHeading": 268, 
    "gpsLatitude": 51.513061777442694, 
    "gpsLongitude": 7.444399868229793, 
    "outsideTemperature": 10.0, 
    "speed": 10.656625, 
    "yawRate": -2.904777292181285e-05
}