{
    "gpsHeading": 307, 
    "gpsLatitude": 51.512664810508326, 
    "gpsLongitude": 7.457195430159668, 
    "outsideTemperature": 11.0, 
    "speed": 5.6608125000000005, 
    "yawRate": -0.006112932228436625
}