{
    "gpsHeading": 0, 
    "gpsLatitude": 51.52034062215987, 
    "gpsLongitude": 7.473776762477523, 
    "outsideTemperature": 9.0, 
    "speed": 8.8195625, 
    "yawRate": 0.017819805891598397
}