{
    "gpsHeading": 314, 
    "gpsLatitude": 51.513441226199426, 
    "gpsLongitude": 7.4723537667755275, 
    "outsideTemperature": 11.0, 
    "speed": 2.909375, 
    "yawRate": 0.33960638362832424
}