{
    "gpsHeading": 0, 
    "gpsLatitude": 51.50609733791363, 
    "gpsLongitude": 7.468149823238088, 
    "outsideTemperature": 10.0, 
    "speed": 11.180312500000001, 
    "yawRate": -0.005165582697282681
}