{
    "gpsHeading": 109, 
    "gpsLatitude": 51.51590005749582, 
    "gpsLongitude": 7.461775134416421, 
    "outsideTemperature": 9.5, 
    "speed": 6.5668750000000005, 
    "yawRate": -0.0012482445934718
}