{
    "gpsHeading": 337, 
    "gpsLatitude": 51.51103033938921, 
    "gpsLongitude": 7.460585407079757, 
    "outsideTemperature": 13.0, 
    "speed": 4.655, 
    "yawRate": -0.005096323224123752
}