{
    "gpsHeading": 172, 
    "gpsLatitude": 51.511627047076225, 
    "gpsLongitude": 7.450638183486826, 
    "outsideTemperature": 9.5, 
    "speed": 10.523625000000001, 
    "yawRate": 0.0069303334187569825
}