{
    "gpsHeading": 65, 
    "gpsLatitude": 51.51225149886277, 
    "gpsLongitude": 7.449252906349103, 
    "outsideTemperature": 9.5, 
    "speed": 8.8195625, 
    "yawRate": 0.08404070654803031
}