{
    "gpsHeading": 276, 
    "gpsLatitude": 51.520941772255576, 
    "gpsLongitude": 7.471645412138203, 
    "outsideTemperature": 8.5, 
    "speed": 9.2850625, 
    "yawRate": 0.0028099743244481682
}