{
    "gpsHeading": 79, 
    "gpsLatitude": 51.52457004668293, 
    "gpsLongitude": 7.462392880680428, 
    "outsideTemperature": 11.0, 
    "speed": 7.888562500000001, 
    "yawRate": -0.0007799520072859173
}