{
    "gpsHeading": 179, 
    "gpsLatitude": 51.51306479492783, 
    "gpsLongitude": 7.472670937991673, 
    "outsideTemperature": 12.5, 
    "speed": 7.971687500000001, 
    "yawRate": -0.009616816860772048
}