{
    "gpsHeading": 73, 
    "gpsLatitude": 51.511935668751136, 
    "gpsLongitude": 7.469586481442285, 
    "outsideTemperature": 10.0, 
    "speed": 5.2285625, 
    "yawRate": 0.0020986837954082606
}