{
    "gpsHeading": 13, 
    "gpsLatitude": 51.508219216702365, 
    "gpsLongitude": 7.460999556915627, 
    "outsideTemperature": 8.5, 
    "speed": 10.856125, 
    "yawRate": -0.04515094809634072
}