{
    "gpsHeading": 75, 
    "gpsLatitude": 51.51556452991173, 
    "gpsLongitude": 7.459020924852159, 
    "outsideTemperature": 8.0, 
    "speed": 2.1529375, 
    "yawRate": 0.31520218306371345
}