{
    "gpsHeading": 192, 
    "gpsLatitude": 51.51269205169364, 
    "gpsLongitude": 7.470816525733238, 
    "outsideTemperature": 10.5, 
    "speed": 1.8204375000000002, 
    "yawRate": 0.11761633362948479
}