{
    "gpsHeading": 303, 
    "gpsLatitude": 51.50306786664908, 
    "gpsLongitude": 7.479017631256746, 
    "outsideTemperature": 10.0, 
    "speed": 9.576, 
    "yawRate": -0.023970843709172303
}