{
    "gpsHeading": 341, 
    "gpsLatitude": 51.52266173878709, 
    "gpsLongitude": 7.461812936799725, 
    "outsideTemperature": 10.0, 
    "speed": 12.13625, 
    "yawRate": -0.013171789696445092
}