{
    "gpsHeading": 245, 
    "gpsLatitude": 51.51341147044316, 
    "gpsLongitude": 7.471808775431082, 
    "outsideTemperature": 11.0, 
    "speed": 5.303375000000001, 
    "yawRate": 0.016545939084179482
}