{
    "gpsHeading": 141, 
    "gpsLatitude": 51.50037316859735, 
    "gpsLongitude": 7.452159834189216, 
    "outsideTemperature": 9.5, 
    "speed": 0.0, 
    "yawRate": -0.00024264245262362199
}