{
    "gpsHeading": 172, 
    "gpsLatitude": 51.51176258245057, 
    "gpsLongitude": 7.442908476197885, 
    "outsideTemperature": 13.0, 
    "speed": 5.3698749999999995, 
    "yawRate": -0.04127393374516056
}