{
    "gpsHeading": 179, 
    "gpsLatitude": 51.50827864439588, 
    "gpsLongitude": 7.450748154056469, 
    "outsideTemperature": 9.5, 
    "speed": 3.142125, 
    "yawRate": 0.0002980822611787222
}