{
    "gpsHeading": 357, 
    "gpsLatitude": 51.514886433944866, 
    "gpsLongitude": 7.474468185670442, 
    "outsideTemperature": 9.5, 
    "speed": 11.67075, 
    "yawRate": 0.003163254686598862
}