{
    "gpsHeading": 304, 
    "gpsLatitude": 51.51235836812825, 
    "gpsLongitude": 7.457900683492818, 
    "outsideTemperature": 11.5, 
    "speed": 10.556875, 
    "yawRate": -0.02254961574406675
}