{
    "gpsHeading": 170, 
    "gpsLatitude": 51.50223537602573, 
    "gpsLongitude": 7.458813724205658, 
    "outsideTemperature": 10.0, 
    "speed": 12.718125000000002, 
    "yawRate": 0.01982613058877227
}