{
    "gpsHeading": 136, 
    "gpsLatitude": 51.5250995315065, 
    "gpsLongitude": 7.466751805607543, 
    "outsideTemperature": 10.0, 
    "speed": 1.546125, 
    "yawRate": -0.16274650659235648
}