{
    "gpsHeading": 131, 
    "gpsLatitude": 51.51540150189497, 
    "gpsLongitude": 7.472723995438747, 
    "outsideTemperature": 13.5, 
    "speed": 0.0, 
    "yawRate": 5.157284084271571e-05
}