{
    "gpsHeading": 74, 
    "gpsLatitude": 51.514524754822865, 
    "gpsLongitude": 7.45723071797202, 
    "outsideTemperature": 8.5, 
    "speed": 5.9600625, 
    "yawRate": -0.01536317726400693
}