{
    "gpsHeading": 79, 
    "gpsLatitude": 51.50130842135361, 
    "gpsLongitude": 7.466565140623848, 
    "outsideTemperature": 9.5, 
    "speed": 9.1520625, 
    "yawRate": -0.010227037528066509
}