{
    "gpsHeading": 353, 
    "gpsLatitude": 51.512161477222676, 
    "gpsLongitude": 7.468195672248468, 
    "outsideTemperature": 14.5, 
    "speed": 6.051500000000001, 
    "yawRate": -0.022010006530059214
}