{
    "gpsHeading": 75, 
    "gpsLatitude": 51.501191996718504, 
    "gpsLongitude": 7.465402319196362, 
    "outsideTemperature": 9.5, 
    "speed": 9.858625, 
    "yawRate": -0.004467450996484604
}