{
    "gpsHeading": 176, 
    "gpsLatitude": 51.514225939974665, 
    "gpsLongitude": 7.472765988773669, 
    "outsideTemperature": 14.0, 
    "speed": 9.600937499999999, 
    "yawRate": 0.018832049946734965
}