{
    "gpsHeading": 311, 
    "gpsLatitude": 51.504897887569285, 
    "gpsLongitude": 7.475695128657188, 
    "outsideTemperature": 12.5, 
    "speed": 3.2335625, 
    "yawRate": -0.002017881597360419
}