{
    "gpsHeading": 116, 
    "gpsLatitude": 51.50107758374017, 
    "gpsLongitude": 7.4588309909261925, 
    "outsideTemperature": 13.0, 
    "speed": 0.0, 
    "yawRate": 0.00038402931513229106
}