{
    "gpsHeading": 250, 
    "gpsLatitude": 51.51322145269817, 
    "gpsLongitude": 7.448726774286793, 
    "outsideTemperature": 11.0, 
    "speed": 12.2609375, 
    "yawRate": 0.02283476542820356
}