{
    "gpsHeading": 271, 
    "gpsLatitude": 51.51516010308354, 
    "gpsLongitude": 7.47078987128112, 
    "outsideTemperature": 9.5, 
    "speed": 6.6998750000000005, 
    "yawRate": -0.0037405170657579855
}