{
    "gpsHeading": 72, 
    "gpsLatitude": 51.516887278051776, 
    "gpsLongitude": 7.4694331764332125, 
    "outsideTemperature": 9.5, 
    "speed": 4.081437500000001, 
    "yawRate": -0.06290717870836451
}