{
    "gpsHeading": 78, 
    "gpsLatitude": 51.505418990489666, 
    "gpsLongitude": 7.451534544212354, 
    "outsideTemperature": 9.5, 
    "speed": 7.48125, 
    "yawRate": 0.000647148111577265
}