{
    "gpsHeading": 340, 
    "gpsLatitude": 51.51864253239563, 
    "gpsLongitude": 7.474533480696182, 
    "outsideTemperature": 10.0, 
    "speed": 13.0755625, 
    "yawRate": -0.004180603601367756
}