{
    "gpsHeading": 78, 
    "gpsLatitude": 51.51422619143176, 
    "gpsLongitude": 7.4561534757759835, 
    "outsideTemperature": 9.0, 
    "speed": 7.3565625, 
    "yawRate": 0.005231707909525929
}