{
    "gpsHeading": 36, 
    "gpsLatitude": 51.51585865089413, 
    "gpsLongitude": 7.455864551573527, 
    "outsideTemperature": 10.0, 
    "speed": 9.975, 
    "yawRate": -0.0670943327606787
}