{
    "gpsHeading": 261, 
    "gpsLatitude": 51.514942844153225, 
    "gpsLongitude": 7.4591164785483475, 
    "outsideTemperature": 9.5, 
    "speed": 4.9459375, 
    "yawRate": 0.046246945331392376
}