{
    "gpsHeading": 220, 
    "gpsLatitude": 51.51243841530357, 
    "gpsLongitude": 7.469310716827842, 
    "outsideTemperature": 10.5, 
    "speed": 1.546125, 
    "yawRate": 0.1514988677661204
}