{
    "gpsHeading": 177, 
    "gpsLatitude": 51.51191756384028, 
    "gpsLongitude": 7.442905123436616, 
    "outsideTemperature": 13.5, 
    "speed": 4.1811875, 
    "yawRate": 0.00986421333827256
}