{
    "gpsHeading": 8, 
    "gpsLatitude": 51.520043986606495, 
    "gpsLongitude": 7.47393266587658, 
    "outsideTemperature": 9.5, 
    "speed": 0.0, 
    "yawRate": -0.0005156793820018347
}