{
    "gpsHeading": 270, 
    "gpsLatitude": 51.50997338139884, 
    "gpsLongitude": 7.464924885991514, 
    "outsideTemperature": 16.0, 
    "speed": 7.61425, 
    "yawRate": -0.007537470608323096
}