{
    "gpsHeading": 8, 
    "gpsLatitude": 51.516542865650294, 
    "gpsLongitude": 7.468783998032311, 
    "outsideTemperature": 9.5, 
    "speed": 5.004125, 
    "yawRate": -0.02081779622562648
}