{
    "gpsHeading": 72, 
    "gpsLatitude": 51.501153691421, 
    "gpsLongitude": 7.465148766625323, 
    "outsideTemperature": 9.5, 
    "speed": 9.14375, 
    "yawRate": -0.07148809427306628
}