{
    "gpsHeading": 300, 
    "gpsLatitude": 51.5111784476183, 
    "gpsLongitude": 7.470345714231894, 
    "outsideTemperature": 11.0, 
    "speed": 4.472125, 
    "yawRate": -0.1052390652022408
}