{
    "gpsHeading": 252, 
    "gpsLatitude": 51.513065046384924, 
    "gpsLongitude": 7.443030935803254, 
    "outsideTemperature": 17.0, 
    "speed": 3.773875, 
    "yawRate": 0.37935041598546515
}