{
    "gpsHeading": 73, 
    "gpsLatitude": 51.51519614526717, 
    "gpsLongitude": 7.461754263477523, 
    "outsideTemperature": 14.0, 
    "speed": 3.8403750000000003, 
    "yawRate": 0.24867155417293932
}