{
    "gpsHeading": 350, 
    "gpsLatitude": 51.52376094156945, 
    "gpsLongitude": 7.4613309773671626, 
    "outsideTemperature": 10.0, 
    "speed": 11.2468125, 
    "yawRate": 0.01632427466225854
}