{
    "gpsHeading": 156, 
    "gpsLatitude": 51.520869771707304, 
    "gpsLongitude": 7.467867101644012, 
    "outsideTemperature": 11.5, 
    "speed": 0.0, 
    "yawRate": 0.000686683771263416
}