{
    "gpsHeading": 48, 
    "gpsLatitude": 51.50539510206562, 
    "gpsLongitude": 7.458532343716057, 
    "outsideTemperature": 8.5, 
    "speed": 4.2643125, 
    "yawRate": -0.07318027924778096
}