{
    "gpsHeading": 186, 
    "gpsLatitude": 51.51843038642628, 
    "gpsLongitude": 7.46940233102954, 
    "outsideTemperature": 12.5, 
    "speed": 10.8395, 
    "yawRate": -0.006371136868677388
}