{
    "gpsHeading": 126, 
    "gpsLatitude": 51.50565980256789, 
    "gpsLongitude": 7.4541859916436986, 
    "outsideTemperature": 9.0, 
    "speed": 3.873625, 
    "yawRate": -0.14421517980394885
}