{
    "gpsHeading": 183, 
    "gpsLatitude": 51.52078536594233, 
    "gpsLongitude": 7.469891834174957, 
    "outsideTemperature": 19.0, 
    "speed": 11.537749999999999, 
    "yawRate": 0.010034958100068993
}