{
    "gpsHeading": 0, 
    "gpsLatitude": 51.50786122561777, 
    "gpsLongitude": 7.467986795221335, 
    "outsideTemperature": 12.0, 
    "speed": 0.0, 
    "yawRate": -6.471212712332811e-05
}