{
    "gpsHeading": 175, 
    "gpsLatitude": 51.50810396553372, 
    "gpsLongitude": 7.450763157663179, 
    "outsideTemperature": 11.0, 
    "speed": 5.735625000000001, 
    "yawRate": 0.009024728521150223
}