{
    "gpsHeading": 102, 
    "gpsLatitude": 51.50550649755882, 
    "gpsLongitude": 7.456506772994796, 
    "outsideTemperature": 8.5, 
    "speed": 8.229375000000001, 
    "yawRate": 0.01077005777314492
}