{
    "gpsHeading": 12, 
    "gpsLatitude": 51.508402026010614, 
    "gpsLongitude": 7.461105671809846, 
    "outsideTemperature": 8.0, 
    "speed": 10.789625000000001, 
    "yawRate": -0.04951427122632648
}