{
    "gpsHeading": 74, 
    "gpsLatitude": 51.515087264344935, 
    "gpsLongitude": 7.461481516348189, 
    "outsideTemperature": 10.0, 
    "speed": 4.5303125, 
    "yawRate": -0.005262501873058016
}