{
    "gpsHeading": 154, 
    "gpsLatitude": 51.51527116330059, 
    "gpsLongitude": 7.472756768680182, 
    "outsideTemperature": 17.0, 
    "speed": 6.8578125, 
    "yawRate": -0.035273156865087744
}