{
    "gpsHeading": 345, 
    "gpsLatitude": 51.50644451634312, 
    "gpsLongitude": 7.475064306624266, 
    "outsideTemperature": 10.0, 
    "speed": 5.7938125000000005, 
    "yawRate": 0.09572055651432078
}