{
    "gpsHeading": 112, 
    "gpsLatitude": 51.50107758374017, 
    "gpsLongitude": 7.4588309909261925, 
    "outsideTemperature": 17.0, 
    "speed": 0.0, 
    "yawRate": 3.685542122480604e-05
}