{
    "gpsHeading": 183, 
    "gpsLatitude": 51.505055886444126, 
    "gpsLongitude": 7.459409845159451, 
    "outsideTemperature": 9.0, 
    "speed": 10.440500000000002, 
    "yawRate": -0.03652836495590124
}