{
    "gpsHeading": 273, 
    "gpsLatitude": 51.51519564235297, 
    "gpsLongitude": 7.461274315701722, 
    "outsideTemperature": 9.0, 
    "speed": 5.702375000000001, 
    "yawRate": 0.018997574729662518
}