{
    "gpsHeading": 4, 
    "gpsLatitude": 51.51526730762512, 
    "gpsLongitude": 7.4577198858413105, 
    "outsideTemperature": 8.5, 
    "speed": 3.5660625, 
    "yawRate": -0.004018537126043385
}