{
    "gpsHeading": 345, 
    "gpsLatitude": 51.507918725473544, 
    "gpsLongitude": 7.47465736522509, 
    "outsideTemperature": 10.5, 
    "speed": 11.5959375, 
    "yawRate": -0.028827157201422173
}