{
    "gpsHeading": 112, 
    "gpsLatitude": 51.51261896149795, 
    "gpsLongitude": 7.470996233737302, 
    "outsideTemperature": 11.5, 
    "speed": 6.384, 
    "yawRate": 0.06351112681766109
}