{
    "gpsHeading": 92, 
    "gpsLatitude": 51.51707981036769, 
    "gpsLongitude": 7.461886529909603, 
    "outsideTemperature": 10.0, 
    "speed": 8.354062500000001, 
    "yawRate": -0.027799113233604275
}