{
    "gpsHeading": 177, 
    "gpsLatitude": 51.513965933338184, 
    "gpsLongitude": 7.472746542758313, 
    "outsideTemperature": 14.0, 
    "speed": 9.80875, 
    "yawRate": -0.01206027781356383
}