{
    "gpsHeading": 343, 
    "gpsLatitude": 51.50175785900185, 
    "gpsLongitude": 7.452041481716368, 
    "outsideTemperature": 8.5, 
    "speed": 12.942562500000001, 
    "yawRate": -0.0040772142458539475
}