{
    "gpsHeading": 0, 
    "gpsLatitude": 51.51175814004189, 
    "gpsLongitude": 7.474540940590003, 
    "outsideTemperature": 9.5, 
    "speed": 11.255125, 
    "yawRate": -0.002298152571109128
}