{
    "gpsHeading": 175, 
    "gpsLatitude": 51.51524811306687, 
    "gpsLongitude": 7.456763175412913, 
    "outsideTemperature": 10.5, 
    "speed": 0.0, 
    "yawRate": -0.0005992521692158859
}