{
    "gpsHeading": 133, 
    "gpsLatitude": 51.50529812344588, 
    "gpsLongitude": 7.474742944456537, 
    "outsideTemperature": 10.0, 
    "speed": 7.572687500000001, 
    "yawRate": -0.016291395000397422
}