{
    "gpsHeading": 277, 
    "gpsLatitude": 51.515389264316326, 
    "gpsLongitude": 7.457782917753192, 
    "outsideTemperature": 8.5, 
    "speed": 4.937625, 
    "yawRate": -0.0016544975332881458
}