{
    "gpsHeading": 252, 
    "gpsLatitude": 51.51486698792949, 
    "gpsLongitude": 7.458515663728747, 
    "outsideTemperature": 9.0, 
    "speed": 4.1811875, 
    "yawRate": 0.0012174506299397134
}