{
    "gpsHeading": 282, 
    "gpsLatitude": 51.50798175738543, 
    "gpsLongitude": 7.468025687252084, 
    "outsideTemperature": 14.5, 
    "speed": 0.0, 
    "yawRate": 0.0004613438640402416
}