{
    "gpsHeading": 155, 
    "gpsLatitude": 51.51525398039909, 
    "gpsLongitude": 7.464139836940137, 
    "outsideTemperature": 11.0, 
    "speed": 2.244375, 
    "yawRate": -0.004469375285003461
}