{
    "gpsHeading": 136, 
    "gpsLatitude": 51.50616313585354, 
    "gpsLongitude": 7.473270411706732, 
    "outsideTemperature": 9.5, 
    "speed": 10.265937500000001, 
    "yawRate": 0.0004637658187475026
}