{
    "gpsHeading": 73, 
    "gpsLatitude": 51.51507175782406, 
    "gpsLongitude": 7.461215726198521, 
    "outsideTemperature": 10.0, 
    "speed": 5.203625000000001, 
    "yawRate": -0.14035098597741702
}