{
    "gpsHeading": 189, 
    "gpsLatitude": 51.51231059128014, 
    "gpsLongitude": 7.458010402605367, 
    "outsideTemperature": 11.0, 
    "speed": 0.0, 
    "yawRate": 0.0005460625923394209
}