{
    "gpsHeading": 299, 
    "gpsLatitude": 51.50452564724926, 
    "gpsLongitude": 7.476340954296821, 
    "outsideTemperature": 9.5, 
    "speed": 7.2069375, 
    "yawRate": -0.07179286521381628
}