{
    "gpsHeading": 266, 
    "gpsLatitude": 51.50992426344623, 
    "gpsLongitude": 7.466610989634194, 
    "outsideTemperature": 19.5, 
    "speed": 7.531125, 
    "yawRate": -0.013646122990303544
}