{
    "gpsHeading": 18, 
    "gpsLatitude": 51.510038424967476, 
    "gpsLongitude": 7.468093496848773, 
    "outsideTemperature": 20.5, 
    "speed": 0.0, 
    "yawRate": -0.00035911174276309025
}