{
    "gpsHeading": 343, 
    "gpsLatitude": 51.50119677440332, 
    "gpsLongitude": 7.452155391780534, 
    "outsideTemperature": 8.5, 
    "speed": 12.1778125, 
    "yawRate": 0.0002861088841318026
}