{
    "gpsHeading": 169, 
    "gpsLatitude": 51.5088320176435, 
    "gpsLongitude": 7.450699287560979, 
    "outsideTemperature": 9.5, 
    "speed": 7.597625, 
    "yawRate": -0.005985103046000997
}