{
    "gpsHeading": 131, 
    "gpsLatitude": 51.507250603971464, 
    "gpsLongitude": 7.471366546219555, 
    "outsideTemperature": 10.0, 
    "speed": 7.6475, 
    "yawRate": 0.00657241820072795
}