{
    "gpsHeading": 173, 
    "gpsLatitude": 51.516072054148964, 
    "gpsLongitude": 7.461759879352648, 
    "outsideTemperature": 9.5, 
    "speed": 6.400625000000001, 
    "yawRate": -0.03074430895217543
}