{
    "gpsHeading": 113, 
    "gpsLatitude": 51.517019209207746, 
    "gpsLongitude": 7.468792379935484, 
    "outsideTemperature": 8.0, 
    "speed": 4.55525, 
    "yawRate": -0.3471943663485604
}