{
    "gpsHeading": 349, 
    "gpsLatitude": 51.51425066658904, 
    "gpsLongitude": 7.455562886878252, 
    "outsideTemperature": 9.0, 
    "speed": 4.28925, 
    "yawRate": -0.421326761277881
}