{
    "gpsHeading": 265, 
    "gpsLatitude": 51.51984759861511, 
    "gpsLongitude": 7.463650417613751, 
    "outsideTemperature": 11.5, 
    "speed": 8.113000000000001, 
    "yawRate": -0.3290763843074138
}