{
    "gpsHeading": 71, 
    "gpsLatitude": 51.51504066096329, 
    "gpsLongitude": 7.460976255224811, 
    "outsideTemperature": 10.5, 
    "speed": 3.7156875000000005, 
    "yawRate": 0.16019471121600096
}