{
    "gpsHeading": 208, 
    "gpsLatitude": 51.517301427887645, 
    "gpsLongitude": 7.4690323538233825, 
    "outsideTemperature": 12.0, 
    "speed": 1.5544375, 
    "yawRate": -0.008465531971070629
}