{
    "gpsHeading": 1, 
    "gpsLatitude": 51.51468593882091, 
    "gpsLongitude": 7.4744323111248665, 
    "outsideTemperature": 9.5, 
    "speed": 11.388125, 
    "yawRate": 0.0063048473401887215
}