{
    "gpsHeading": 345, 
    "gpsLatitude": 51.51945784011747, 
    "gpsLongitude": 7.474167359165482, 
    "outsideTemperature": 9.5, 
    "speed": 13.133750000000001, 
    "yawRate": -0.008369393806154235
}