{
    "gpsHeading": 49, 
    "gpsLatitude": 51.50323198431324, 
    "gpsLongitude": 7.455397344290548, 
    "outsideTemperature": 7.5, 
    "speed": 8.8195625, 
    "yawRate": -0.0040772142458539475
}