{
    "gpsHeading": 243, 
    "gpsLatitude": 51.520603646281494, 
    "gpsLongitude": 7.466544018227822, 
    "outsideTemperature": 12.0, 
    "speed": 10.091375000000001, 
    "yawRate": -0.0007799520072859173
}