{
    "gpsHeading": 42, 
    "gpsLatitude": 51.51066061364014, 
    "gpsLongitude": 7.463175666617916, 
    "outsideTemperature": 8.5, 
    "speed": 3.5078750000000003, 
    "yawRate": -0.010943321296498831
}