{
    "gpsHeading": 191, 
    "gpsLatitude": 51.515693443582556, 
    "gpsLongitude": 7.468552070771455, 
    "outsideTemperature": 8.0, 
    "speed": 1.1138750000000002, 
    "yawRate": 0.05772202011411702
}