{
    "gpsHeading": 272, 
    "gpsLatitude": 51.51510922493125, 
    "gpsLongitude": 7.471988986349336, 
    "outsideTemperature": 9.5, 
    "speed": 6.28425, 
    "yawRate": 0.02401021804095194
}