{
    "gpsHeading": 355, 
    "gpsLatitude": 51.51403315620164, 
    "gpsLongitude": 7.455618207439215, 
    "outsideTemperature": 9.0, 
    "speed": 6.600125, 
    "yawRate": -0.0005278786220549837
}