{
    "gpsHeading": 271, 
    "gpsLatitude": 51.51001478800051, 
    "gpsLongitude": 7.463450425404012, 
    "outsideTemperature": 13.5, 
    "speed": 7.1071875, 
    "yawRate": -0.022023703399876502
}