{
    "gpsHeading": 267, 
    "gpsLatitude": 51.512619799688274, 
    "gpsLongitude": 7.4709604430107275, 
    "outsideTemperature": 10.5, 
    "speed": 3.3499375000000002, 
    "yawRate": 0.05530943131341639
}