{
    "gpsHeading": 57, 
    "gpsLatitude": 51.510715934201116, 
    "gpsLongitude": 7.445320368836488, 
    "outsideTemperature": 10.5, 
    "speed": 8.794625, 
    "yawRate": -0.012301468162055726
}