{
    "gpsHeading": 260, 
    "gpsLatitude": 51.51329479435096, 
    "gpsLongitude": 7.4509226652806, 
    "outsideTemperature": 11.0, 
    "speed": 11.645812500000002, 
    "yawRate": 0.02039130447541178
}