{
    "gpsHeading": 128, 
    "gpsLatitude": 51.513517333880266, 
    "gpsLongitude": 7.455766818582515, 
    "outsideTemperature": 17.5, 
    "speed": 0.0, 
    "yawRate": -0.00027735467000839626
}