{
    "gpsHeading": 178, 
    "gpsLatitude": 51.513490930885254, 
    "gpsLongitude": 7.472706477261119, 
    "outsideTemperature": 13.0, 
    "speed": 9.775500000000001, 
    "yawRate": -0.0045553620299882205
}