{
    "gpsHeading": 83, 
    "gpsLatitude": 51.524710359742095, 
    "gpsLongitude": 7.463543213072153, 
    "outsideTemperature": 10.0, 
    "speed": 5.2119375, 
    "yawRate": 0.004630568673896452
}