{
    "gpsHeading": 213, 
    "gpsLatitude": 51.52179815130296, 
    "gpsLongitude": 7.470078163882526, 
    "outsideTemperature": 19.0, 
    "speed": 0.5985, 
    "yawRate": 0.17069272782810974
}