{
    "gpsHeading": 304, 
    "gpsLatitude": 51.504184755247145, 
    "gpsLongitude": 7.477049560391241, 
    "outsideTemperature": 9.5, 
    "speed": 7.664125, 
    "yawRate": 0.014077333984303558
}