{
    "gpsHeading": 140, 
    "gpsLatitude": 51.516747048811645, 
    "gpsLongitude": 7.469398475354081, 
    "outsideTemperature": 9.0, 
    "speed": 2.1945, 
    "yawRate": -0.039154981803935715
}