{
    "gpsHeading": 323, 
    "gpsLatitude": 51.522972036842624, 
    "gpsLongitude": 7.461667091684506, 
    "outsideTemperature": 10.0, 
    "speed": 11.471250000000001, 
    "yawRate": -0.046682111334735925
}