{
    "gpsHeading": 296, 
    "gpsLatitude": 51.5152075446555, 
    "gpsLongitude": 7.46224820903162, 
    "outsideTemperature": 12.5, 
    "speed": 4.206125, 
    "yawRate": 0.022413580438721072
}