{
    "gpsHeading": 120, 
    "gpsLatitude": 51.50336366401211, 
    "gpsLongitude": 7.478268456750942, 
    "outsideTemperature": 9.5, 
    "speed": 12.06975, 
    "yawRate": -0.003550491460838713
}