{
    "gpsHeading": 350, 
    "gpsLatitude": 51.50231726721976, 
    "gpsLongitude": 7.4519284936615815, 
    "outsideTemperature": 8.5, 
    "speed": 10.440500000000002, 
    "yawRate": 0.027862311065641465
}