{
    "gpsHeading": 262, 
    "gpsLatitude": 51.51257227429728, 
    "gpsLongitude": 7.470076487501893, 
    "outsideTemperature": 10.5, 
    "speed": 5.935125, 
    "yawRate": -0.005951625431583382
}