{
    "gpsHeading": 356, 
    "gpsLatitude": 51.51749982753579, 
    "gpsLongitude": 7.474817375756701, 
    "outsideTemperature": 10.0, 
    "speed": 6.109687500000001, 
    "yawRate": -0.0010255355181876167
}