{
    "gpsHeading": 303, 
    "gpsLatitude": 51.51183449917982, 
    "gpsLongitude": 7.459090159372356, 
    "outsideTemperature": 11.5, 
    "speed": 9.684062500000001, 
    "yawRate": -0.0059689878501211005
}