{
    "gpsHeading": 87, 
    "gpsLatitude": 51.502505608584094, 
    "gpsLongitude": 7.452856537981133, 
    "outsideTemperature": 8.5, 
    "speed": 8.453812500000002, 
    "yawRate": 0.009361820994501845
}