{
    "gpsHeading": 94, 
    "gpsLatitude": 51.50552594357418, 
    "gpsLongitude": 7.4561767774667995, 
    "outsideTemperature": 8.5, 
    "speed": 7.464625, 
    "yawRate": -0.008428563998792778
}