{
    "gpsHeading": 89, 
    "gpsLatitude": 51.50563256138257, 
    "gpsLongitude": 7.454711788429882, 
    "outsideTemperature": 9.0, 
    "speed": 6.8079375, 
    "yawRate": -0.058519513531029264
}