{
    "gpsHeading": 334, 
    "gpsLatitude": 51.50565728799694, 
    "gpsLongitude": 7.4752446013615526, 
    "outsideTemperature": 10.5, 
    "speed": 7.94675, 
    "yawRate": 0.010723021942198289
}