{
    "gpsHeading": 145, 
    "gpsLatitude": 51.51550920935077, 
    "gpsLongitude": 7.472693988225393, 
    "outsideTemperature": 10.5, 
    "speed": 3.408125, 
    "yawRate": -0.010547301148535517
}