{
    "gpsHeading": 191, 
    "gpsLatitude": 51.510302538736504, 
    "gpsLongitude": 7.468119816024733, 
    "outsideTemperature": 14.5, 
    "speed": 4.3557500000000005, 
    "yawRate": 0.07405372356014134
}