{
    "gpsHeading": 184, 
    "gpsLatitude": 51.51951617816356, 
    "gpsLongitude": 7.469645657678709, 
    "outsideTemperature": 14.5, 
    "speed": 12.585125000000001, 
    "yawRate": 0.005497102044883972
}