{
    "gpsHeading": 63, 
    "gpsLatitude": 51.502597055147724, 
    "gpsLongitude": 7.453627589254181, 
    "outsideTemperature": 8.0, 
    "speed": 9.850312500000001, 
    "yawRate": 0.02262632330965837
}