{
    "gpsHeading": 232, 
    "gpsLatitude": 51.51335170747351, 
    "gpsLongitude": 7.471196225947041, 
    "outsideTemperature": 10.5, 
    "speed": 4.9791875, 
    "yawRate": 0.031032171875731894
}