{
    "gpsHeading": 109, 
    "gpsLatitude": 51.50997338139884, 
    "gpsLongitude": 7.442955414855645, 
    "outsideTemperature": 13.5, 
    "speed": 3.325, 
    "yawRate": 0.16572211554136368
}