{
    "gpsHeading": 348, 
    "gpsLatitude": 51.51831899093308, 
    "gpsLongitude": 7.474678990535304, 
    "outsideTemperature": 10.5, 
    "speed": 12.0365, 
    "yawRate": 0.04852833980886078
}