{
    "gpsHeading": 55, 
    "gpsLatitude": 51.504073443572985, 
    "gpsLongitude": 7.457659033224283, 
    "outsideTemperature": 7.5, 
    "speed": 8.9775, 
    "yawRate": 0.017739401404074803
}