{
    "gpsHeading": 0, 
    "gpsLatitude": 51.511116421534815, 
    "gpsLongitude": 7.446268781180745, 
    "outsideTemperature": 10.0, 
    "speed": 9.567687500000002, 
    "yawRate": 0.008642482861876667
}