{
    "gpsHeading": 77, 
    "gpsLatitude": 51.50125226260234, 
    "gpsLongitude": 7.465975138459337, 
    "outsideTemperature": 9.5, 
    "speed": 10.8311875, 
    "yawRate": -0.01895368378803801
}