{
    "gpsHeading": 90, 
    "gpsLatitude": 51.500832329253264, 
    "gpsLongitude": 7.459961793483528, 
    "outsideTemperature": 15.0, 
    "speed": 8.470437500000001, 
    "yawRate": 0.011589578121862242
}