{
    "gpsHeading": 263, 
    "gpsLatitude": 51.50993063369264, 
    "gpsLongitude": 7.466390964675843, 
    "outsideTemperature": 19.0, 
    "speed": 9.559375, 
    "yawRate": -3.2554824748479106e-05
}