{
    "gpsHeading": 75, 
    "gpsLatitude": 51.52506726117928, 
    "gpsLongitude": 7.466460953567358, 
    "outsideTemperature": 10.0, 
    "speed": 6.8245625, 
    "yawRate": 0.019465867315848397
}