{
    "gpsHeading": 23, 
    "gpsLatitude": 51.51558699341222, 
    "gpsLongitude": 7.455541261568069, 
    "outsideTemperature": 10.5, 
    "speed": 9.160375, 
    "yawRate": -0.09536866664298643
}