{
    "gpsHeading": 259, 
    "gpsLatitude": 51.51305616156756, 
    "gpsLongitude": 7.443672905767427, 
    "outsideTemperature": 10.0, 
    "speed": 8.113000000000001, 
    "yawRate": 0.002588946105070233
}