{
    "gpsHeading": 96, 
    "gpsLatitude": 51.505557878625275, 
    "gpsLongitude": 7.455647376462254, 
    "outsideTemperature": 8.5, 
    "speed": 3.8819375000000003, 
    "yawRate": 0.08512108390810194
}