{
    "gpsHeading": 95, 
    "gpsLatitude": 51.50545788252041, 
    "gpsLongitude": 7.457319817602766, 
    "outsideTemperature": 8.5, 
    "speed": 6.600125, 
    "yawRate": -0.07824173407856479
}