{
    "gpsHeading": 96, 
    "gpsLatitude": 51.517695880251054, 
    "gpsLongitude": 7.4657867970950065, 
    "outsideTemperature": 9.0, 
    "speed": 11.620875000000002, 
    "yawRate": -0.008949557312065119
}