{
    "gpsHeading": 0, 
    "gpsLatitude": 51.50382341140127, 
    "gpsLongitude": 7.477695972764094, 
    "outsideTemperature": 10.0, 
    "speed": 9.3183125, 
    "yawRate": 0.005001621873933515
}