{
    "gpsHeading": 25, 
    "gpsLatitude": 51.50061842308425, 
    "gpsLongitude": 7.452490164993339, 
    "outsideTemperature": 9.0, 
    "speed": 7.838687500000001, 
    "yawRate": 0.2620854966832768
}