{
    "gpsHeading": 98, 
    "gpsLatitude": 51.50549233214244, 
    "gpsLongitude": 7.456744567587871, 
    "outsideTemperature": 8.5, 
    "speed": 8.1711875, 
    "yawRate": -0.02727811992033094
}