{
    "gpsHeading": 321, 
    "gpsLatitude": 51.51295063340658, 
    "gpsLongitude": 7.4615121102948, 
    "outsideTemperature": 10.0, 
    "speed": 2.5602500000000004, 
    "yawRate": 0.0821377799971627
}