{
    "gpsHeading": 175, 
    "gpsLatitude": 51.512000879957846, 
    "gpsLongitude": 7.450646230113871, 
    "outsideTemperature": 10.0, 
    "speed": 10.482062500000001, 
    "yawRate": -0.01401361760517442
}