{
    "gpsHeading": 125, 
    "gpsLatitude": 51.506436218258976, 
    "gpsLongitude": 7.472784848055805, 
    "outsideTemperature": 9.5, 
    "speed": 11.404750000000002, 
    "yawRate": -0.004423156086836062
}