{
    "gpsHeading": 61, 
    "gpsLatitude": 51.514769506395574, 
    "gpsLongitude": 7.459009609282843, 
    "outsideTemperature": 8.5, 
    "speed": 2.3108750000000002, 
    "yawRate": -0.010301722433223102
}