{
    "gpsHeading": 154, 
    "gpsLatitude": 51.5168147745893, 
    "gpsLongitude": 7.461577070044378, 
    "outsideTemperature": 9.5, 
    "speed": 6.6998750000000005, 
    "yawRate": -0.009625825003043766
}