{
    "gpsHeading": 130, 
    "gpsLatitude": 51.50453428060955, 
    "gpsLongitude": 7.476017077558139, 
    "outsideTemperature": 10.0, 
    "speed": 11.3299375, 
    "yawRate": 0.03519581793343424
}