{
    "gpsHeading": 168, 
    "gpsLatitude": 51.52303364383096, 
    "gpsLongitude": 7.4702981888408795, 
    "outsideTemperature": 16.5, 
    "speed": 3.4247500000000004, 
    "yawRate": -0.016271580926189425
}