{
    "gpsHeading": 68, 
    "gpsLatitude": 51.51723948562317, 
    "gpsLongitude": 7.462562865676814, 
    "outsideTemperature": 11.0, 
    "speed": 4.322500000000001, 
    "yawRate": 0.014678400357945993
}