{
    "gpsHeading": 237, 
    "gpsLatitude": 51.51276899756479, 
    "gpsLongitude": 7.461148754792147, 
    "outsideTemperature": 9.5, 
    "speed": 6.28425, 
    "yawRate": 0.06677888257961292
}