{
    "gpsHeading": 270, 
    "gpsLatitude": 51.51261703366022, 
    "gpsLongitude": 7.470710662296115, 
    "outsideTemperature": 10.5, 
    "speed": 6.4338750000000005, 
    "yawRate": 0.017435786545139803
}