{
    "gpsHeading": 340, 
    "gpsLatitude": 51.51898728007323, 
    "gpsLongitude": 7.474378750763568, 
    "outsideTemperature": 10.0, 
    "speed": 13.424687500000001, 
    "yawRate": -0.023728291223703995
}