{
    "gpsHeading": 179, 
    "gpsLatitude": 51.51474838399956, 
    "gpsLongitude": 7.472784848055805, 
    "outsideTemperature": 15.5, 
    "speed": 9.4513125, 
    "yawRate": -0.01310747536476045
}