{
    "gpsHeading": 261, 
    "gpsLatitude": 51.513117265641725, 
    "gpsLongitude": 7.447490946482685, 
    "outsideTemperature": 11.0, 
    "speed": 12.5934375, 
    "yawRate": -0.023241926824445723
}