{
    "gpsHeading": 353, 
    "gpsLatitude": 51.512589792474905, 
    "gpsLongitude": 7.474533480696182, 
    "outsideTemperature": 10.0, 
    "speed": 6.4588125, 
    "yawRate": -0.010624846404156466
}