{
    "gpsHeading": 129, 
    "gpsLatitude": 51.50592785583141, 
    "gpsLongitude": 7.47368732757065, 
    "outsideTemperature": 9.5, 
    "speed": 7.589312500000001, 
    "yawRate": -0.011753538945212399
}