{
    "gpsHeading": 179, 
    "gpsLatitude": 51.51087728583723, 
    "gpsLongitude": 7.442932616079019, 
    "outsideTemperature": 12.5, 
    "speed": 7.622562500000001, 
    "yawRate": 0.0016611658538988714
}