{
    "gpsHeading": 187, 
    "gpsLatitude": 51.51974114844479, 
    "gpsLongitude": 7.469692596336503, 
    "outsideTemperature": 15.0, 
    "speed": 12.651625000000001, 
    "yawRate": 0.00968589224967045
}