{
    "gpsHeading": 172, 
    "gpsLatitude": 51.51213733734152, 
    "gpsLongitude": 7.442901267761156, 
    "outsideTemperature": 14.0, 
    "speed": 6.600125, 
    "yawRate": -0.0159666595912434
}