{
    "gpsHeading": 80, 
    "gpsLatitude": 51.51023481295886, 
    "gpsLongitude": 7.443853703418903, 
    "outsideTemperature": 12.0, 
    "speed": 3.75725, 
    "yawRate": -0.009683474284063683
}