{
    "gpsHeading": 39, 
    "gpsLatitude": 51.50047257796899, 
    "gpsLongitude": 7.4522845569084755, 
    "outsideTemperature": 9.0, 
    "speed": 6.949250000000001, 
    "yawRate": 0.0538677169203567
}