{
    "gpsHeading": 305, 
    "gpsLatitude": 51.5130050319582, 
    "gpsLongitude": 7.456477352514664, 
    "outsideTemperature": 10.0, 
    "speed": 2.6683125, 
    "yawRate": -0.07365717428061612
}