{
    "gpsHeading": 353, 
    "gpsLatitude": 51.512508404195074, 
    "gpsLongitude": 7.468182345022425, 
    "outsideTemperature": 13.0, 
    "speed": 6.517, 
    "yawRate": -0.0019387201321251608
}