{
    "gpsHeading": 343, 
    "gpsLatitude": 51.52317035267174, 
    "gpsLongitude": 7.461577070044378, 
    "outsideTemperature": 10.0, 
    "speed": 11.305000000000001, 
    "yawRate": -0.005841406838068752
}