{
    "gpsHeading": 193, 
    "gpsLatitude": 51.50750952096054, 
    "gpsLongitude": 7.46789484574351, 
    "outsideTemperature": 11.5, 
    "speed": 0.0, 
    "yawRate": -0.00010356951348177833
}