{
    "gpsHeading": 46, 
    "gpsLatitude": 51.51001177051537, 
    "gpsLongitude": 7.462462869571911, 
    "outsideTemperature": 8.0, 
    "speed": 9.501187500000002, 
    "yawRate": 0.003019312719454775
}