{
    "gpsHeading": 357, 
    "gpsLatitude": 51.503799522977225, 
    "gpsLongitude": 7.466934279639655, 
    "outsideTemperature": 9.5, 
    "speed": 11.205250000000001, 
    "yawRate": -0.10133322448216844
}