{
    "gpsHeading": 33, 
    "gpsLatitude": 51.51202644476251, 
    "gpsLongitude": 7.461495681764548, 
    "outsideTemperature": 9.0, 
    "speed": 5.1953125, 
    "yawRate": -0.01600477612728266
}