{
    "gpsHeading": 190, 
    "gpsLatitude": 51.517709207477104, 
    "gpsLongitude": 7.469201500629452, 
    "outsideTemperature": 11.5, 
    "speed": 8.329125, 
    "yawRate": -0.023475363538220856
}