{
    "gpsHeading": 59, 
    "gpsLatitude": 51.51232400232524, 
    "gpsLongitude": 7.44947955301096, 
    "outsideTemperature": 9.5, 
    "speed": 8.5868125, 
    "yawRate": -0.01788652176843737
}