{
    "gpsHeading": 132, 
    "gpsLatitude": 51.50629783303757, 
    "gpsLongitude": 7.473031527466243, 
    "outsideTemperature": 9.5, 
    "speed": 11.221875, 
    "yawRate": -0.005644886563231952
}