{
    "gpsHeading": 73, 
    "gpsLatitude": 51.51677672074889, 
    "gpsLongitude": 7.4602932139350635, 
    "outsideTemperature": 11.5, 
    "speed": 10.781312500000002, 
    "yawRate": 0.036276334324406245
}