{
    "gpsHeading": 26, 
    "gpsLatitude": 51.50446814739349, 
    "gpsLongitude": 7.458823447213338, 
    "outsideTemperature": 7.5, 
    "speed": 5.835375, 
    "yawRate": 0.04473831322078363
}