{
    "gpsHeading": 120, 
    "gpsLatitude": 51.50479034775154, 
    "gpsLongitude": 7.475590438686543, 
    "outsideTemperature": 10.0, 
    "speed": 10.257624999999999, 
    "yawRate": -0.003550491460838713
}