{
    "gpsHeading": 252, 
    "gpsLatitude": 51.52053508231353, 
    "gpsLongitude": 7.466281245563294, 
    "outsideTemperature": 12.0, 
    "speed": 8.7696875, 
    "yawRate": -0.0021762154088810796
}