{
    "gpsHeading": 173, 
    "gpsLatitude": 51.501300626183664, 
    "gpsLongitude": 7.458805090845393, 
    "outsideTemperature": 9.5, 
    "speed": 7.788812500000001, 
    "yawRate": -0.008273670368336199
}