{
    "gpsHeading": 204, 
    "gpsLatitude": 51.51514836841908, 
    "gpsLongitude": 7.4559701635535225, 
    "outsideTemperature": 12.0, 
    "speed": 3.2668125000000003, 
    "yawRate": -0.015432586901647775
}