{
    "gpsHeading": 128, 
    "gpsLatitude": 51.51638671079415, 
    "gpsLongitude": 7.470572360893751, 
    "outsideTemperature": 11.0, 
    "speed": 2.8345625, 
    "yawRate": 0.006905991371407483
}