{
    "gpsHeading": 290, 
    "gpsLatitude": 51.503930615942885, 
    "gpsLongitude": 7.477509559237492, 
    "outsideTemperature": 10.0, 
    "speed": 7.389812500000001, 
    "yawRate": 0.0161717290866968
}