{
    "gpsHeading": 90, 
    "gpsLatitude": 51.51316227646177, 
    "gpsLongitude": 7.460524889738824, 
    "outsideTemperature": 10.0, 
    "speed": 2.1196875, 
    "yawRate": 0.021400322027760724
}