{
    "gpsHeading": 219, 
    "gpsLatitude": 51.51194899597717, 
    "gpsLongitude": 7.468232049708234, 
    "outsideTemperature": 14.5, 
    "speed": 4.613437500000001, 
    "yawRate": 0.22996633104453598
}