{
    "gpsHeading": 289, 
    "gpsLatitude": 51.5151317722508, 
    "gpsLongitude": 7.4714237107992165, 
    "outsideTemperature": 9.5, 
    "speed": 6.167875, 
    "yawRate": 0.0037643987178176234
}