{
    "gpsHeading": 58, 
    "gpsLatitude": 51.50287089192446, 
    "gpsLongitude": 7.454400400726927, 
    "outsideTemperature": 8.0, 
    "speed": 10.340750000000002, 
    "yawRate": 0.0029041027621228557
}