{
    "gpsHeading": 59, 
    "gpsLatitude": 51.51261032813769, 
    "gpsLongitude": 7.471442653900385, 
    "outsideTemperature": 10.5, 
    "speed": 7.2568125, 
    "yawRate": -0.003525347313754575
}