{
    "gpsHeading": 170, 
    "gpsLatitude": 51.51593115435659, 
    "gpsLongitude": 7.468630944480332, 
    "outsideTemperature": 8.0, 
    "speed": 5.7688749999999995, 
    "yawRate": -0.022737658402820448
}