{
    "gpsHeading": 10, 
    "gpsLatitude": 51.51258870282749, 
    "gpsLongitude": 7.46159458822204, 
    "outsideTemperature": 10.5, 
    "speed": 2.0365625, 
    "yawRate": 0.001503568555025942
}