{
    "gpsHeading": 13, 
    "gpsLatitude": 51.51129311205373, 
    "gpsLongitude": 7.463615381258494, 
    "outsideTemperature": 9.0, 
    "speed": 2.2360625, 
    "yawRate": 0.007033569999041983
}