{
    "gpsHeading": 110, 
    "gpsLatitude": 51.516380927280956, 
    "gpsLongitude": 7.471530663883719, 
    "outsideTemperature": 10.5, 
    "speed": 11.97, 
    "yawRate": -0.04074149720803623
}