{
    "gpsHeading": 168, 
    "gpsLatitude": 51.500913717533095, 
    "gpsLongitude": 7.458851526588963, 
    "outsideTemperature": 19.0, 
    "speed": 6.001625000000001, 
    "yawRate": 0.2072409872704239
}