{
    "gpsHeading": 94, 
    "gpsLatitude": 51.505365597766435, 
    "gpsLongitude": 7.4591273750224705, 
    "outsideTemperature": 8.5, 
    "speed": 3.8320625, 
    "yawRate": 0.045676642813030924
}