{
    "gpsHeading": 59, 
    "gpsLatitude": 51.50305336595659, 
    "gpsLongitude": 7.454920162542794, 
    "outsideTemperature": 7.5, 
    "speed": 9.80875, 
    "yawRate": 0.00883822221890304
}