{
    "gpsHeading": 0, 
    "gpsLatitude": 51.51123393581732, 
    "gpsLongitude": 7.4745312175823235, 
    "outsideTemperature": 9.5, 
    "speed": 12.0780625, 
    "yawRate": 0.006253960763663101
}