{
    "gpsHeading": 46, 
    "gpsLatitude": 51.49989674122088, 
    "gpsLongitude": 7.451387609449691, 
    "outsideTemperature": 7.5, 
    "speed": 12.884375, 
    "yawRate": -0.0005774527170021197
}