{
    "gpsHeading": 109, 
    "gpsLatitude": 51.51617565447221, 
    "gpsLongitude": 7.471397056347132, 
    "outsideTemperature": 10.0, 
    "speed": 2.0033125000000003, 
    "yawRate": -0.019972079109304104
}