{
    "gpsHeading": 244, 
    "gpsLatitude": 51.52030365796687, 
    "gpsLongitude": 7.465433164600033, 
    "outsideTemperature": 12.5, 
    "speed": 4.663312500000001, 
    "yawRate": 0.015975208811859997
}