{
    "gpsHeading": 94, 
    "gpsLatitude": 51.505542288285376, 
    "gpsLongitude": 7.455901515766547, 
    "outsideTemperature": 8.5, 
    "speed": 6.259312500000001, 
    "yawRate": 0.0069303334187569825
}