{
    "gpsHeading": 24, 
    "gpsLatitude": 51.50811427527462, 
    "gpsLongitude": 7.468109841559959, 
    "outsideTemperature": 15.5, 
    "speed": 7.697375, 
    "yawRate": -0.09954360032052521
}