{
    "gpsHeading": 306, 
    "gpsLatitude": 51.51041728699097, 
    "gpsLongitude": 7.461673461930918, 
    "outsideTemperature": 14.0, 
    "speed": 12.285875, 
    "yawRate": -0.03371972295683004
}