{
    "gpsHeading": 309, 
    "gpsLatitude": 51.51336344213797, 
    "gpsLongitude": 7.4558659764970665, 
    "outsideTemperature": 9.5, 
    "speed": 6.0265625, 
    "yawRate": -0.042939379445516596
}