{
    "gpsHeading": 196, 
    "gpsLatitude": 51.52198230171573, 
    "gpsLongitude": 7.470113451694912, 
    "outsideTemperature": 19.0, 
    "speed": 4.106375000000001, 
    "yawRate": 0.01064603542023216
}