{
    "gpsHeading": 75, 
    "gpsLatitude": 51.514447306037525, 
    "gpsLongitude": 7.456668711364136, 
    "outsideTemperature": 8.5, 
    "speed": 7.190312500000001, 
    "yawRate": 0.0013919835551389845
}