{
    "gpsHeading": 97, 
    "gpsLatitude": 51.501087558204965, 
    "gpsLongitude": 7.464643170225819, 
    "outsideTemperature": 9.5, 
    "speed": 6.4421875, 
    "yawRate": 0.08541700548122146
}