{
    "gpsHeading": 0, 
    "gpsLatitude": 51.51046506383907, 
    "gpsLongitude": 7.474510095186332, 
    "outsideTemperature": 9.5, 
    "speed": 11.6956875, 
    "yawRate": -0.005439745224698987
}