{
    "gpsHeading": 356, 
    "gpsLatitude": 51.51812729680748, 
    "gpsLongitude": 7.474753757111628, 
    "outsideTemperature": 10.5, 
    "speed": 10.773, 
    "yawRate": 0.030900514363717515
}