{
    "gpsHeading": 127, 
    "gpsLatitude": 51.50815786117113, 
    "gpsLongitude": 7.469792340984277, 
    "outsideTemperature": 11.5, 
    "speed": 11.122125, 
    "yawRate": -0.010357275543617237
}