{
    "gpsHeading": 257, 
    "gpsLatitude": 51.513376182630786, 
    "gpsLongitude": 7.451910975483954, 
    "outsideTemperature": 11.5, 
    "speed": 11.861937500000002, 
    "yawRate": 0.009221197262648492
}