{
    "gpsHeading": 255, 
    "gpsLatitude": 51.51526814581544, 
    "gpsLongitude": 7.45692595197257, 
    "outsideTemperature": 8.5, 
    "speed": 3.7489375, 
    "yawRate": -0.044415064207148296
}