{
    "gpsHeading": 93, 
    "gpsLatitude": 51.51764760048878, 
    "gpsLongitude": 7.4662912200280696, 
    "outsideTemperature": 8.5, 
    "speed": 11.2468125, 
    "yawRate": -0.042110813099957414
}