{
    "gpsHeading": 356, 
    "gpsLatitude": 51.51506899179601, 
    "gpsLongitude": 7.457777888611289, 
    "outsideTemperature": 8.5, 
    "speed": 4.638375, 
    "yawRate": 0.01832167729948318
}