{
    "gpsHeading": 226, 
    "gpsLatitude": 51.512417292907564, 
    "gpsLongitude": 7.469270399873555, 
    "outsideTemperature": 13.0, 
    "speed": 3.5660625, 
    "yawRate": 0.003822218379583745
}