{
    "gpsHeading": 176, 
    "gpsLatitude": 51.50037316859735, 
    "gpsLongitude": 7.452159834189216, 
    "outsideTemperature": 9.0, 
    "speed": 0.0, 
    "yawRate": -0.0004885954984382011
}