{
    "gpsHeading": 146, 
    "gpsLatitude": 51.51556645774945, 
    "gpsLongitude": 7.464014024573498, 
    "outsideTemperature": 14.5, 
    "speed": 1.7040625, 
    "yawRate": 0.03502863901694414
}