{
    "gpsHeading": 279, 
    "gpsLatitude": 51.52091838674571, 
    "gpsLongitude": 7.471932911417119, 
    "outsideTemperature": 8.5, 
    "speed": 10.157875, 
    "yawRate": -0.008534665813515377
}