{
    "gpsHeading": 0, 
    "gpsLatitude": 51.507960634989416, 
    "gpsLongitude": 7.470162066733306, 
    "outsideTemperature": 11.0, 
    "speed": 11.27175, 
    "yawRate": 0.0008128316691470372
}