{
    "gpsHeading": 186, 
    "gpsLatitude": 51.516602041886706, 
    "gpsLongitude": 7.468803192590574, 
    "outsideTemperature": 14.5, 
    "speed": 6.134625000000001, 
    "yawRate": 0.0074224348631269635
}