{
    "gpsHeading": 61, 
    "gpsLatitude": 51.51150726967985, 
    "gpsLongitude": 7.447248458023831, 
    "outsideTemperature": 10.0, 
    "speed": 9.509500000000001, 
    "yawRate": 0.007071686535081241
}