{
    "gpsHeading": 331, 
    "gpsLatitude": 51.51370005936947, 
    "gpsLongitude": 7.455718203544086, 
    "outsideTemperature": 9.5, 
    "speed": 7.996625, 
    "yawRate": -0.002098674948849417
}