{
    "gpsHeading": 83, 
    "gpsLatitude": 51.50097004392244, 
    "gpsLongitude": 7.463487054320872, 
    "outsideTemperature": 10.0, 
    "speed": 8.528625, 
    "yawRate": -0.017382887461242585
}