{
    "gpsHeading": 173, 
    "gpsLatitude": 51.50180538439286, 
    "gpsLongitude": 7.458848173827694, 
    "outsideTemperature": 9.5, 
    "speed": 9.4180625, 
    "yawRate": -0.010368065470729437
}