{
    "gpsHeading": 269, 
    "gpsLatitude": 51.51170675897542, 
    "gpsLongitude": 7.4630545481170545, 
    "outsideTemperature": 8.5, 
    "speed": 5.586, 
    "yawRate": 0.03268991000335867
}