{
    "gpsHeading": 16, 
    "gpsLatitude": 51.51698283174795, 
    "gpsLongitude": 7.461525688977937, 
    "outsideTemperature": 12.0, 
    "speed": 5.802125, 
    "yawRate": -0.25468140210221635
}