{
    "gpsHeading": 255, 
    "gpsLatitude": 51.51522288353831, 
    "gpsLongitude": 7.4565623450128555, 
    "outsideTemperature": 14.0, 
    "speed": 5.1288124999999996, 
    "yawRate": -0.008800335744069514
}