{
    "gpsHeading": 3, 
    "gpsLatitude": 51.51634815403955, 
    "gpsLongitude": 7.469316835617158, 
    "outsideTemperature": 10.0, 
    "speed": 5.61925, 
    "yawRate": 0.02296302048975532
}