{
    "gpsHeading": 121, 
    "gpsLatitude": 51.51619870470593, 
    "gpsLongitude": 7.471964846468204, 
    "outsideTemperature": 10.5, 
    "speed": 12.502, 
    "yawRate": -0.08524739313389108
}