{
    "gpsHeading": 55, 
    "gpsLatitude": 51.504196992825776, 
    "gpsLongitude": 7.457990118399692, 
    "outsideTemperature": 7.5, 
    "speed": 8.528625, 
    "yawRate": 0.049329860865171674
}