{
    "gpsHeading": 29, 
    "gpsLatitude": 51.51015392759323, 
    "gpsLongitude": 7.4626095528774785, 
    "outsideTemperature": 8.0, 
    "speed": 9.467937500000001, 
    "yawRate": -0.004834668914519377
}