{
    "gpsHeading": 289, 
    "gpsLatitude": 51.511792841121036, 
    "gpsLongitude": 7.46194872363117, 
    "outsideTemperature": 9.5, 
    "speed": 5.502875, 
    "yawRate": 0.007382635849440525
}