{
    "gpsHeading": 203, 
    "gpsLatitude": 51.5118278774763, 
    "gpsLongitude": 7.459762890921201, 
    "outsideTemperature": 9.0, 
    "speed": 4.788, 
    "yawRate": 0.008310352637803473
}