{
    "gpsHeading": 4, 
    "gpsLatitude": 51.50775452399034, 
    "gpsLongitude": 7.460754302428729, 
    "outsideTemperature": 8.5, 
    "speed": 9.343250000000001, 
    "yawRate": -0.02839578727719481
}