{
    "gpsHeading": 170, 
    "gpsLatitude": 51.511557812556, 
    "gpsLongitude": 7.468214531530604, 
    "outsideTemperature": 13.5, 
    "speed": 9.750562500000001, 
    "yawRate": 0.0018517978088810826
}