{
    "gpsHeading": 176, 
    "gpsLatitude": 51.52098535815209, 
    "gpsLongitude": 7.469940365394353, 
    "outsideTemperature": 19.5, 
    "speed": 11.055625000000001, 
    "yawRate": 0.011605754426864418
}