{
    "gpsHeading": 353, 
    "gpsLatitude": 51.51624203914536, 
    "gpsLongitude": 7.461731213243769, 
    "outsideTemperature": 11.0, 
    "speed": 6.982500000000001, 
    "yawRate": -0.00195772641344141
}