{
    "gpsHeading": 140, 
    "gpsLatitude": 51.515171502471844, 
    "gpsLongitude": 7.464163725364207, 
    "outsideTemperature": 15.5, 
    "speed": 0.0, 
    "yawRate": -0.0023912708304240833
}