{
    "gpsHeading": 246, 
    "gpsLatitude": 51.519888167026465, 
    "gpsLongitude": 7.464211502212285, 
    "outsideTemperature": 12.0, 
    "speed": 9.3765, 
    "yawRate": -0.057328619771901394
}