{
    "gpsHeading": 123, 
    "gpsLatitude": 51.52369422162017, 
    "gpsLongitude": 7.469366205026872, 
    "outsideTemperature": 9.5, 
    "speed": 7.7638750000000005, 
    "yawRate": -0.0033979458852769705
}