{
    "gpsHeading": 64, 
    "gpsLatitude": 51.51460698129301, 
    "gpsLongitude": 7.45782072013653, 
    "outsideTemperature": 8.5, 
    "speed": 5.6109375, 
    "yawRate": 0.020067006551477876
}