{
    "gpsHeading": 355, 
    "gpsLatitude": 51.51293504306669, 
    "gpsLongitude": 7.468166503225432, 
    "outsideTemperature": 12.0, 
    "speed": 2.3856875000000004, 
    "yawRate": -0.1804859026111414
}