{
    "gpsHeading": 54, 
    "gpsLatitude": 51.510559276430776, 
    "gpsLongitude": 7.4448835040429895, 
    "outsideTemperature": 10.5, 
    "speed": 6.367375, 
    "yawRate": 0.02190698517703319
}