{
    "gpsHeading": 155, 
    "gpsLatitude": 51.515617000625596, 
    "gpsLongitude": 7.472653168356915, 
    "outsideTemperature": 10.0, 
    "speed": 7.265125, 
    "yawRate": -0.021193809585700985
}