{
    "gpsHeading": 349, 
    "gpsLatitude": 51.51643004523356, 
    "gpsLongitude": 7.461685699509548, 
    "outsideTemperature": 9.5, 
    "speed": 5.719, 
    "yawRate": -0.0044644900419905115
}