{
    "gpsHeading": 258, 
    "gpsLatitude": 51.509966759695324, 
    "gpsLongitude": 7.465154550138513, 
    "outsideTemperature": 16.5, 
    "speed": 7.988312500000001, 
    "yawRate": -0.04261858857340936
}