{
    "gpsHeading": 28, 
    "gpsLatitude": 51.50469948792113, 
    "gpsLongitude": 7.467598461647232, 
    "outsideTemperature": 9.5, 
    "speed": 9.3848125, 
    "yawRate": -0.0032457205200887127
}