{
    "gpsHeading": 133, 
    "gpsLatitude": 51.52356086554067, 
    "gpsLongitude": 7.469618500312434, 
    "outsideTemperature": 9.5, 
    "speed": 7.0240625, 
    "yawRate": 0.0107392210558769
}