{
    "gpsHeading": 327, 
    "gpsLatitude": 51.515351210475906, 
    "gpsLongitude": 7.469113742103212, 
    "outsideTemperature": 10.0, 
    "speed": 4.5303125, 
    "yawRate": -0.14197059382370583
}