{
    "gpsHeading": 306, 
    "gpsLatitude": 51.51275483214844, 
    "gpsLongitude": 7.456989570617676, 
    "outsideTemperature": 10.5, 
    "speed": 7.015750000000001, 
    "yawRate": 0.014831018795494779
}