{
    "gpsHeading": 4, 
    "gpsLatitude": 51.515213411987716, 
    "gpsLongitude": 7.474530714668134, 
    "outsideTemperature": 9.0, 
    "speed": 13.3, 
    "yawRate": -0.011148445179754279
}