{
    "gpsHeading": 37, 
    "gpsLatitude": 51.51547844776611, 
    "gpsLongitude": 7.458419607118367, 
    "outsideTemperature": 8.0, 
    "speed": 3.5078750000000003, 
    "yawRate": -0.003145872500046037
}