{
    "gpsHeading": 334, 
    "gpsLatitude": 51.52109725655947, 
    "gpsLongitude": 7.462690689700213, 
    "outsideTemperature": 10.5, 
    "speed": 8.7530625, 
    "yawRate": 0.0765381338560617
}