{
    "gpsHeading": 77, 
    "gpsLatitude": 51.51647312821588, 
    "gpsLongitude": 7.458220956013136, 
    "outsideTemperature": 8.5, 
    "speed": 10.864437500000001, 
    "yawRate": -0.00530967724008012
}