{
    "gpsHeading": 17, 
    "gpsLatitude": 51.50955705226813, 
    "gpsLongitude": 7.462037655623852, 
    "outsideTemperature": 8.0, 
    "speed": 6.6998750000000005, 
    "yawRate": 0.03722859259779071
}