{
    "gpsHeading": 187, 
    "gpsLatitude": 51.51257504032532, 
    "gpsLongitude": 7.472560380688773, 
    "outsideTemperature": 15.0, 
    "speed": 0.0, 
    "yawRate": -0.0007162952878420922
}