{
    "gpsHeading": 27, 
    "gpsLatitude": 51.515493367553766, 
    "gpsLongitude": 7.464341505530542, 
    "outsideTemperature": 13.5, 
    "speed": 4.6217500000000005, 
    "yawRate": -5.247894814112844e-05
}