{
    "gpsHeading": 258, 
    "gpsLatitude": 51.51352286593636, 
    "gpsLongitude": 7.4532345618143, 
    "outsideTemperature": 13.5, 
    "speed": 11.7289375, 
    "yawRate": 0.006603203384657441
}