{
    "gpsHeading": 103, 
    "gpsLatitude": 51.50845675983834, 
    "gpsLongitude": 7.468929591690467, 
    "outsideTemperature": 12.5, 
    "speed": 8.9026875, 
    "yawRate": -0.0361881484731322
}