{
    "gpsHeading": 182, 
    "gpsLatitude": 51.516491987498036, 
    "gpsLongitude": 7.463482108997999, 
    "outsideTemperature": 10.5, 
    "speed": 2.527, 
    "yawRate": 0.02951369899989794
}