{
    "gpsHeading": 62, 
    "gpsLatitude": 51.516887026594674, 
    "gpsLongitude": 7.460891765640808, 
    "outsideTemperature": 10.5, 
    "speed": 10.124625000000002, 
    "yawRate": -0.017130740786619372
}