{
    "gpsHeading": 135, 
    "gpsLatitude": 51.51600365781906, 
    "gpsLongitude": 7.472291237777836, 
    "outsideTemperature": 12.0, 
    "speed": 8.6865625, 
    "yawRate": -0.10985653558701115
}