{
    "gpsHeading": 331, 
    "gpsLatitude": 51.51645669968566, 
    "gpsLongitude": 7.474754008568723, 
    "outsideTemperature": 9.5, 
    "speed": 13.8735625, 
    "yawRate": 0.021140145982139678
}