{
    "gpsHeading": 131, 
    "gpsLatitude": 51.5075542803235, 
    "gpsLongitude": 7.470853489926226, 
    "outsideTemperature": 10.5, 
    "speed": 10.5319375, 
    "yawRate": 0.00011469996834895984
}