{
    "gpsHeading": 63, 
    "gpsLatitude": 51.51729698547896, 
    "gpsLongitude": 7.462792865099939, 
    "outsideTemperature": 11.0, 
    "speed": 4.0066250000000005, 
    "yawRate": -0.32723160010773694
}