{
    "gpsHeading": 73, 
    "gpsLatitude": 51.516846709640404, 
    "gpsLongitude": 7.469652111744152, 
    "outsideTemperature": 11.5, 
    "speed": 5.6940625, 
    "yawRate": -0.04510482033802198
}