{
    "gpsHeading": 275, 
    "gpsLatitude": 51.51342622259274, 
    "gpsLongitude": 7.471999044633142, 
    "outsideTemperature": 11.0, 
    "speed": 6.600125, 
    "yawRate": 0.010786352552598567
}