{
    "gpsHeading": 347, 
    "gpsLatitude": 51.50743450292713, 
    "gpsLongitude": 7.474801533959706, 
    "outsideTemperature": 11.0, 
    "speed": 10.548562500000001, 
    "yawRate": 0.031386701992380986
}