{
    "gpsHeading": 80, 
    "gpsLatitude": 51.52453920127925, 
    "gpsLongitude": 7.462070680322381, 
    "outsideTemperature": 11.0, 
    "speed": 7.48125, 
    "yawRate": 0.0018380418707061282
}