{
    "gpsHeading": 163, 
    "gpsLatitude": 51.5056128639101, 
    "gpsLongitude": 7.451189042163491, 
    "outsideTemperature": 10.0, 
    "speed": 6.8411875, 
    "yawRate": 0.07674350349852899
}