{
    "gpsHeading": 113, 
    "gpsLatitude": 51.5241692240731, 
    "gpsLongitude": 7.468493481268286, 
    "outsideTemperature": 10.0, 
    "speed": 6.741437500000001, 
    "yawRate": -0.106197838827741
}