{
    "gpsHeading": 91, 
    "gpsLatitude": 51.5166864476517, 
    "gpsLongitude": 7.4597898806494145, 
    "outsideTemperature": 12.5, 
    "speed": 7.564375, 
    "yawRate": 0.01829944302886444
}