{
    "gpsHeading": 16, 
    "gpsLatitude": 51.510293989195276, 
    "gpsLongitude": 7.462769814866185, 
    "outsideTemperature": 8.0, 
    "speed": 8.528625, 
    "yawRate": -0.006056399390915268
}