{
    "gpsHeading": 24, 
    "gpsLatitude": 51.51546369561652, 
    "gpsLongitude": 7.455470685943331, 
    "outsideTemperature": 11.0, 
    "speed": 9.1686875, 
    "yawRate": -0.09048174473740188
}