{
    "gpsHeading": 99, 
    "gpsLatitude": 51.5248186539311, 
    "gpsLongitude": 7.46444678223441, 
    "outsideTemperature": 10.5, 
    "speed": 6.741437500000001, 
    "yawRate": -0.008284867790861527
}