{
    "gpsHeading": 147, 
    "gpsLatitude": 51.512060056194244, 
    "gpsLongitude": 7.468581826527747, 
    "outsideTemperature": 16.5, 
    "speed": 0.0, 
    "yawRate": -0.0005539093265386053
}