{
    "gpsHeading": 332, 
    "gpsLatitude": 51.52064094575062, 
    "gpsLongitude": 7.473603173262775, 
    "outsideTemperature": 9.0, 
    "speed": 7.9550625, 
    "yawRate": 0.22307052592612892
}