{
    "gpsHeading": 276, 
    "gpsLatitude": 51.52084923604452, 
    "gpsLongitude": 7.472874534419774, 
    "outsideTemperature": 8.5, 
    "speed": 11.230187500000001, 
    "yawRate": 0.00630063282843657
}