{
    "gpsHeading": 178, 
    "gpsLatitude": 51.51181983084925, 
    "gpsLongitude": 7.450642877352601, 
    "outsideTemperature": 10.0, 
    "speed": 10.5984375, 
    "yawRate": 0.000123549335979451
}