{
    "gpsHeading": 259, 
    "gpsLatitude": 51.51332144880306, 
    "gpsLongitude": 7.451246542019281, 
    "outsideTemperature": 11.5, 
    "speed": 11.255125, 
    "yawRate": -0.004915969678505377
}