{
    "gpsHeading": 185, 
    "gpsLatitude": 51.516270034701954, 
    "gpsLongitude": 7.468712332760161, 
    "outsideTemperature": 8.0, 
    "speed": 6.101375000000001, 
    "yawRate": 0.029796752082207827
}