{
    "gpsHeading": 52, 
    "gpsLatitude": 51.51735289277313, 
    "gpsLongitude": 7.463013979705671, 
    "outsideTemperature": 9.5, 
    "speed": 7.838687500000001, 
    "yawRate": 0.01967384242064116
}