{
    "gpsHeading": 169, 
    "gpsLatitude": 51.5094067647442, 
    "gpsLongitude": 7.450660144073135, 
    "outsideTemperature": 9.0, 
    "speed": 10.1163125, 
    "yawRate": 0.003963273690366396
}