{
    "gpsHeading": 185, 
    "gpsLatitude": 51.522310034129866, 
    "gpsLongitude": 7.470178159987428, 
    "outsideTemperature": 14.0, 
    "speed": 3.6575, 
    "yawRate": -0.011210126095405597
}