{
    "gpsHeading": 321, 
    "gpsLatitude": 51.51161145673632, 
    "gpsLongitude": 7.4698329093956275, 
    "outsideTemperature": 10.5, 
    "speed": 5.120500000000001, 
    "yawRate": 0.0062874740001947396
}