{
    "gpsHeading": 213, 
    "gpsLatitude": 51.512527263477224, 
    "gpsLongitude": 7.469540380974842, 
    "outsideTemperature": 11.5, 
    "speed": 3.9151875000000005, 
    "yawRate": 0.04640825212824562
}