{
    "gpsHeading": 176, 
    "gpsLatitude": 51.51101785035347, 
    "gpsLongitude": 7.442928760403559, 
    "outsideTemperature": 12.5, 
    "speed": 7.780500000000001, 
    "yawRate": 0.0006139683027022516
}