{
    "gpsHeading": 193, 
    "gpsLatitude": 51.513003104120465, 
    "gpsLongitude": 7.470851226812368, 
    "outsideTemperature": 10.5, 
    "speed": 6.533625000000001, 
    "yawRate": -0.003350814388555304
}