{
    "gpsHeading": 280, 
    "gpsLatitude": 51.513059262871735, 
    "gpsLongitude": 7.444088731983933, 
    "outsideTemperature": 10.0, 
    "speed": 9.758875, 
    "yawRate": 0.003636143656266852
}