{
    "gpsHeading": 312, 
    "gpsLatitude": 51.503640099178824, 
    "gpsLongitude": 7.4780148203608725, 
    "outsideTemperature": 10.0, 
    "speed": 10.041500000000001, 
    "yawRate": -0.01070634139401578
}