{
    "gpsHeading": 222, 
    "gpsLatitude": 51.51153425940808, 
    "gpsLongitude": 7.471664271420339, 
    "outsideTemperature": 12.5, 
    "speed": 8.87775, 
    "yawRate": -0.003311836885774109
}