{
    "gpsHeading": 73, 
    "gpsLatitude": 51.51766143062901, 
    "gpsLongitude": 7.46434485829181, 
    "outsideTemperature": 9.0, 
    "speed": 8.445500000000001, 
    "yawRate": -0.03949281922196537
}