{
    "gpsHeading": 98, 
    "gpsLatitude": 51.512586774989764, 
    "gpsLongitude": 7.472154277479947, 
    "outsideTemperature": 13.0, 
    "speed": 3.7156875000000005, 
    "yawRate": 0.06349529596282612
}