{
    "gpsHeading": 190, 
    "gpsLatitude": 51.51677311653053, 
    "gpsLongitude": 7.468852059086097, 
    "outsideTemperature": 15.5, 
    "speed": 6.309187500000001, 
    "yawRate": -0.00287500772363897
}