{
    "gpsHeading": 190, 
    "gpsLatitude": 51.51540150189497, 
    "gpsLongitude": 7.472723995438747, 
    "outsideTemperature": 16.5, 
    "speed": 0.0, 
    "yawRate": -0.0005085618073859339
}