{
    "gpsHeading": 342, 
    "gpsLatitude": 51.51633147405223, 
    "gpsLongitude": 7.474730706877874, 
    "outsideTemperature": 9.5, 
    "speed": 13.940062500000002, 
    "yawRate": 0.009970038769376395
}