{
    "gpsHeading": 256, 
    "gpsLatitude": 51.52103506283792, 
    "gpsLongitude": 7.469050710191361, 
    "outsideTemperature": 8.5, 
    "speed": 11.60425, 
    "yawRate": 0.022881260722382224
}