{
    "gpsHeading": 341, 
    "gpsLatitude": 51.507721750748935, 
    "gpsLongitude": 7.474704890616105, 
    "outsideTemperature": 10.5, 
    "speed": 10.8810625, 
    "yawRate": -0.0026472184215076706
}