{
    "gpsHeading": 157, 
    "gpsLatitude": 51.51716145010461, 
    "gpsLongitude": 7.4630537099267364, 
    "outsideTemperature": 10.5, 
    "speed": 5.8270625, 
    "yawRate": -0.01603939447715353
}