{
    "gpsHeading": 173, 
    "gpsLatitude": 51.507539276716805, 
    "gpsLongitude": 7.450811772701575, 
    "outsideTemperature": 11.0, 
    "speed": 8.0714375, 
    "yawRate": -0.02064586876275268
}