{
    "gpsHeading": 177, 
    "gpsLatitude": 51.50257643566593, 
    "gpsLongitude": 7.458784052268433, 
    "outsideTemperature": 10.0, 
    "speed": 12.4936875, 
    "yawRate": 0.00673616119881502
}