{
    "gpsHeading": 259, 
    "gpsLatitude": 51.51326730170853, 
    "gpsLongitude": 7.450588143524858, 
    "outsideTemperature": 11.0, 
    "speed": 11.438, 
    "yawRate": -0.0043923709029075626
}