{
    "gpsHeading": 189, 
    "gpsLatitude": 51.51640506716212, 
    "gpsLongitude": 7.468742926706771, 
    "outsideTemperature": 14.0, 
    "speed": 3.5993125000000004, 
    "yawRate": 0.012832955544309334
}