{
    "gpsHeading": 68, 
    "gpsLatitude": 51.51683254422402, 
    "gpsLongitude": 7.460594040440023, 
    "outsideTemperature": 11.0, 
    "speed": 10.9309375, 
    "yawRate": 0.020044772280859137
}