{
    "gpsHeading": 321, 
    "gpsLatitude": 51.51351616041382, 
    "gpsLongitude": 7.455767321496705, 
    "outsideTemperature": 9.5, 
    "speed": 6.533625000000001, 
    "yawRate": -0.05934547441426298
}