{
    "gpsHeading": 0, 
    "gpsLatitude": 51.50603983805783, 
    "gpsLongitude": 7.473489011741545, 
    "outsideTemperature": 9.5, 
    "speed": 9.3848125, 
    "yawRate": -0.0026778268348413648
}