{
    "gpsHeading": 158, 
    "gpsLatitude": 51.51536755518711, 
    "gpsLongitude": 7.472732628799014, 
    "outsideTemperature": 10.5, 
    "speed": 6.167875, 
    "yawRate": -0.029745922920472224
}