{
    "gpsHeading": 269, 
    "gpsLatitude": 51.515201174409086, 
    "gpsLongitude": 7.46979150279396, 
    "outsideTemperature": 9.5, 
    "speed": 6.01825, 
    "yawRate": -0.07023756156674087
}