{
    "gpsHeading": 304, 
    "gpsLatitude": 51.512182264342535, 
    "gpsLongitude": 7.4583029310261875, 
    "outsideTemperature": 9.5, 
    "speed": 3.4829375000000002, 
    "yawRate": 0.006631510059998992
}