{
    "gpsHeading": 181, 
    "gpsLatitude": 51.50687844747049, 
    "gpsLongitude": 7.450791237038803, 
    "outsideTemperature": 10.5, 
    "speed": 10.27425, 
    "yawRate": 0.05998834267938406
}