{
    "gpsHeading": 96, 
    "gpsLatitude": 51.51655510322893, 
    "gpsLongitude": 7.470912079429428, 
    "outsideTemperature": 11.0, 
    "speed": 11.546062500000001, 
    "yawRate": 0.013363709603786472
}