{
    "gpsHeading": 331, 
    "gpsLatitude": 51.502161782915856, 
    "gpsLongitude": 7.467216498319573, 
    "outsideTemperature": 9.5, 
    "speed": 10.573500000000001, 
    "yawRate": -0.008830774126470355
}