{
    "gpsHeading": 168, 
    "gpsLatitude": 51.51306202889978, 
    "gpsLongitude": 7.443270155319869, 
    "outsideTemperature": 14.5, 
    "speed": 0.0, 
    "yawRate": 0.0006833030106897647
}