{
    "gpsHeading": 175, 
    "gpsLatitude": 51.50999534198515, 
    "gpsLongitude": 7.450619575661785, 
    "outsideTemperature": 9.5, 
    "speed": 11.255125, 
    "yawRate": -5.098358921982039e-05
}