{
    "gpsHeading": 342, 
    "gpsLatitude": 51.50762535886243, 
    "gpsLongitude": 7.474737663857507, 
    "outsideTemperature": 10.5, 
    "speed": 10.906, 
    "yawRate": 0.0010179730076800026
}