{
    "gpsHeading": 169, 
    "gpsLatitude": 51.512382005095205, 
    "gpsLongitude": 7.472576222485799, 
    "outsideTemperature": 16.0, 
    "speed": 7.655812500000001, 
    "yawRate": -0.07888459349712702
}