{
    "gpsHeading": 342, 
    "gpsLatitude": 51.51726228439982, 
    "gpsLongitude": 7.469013745998342, 
    "outsideTemperature": 15.5, 
    "speed": 0.0, 
    "yawRate": 0.00047745994849066184
}