{
    "gpsHeading": 187, 
    "gpsLatitude": 51.51662701995818, 
    "gpsLongitude": 7.468810987760556, 
    "outsideTemperature": 8.0, 
    "speed": 7.032375, 
    "yawRate": -0.003539036630882749
}