{
    "gpsHeading": 193, 
    "gpsLatitude": 51.51536587880648, 
    "gpsLongitude": 7.461774296226103, 
    "outsideTemperature": 9.0, 
    "speed": 3.99, 
    "yawRate": -0.19463072571443998
}