{
    "gpsHeading": 185, 
    "gpsLatitude": 51.52146647939433, 
    "gpsLongitude": 7.470019322922262, 
    "outsideTemperature": 20.0, 
    "speed": 3.4413750000000003, 
    "yawRate": 0.028626936262855122
}