{
    "gpsHeading": 188, 
    "gpsLatitude": 51.518234836625204, 
    "gpsLongitude": 7.469361511161061, 
    "outsideTemperature": 12.5, 
    "speed": 10.789625000000001, 
    "yawRate": -0.014399651427850811
}