{
    "gpsHeading": 269, 
    "gpsLatitude": 51.513065046384924, 
    "gpsLongitude": 7.44575010901226, 
    "outsideTemperature": 10.5, 
    "speed": 11.8453125, 
    "yawRate": 0.008348532636651144
}