{
    "gpsHeading": 336, 
    "gpsLatitude": 51.515570648701036, 
    "gpsLongitude": 7.459069288433459, 
    "outsideTemperature": 9.0, 
    "speed": 1.2053125000000002, 
    "yawRate": 0.1046250457250856
}