{
    "gpsHeading": 338, 
    "gpsLatitude": 51.52430509472359, 
    "gpsLongitude": 7.461037359298964, 
    "outsideTemperature": 10.0, 
    "speed": 4.3474375, 
    "yawRate": -0.4570090184785957
}