{
    "gpsHeading": 80, 
    "gpsLatitude": 51.51259482161683, 
    "gpsLongitude": 7.471866275286873, 
    "outsideTemperature": 10.5, 
    "speed": 4.081437500000001, 
    "yawRate": 0.0005047408206666211
}