{
    "gpsHeading": 357, 
    "gpsLatitude": 51.51290092872077, 
    "gpsLongitude": 7.474520991660454, 
    "outsideTemperature": 10.0, 
    "speed": 10.07475, 
    "yawRate": 0.015206026525359493
}