{
    "gpsHeading": 273, 
    "gpsLatitude": 51.52105643669102, 
    "gpsLongitude": 7.470233732005457, 
    "outsideTemperature": 9.0, 
    "speed": 10.4155625, 
    "yawRate": 1.744752125685178e-05
}