{
    "gpsHeading": 110, 
    "gpsLatitude": 51.51652761058653, 
    "gpsLongitude": 7.470050671240124, 
    "outsideTemperature": 9.0, 
    "speed": 2.709875, 
    "yawRate": 0.013903027456691367
}