{
    "gpsHeading": 217, 
    "gpsLatitude": 51.515220620424444, 
    "gpsLongitude": 7.461508422257403, 
    "outsideTemperature": 9.0, 
    "speed": 5.635875, 
    "yawRate": -0.06547636106686215
}