{
    "gpsHeading": 228, 
    "gpsLatitude": 51.516952321620394, 
    "gpsLongitude": 7.468874019672406, 
    "outsideTemperature": 16.0, 
    "speed": 7.132125, 
    "yawRate": 0.021908667654679376
}