{
    "gpsHeading": 225, 
    "gpsLatitude": 51.51213733734152, 
    "gpsLongitude": 7.468730689128139, 
    "outsideTemperature": 10.5, 
    "speed": 6.0431875, 
    "yawRate": -0.004359034436970729
}