{
    "gpsHeading": 259, 
    "gpsLatitude": 51.51346368969993, 
    "gpsLongitude": 7.452735922394428, 
    "outsideTemperature": 12.5, 
    "speed": 11.7123125, 
    "yawRate": -2.904777292181285e-05
}