{
    "gpsHeading": 343, 
    "gpsLatitude": 51.501305906782655, 
    "gpsLongitude": 7.45213317973713, 
    "outsideTemperature": 8.5, 
    "speed": 12.452125, 
    "yawRate": 0.003602234462920933
}