{
    "gpsHeading": 75, 
    "gpsLatitude": 51.5249567038764, 
    "gpsLongitude": 7.465535675275888, 
    "outsideTemperature": 10.5, 
    "speed": 6.359062500000001, 
    "yawRate": -0.00863393364126007
}