{
    "gpsHeading": 306, 
    "gpsLatitude": 51.51679398746942, 
    "gpsLongitude": 7.4615817639101545, 
    "outsideTemperature": 13.0, 
    "speed": 5.511187500000001, 
    "yawRate": -0.08503539880836992
}