{
    "gpsHeading": 128, 
    "gpsLatitude": 51.52429118076431, 
    "gpsLongitude": 7.46829625508656, 
    "outsideTemperature": 9.5, 
    "speed": 2.7846875, 
    "yawRate": -0.05785221854749921
}