{
    "gpsHeading": 58, 
    "gpsLatitude": 51.510370348333204, 
    "gpsLongitude": 7.444312109703554, 
    "outsideTemperature": 11.0, 
    "speed": 7.5061875, 
    "yawRate": 0.04895958858294504
}