{
    "gpsHeading": 228, 
    "gpsLatitude": 51.51231671006948, 
    "gpsLongitude": 7.469076777910225, 
    "outsideTemperature": 13.0, 
    "speed": 3.4912500000000004, 
    "yawRate": -0.0052534937307862975
}