{
    "gpsHeading": 277, 
    "gpsLatitude": 51.520893660131364, 
    "gpsLongitude": 7.472237090683314, 
    "outsideTemperature": 8.5, 
    "speed": 10.739749999999999, 
    "yawRate": 0.0028099743244481682
}