{
    "gpsHeading": 184, 
    "gpsLatitude": 51.507060670045526, 
    "gpsLongitude": 7.450779837650492, 
    "outsideTemperature": 10.5, 
    "speed": 10.2326875, 
    "yawRate": 0.043931313561036224
}