{
    "gpsHeading": 10, 
    "gpsLatitude": 51.51302841746805, 
    "gpsLongitude": 7.472310432336099, 
    "outsideTemperature": 12.5, 
    "speed": 6.242687500000001, 
    "yawRate": 0.015673274458182132
}