{
    "gpsHeading": 255, 
    "gpsLatitude": 51.5209809157434, 
    "gpsLongitude": 7.468565397997532, 
    "outsideTemperature": 9.0, 
    "speed": 9.825375000000001, 
    "yawRate": 0.03701842766353609
}