{
    "gpsHeading": 179, 
    "gpsLatitude": 51.51030010798459, 
    "gpsLongitude": 7.45061152903474, 
    "outsideTemperature": 9.5, 
    "speed": 11.305000000000001, 
    "yawRate": -0.00109818114041644
}