{
    "gpsHeading": 308, 
    "gpsLatitude": 51.50406145745145, 
    "gpsLongitude": 7.477281487652097, 
    "outsideTemperature": 9.5, 
    "speed": 6.8245625, 
    "yawRate": 0.0336250216066398
}