{
    "gpsHeading": 187, 
    "gpsLatitude": 51.51277754710603, 
    "gpsLongitude": 7.470825997283823, 
    "outsideTemperature": 10.5, 
    "speed": 4.6217500000000005, 
    "yawRate": -0.014520921601318586
}