{
    "gpsHeading": 47, 
    "gpsLatitude": 51.517284831719365, 
    "gpsLongitude": 7.4627443338805435, 
    "outsideTemperature": 9.5, 
    "speed": 5.1537500000000005, 
    "yawRate": -0.005982497583675523
}