{
    "gpsHeading": 259, 
    "gpsLatitude": 51.51338062503947, 
    "gpsLongitude": 7.471485401606593, 
    "outsideTemperature": 10.5, 
    "speed": 5.137125, 
    "yawRate": 0.00921555622580314
}