{
    "gpsHeading": 304, 
    "gpsLatitude": 51.51203893379825, 
    "gpsLongitude": 7.458626807764868, 
    "outsideTemperature": 11.5, 
    "speed": 9.883562500000002, 
    "yawRate": 0.030508393516559335
}