{
    "gpsHeading": 184, 
    "gpsLatitude": 51.51895031588023, 
    "gpsLongitude": 7.469510709037581, 
    "outsideTemperature": 13.5, 
    "speed": 12.244312500000001, 
    "yawRate": 0.008987760548872374
}