{
    "gpsHeading": 1, 
    "gpsLatitude": 51.5170584365146, 
    "gpsLongitude": 7.4748032103403395, 
    "outsideTemperature": 10.0, 
    "speed": 11.3299375, 
    "yawRate": 0.0017669912850037002
}