{
    "gpsHeading": 177, 
    "gpsLatitude": 51.512463644832124, 
    "gpsLongitude": 7.442895400428903, 
    "outsideTemperature": 15.0, 
    "speed": 7.4230625, 
    "yawRate": -0.0021785585004880726
}