{
    "gpsHeading": 10, 
    "gpsLatitude": 51.507578671661726, 
    "gpsLongitude": 7.460660425113175, 
    "outsideTemperature": 8.5, 
    "speed": 6.1263125, 
    "yawRate": 0.07806929709445691
}