{
    "gpsHeading": 188, 
    "gpsLatitude": 51.512890367522765, 
    "gpsLongitude": 7.470838486319548, 
    "outsideTemperature": 10.5, 
    "speed": 5.2784375, 
    "yawRate": -0.0005424567305299986
}