{
    "gpsHeading": 0, 
    "gpsLatitude": 51.51145479896598, 
    "gpsLongitude": 7.474535157076816, 
    "outsideTemperature": 9.5, 
    "speed": 11.687375000000001, 
    "yawRate": -0.0038689488979045533
}