{
    "gpsHeading": 311, 
    "gpsLatitude": 51.51127366603838, 
    "gpsLongitude": 7.460161534236206, 
    "outsideTemperature": 12.0, 
    "speed": 7.281750000000001, 
    "yawRate": 0.005201119362642181
}