{
    "gpsHeading": 332, 
    "gpsLatitude": 51.511296464815, 
    "gpsLongitude": 7.47015930070526, 
    "outsideTemperature": 10.5, 
    "speed": 4.02325, 
    "yawRate": 0.07522797945396939
}