{
    "gpsHeading": 248, 
    "gpsLatitude": 51.520674808639455, 
    "gpsLongitude": 7.466828500021596, 
    "outsideTemperature": 12.5, 
    "speed": 10.748062500000001, 
    "yawRate": -0.003572478810476242
}