{
    "gpsHeading": 21, 
    "gpsLatitude": 51.512500106110934, 
    "gpsLongitude": 7.461579836072425, 
    "outsideTemperature": 9.0, 
    "speed": 0.714875, 
    "yawRate": -0.001180824200938024
}