{
    "gpsHeading": 1, 
    "gpsLatitude": 51.516161991970044, 
    "gpsLongitude": 7.46868542685098, 
    "outsideTemperature": 10.0, 
    "speed": 4.663312500000001, 
    "yawRate": -0.031115238812393406
}