{
    "gpsHeading": 233, 
    "gpsLatitude": 51.520056475642235, 
    "gpsLongitude": 7.46469262345453, 
    "outsideTemperature": 12.0, 
    "speed": 9.1520625, 
    "yawRate": 0.004979634524295987
}