{
    "gpsHeading": 140, 
    "gpsLatitude": 51.516452592553115, 
    "gpsLongitude": 7.4703434511180395, 
    "outsideTemperature": 10.5, 
    "speed": 0.382375, 
    "yawRate": -0.0164814206053157
}