{
    "gpsHeading": 81, 
    "gpsLatitude": 51.50134479881339, 
    "gpsLongitude": 7.466949283246331, 
    "outsideTemperature": 9.5, 
    "speed": 8.129625, 
    "yawRate": 0.008447985468273375
}