{
    "gpsHeading": 314, 
    "gpsLatitude": 51.51311257177593, 
    "gpsLongitude": 7.456257076099217, 
    "outsideTemperature": 9.5, 
    "speed": 3.458, 
    "yawRate": -0.005589333452838811
}