{
    "gpsHeading": 4, 
    "gpsLatitude": 51.50743953206903, 
    "gpsLongitude": 7.467879003946516, 
    "outsideTemperature": 10.0, 
    "speed": 1.8204375000000002, 
    "yawRate": -0.09574817087578681
}