{
    "gpsHeading": 254, 
    "gpsLatitude": 51.5198148253737, 
    "gpsLongitude": 7.463970941591162, 
    "outsideTemperature": 11.5, 
    "speed": 8.204437500000001, 
    "yawRate": -0.2446024485108891
}