{
    "gpsHeading": 171, 
    "gpsLatitude": 49.000687218850665, 
    "gpsLongitude": 8.394312573149369, 
    "outsideTemperature": 22.0, 
    "speed": 0.0, 
    "yawRate": -3.298849638072674e-05
}