{
    "gpsHeading": 235, 
    "gpsLatitude": 49.00560588727182, 
    "gpsLongitude": 8.39795174405088, 
    "outsideTemperature": 20.5, 
    "speed": 7.930125, 
    "yawRate": -0.01568500174313265
}