{
    "gpsHeading": 233, 
    "gpsLatitude": 49.011050017203026, 
    "gpsLongitude": 8.42248339534925, 
    "outsideTemperature": 21.0, 
    "speed": 10.6150625, 
    "yawRate": -0.034769718154062275
}