{
    "gpsHeading": 1, 
    "gpsLatitude": 48.99948449956408, 
    "gpsLongitude": 8.415560027145744, 
    "outsideTemperature": 24.0, 
    "speed": 1.596, 
    "yawRate": -0.005895789901630309
}