{
    "gpsHeading": 84, 
    "gpsLatitude": 49.0053552683669, 
    "gpsLongitude": 8.389295333546896, 
    "outsideTemperature": 21.5, 
    "speed": 12.0365, 
    "yawRate": -0.00881311886459378
}