{
    "gpsHeading": 223, 
    "gpsLatitude": 49.01323668810331, 
    "gpsLongitude": 8.4281372404979, 
    "outsideTemperature": 22.5, 
    "speed": 9.925125000000001, 
    "yawRate": -0.02272694631530164
}