{
    "gpsHeading": 184, 
    "gpsLatitude": 48.99782471509738, 
    "gpsLongitude": 8.393758696987561, 
    "outsideTemperature": 22.0, 
    "speed": 6.350750000000001, 
    "yawRate": 0.0024293134244091014
}