{
    "gpsHeading": 241, 
    "gpsLatitude": 49.01016782189386, 
    "gpsLongitude": 8.420215839083326, 
    "outsideTemperature": 21.0, 
    "speed": 10.955875, 
    "yawRate": -0.0030047257677661312
}