{
    "gpsHeading": 240, 
    "gpsLatitude": 49.013655280347876, 
    "gpsLongitude": 8.38060866437243, 
    "outsideTemperature": 21.0, 
    "speed": 3.9816875, 
    "yawRate": 0.08746683894873628
}