{
    "gpsHeading": 81, 
    "gpsLatitude": 49.00537446292517, 
    "gpsLongitude": 8.405673907626966, 
    "outsideTemperature": 23.5, 
    "speed": 11.762187500000001, 
    "yawRate": 0.012790946176666814
}