{
    "gpsHeading": 75, 
    "gpsLatitude": 49.00373697432089, 
    "gpsLongitude": 8.403802815381189, 
    "outsideTemperature": 22.0, 
    "speed": 7.497875, 
    "yawRate": -0.017300676480772985
}