{
    "gpsHeading": 236, 
    "gpsLatitude": 49.01109838078434, 
    "gpsLongitude": 8.422605016764336, 
    "outsideTemperature": 21.0, 
    "speed": 10.324125, 
    "yawRate": -0.025344940193293686
}