{
    "gpsHeading": 246, 
    "gpsLatitude": 49.011889464805996, 
    "gpsLongitude": 8.394653129875362, 
    "outsideTemperature": 21.0, 
    "speed": 7.1155, 
    "yawRate": 0.0038220143177599675
}