{
    "gpsHeading": 90, 
    "gpsLatitude": 49.00531143101329, 
    "gpsLongitude": 8.39544756665829, 
    "outsideTemperature": 22.0, 
    "speed": 9.700687499999999, 
    "yawRate": -0.021436865499086098
}