{
    "gpsHeading": 241, 
    "gpsLatitude": 49.01101892034224, 
    "gpsLongitude": 8.406145305861532, 
    "outsideTemperature": 22.0, 
    "speed": 9.102187500000001, 
    "yawRate": -0.035122505806915144
}