{
    "gpsHeading": 98, 
    "gpsLatitude": 49.01149836520385, 
    "gpsLongitude": 8.400104468243287, 
    "outsideTemperature": 23.0, 
    "speed": 0.9891875, 
    "yawRate": -0.008867409263251061
}