{
    "gpsHeading": 240, 
    "gpsLatitude": 49.01332754793374, 
    "gpsLongitude": 8.428366150273614, 
    "outsideTemperature": 22.5, 
    "speed": 9.559375, 
    "yawRate": 0.021429883760153673
}