{
    "gpsHeading": 172, 
    "gpsLatitude": 49.00329390691906, 
    "gpsLongitude": 8.394287259801791, 
    "outsideTemperature": 22.5, 
    "speed": 6.9575625, 
    "yawRate": 0.028113593208678983
}