{
    "gpsHeading": 109, 
    "gpsLatitude": 48.99428394773917, 
    "gpsLongitude": 8.397404741049673, 
    "outsideTemperature": 24.0, 
    "speed": 9.983312500000002, 
    "yawRate": -0.01020133621404969
}