{
    "gpsHeading": 77, 
    "gpsLatitude": 49.003454168907766, 
    "gpsLongitude": 8.414648662813537, 
    "outsideTemperature": 22.0, 
    "speed": 6.691562500000001, 
    "yawRate": -0.010608178882014603
}