{
    "gpsHeading": 271, 
    "gpsLatitude": 49.0110494304698, 
    "gpsLongitude": 8.377110560901396, 
    "outsideTemperature": 21.0, 
    "speed": 8.096375, 
    "yawRate": 0.009276088459391308
}