{
    "gpsHeading": 136, 
    "gpsLatitude": 49.00784779491404, 
    "gpsLongitude": 8.409823117336664, 
    "outsideTemperature": 21.5, 
    "speed": 9.268437500000001, 
    "yawRate": 0.04659128072847994
}