{
    "gpsHeading": 167, 
    "gpsLatitude": 49.01303560624614, 
    "gpsLongitude": 8.395553933009603, 
    "outsideTemperature": 21.0, 
    "speed": 7.223562500000001, 
    "yawRate": -0.019041798883365404
}