{
    "gpsHeading": 308, 
    "gpsLatitude": 49.011355537573735, 
    "gpsLongitude": 8.407853621547618, 
    "outsideTemperature": 23.0, 
    "speed": 6.400625000000001, 
    "yawRate": 0.09577718809265735
}