{
    "gpsHeading": 42, 
    "gpsLatitude": 49.01014586130753, 
    "gpsLongitude": 8.40403256334722, 
    "outsideTemperature": 21.0, 
    "speed": 6.8578125, 
    "yawRate": 0.02813357087902818
}