{
    "gpsHeading": 187, 
    "gpsLatitude": 48.998955014740524, 
    "gpsLongitude": 8.393872020318508, 
    "outsideTemperature": 22.0, 
    "speed": 7.664125, 
    "yawRate": -0.006297332835562398
}