{
    "gpsHeading": 323, 
    "gpsLatitude": 49.011968338514876, 
    "gpsLongitude": 8.387586682584649, 
    "outsideTemperature": 20.5, 
    "speed": 9.085562500000002, 
    "yawRate": 0.007987338391035484
}