{
    "gpsHeading": 338, 
    "gpsLatitude": 48.995501419175326, 
    "gpsLongitude": 8.399632818551627, 
    "outsideTemperature": 24.5, 
    "speed": 3.09225, 
    "yawRate": -0.003573148847221569
}