{
    "gpsHeading": 266, 
    "gpsLatitude": 49.00559918174929, 
    "gpsLongitude": 8.396855055839453, 
    "outsideTemperature": 20.5, 
    "speed": 11.6956875, 
    "yawRate": 0.005957080981596832
}