{
    "gpsHeading": 154, 
    "gpsLatitude": 49.01095060783136, 
    "gpsLongitude": 8.400755574481916, 
    "outsideTemperature": 22.0, 
    "speed": 5.5444375, 
    "yawRate": 0.027435439178230103
}