{
    "gpsHeading": 59, 
    "gpsLatitude": 49.01016664842741, 
    "gpsLongitude": 8.403558901998796, 
    "outsideTemperature": 21.5, 
    "speed": 5.236875, 
    "yawRate": 0.012774673461478418
}