{
    "gpsHeading": 166, 
    "gpsLatitude": 49.002916721276186, 
    "gpsLongitude": 8.410409515282776, 
    "outsideTemperature": 25.0, 
    "speed": 10.07475, 
    "yawRate": -0.005721256976431038
}