{
    "gpsHeading": 0, 
    "gpsLatitude": 49.01155670324994, 
    "gpsLongitude": 8.42380840660317, 
    "outsideTemperature": 20.5, 
    "speed": 9.401437500000002, 
    "yawRate": -0.013476701279732328
}