{
    "gpsHeading": 12, 
    "gpsLatitude": 49.00166253710412, 
    "gpsLongitude": 8.415570336886644, 
    "outsideTemperature": 23.5, 
    "speed": 4.3973125, 
    "yawRate": -0.0015324667716445591
}