{
    "gpsHeading": 87, 
    "gpsLatitude": 49.013375827696024, 
    "gpsLongitude": 8.419422827223936, 
    "outsideTemperature": 21.0, 
    "speed": 9.027375000000001, 
    "yawRate": 0.011922919043077348
}