{
    "gpsHeading": 181, 
    "gpsLatitude": 49.00358140619795, 
    "gpsLongitude": 8.394310896768735, 
    "outsideTemperature": 23.0, 
    "speed": 9.343250000000001, 
    "yawRate": -0.0052221955044115965
}