{
    "gpsHeading": 90, 
    "gpsLatitude": 49.005365326650704, 
    "gpsLongitude": 8.390134781149856, 
    "outsideTemperature": 21.5, 
    "speed": 12.1611875, 
    "yawRate": -0.008464053014194246
}