{
    "gpsHeading": 0, 
    "gpsLatitude": 49.00701144861524, 
    "gpsLongitude": 8.401054808425274, 
    "outsideTemperature": 21.0, 
    "speed": 7.680750000000001, 
    "yawRate": 0.004211751729602134
}