{
    "gpsHeading": 174, 
    "gpsLatitude": 49.00221331196174, 
    "gpsLongitude": 8.397977560312649, 
    "outsideTemperature": 23.0, 
    "speed": 7.697375, 
    "yawRate": -0.10684648787062272
}