{
    "gpsHeading": 0, 
    "gpsLatitude": 49.00186948629351, 
    "gpsLongitude": 8.394350626989802, 
    "outsideTemperature": 22.0, 
    "speed": 9.343250000000001, 
    "yawRate": 0.03668259859232381
}