{
    "gpsHeading": 172, 
    "gpsLatitude": 49.01372694562001, 
    "gpsLongitude": 8.39154528781616, 
    "outsideTemperature": 20.5, 
    "speed": 8.113000000000001, 
    "yawRate": -0.05429744977364995
}