{
    "gpsHeading": 99, 
    "gpsLatitude": 48.99440221639297, 
    "gpsLongitude": 8.395620904415944, 
    "outsideTemperature": 22.0, 
    "speed": 6.7081875, 
    "yawRate": 0.03943029356668835
}