{
    "gpsHeading": 183, 
    "gpsLatitude": 48.99622921982802, 
    "gpsLongitude": 8.393595082237587, 
    "outsideTemperature": 21.5, 
    "speed": 9.4180625, 
    "yawRate": -0.009613458414351529
}