{
    "gpsHeading": 2, 
    "gpsLatitude": 49.01139585452801, 
    "gpsLongitude": 8.418015002766682, 
    "outsideTemperature": 21.5, 
    "speed": 12.5934375, 
    "yawRate": -0.014257019736837153
}