{
    "gpsHeading": 189, 
    "gpsLatitude": 49.00491337443151, 
    "gpsLongitude": 8.394425058289997, 
    "outsideTemperature": 25.0, 
    "speed": 7.797125, 
    "yawRate": 0.00315538490516037
}