{
    "gpsHeading": 183, 
    "gpsLatitude": 49.01196473429652, 
    "gpsLongitude": 8.379249454953571, 
    "outsideTemperature": 20.5, 
    "speed": 8.728125, 
    "yawRate": 0.0043891665538077435
}