{
    "gpsHeading": 1, 
    "gpsLatitude": 49.00425112026165, 
    "gpsLongitude": 8.394568388834264, 
    "outsideTemperature": 22.0, 
    "speed": 8.9691875, 
    "yawRate": 0.03179567668674025
}