{
    "gpsHeading": 0, 
    "gpsLatitude": 49.01128445903483, 
    "gpsLongitude": 8.418003100464178, 
    "outsideTemperature": 21.5, 
    "speed": 12.33575, 
    "yawRate": -0.00954463075645286
}