{
    "gpsHeading": 78, 
    "gpsLatitude": 49.012859502460444, 
    "gpsLongitude": 8.39178090311441, 
    "outsideTemperature": 21.0, 
    "speed": 7.888562500000001, 
    "yawRate": 0.0038220143177599675
}