{
    "gpsHeading": 101, 
    "gpsLatitude": 49.008051978075386, 
    "gpsLongitude": 8.375864758632481, 
    "outsideTemperature": 21.5, 
    "speed": 7.1570625, 
    "yawRate": -0.013705652719385772
}