{
    "gpsHeading": 304, 
    "gpsLatitude": 48.99974115343932, 
    "gpsLongitude": 8.397040882632831, 
    "outsideTemperature": 24.0, 
    "speed": 3.4995625000000006, 
    "yawRate": -0.016724476518701806
}