{
    "gpsHeading": 179, 
    "gpsLatitude": 49.01108530501539, 
    "gpsLongitude": 8.420410885970227, 
    "outsideTemperature": 20.5, 
    "speed": 8.029875, 
    "yawRate": 0.01855517020065561
}