{
    "gpsHeading": 167, 
    "gpsLatitude": 49.011037276710184, 
    "gpsLongitude": 8.391839241160485, 
    "outsideTemperature": 21.5, 
    "speed": 4.937625, 
    "yawRate": -0.03387709752531735
}