{
    "gpsHeading": 179, 
    "gpsLatitude": 49.00181416573254, 
    "gpsLongitude": 8.41046667986244, 
    "outsideTemperature": 23.5, 
    "speed": 10.124625000000002, 
    "yawRate": -0.00013620337004939705
}