{
    "gpsHeading": 124, 
    "gpsLatitude": 49.007292242371605, 
    "gpsLongitude": 8.399047510252926, 
    "outsideTemperature": 21.0, 
    "speed": 4.438875, 
    "yawRate": 0.05639709636423187
}