{
    "gpsHeading": 273, 
    "gpsLatitude": 49.014345865350464, 
    "gpsLongitude": 8.395237516164746, 
    "outsideTemperature": 22.0, 
    "speed": 9.268437500000001, 
    "yawRate": -0.027419379292938362
}