{
    "gpsHeading": 112, 
    "gpsLatitude": 49.00534697028276, 
    "gpsLongitude": 8.400195076616638, 
    "outsideTemperature": 22.0, 
    "speed": 10.00825, 
    "yawRate": 0.06443333369903274
}