{
    "gpsHeading": 7, 
    "gpsLatitude": 49.00282560998868, 
    "gpsLongitude": 8.403285568136274, 
    "outsideTemperature": 21.0, 
    "speed": 8.827875, 
    "yawRate": -0.000997154914088514
}