{
    "gpsHeading": 270, 
    "gpsLatitude": 49.009081108147214, 
    "gpsLongitude": 8.416362259098623, 
    "outsideTemperature": 21.5, 
    "speed": 8.694875, 
    "yawRate": 0.060268539323319145
}