{
    "gpsHeading": 169, 
    "gpsLatitude": 49.01307416300075, 
    "gpsLongitude": 8.420039232383436, 
    "outsideTemperature": 21.0, 
    "speed": 4.3308124999999995, 
    "yawRate": -0.1839030230306836
}