{
    "gpsHeading": 50, 
    "gpsLatitude": 49.005356944747525, 
    "gpsLongitude": 8.40429139651729, 
    "outsideTemperature": 25.5, 
    "speed": 7.2401875, 
    "yawRate": -0.27309398529999945
}