{
    "gpsHeading": 355, 
    "gpsLatitude": 49.00969139451739, 
    "gpsLongitude": 8.395000895038114, 
    "outsideTemperature": 20.0, 
    "speed": 6.7165, 
    "yawRate": 0.035802211190699006
}