{
    "gpsHeading": 150, 
    "gpsLatitude": 49.01083393173916, 
    "gpsLongitude": 8.400981969686681, 
    "outsideTemperature": 22.0, 
    "speed": 4.8628125, 
    "yawRate": 0.020977720945851114
}