{
    "gpsHeading": 274, 
    "gpsLatitude": 49.011379425997795, 
    "gpsLongitude": 8.392277279420428, 
    "outsideTemperature": 21.0, 
    "speed": 6.8910625, 
    "yawRate": -0.002112105139021208
}