{
    "gpsHeading": 21, 
    "gpsLatitude": 49.01039027760411, 
    "gpsLongitude": 8.406526682455969, 
    "outsideTemperature": 22.5, 
    "speed": 6.1263125, 
    "yawRate": 0.02989346488336672
}