{
    "gpsHeading": 272, 
    "gpsLatitude": 49.01465666632019, 
    "gpsLongitude": 8.387343104478385, 
    "outsideTemperature": 24.0, 
    "speed": 9.659125, 
    "yawRate": -0.003988413855765214
}