{
    "gpsHeading": 254, 
    "gpsLatitude": 49.00578282924784, 
    "gpsLongitude": 8.408096193825502, 
    "outsideTemperature": 21.5, 
    "speed": 11.0473125, 
    "yawRate": -0.005911157931964528
}