{
    "gpsHeading": 234, 
    "gpsLatitude": 49.00758887792495, 
    "gpsLongitude": 8.408050596272215, 
    "outsideTemperature": 21.5, 
    "speed": 4.0481875, 
    "yawRate": -0.005362186006917824
}