{
    "gpsHeading": 297, 
    "gpsLatitude": 49.00565751979537, 
    "gpsLongitude": 8.406336999987131, 
    "outsideTemperature": 21.5, 
    "speed": 3.7988125, 
    "yawRate": -0.372081235000369
}