{
    "gpsHeading": 66, 
    "gpsLatitude": 48.99741115199473, 
    "gpsLongitude": 8.41221028336088, 
    "outsideTemperature": 22.0, 
    "speed": 9.484562500000001, 
    "yawRate": -0.009037382555220169
}