{
    "gpsHeading": 279, 
    "gpsLatitude": 49.00906308705538, 
    "gpsLongitude": 8.416813959860736, 
    "outsideTemperature": 22.0, 
    "speed": 8.41225, 
    "yawRate": 0.006163332511495444
}