{
    "gpsHeading": 61, 
    "gpsLatitude": 48.99727444315393, 
    "gpsLongitude": 8.411723127148349, 
    "outsideTemperature": 22.0, 
    "speed": 9.592625, 
    "yawRate": 0.014175496496303744
}