{
    "gpsHeading": 355, 
    "gpsLatitude": 49.00317949394072, 
    "gpsLongitude": 8.40332923785183, 
    "outsideTemperature": 21.0, 
    "speed": 2.7181875, 
    "yawRate": -0.030318686347591883
}