{
    "gpsHeading": 156, 
    "gpsLatitude": 49.012241169463216, 
    "gpsLongitude": 8.395799522772629, 
    "outsideTemperature": 21.0, 
    "speed": 4.563562500000001, 
    "yawRate": -0.16896558162967532
}