{
    "gpsHeading": 201, 
    "gpsLatitude": 49.01006950216961, 
    "gpsLongitude": 8.374093662491607, 
    "outsideTemperature": 21.0, 
    "speed": 8.2210625, 
    "yawRate": -0.012540527190537443
}