{
    "gpsHeading": 238, 
    "gpsLatitude": 49.01001443306575, 
    "gpsLongitude": 8.419820632348623, 
    "outsideTemperature": 21.0, 
    "speed": 8.8361875, 
    "yawRate": 0.028503546937023
}