{
    "gpsHeading": 1, 
    "gpsLatitude": 49.00407644139949, 
    "gpsLongitude": 8.394537543430593, 
    "outsideTemperature": 22.0, 
    "speed": 9.609250000000001, 
    "yawRate": -0.009568626585524738
}