{
    "gpsHeading": 302, 
    "gpsLatitude": 49.01019950548786, 
    "gpsLongitude": 8.390653118042216, 
    "outsideTemperature": 22.0, 
    "speed": 7.564375, 
    "yawRate": -0.002484637120930713
}