{
    "gpsHeading": 253, 
    "gpsLatitude": 49.01271332206906, 
    "gpsLongitude": 8.426772247565852, 
    "outsideTemperature": 22.0, 
    "speed": 11.105500000000001, 
    "yawRate": 0.0011840644370203477
}