{
    "gpsHeading": 183, 
    "gpsLatitude": 48.99693916702694, 
    "gpsLongitude": 8.393668926804562, 
    "outsideTemperature": 22.0, 
    "speed": 9.958375, 
    "yawRate": -0.021132631477514346
}