{
    "gpsHeading": 175, 
    "gpsLatitude": 49.010499996716675, 
    "gpsLongitude": 8.420468134368889, 
    "outsideTemperature": 20.5, 
    "speed": 5.985, 
    "yawRate": 0.02414022380703725
}