{
    "gpsHeading": 120, 
    "gpsLatitude": 49.01144027861484, 
    "gpsLongitude": 8.399941440226536, 
    "outsideTemperature": 23.0, 
    "speed": 5.1786875, 
    "yawRate": 0.260087828469071
}