{
    "gpsHeading": 353, 
    "gpsLatitude": 49.0056541670341, 
    "gpsLongitude": 8.406310848449237, 
    "outsideTemperature": 21.5, 
    "speed": 7.6308750000000005, 
    "yawRate": -0.005213026231167444
}