{
    "gpsHeading": 295, 
    "gpsLatitude": 49.00545417482436, 
    "gpsLongitude": 8.41503699638764, 
    "outsideTemperature": 24.0, 
    "speed": 10.108, 
    "yawRate": 0.037039309697429114
}