{
    "gpsHeading": 194, 
    "gpsLatitude": 49.00848859141177, 
    "gpsLongitude": 8.402109754758873, 
    "outsideTemperature": 21.5, 
    "speed": 4.2227500000000004, 
    "yawRate": 0.15675352835390413
}