{
    "gpsHeading": 149, 
    "gpsLatitude": 49.00506366195542, 
    "gpsLongitude": 8.407646169444023, 
    "outsideTemperature": 22.0, 
    "speed": 7.98, 
    "yawRate": -0.015832453556039468
}