{
    "gpsHeading": 178, 
    "gpsLatitude": 49.003416115067346, 
    "gpsLongitude": 8.4059639214768, 
    "outsideTemperature": 22.0, 
    "speed": 6.8079375, 
    "yawRate": 0.011569215700270922
}