{
    "gpsHeading": 0, 
    "gpsLatitude": 49.002638358271746, 
    "gpsLongitude": 8.394409803226191, 
    "outsideTemperature": 22.0, 
    "speed": 9.343250000000001, 
    "yawRate": -0.01602634481790373
}