{
    "gpsHeading": 182, 
    "gpsLatitude": 49.00539139436958, 
    "gpsLongitude": 8.394245601742995, 
    "outsideTemperature": 24.0, 
    "speed": 0.0, 
    "yawRate": -0.0005022816537293903
}