{
    "gpsHeading": 219, 
    "gpsLatitude": 49.00671171175771, 
    "gpsLongitude": 8.394751701056725, 
    "outsideTemperature": 20.5, 
    "speed": 7.9135, 
    "yawRate": 0.00019749445001492668
}