{
    "gpsHeading": 190, 
    "gpsLatitude": 49.012348625461925, 
    "gpsLongitude": 8.379289185174638, 
    "outsideTemperature": 20.5, 
    "speed": 8.3374375, 
    "yawRate": 0.00840342383339396
}