{
    "gpsHeading": 269, 
    "gpsLatitude": 49.014281157057944, 
    "gpsLongitude": 8.396994195432164, 
    "outsideTemperature": 23.0, 
    "speed": 8.645000000000001, 
    "yawRate": -0.004206500241413455
}