{
    "gpsHeading": 280, 
    "gpsLatitude": 49.00827644544241, 
    "gpsLongitude": 8.402867562624943, 
    "outsideTemperature": 21.0, 
    "speed": 6.3175, 
    "yawRate": -0.01359060664073941
}