{
    "gpsHeading": 293, 
    "gpsLatitude": 49.00560060667283, 
    "gpsLongitude": 8.397619233951898, 
    "outsideTemperature": 20.5, 
    "speed": 10.141250000000001, 
    "yawRate": 0.014509194316369059
}