{
    "gpsHeading": 251, 
    "gpsLatitude": 49.011839424844034, 
    "gpsLongitude": 8.424546433177722, 
    "outsideTemperature": 21.0, 
    "speed": 11.2135625, 
    "yawRate": -0.006669917196953804
}