{
    "gpsHeading": 73, 
    "gpsLatitude": 48.9977086257384, 
    "gpsLongitude": 8.413179231367906, 
    "outsideTemperature": 22.0, 
    "speed": 10.556875, 
    "yawRate": 0.02028414887828419
}