{
    "gpsHeading": 6, 
    "gpsLatitude": 49.00483693147455, 
    "gpsLongitude": 8.39465505771309, 
    "outsideTemperature": 22.0, 
    "speed": 9.467937500000001, 
    "yawRate": 0.022370898725970673
}