{
    "gpsHeading": 193, 
    "gpsLatitude": 49.00003921391621, 
    "gpsLongitude": 8.396900569573674, 
    "outsideTemperature": 22.0, 
    "speed": 4.9293125, 
    "yawRate": -0.3082574835507643
}