{
    "gpsHeading": 92, 
    "gpsLatitude": 48.99434832075554, 
    "gpsLongitude": 8.39661449521833, 
    "outsideTemperature": 25.5, 
    "speed": 9.3765, 
    "yawRate": 9.610637271624404e-05
}