{
    "gpsHeading": 353, 
    "gpsLatitude": 49.011127214531264, 
    "gpsLongitude": 8.395137520059844, 
    "outsideTemperature": 20.5, 
    "speed": 7.655812500000001, 
    "yawRate": 0.013811062615570982
}