{
    "gpsHeading": 184, 
    "gpsLatitude": 49.000205846151324, 
    "gpsLongitude": 8.410571705109211, 
    "outsideTemperature": 22.5, 
    "speed": 9.567687500000002, 
    "yawRate": -0.008339250854422092
}