{
    "gpsHeading": 46, 
    "gpsLatitude": 49.01094499195624, 
    "gpsLongitude": 8.408034251561032, 
    "outsideTemperature": 24.0, 
    "speed": 4.1146875000000005, 
    "yawRate": -0.4222041563571893
}