{
    "gpsHeading": 263, 
    "gpsLatitude": 49.00572667049658, 
    "gpsLongitude": 8.4075645297071, 
    "outsideTemperature": 21.5, 
    "speed": 11.446312500000001, 
    "yawRate": 0.0005465603004144613
}