{
    "gpsHeading": 73, 
    "gpsLatitude": 49.00538644904671, 
    "gpsLongitude": 8.392102852015363, 
    "outsideTemperature": 21.0, 
    "speed": 11.371500000000001, 
    "yawRate": -0.004973394510205844
}