{
    "gpsHeading": 339, 
    "gpsLatitude": 49.01148973184358, 
    "gpsLongitude": 8.395166689082913, 
    "outsideTemperature": 20.5, 
    "speed": 7.1071875, 
    "yawRate": -0.0067838225579618765
}