{
    "gpsHeading": 50, 
    "gpsLatitude": 49.00785198586563, 
    "gpsLongitude": 8.380110360228683, 
    "outsideTemperature": 21.5, 
    "speed": 3.3166875, 
    "yawRate": -0.006549802786209695
}