{
    "gpsHeading": 0, 
    "gpsLatitude": 49.010821107427304, 
    "gpsLongitude": 8.395120337158342, 
    "outsideTemperature": 20.5, 
    "speed": 4.1895, 
    "yawRate": 0.01573092479276495
}