{
    "gpsHeading": 3, 
    "gpsLatitude": 49.00860585423719, 
    "gpsLongitude": 8.39487340629081, 
    "outsideTemperature": 20.5, 
    "speed": 7.3399375000000004, 
    "yawRate": 0.011193068737578938
}