{
    "gpsHeading": 9, 
    "gpsLatitude": 49.003443356252674, 
    "gpsLongitude": 8.403353629190061, 
    "outsideTemperature": 22.5, 
    "speed": 4.1895, 
    "yawRate": 0.023365495090694924
}