{
    "gpsHeading": 291, 
    "gpsLatitude": 49.00598198326728, 
    "gpsLongitude": 8.412922828949787, 
    "outsideTemperature": 22.0, 
    "speed": 7.315, 
    "yawRate": 0.03634117799663203
}