{
    "gpsHeading": 24, 
    "gpsLatitude": 49.006267806165546, 
    "gpsLongitude": 8.398596144766973, 
    "outsideTemperature": 21.0, 
    "speed": 8.603437500000002, 
    "yawRate": -0.005911157931964528
}