{
    "gpsHeading": 277, 
    "gpsLatitude": 49.00813780876389, 
    "gpsLongitude": 8.404187796194023, 
    "outsideTemperature": 21.0, 
    "speed": 4.272625000000001, 
    "yawRate": 0.019570649147151897
}