{
    "gpsHeading": 339, 
    "gpsLatitude": 49.00877089391071, 
    "gpsLongitude": 8.407042001863188, 
    "outsideTemperature": 21.5, 
    "speed": 2.6600000000000006, 
    "yawRate": -0.02019748464886878
}