{
    "gpsHeading": 242, 
    "gpsLatitude": 49.01155921782089, 
    "gpsLongitude": 8.393102226330901, 
    "outsideTemperature": 21.0, 
    "speed": 7.3648750000000005, 
    "yawRate": 0.003996547242959239
}