{
    "gpsHeading": 54, 
    "gpsLatitude": 48.994590306300196, 
    "gpsLongitude": 8.399826440514987, 
    "outsideTemperature": 26.0, 
    "speed": 5.3283125, 
    "yawRate": -0.0032240829968230265
}