{
    "gpsHeading": 190, 
    "gpsLatitude": 49.01421418565158, 
    "gpsLongitude": 8.381356749230822, 
    "outsideTemperature": 21.0, 
    "speed": 8.329125, 
    "yawRate": 0.00020037634902126495
}