{
    "gpsHeading": 181, 
    "gpsLatitude": 49.012843660663435, 
    "gpsLongitude": 8.395562231093743, 
    "outsideTemperature": 21.0, 
    "speed": 7.564375, 
    "yawRate": -0.0207871281353601
}