{
    "gpsHeading": 214, 
    "gpsLatitude": 49.00818860309713, 
    "gpsLongitude": 8.401906745063993, 
    "outsideTemperature": 21.5, 
    "speed": 5.901875, 
    "yawRate": 0.0010701590760122748
}