{
    "gpsHeading": 24, 
    "gpsLatitude": 49.00647944922072, 
    "gpsLongitude": 8.398755903841488, 
    "outsideTemperature": 20.5, 
    "speed": 8.329125, 
    "yawRate": -0.018652061471523235
}