{
    "gpsHeading": 134, 
    "gpsLatitude": 49.010410310352704, 
    "gpsLongitude": 8.4021533406554, 
    "outsideTemperature": 21.5, 
    "speed": 5.453, 
    "yawRate": -0.000140763003279561
}