{
    "gpsHeading": 62, 
    "gpsLatitude": 49.01244359242489, 
    "gpsLongitude": 8.397164767161772, 
    "outsideTemperature": 21.0, 
    "speed": 9.5178125, 
    "yawRate": 0.0014192249264118094
}