{
    "gpsHeading": 0, 
    "gpsLatitude": 49.003891704253505, 
    "gpsLongitude": 8.394521701633598, 
    "outsideTemperature": 22.0, 
    "speed": 9.891875, 
    "yawRate": -0.024054859377078144
}