{
    "gpsHeading": 86, 
    "gpsLatitude": 49.00530950317556, 
    "gpsLongitude": 8.395208347141676, 
    "outsideTemperature": 22.0, 
    "speed": 8.5785, 
    "yawRate": 0.0014269477020392722
}