{
    "gpsHeading": 1, 
    "gpsLatitude": 49.009876969853664, 
    "gpsLongitude": 8.395023107081519, 
    "outsideTemperature": 20.0, 
    "speed": 6.882750000000001, 
    "yawRate": -0.03907241371985683
}