{
    "gpsHeading": 215, 
    "gpsLatitude": 49.002809768191675, 
    "gpsLongitude": 8.39880728490793, 
    "outsideTemperature": 23.5, 
    "speed": 8.1711875, 
    "yawRate": -0.038953179968043684
}