{
    "gpsHeading": 91, 
    "gpsLatitude": 49.010154997581985, 
    "gpsLongitude": 8.403782279718419, 
    "outsideTemperature": 21.0, 
    "speed": 5.868625, 
    "yawRate": -0.008518343412852519
}