{
    "gpsHeading": 296, 
    "gpsLatitude": 49.00001054780735, 
    "gpsLongitude": 8.396232028976446, 
    "outsideTemperature": 21.5, 
    "speed": 10.87275, 
    "yawRate": 0.0006657940522266106
}