{
    "gpsHeading": 74, 
    "gpsLatitude": 49.004301160223605, 
    "gpsLongitude": 8.408891971712938, 
    "outsideTemperature": 22.0, 
    "speed": 9.775500000000001, 
    "yawRate": 0.007133933047147812
}