{
    "gpsHeading": 123, 
    "gpsLatitude": 49.00907306152016, 
    "gpsLongitude": 8.409934177553719, 
    "outsideTemperature": 22.0, 
    "speed": 8.1545625, 
    "yawRate": -0.0017543395517618532
}