{
    "gpsHeading": 267, 
    "gpsLatitude": 49.011024703855426, 
    "gpsLongitude": 8.377630071260166, 
    "outsideTemperature": 21.0, 
    "speed": 8.603437500000002, 
    "yawRate": -0.005733743107759912
}