{
    "gpsHeading": 0, 
    "gpsLatitude": 49.00781862589099, 
    "gpsLongitude": 8.383120301658842, 
    "outsideTemperature": 21.5, 
    "speed": 7.830375000000001, 
    "yawRate": -0.0007902162546277911
}