{
    "gpsHeading": 191, 
    "gpsLatitude": 49.01017142611222, 
    "gpsLongitude": 8.39173362918049, 
    "outsideTemperature": 22.0, 
    "speed": 2.8511875000000004, 
    "yawRate": -0.519102095711243
}