{
    "gpsHeading": 273, 
    "gpsLatitude": 49.01017754490154, 
    "gpsLongitude": 8.391154774947234, 
    "outsideTemperature": 22.0, 
    "speed": 8.212750000000002, 
    "yawRate": -0.015574606510887963
}