{
    "gpsHeading": 240, 
    "gpsLatitude": 49.00310422445022, 
    "gpsLongitude": 8.399127557428246, 
    "outsideTemperature": 24.0, 
    "speed": 6.5086875, 
    "yawRate": 0.06035605447043195
}