{
    "gpsHeading": 198, 
    "gpsLatitude": 49.01073334890107, 
    "gpsLongitude": 8.374479481494758, 
    "outsideTemperature": 21.0, 
    "speed": 8.786312500000001, 
    "yawRate": -0.0244087661040988
}