{
    "gpsHeading": 110, 
    "gpsLatitude": 49.00808223674585, 
    "gpsLongitude": 8.375615899927219, 
    "outsideTemperature": 21.0, 
    "speed": 5.9268125000000005, 
    "yawRate": 0.06762669042354805
}