{
    "gpsHeading": 39, 
    "gpsLatitude": 49.01212776231326, 
    "gpsLongitude": 8.395712853893803, 
    "outsideTemperature": 21.5, 
    "speed": 8.570187500000001, 
    "yawRate": 0.010669469961981124
}