{
    "gpsHeading": 266, 
    "gpsLatitude": 49.01104834082239, 
    "gpsLongitude": 8.37575587771025, 
    "outsideTemperature": 21.0, 
    "speed": 10.640000000000002, 
    "yawRate": -0.031215550186876335
}