{
    "gpsHeading": 0, 
    "gpsLatitude": 49.00771611521517, 
    "gpsLongitude": 8.385429515983528, 
    "outsideTemperature": 21.0, 
    "speed": 7.7638750000000005, 
    "yawRate": -0.02557389163294713
}