{
    "gpsHeading": 0, 
    "gpsLatitude": 49.01208970847285, 
    "gpsLongitude": 8.395510598570175, 
    "outsideTemperature": 21.0, 
    "speed": 7.315, 
    "yawRate": -0.04413386855063966
}