{
    "gpsHeading": 53, 
    "gpsLatitude": 49.00784058647732, 
    "gpsLongitude": 8.380396686041156, 
    "outsideTemperature": 21.5, 
    "speed": 3.3499375000000002, 
    "yawRate": 0.009856292182537679
}