{
    "gpsHeading": 65, 
    "gpsLatitude": 49.012147543604755, 
    "gpsLongitude": 8.39581754386445, 
    "outsideTemperature": 21.0, 
    "speed": 9.1686875, 
    "yawRate": -0.0003261043255828873
}