{
    "gpsHeading": 76, 
    "gpsLatitude": 49.012498912985855, 
    "gpsLongitude": 8.397415050790574, 
    "outsideTemperature": 21.0, 
    "speed": 9.3515625, 
    "yawRate": 0.011018535812379666
}