{
    "gpsHeading": 187, 
    "gpsLatitude": 49.009655268514706, 
    "gpsLongitude": 8.417736136848031, 
    "outsideTemperature": 21.5, 
    "speed": 5.3283125, 
    "yawRate": 0.33131817215803344
}