{
    "gpsHeading": 272, 
    "gpsLatitude": 49.01106141659134, 
    "gpsLongitude": 8.37518473482791, 
    "outsideTemperature": 20.5, 
    "speed": 9.326625000000002, 
    "yawRate": 0.08851403649993289
}