{
    "gpsHeading": 185, 
    "gpsLatitude": 49.010983381072776, 
    "gpsLongitude": 8.379147866287099, 
    "outsideTemperature": 21.0, 
    "speed": 1.546125, 
    "yawRate": -0.15792645388166238
}