{
    "gpsHeading": 185, 
    "gpsLatitude": 49.007133656763536, 
    "gpsLongitude": 8.409937530314988, 
    "outsideTemperature": 21.5, 
    "speed": 10.5153125, 
    "yawRate": -0.005419530980950518
}