{
    "gpsHeading": 83, 
    "gpsLatitude": 49.007957514026614, 
    "gpsLongitude": 8.37783785863989, 
    "outsideTemperature": 21.5, 
    "speed": 7.61425, 
    "yawRate": -0.005328072309812812
}