{
    "gpsHeading": 287, 
    "gpsLatitude": 49.00749474915231, 
    "gpsLongitude": 8.394834178983965, 
    "outsideTemperature": 20.5, 
    "speed": 7.522812500000001, 
    "yawRate": -0.0060856908571637995
}