{
    "gpsHeading": 57, 
    "gpsLatitude": 48.99816200288113, 
    "gpsLongitude": 8.414464763857856, 
    "outsideTemperature": 22.0, 
    "speed": 10.7065, 
    "yawRate": 0.0016091258819453
}