{
    "gpsHeading": 177, 
    "gpsLatitude": 49.00398474337876, 
    "gpsLongitude": 8.405927544017036, 
    "outsideTemperature": 22.0, 
    "speed": 6.6084375, 
    "yawRate": 0.00458789869229412
}