{
    "gpsHeading": 358, 
    "gpsLatitude": 49.003517787552866, 
    "gpsLongitude": 8.394489766582481, 
    "outsideTemperature": 22.0, 
    "speed": 10.3158125, 
    "yawRate": -0.0006674474003539675
}