{
    "gpsHeading": 288, 
    "gpsLatitude": 49.00019000435434, 
    "gpsLongitude": 8.39570313088609, 
    "outsideTemperature": 21.5, 
    "speed": 10.024875000000002, 
    "yawRate": -0.0049192595541550305
}