{
    "gpsHeading": 322, 
    "gpsLatitude": 49.005338085465375, 
    "gpsLongitude": 8.415505293317999, 
    "outsideTemperature": 24.5, 
    "speed": 5.893562500000001, 
    "yawRate": 0.11959338331675982
}