{
    "gpsHeading": 316, 
    "gpsLatitude": 49.00532945210511, 
    "gpsLongitude": 8.402959763559865, 
    "outsideTemperature": 25.5, 
    "speed": 0.0, 
    "yawRate": -0.00019256929698801975
}