{
    "gpsHeading": 141, 
    "gpsLatitude": 49.005398938082436, 
    "gpsLongitude": 8.387029788937701, 
    "outsideTemperature": 22.0, 
    "speed": 8.911000000000001, 
    "yawRate": 0.0878781216958908
}