{
    "gpsHeading": 23, 
    "gpsLatitude": 49.01061114075278, 
    "gpsLongitude": 8.407221709867251, 
    "outsideTemperature": 22.5, 
    "speed": 2.8013125000000003, 
    "yawRate": -0.038697974720008396
}