{
    "gpsHeading": 256, 
    "gpsLatitude": 49.00962475838713, 
    "gpsLongitude": 8.418286995524698, 
    "outsideTemperature": 21.5, 
    "speed": 4.4804375, 
    "yawRate": -0.009021031980855045
}