{
    "gpsHeading": 38, 
    "gpsLatitude": 49.01017888600604, 
    "gpsLongitude": 8.405128413368331, 
    "outsideTemperature": 21.0, 
    "speed": 7.040687500000001, 
    "yawRate": 0.004048027201506918
}