{
    "gpsHeading": 211, 
    "gpsLatitude": 49.00833478348851, 
    "gpsLongitude": 8.40200556770242, 
    "outsideTemperature": 21.5, 
    "speed": 5.187, 
    "yawRate": -0.01708126514472781
}