{
    "gpsHeading": 74, 
    "gpsLatitude": 49.00535417871948, 
    "gpsLongitude": 8.398473098428349, 
    "outsideTemperature": 21.5, 
    "speed": 9.6508125, 
    "yawRate": 0.004044941580030326
}