{
    "gpsHeading": 340, 
    "gpsLatitude": 49.00946558604584, 
    "gpsLongitude": 8.406689207558532, 
    "outsideTemperature": 21.5, 
    "speed": 1.5544375, 
    "yawRate": 0.004586190729449567
}