{
    "gpsHeading": 0, 
    "gpsLatitude": 48.99567249381912, 
    "gpsLongitude": 8.399572804124919, 
    "outsideTemperature": 24.0, 
    "speed": 3.2335625, 
    "yawRate": -0.01439419020958631
}