{
    "gpsHeading": 200, 
    "gpsLatitude": 49.00601391831839, 
    "gpsLongitude": 8.400334802942538, 
    "outsideTemperature": 20.5, 
    "speed": 8.229375000000001, 
    "yawRate": 0.0021173566272088946
}