{
    "gpsHeading": 8, 
    "gpsLatitude": 49.01005533675325, 
    "gpsLongitude": 8.417797240922186, 
    "outsideTemperature": 22.0, 
    "speed": 9.1188125, 
    "yawRate": -0.1407933905064239
}