{
    "gpsHeading": 99, 
    "gpsLatitude": 49.011001150707514, 
    "gpsLongitude": 8.408153358405167, 
    "outsideTemperature": 23.5, 
    "speed": 3.7489375, 
    "yawRate": 0.2533804195477422
}