{
    "gpsHeading": 276, 
    "gpsLatitude": 49.01485112647386, 
    "gpsLongitude": 8.382655860403908, 
    "outsideTemperature": 21.5, 
    "speed": 10.282562500000001, 
    "yawRate": -0.00782813821015315
}