{
    "gpsHeading": 0, 
    "gpsLatitude": 49.00122366065388, 
    "gpsLongitude": 8.405645325337117, 
    "outsideTemperature": 22.0, 
    "speed": 7.0074375, 
    "yawRate": -0.02909695587119599
}