{
    "gpsHeading": 173, 
    "gpsLatitude": 48.99837750161177, 
    "gpsLongitude": 8.410674215785033, 
    "outsideTemperature": 22.0, 
    "speed": 7.539437500000001, 
    "yawRate": -0.013575238610405192
}