{
    "gpsHeading": 126, 
    "gpsLatitude": 49.01283360237963, 
    "gpsLongitude": 8.391515029145678, 
    "outsideTemperature": 21.0, 
    "speed": 6.1761875, 
    "yawRate": 0.16823202985562333
}