{
    "gpsHeading": 2, 
    "gpsLatitude": 49.001172531044496, 
    "gpsLongitude": 8.39426672413902, 
    "outsideTemperature": 22.5, 
    "speed": 8.262625000000002, 
    "yawRate": 0.008059198859617532
}