{
    "gpsHeading": 230, 
    "gpsLatitude": 49.01164588669973, 
    "gpsLongitude": 8.400364474879801, 
    "outsideTemperature": 21.0, 
    "speed": 5.103875, 
    "yawRate": 0.000656743858968203
}