{
    "gpsHeading": 184, 
    "gpsLatitude": 49.00005807319836, 
    "gpsLongitude": 8.39398836113456, 
    "outsideTemperature": 22.0, 
    "speed": 7.680750000000001, 
    "yawRate": -0.007344530386759018
}