{
    "gpsHeading": 264, 
    "gpsLatitude": 49.00811752455822, 
    "gpsLongitude": 8.40457001097881, 
    "outsideTemperature": 21.0, 
    "speed": 5.2950625, 
    "yawRate": 0.004037218804402862
}