{
    "gpsHeading": 86, 
    "gpsLatitude": 49.0053708587068, 
    "gpsLongitude": 8.405353970382775, 
    "outsideTemperature": 24.0, 
    "speed": 11.571, 
    "yawRate": -0.0001244902880911656
}