{
    "gpsHeading": 163, 
    "gpsLatitude": 49.01161780732409, 
    "gpsLongitude": 8.379214502417346, 
    "outsideTemperature": 20.5, 
    "speed": 7.863625000000001, 
    "yawRate": 0.018875399345360155
}