{
    "gpsHeading": 271, 
    "gpsLatitude": 49.014703102063784, 
    "gpsLongitude": 8.386183971088329, 
    "outsideTemperature": 22.5, 
    "speed": 8.0215625, 
    "yawRate": -0.0036393480053666717
}