{
    "gpsHeading": 256, 
    "gpsLatitude": 49.00767504388961, 
    "gpsLongitude": 8.408583098580936, 
    "outsideTemperature": 22.0, 
    "speed": 7.173687500000001, 
    "yawRate": 0.007553250457840156
}