{
    "gpsHeading": 272, 
    "gpsLatitude": 49.01425249094909, 
    "gpsLongitude": 8.397617557571264, 
    "outsideTemperature": 23.5, 
    "speed": 8.960875, 
    "yawRate": -0.006475428269006958
}