{
    "gpsHeading": 27, 
    "gpsLatitude": 49.00743255543076, 
    "gpsLongitude": 8.399472808020015, 
    "outsideTemperature": 20.5, 
    "speed": 6.799625000000001, 
    "yawRate": 2.2961524815655072e-05
}