{
    "gpsHeading": 63, 
    "gpsLatitude": 48.9975549854532, 
    "gpsLongitude": 8.412689728222489, 
    "outsideTemperature": 22.0, 
    "speed": 9.783812500000002, 
    "yawRate": -0.0006598021456472108
}