{
    "gpsHeading": 183, 
    "gpsLatitude": 48.99730528855763, 
    "gpsLongitude": 8.393703124969536, 
    "outsideTemperature": 22.0, 
    "speed": 7.622562500000001, 
    "yawRate": 0.011330492609579874
}