{
    "gpsHeading": 180, 
    "gpsLatitude": 49.00153529981391, 
    "gpsLongitude": 8.405630908463664, 
    "outsideTemperature": 22.0, 
    "speed": 4.08975, 
    "yawRate": 0.04909379461814798
}