{
    "gpsHeading": 2, 
    "gpsLatitude": 49.00319139624324, 
    "gpsLongitude": 8.394460346102349, 
    "outsideTemperature": 22.0, 
    "speed": 10.332437500000001, 
    "yawRate": -0.013233818014713404
}