{
    "gpsHeading": 184, 
    "gpsLatitude": 49.00375139119436, 
    "gpsLongitude": 8.394323972537682, 
    "outsideTemperature": 23.5, 
    "speed": 9.27675, 
    "yawRate": 0.031429718787468114
}