{
    "gpsHeading": 150, 
    "gpsLatitude": 48.99856642970932, 
    "gpsLongitude": 8.410663403129941, 
    "outsideTemperature": 22.0, 
    "speed": 6.8328750000000005, 
    "yawRate": 0.0021327246575431136
}