{
    "gpsHeading": 128, 
    "gpsLatitude": 49.002398049107725, 
    "gpsLongitude": 8.395053114294873, 
    "outsideTemperature": 25.5, 
    "speed": 8.728125, 
    "yawRate": 0.0060763147334089804
}