{
    "gpsHeading": 171, 
    "gpsLatitude": 49.0005669385401, 
    "gpsLongitude": 8.41054722995195, 
    "outsideTemperature": 23.0, 
    "speed": 9.883562500000002, 
    "yawRate": 0.009812173366317994
}