{
    "gpsHeading": 11, 
    "gpsLatitude": 48.995873659495324, 
    "gpsLongitude": 8.399509772213033, 
    "outsideTemperature": 24.0, 
    "speed": 2.3025625, 
    "yawRate": -0.0068892744260107
}