{
    "gpsHeading": 287, 
    "gpsLatitude": 49.000052205866126, 
    "gpsLongitude": 8.396108647361729, 
    "outsideTemperature": 24.5, 
    "speed": 7.389812500000001, 
    "yawRate": 0.01748397682038612
}