{
    "gpsHeading": 144, 
    "gpsLatitude": 49.01081029477222, 
    "gpsLongitude": 8.40861310579429, 
    "outsideTemperature": 23.5, 
    "speed": 9.3765, 
    "yawRate": -0.045213037926420084
}