{
    "gpsHeading": 196, 
    "gpsLatitude": 49.013404745261965, 
    "gpsLongitude": 8.380321416550643, 
    "outsideTemperature": 21.0, 
    "speed": 6.234375, 
    "yawRate": 0.04313547594808069
}