{
    "gpsHeading": 151, 
    "gpsLatitude": 48.99877027759455, 
    "gpsLongitude": 8.410652003741628, 
    "outsideTemperature": 22.0, 
    "speed": 7.589312500000001, 
    "yawRate": -0.00275419724804045
}