{
    "gpsHeading": 210, 
    "gpsLatitude": 49.00637081975558, 
    "gpsLongitude": 8.40059229500807, 
    "outsideTemperature": 20.5, 
    "speed": 8.4205625, 
    "yawRate": 0.057269760990229214
}