{
    "gpsHeading": 103, 
    "gpsLatitude": 49.007765568443894, 
    "gpsLongitude": 8.384264179985125, 
    "outsideTemperature": 21.5, 
    "speed": 8.669937500000001, 
    "yawRate": -0.01824350877457079
}