{
    "gpsHeading": 283, 
    "gpsLatitude": 49.01016472058968, 
    "gpsLongitude": 8.39144839301543, 
    "outsideTemperature": 22.0, 
    "speed": 7.165375, 
    "yawRate": -0.00876782242811043
}