{
    "gpsHeading": 66, 
    "gpsLatitude": 48.99721082450884, 
    "gpsLongitude": 8.411479465223053, 
    "outsideTemperature": 22.0, 
    "speed": 9.459624999999999, 
    "yawRate": -0.0018815326220431017
}