{
    "gpsHeading": 75, 
    "gpsLatitude": 49.0040455959958, 
    "gpsLongitude": 8.406486700777842, 
    "outsideTemperature": 22.0, 
    "speed": 10.324125, 
    "yawRate": 0.0010252806651673651
}