{
    "gpsHeading": 328, 
    "gpsLatitude": 49.01006363483739, 
    "gpsLongitude": 8.395046408772336, 
    "outsideTemperature": 20.5, 
    "speed": 6.9908125000000005, 
    "yawRate": -0.05041705385781938
}