{
    "gpsHeading": 289, 
    "gpsLatitude": 49.00574117118907, 
    "gpsLongitude": 8.413885322891375, 
    "outsideTemperature": 23.0, 
    "speed": 10.7065, 
    "yawRate": -0.002579664322841179
}