{
    "gpsHeading": 345, 
    "gpsLatitude": 48.99854254128529, 
    "gpsLongitude": 8.398910885231162, 
    "outsideTemperature": 28.0, 
    "speed": 7.54775, 
    "yawRate": 0.0063138696076228355
}