{
    "gpsHeading": 41, 
    "gpsLatitude": 49.01337088237316, 
    "gpsLongitude": 8.418218683013816, 
    "outsideTemperature": 21.0, 
    "speed": 6.6084375, 
    "yawRate": -0.33155787774940104
}