{
    "gpsHeading": 24, 
    "gpsLatitude": 49.002885540596374, 
    "gpsLongitude": 8.399063100592825, 
    "outsideTemperature": 22.5, 
    "speed": 6.8578125, 
    "yawRate": 0.08601239447474765
}