{
    "gpsHeading": 6, 
    "gpsLatitude": 49.00208255427221, 
    "gpsLongitude": 8.39437007300516, 
    "outsideTemperature": 22.0, 
    "speed": 9.47625, 
    "yawRate": 0.04401298145070015
}