{
    "gpsHeading": 170, 
    "gpsLatitude": 49.01298280025614, 
    "gpsLongitude": 8.420036131079263, 
    "outsideTemperature": 21.0, 
    "speed": 8.4870625, 
    "yawRate": -0.07359821430464394
}