{
    "gpsHeading": 193, 
    "gpsLatitude": 49.00196311215197, 
    "gpsLongitude": 8.397910588906274, 
    "outsideTemperature": 22.5, 
    "speed": 8.162875000000001, 
    "yawRate": -0.06775111262595022
}