{
    "gpsHeading": 49, 
    "gpsLatitude": 49.00469837861506, 
    "gpsLongitude": 8.415343941681881, 
    "outsideTemperature": 22.5, 
    "speed": 3.7905, 
    "yawRate": 0.004052586834737082
}