{
    "gpsHeading": 140, 
    "gpsLatitude": 49.00982223602594, 
    "gpsLongitude": 8.409870558908615, 
    "outsideTemperature": 22.0, 
    "speed": 6.866125, 
    "yawRate": -0.031424936835665745
}