{
    "gpsHeading": 10, 
    "gpsLatitude": 49.00911530631216, 
    "gpsLongitude": 8.394931157603693, 
    "outsideTemperature": 20.5, 
    "speed": 8.1046875, 
    "yawRate": -0.0010242360263809645
}