{
    "gpsHeading": 302, 
    "gpsLatitude": 48.99999973515225, 
    "gpsLongitude": 8.415540916406512, 
    "outsideTemperature": 23.5, 
    "speed": 3.2003125000000003, 
    "yawRate": -0.0004852692204479394
}