{
    "gpsHeading": 277, 
    "gpsLatitude": 49.01052505860717, 
    "gpsLongitude": 8.387810311761365, 
    "outsideTemperature": 21.0, 
    "speed": 5.8270625, 
    "yawRate": -0.21332041076184188
}