{
    "gpsHeading": 182, 
    "gpsLatitude": 48.99544417077665, 
    "gpsLongitude": 8.393513107224537, 
    "outsideTemperature": 21.5, 
    "speed": 8.3374375, 
    "yawRate": -1.4147528383672264e-05
}