{
    "gpsHeading": 288, 
    "gpsLatitude": 49.008549444028816, 
    "gpsLongitude": 8.398302861974868, 
    "outsideTemperature": 21.0, 
    "speed": 2.89275, 
    "yawRate": -0.024935246778702954
}