{
    "gpsHeading": 192, 
    "gpsLatitude": 49.00603277760054, 
    "gpsLongitude": 8.409988408467273, 
    "outsideTemperature": 22.5, 
    "speed": 7.040687500000001, 
    "yawRate": -0.2814986468218649
}