{
    "gpsHeading": 349, 
    "gpsLatitude": 49.007681414136016, 
    "gpsLongitude": 8.407598392595947, 
    "outsideTemperature": 21.5, 
    "speed": 5.860312500000001, 
    "yawRate": -0.01688135907007965
}