{
    "gpsHeading": 334, 
    "gpsLatitude": 49.00783748517314, 
    "gpsLongitude": 8.407519770344164, 
    "outsideTemperature": 21.5, 
    "speed": 6.741437500000001, 
    "yawRate": 0.003364460253053677
}