{
    "gpsHeading": 1, 
    "gpsLatitude": 49.011968087057774, 
    "gpsLongitude": 8.418076442116927, 
    "outsideTemperature": 21.5, 
    "speed": 12.659937500000002, 
    "yawRate": 0.016984373873860183
}