{
    "gpsHeading": 309, 
    "gpsLatitude": 49.011618896971505, 
    "gpsLongitude": 8.401061681585876, 
    "outsideTemperature": 21.0, 
    "speed": 7.4479999999999995, 
    "yawRate": 0.0074635279417457345
}