{
    "gpsHeading": 254, 
    "gpsLatitude": 49.01097164640833, 
    "gpsLongitude": 8.378729190223513, 
    "outsideTemperature": 21.0, 
    "speed": 7.780500000000001, 
    "yawRate": 0.004738232404206286
}