{
    "gpsHeading": 271, 
    "gpsLatitude": 49.01488892885716, 
    "gpsLongitude": 8.38166562236279, 
    "outsideTemperature": 21.5, 
    "speed": 5.602625000000001, 
    "yawRate": 0.08240538411795244
}