{
    "gpsHeading": 0, 
    "gpsLatitude": 49.01043361204353, 
    "gpsLongitude": 8.40669197358661, 
    "outsideTemperature": 22.5, 
    "speed": 7.2900625, 
    "yawRate": 0.015756297942212852
}