{
    "gpsHeading": 151, 
    "gpsLatitude": 49.008678106242556, 
    "gpsLongitude": 8.373268967038227, 
    "outsideTemperature": 21.0, 
    "speed": 0.0, 
    "yawRate": -0.0004376956018190383
}