{
    "gpsHeading": 2, 
    "gpsLatitude": 49.007625590660865, 
    "gpsLongitude": 8.394823366328875, 
    "outsideTemperature": 20.5, 
    "speed": 7.3066875, 
    "yawRate": 0.024806636903134994
}