{
    "gpsHeading": 290, 
    "gpsLatitude": 49.00577553699208, 
    "gpsLongitude": 8.41374668621285, 
    "outsideTemperature": 23.0, 
    "speed": 10.5153125, 
    "yawRate": 3.832955514987456e-05
}