{
    "gpsHeading": 181, 
    "gpsLatitude": 49.006117770098726, 
    "gpsLongitude": 8.4101717206897, 
    "outsideTemperature": 23.0, 
    "speed": 4.7630625, 
    "yawRate": -0.22093572177766216
}