{
    "gpsHeading": 111, 
    "gpsLatitude": 49.01033386739575, 
    "gpsLongitude": 8.402489790248838, 
    "outsideTemperature": 21.5, 
    "speed": 4.4139375, 
    "yawRate": 0.020977720945851114
}