{
    "gpsHeading": 51, 
    "gpsLatitude": 48.99836861679441, 
    "gpsLongitude": 8.414966672219999, 
    "outsideTemperature": 22.0, 
    "speed": 10.5651875, 
    "yawRate": -0.013924304460803734
}