{
    "gpsHeading": 89, 
    "gpsLatitude": 49.005347221739854, 
    "gpsLongitude": 8.397449500412609, 
    "outsideTemperature": 21.5, 
    "speed": 9.07725, 
    "yawRate": 0.07769783601419027
}