{
    "gpsHeading": 76, 
    "gpsLatitude": 49.007972517633284, 
    "gpsLongitude": 8.377526470936933, 
    "outsideTemperature": 21.5, 
    "speed": 7.4064375, 
    "yawRate": -0.0009647491798270623
}