{
    "gpsHeading": 195, 
    "gpsLatitude": 49.00989281165068, 
    "gpsLongitude": 8.373990313625468, 
    "outsideTemperature": 21.0, 
    "speed": 7.830375000000001, 
    "yawRate": -0.004686545556563291
}