{
    "gpsHeading": 82, 
    "gpsLatitude": 49.007900014170815, 
    "gpsLongitude": 8.378977294557492, 
    "outsideTemperature": 21.5, 
    "speed": 5.270125000000001, 
    "yawRate": -0.013356586868987226
}