{
    "gpsHeading": 278, 
    "gpsLatitude": 49.006123637430946, 
    "gpsLongitude": 8.412339197031722, 
    "outsideTemperature": 22.0, 
    "speed": 3.8403750000000003, 
    "yawRate": -0.013924304460803734
}