{
    "gpsHeading": 220, 
    "gpsLatitude": 49.010697222898386, 
    "gpsLongitude": 8.391799510939451, 
    "outsideTemperature": 21.5, 
    "speed": 6.209437500000001, 
    "yawRate": 0.004520146018558045
}