{
    "gpsHeading": 335, 
    "gpsLatitude": 49.01011250133289, 
    "gpsLongitude": 8.406349489022857, 
    "outsideTemperature": 22.0, 
    "speed": 4.5469375, 
    "yawRate": 0.011043908961828558
}