{
    "gpsHeading": 332, 
    "gpsLatitude": 49.00055168347633, 
    "gpsLongitude": 8.41550780788895, 
    "outsideTemperature": 23.5, 
    "speed": 2.7846875, 
    "yawRate": -0.01043364595681533
}