{
    "gpsHeading": 208, 
    "gpsLatitude": 49.01481198298603, 
    "gpsLongitude": 8.381496140280596, 
    "outsideTemperature": 21.0, 
    "speed": 5.735625000000001, 
    "yawRate": 0.09671708398430559
}