{
    "gpsHeading": 89, 
    "gpsLatitude": 49.00227500276912, 
    "gpsLongitude": 8.395960287675527, 
    "outsideTemperature": 24.5, 
    "speed": 8.8029375, 
    "yawRate": 0.020911613375360925
}