{
    "gpsHeading": 102, 
    "gpsLatitude": 49.005325847886745, 
    "gpsLongitude": 8.396762854904532, 
    "outsideTemperature": 22.0, 
    "speed": 10.124625000000002, 
    "yawRate": -0.010266758286322817
}