{
    "gpsHeading": 180, 
    "gpsLatitude": 48.9952383950537, 
    "gpsLongitude": 8.39349173337145, 
    "outsideTemperature": 22.0, 
    "speed": 5.411437500000001, 
    "yawRate": -0.029684744812286577
}