{
    "gpsHeading": 39, 
    "gpsLatitude": 49.010637795204865, 
    "gpsLongitude": 8.407294213329719, 
    "outsideTemperature": 21.0, 
    "speed": 7.464625, 
    "yawRate": 0.027959037953828907
}