{
    "gpsHeading": 170, 
    "gpsLatitude": 49.00745753350221, 
    "gpsLongitude": 8.387116709273622, 
    "outsideTemperature": 21.0, 
    "speed": 8.960875, 
    "yawRate": 0.00584203490295047
}