{
    "gpsHeading": 3, 
    "gpsLatitude": 49.00337889941725, 
    "gpsLongitude": 8.39447752900385, 
    "outsideTemperature": 22.0, 
    "speed": 10.157875, 
    "yawRate": 0.002997744028833706
}