{
    "gpsHeading": 1, 
    "gpsLatitude": 49.00294530356602, 
    "gpsLongitude": 8.39443838551604, 
    "outsideTemperature": 22.0, 
    "speed": 10.498687499999999, 
    "yawRate": -0.0004929144751546961
}