{
    "gpsHeading": 86, 
    "gpsLatitude": 49.00532115402097, 
    "gpsLongitude": 8.396612232104474, 
    "outsideTemperature": 22.0, 
    "speed": 10.889375000000001, 
    "yawRate": -0.003459974203545284
}