{
    "gpsHeading": 237, 
    "gpsLatitude": 49.013196371149036, 
    "gpsLongitude": 8.379379793547955, 
    "outsideTemperature": 21.0, 
    "speed": 5.220250000000001, 
    "yawRate": 0.29184489435726846
}