{
    "gpsHeading": 279, 
    "gpsLatitude": 49.01435558835814, 
    "gpsLongitude": 8.394977006614042, 
    "outsideTemperature": 22.0, 
    "speed": 9.67575, 
    "yawRate": -0.009267955072197282
}