{
    "gpsHeading": 357, 
    "gpsLatitude": 49.01106862502807, 
    "gpsLongitude": 8.41793445267717, 
    "outsideTemperature": 21.5, 
    "speed": 12.186125, 
    "yawRate": -0.03886616218995722
}