{
    "gpsHeading": 91, 
    "gpsLatitude": 49.00794192368669, 
    "gpsLongitude": 8.378155868046349, 
    "outsideTemperature": 21.5, 
    "speed": 7.921812500000001, 
    "yawRate": 0.010205358032936221
}