{
    "gpsHeading": 145, 
    "gpsLatitude": 49.00430644082261, 
    "gpsLongitude": 8.410267525842983, 
    "outsideTemperature": 28.0, 
    "speed": 5.4779375, 
    "yawRate": -0.03591545303593275
}