{
    "gpsHeading": 260, 
    "gpsLatitude": 49.01132117177074, 
    "gpsLongitude": 8.392009226156869, 
    "outsideTemperature": 21.0, 
    "speed": 5.5195, 
    "yawRate": -0.0068244941194055015
}