{
    "gpsHeading": 93, 
    "gpsLatitude": 49.00780337082722, 
    "gpsLongitude": 8.383444513673648, 
    "outsideTemperature": 21.5, 
    "speed": 7.7223125, 
    "yawRate": -0.001313815030226597
}