{
    "gpsHeading": 2, 
    "gpsLatitude": 49.01288364234157, 
    "gpsLongitude": 8.418168140137691, 
    "outsideTemperature": 21.5, 
    "speed": 11.1969375, 
    "yawRate": -0.00046891864608281705
}