{
    "gpsHeading": 284, 
    "gpsLatitude": 49.014332202848294, 
    "gpsLongitude": 8.395595339611273, 
    "outsideTemperature": 22.0, 
    "speed": 8.528625, 
    "yawRate": 0.026685827518885336
}