{
    "gpsHeading": 23, 
    "gpsLatitude": 49.00675278308327, 
    "gpsLongitude": 8.39896033845991, 
    "outsideTemperature": 20.5, 
    "speed": 8.1213125, 
    "yawRate": -0.0036422299043720177
}