{
    "gpsHeading": 0, 
    "gpsLatitude": 49.00688362459182, 
    "gpsLongitude": 8.400962020757131, 
    "outsideTemperature": 21.0, 
    "speed": 8.07975, 
    "yawRate": -0.00399129575477056
}