{
    "gpsHeading": 143, 
    "gpsLatitude": 49.01054609718414, 
    "gpsLongitude": 8.408953075787093, 
    "outsideTemperature": 23.0, 
    "speed": 9.9666875, 
    "yawRate": -0.029330541733272507
}