{
    "gpsHeading": 170, 
    "gpsLatitude": 49.002717818713855, 
    "gpsLongitude": 8.405926119093497, 
    "outsideTemperature": 22.0, 
    "speed": 7.1155, 
    "yawRate": -0.050215439820327654
}