{
    "gpsHeading": 92, 
    "gpsLatitude": 49.00787025841455, 
    "gpsLongitude": 8.381707783335777, 
    "outsideTemperature": 22.0, 
    "speed": 7.7721875, 
    "yawRate": -0.01580004782177901
}