{
    "gpsHeading": 109, 
    "gpsLatitude": 49.00818533415489, 
    "gpsLongitude": 8.375058922461237, 
    "outsideTemperature": 21.0, 
    "speed": 7.3066875, 
    "yawRate": -0.013007521018587691
}