{
    "gpsHeading": 215, 
    "gpsLatitude": 49.0109164096664, 
    "gpsLongitude": 8.374557517013317, 
    "outsideTemperature": 20.5, 
    "speed": 7.381500000000001, 
    "yawRate": 0.161643332158494
}