{
    "gpsHeading": 279, 
    "gpsLatitude": 49.014375034373515, 
    "gpsLongitude": 8.394460346102349, 
    "outsideTemperature": 21.5, 
    "speed": 8.495375000000001, 
    "yawRate": 0.00417108016815851
}