{
    "gpsHeading": 74, 
    "gpsLatitude": 49.005450570605994, 
    "gpsLongitude": 8.406745617766909, 
    "outsideTemperature": 23.0, 
    "speed": 10.590125, 
    "yawRate": -0.018450447434031514
}