{
    "gpsHeading": 100, 
    "gpsLatitude": 48.994306159782575, 
    "gpsLongitude": 8.397135598138703, 
    "outsideTemperature": 24.5, 
    "speed": 9.87525, 
    "yawRate": -0.0013001570288789185
}