{
    "gpsHeading": 42, 
    "gpsLatitude": 49.01413975435139, 
    "gpsLongitude": 8.391579737438196, 
    "outsideTemperature": 21.0, 
    "speed": 9.1354375, 
    "yawRate": -0.09444002256951904
}