{
    "gpsHeading": 265, 
    "gpsLatitude": 49.01106694864743, 
    "gpsLongitude": 8.37671174994833, 
    "outsideTemperature": 21.0, 
    "speed": 8.728125, 
    "yawRate": -0.011493329639340823
}