{
    "gpsHeading": 180, 
    "gpsLatitude": 49.00145609082891, 
    "gpsLongitude": 8.410490903562605, 
    "outsideTemperature": 23.5, 
    "speed": 9.80875, 
    "yawRate": 0.01784068792549241
}