{
    "gpsHeading": 289, 
    "gpsLatitude": 49.005603875615066, 
    "gpsLongitude": 8.414437271215451, 
    "outsideTemperature": 23.5, 
    "speed": 10.822875000000002, 
    "yawRate": -0.0003107362952486682
}