{
    "gpsHeading": 78, 
    "gpsLatitude": 49.00548476877095, 
    "gpsLongitude": 8.40703479342646, 
    "outsideTemperature": 22.5, 
    "speed": 10.382312500000001, 
    "yawRate": 0.02867344236981538
}