{
    "gpsHeading": 250, 
    "gpsLatitude": 48.99838672170526, 
    "gpsLongitude": 8.398942568825184, 
    "outsideTemperature": 28.0, 
    "speed": 1.9451250000000002, 
    "yawRate": 0.2904534718322954
}