{
    "gpsHeading": 157, 
    "gpsLatitude": 49.010285839090564, 
    "gpsLongitude": 8.391747291682659, 
    "outsideTemperature": 21.0, 
    "speed": 2.1695625, 
    "yawRate": -0.08676057386074416
}