{
    "gpsHeading": 129, 
    "gpsLatitude": 49.010920013884764, 
    "gpsLongitude": 8.408471954544847, 
    "outsideTemperature": 24.0, 
    "speed": 7.4230625, 
    "yawRate": -0.0028015371029584727
}