{
    "gpsHeading": 304, 
    "gpsLatitude": 49.00068059714716, 
    "gpsLongitude": 8.394328917860554, 
    "outsideTemperature": 23.5, 
    "speed": 5.943437500000001, 
    "yawRate": -0.039588289719827176
}