{
    "gpsHeading": 195, 
    "gpsLatitude": 49.00949198904085, 
    "gpsLongitude": 8.373755285060438, 
    "outsideTemperature": 20.5, 
    "speed": 7.439687500000001, 
    "yawRate": -0.012715060115736714
}