{
    "gpsHeading": 262, 
    "gpsLatitude": 49.01107499527448, 
    "gpsLongitude": 8.375976405582792, 
    "outsideTemperature": 21.0, 
    "speed": 8.428875, 
    "yawRate": -0.036975136718457244
}