{
    "gpsHeading": 24, 
    "gpsLatitude": 49.0066164095186, 
    "gpsLongitude": 8.398858917431498, 
    "outsideTemperature": 20.5, 
    "speed": 8.379, 
    "yawRate": 0.0036881529540043205
}