{
    "gpsHeading": 42, 
    "gpsLatitude": 49.01016136782841, 
    "gpsLongitude": 8.404876118082768, 
    "outsideTemperature": 21.0, 
    "speed": 6.0099375, 
    "yawRate": 0.034591289111407166
}