{
    "gpsHeading": 10, 
    "gpsLatitude": 49.00616722332746, 
    "gpsLongitude": 8.394685064926477, 
    "outsideTemperature": 20.5, 
    "speed": 8.794625, 
    "yawRate": -0.0005006372507821587
}