{
    "gpsHeading": 238, 
    "gpsLatitude": 49.01027033256967, 
    "gpsLongitude": 8.420483137975566, 
    "outsideTemperature": 21.0, 
    "speed": 11.1470625, 
    "yawRate": 0.02945839831932809
}