{
    "gpsHeading": 267, 
    "gpsLatitude": 49.00560613872892, 
    "gpsLongitude": 8.399305086137485, 
    "outsideTemperature": 21.0, 
    "speed": 9.368187500000001, 
    "yawRate": 0.0057825480563975604
}