{
    "gpsHeading": 0, 
    "gpsLatitude": 49.00224751012669, 
    "gpsLongitude": 8.396844746098552, 
    "outsideTemperature": 23.5, 
    "speed": 9.3765, 
    "yawRate": 0.012708565890987242
}