{
    "gpsHeading": 201, 
    "gpsLatitude": 49.00668698514334, 
    "gpsLongitude": 8.400820031317341, 
    "outsideTemperature": 21.0, 
    "speed": 7.8054375, 
    "yawRate": -0.015161402967534834
}