{
    "gpsHeading": 160, 
    "gpsLatitude": 48.99708811344637, 
    "gpsLongitude": 8.41072727323214, 
    "outsideTemperature": 22.0, 
    "speed": 5.7273125, 
    "yawRate": 0.2478750833383413
}