{
    "gpsHeading": 0, 
    "gpsLatitude": 49.0093303021286, 
    "gpsLongitude": 8.39495730914159, 
    "outsideTemperature": 20.5, 
    "speed": 7.389812500000001, 
    "yawRate": -0.0567002391649991
}