{
    "gpsHeading": 259, 
    "gpsLatitude": 49.00416948052473, 
    "gpsLongitude": 8.40772060074422, 
    "outsideTemperature": 23.0, 
    "speed": 9.692375, 
    "yawRate": 0.01139468277507165
}