{
    "gpsHeading": 250, 
    "gpsLatitude": 49.00963448139481, 
    "gpsLongitude": 8.418091697180735, 
    "outsideTemperature": 21.5, 
    "speed": 6.4754375, 
    "yawRate": -0.016261711186720453
}