{
    "gpsHeading": 26, 
    "gpsLatitude": 49.0030991953083, 
    "gpsLongitude": 8.399235600160194, 
    "outsideTemperature": 22.5, 
    "speed": 1.3715625, 
    "yawRate": 0.29440470716286704
}