{
    "gpsHeading": 273, 
    "gpsLatitude": 49.01430420729169, 
    "gpsLongitude": 8.396406456381511, 
    "outsideTemperature": 22.5, 
    "speed": 8.528625, 
    "yawRate": -0.019216331808564673
}