{
    "gpsHeading": 0, 
    "gpsLatitude": 48.99930973688289, 
    "gpsLongitude": 8.398301688508424, 
    "outsideTemperature": 26.0, 
    "speed": 9.027375000000001, 
    "yawRate": 0.06460786662423301
}