{
    "gpsHeading": 171, 
    "gpsLatitude": 49.00916031713222, 
    "gpsLongitude": 8.409944235837525, 
    "outsideTemperature": 24.0, 
    "speed": 7.315, 
    "yawRate": 0.08068254611640129
}