{
    "gpsHeading": 284, 
    "gpsLatitude": 49.00919971207714, 
    "gpsLongitude": 8.41356337399042, 
    "outsideTemperature": 21.0, 
    "speed": 8.0548125, 
    "yawRate": -0.008846499055654782
}