{
    "gpsHeading": 135, 
    "gpsLatitude": 49.011429214502655, 
    "gpsLongitude": 8.399983098285329, 
    "outsideTemperature": 22.5, 
    "speed": 6.068125, 
    "yawRate": 0.030402498906620692
}