{
    "gpsHeading": 344, 
    "gpsLatitude": 48.997502263282236, 
    "gpsLongitude": 8.399135352598197, 
    "outsideTemperature": 24.5, 
    "speed": 1.7456250000000002, 
    "yawRate": -0.004096747622819382
}