{
    "gpsHeading": 319, 
    "gpsLatitude": 49.010338896537654, 
    "gpsLongitude": 8.38962029993299, 
    "outsideTemperature": 21.5, 
    "speed": 7.331625000000001, 
    "yawRate": 0.001180554308257952
}