{
    "gpsHeading": 175, 
    "gpsLatitude": 49.00200560840106, 
    "gpsLongitude": 8.410453352636363, 
    "outsideTemperature": 24.0, 
    "speed": 10.573500000000001, 
    "yawRate": -0.003277796023639256
}