{
    "gpsHeading": 176, 
    "gpsLatitude": 49.00360060075624, 
    "gpsLongitude": 8.405975572322243, 
    "outsideTemperature": 22.0, 
    "speed": 6.882750000000001, 
    "yawRate": 0.004413365767093856
}