{
    "gpsHeading": 106, 
    "gpsLatitude": 49.00533255340928, 
    "gpsLongitude": 8.403161432150236, 
    "outsideTemperature": 27.0, 
    "speed": 7.1570625, 
    "yawRate": -0.10920756853773492
}