{
    "gpsHeading": 276, 
    "gpsLatitude": 49.0146889366474, 
    "gpsLongitude": 8.386536430116825, 
    "outsideTemperature": 23.0, 
    "speed": 8.595125, 
    "yawRate": 0.009276088459391308
}