{
    "gpsHeading": 182, 
    "gpsLatitude": 49.01282949524707, 
    "gpsLongitude": 8.37933922513657, 
    "outsideTemperature": 21.0, 
    "speed": 6.600125, 
    "yawRate": -0.047272579305224174
}