{
    "gpsHeading": 298, 
    "gpsLatitude": 48.999627494832254, 
    "gpsLongitude": 8.397382026092044, 
    "outsideTemperature": 24.5, 
    "speed": 5.88525, 
    "yawRate": 0.008059198859617532
}