{
    "gpsHeading": 18, 
    "gpsLatitude": 49.01136081817273, 
    "gpsLongitude": 8.395155876427822, 
    "outsideTemperature": 20.5, 
    "speed": 7.049, 
    "yawRate": -0.029473102833887977
}