{
    "gpsHeading": 77, 
    "gpsLatitude": 49.01219976286153, 
    "gpsLongitude": 8.396056176647843, 
    "outsideTemperature": 21.0, 
    "speed": 9.102187500000001, 
    "yawRate": -0.010972612762748355
}