{
    "gpsHeading": 183, 
    "gpsLatitude": 49.00801032001661, 
    "gpsLongitude": 8.409821692413125, 
    "outsideTemperature": 21.5, 
    "speed": 8.844500000000002, 
    "yawRate": 0.07678547678798166
}