{
    "gpsHeading": 306, 
    "gpsLatitude": 49.003038929424484, 
    "gpsLongitude": 8.405944224004347, 
    "outsideTemperature": 22.0, 
    "speed": 6.882750000000001, 
    "yawRate": 0.014012676653062703
}