{
    "gpsHeading": 341, 
    "gpsLatitude": 49.000375579690626, 
    "gpsLongitude": 8.41551836908698, 
    "outsideTemperature": 23.5, 
    "speed": 2.6184375, 
    "yawRate": -0.050750751677883704
}