{
    "gpsHeading": 237, 
    "gpsLatitude": 49.01314415189226, 
    "gpsLongitude": 8.427896176962587, 
    "outsideTemperature": 22.5, 
    "speed": 10.581812500000002, 
    "yawRate": -0.01382576713013087
}