{
    "gpsHeading": 216, 
    "gpsLatitude": 49.012126421208755, 
    "gpsLongitude": 8.395705310180949, 
    "outsideTemperature": 21.0, 
    "speed": 5.710687500000001, 
    "yawRate": -0.15849360611771013
}