{
    "gpsHeading": 66, 
    "gpsLatitude": 48.997879448925104, 
    "gpsLongitude": 8.413694215498996, 
    "outsideTemperature": 22.0, 
    "speed": 10.4321875, 
    "yawRate": 0.013302831870307386
}