{
    "gpsHeading": 92, 
    "gpsLatitude": 49.007388634258106, 
    "gpsLongitude": 8.398742576615414, 
    "outsideTemperature": 21.0, 
    "speed": 6.483750000000001, 
    "yawRate": -0.0017223677271780496
}