{
    "gpsHeading": 0, 
    "gpsLatitude": 49.013871952544946, 
    "gpsLongitude": 8.387787261527643, 
    "outsideTemperature": 21.0, 
    "speed": 10.3490625, 
    "yawRate": 0.0001333567570613323
}