{
    "gpsHeading": 103, 
    "gpsLatitude": 49.008278624737244, 
    "gpsLongitude": 8.374579226142531, 
    "outsideTemperature": 21.0, 
    "speed": 7.223562500000001, 
    "yawRate": -0.01248392224298988
}