{
    "gpsHeading": 264, 
    "gpsLatitude": 49.00068001041394, 
    "gpsLongitude": 8.403457229513295, 
    "outsideTemperature": 21.5, 
    "speed": 6.334125, 
    "yawRate": -0.004487813418076915
}