{
    "gpsHeading": 91, 
    "gpsLatitude": 49.005367254488434, 
    "gpsLongitude": 8.390306191069781, 
    "outsideTemperature": 21.5, 
    "speed": 11.60425, 
    "yawRate": -0.032549596691715504
}