{
    "gpsHeading": 256, 
    "gpsLatitude": 49.001945845431436, 
    "gpsLongitude": 8.415580311351418, 
    "outsideTemperature": 23.5, 
    "speed": 4.571875, 
    "yawRate": 0.02552013663426729
}