{
    "gpsHeading": 264, 
    "gpsLatitude": 49.000687218850665, 
    "gpsLongitude": 8.403756128180524, 
    "outsideTemperature": 21.5, 
    "speed": 7.3399375000000004, 
    "yawRate": 0.021168526586239772
}