{
    "gpsHeading": 72, 
    "gpsLatitude": 49.00418138282723, 
    "gpsLongitude": 8.407837276836434, 
    "outsideTemperature": 22.0, 
    "speed": 9.87525, 
    "yawRate": -0.060584841930230955
}