{
    "gpsHeading": 4, 
    "gpsLatitude": 49.0069252826506, 
    "gpsLongitude": 8.394774248376256, 
    "outsideTemperature": 20.5, 
    "speed": 7.4230625, 
    "yawRate": -0.0024204994279761268
}