{
    "gpsHeading": 271, 
    "gpsLatitude": 49.00559918174929, 
    "gpsLongitude": 8.396532268748183, 
    "outsideTemperature": 20.5, 
    "speed": 11.346562500000001, 
    "yawRate": 0.005608015131197297
}