{
    "gpsHeading": 312, 
    "gpsLatitude": 49.01048557984322, 
    "gpsLongitude": 8.389415362400346, 
    "outsideTemperature": 21.5, 
    "speed": 7.539437500000001, 
    "yawRate": 0.08129116697479588
}