{
    "gpsHeading": 272, 
    "gpsLatitude": 49.01471223833824, 
    "gpsLongitude": 8.385960006635486, 
    "outsideTemperature": 22.5, 
    "speed": 7.489562500000001, 
    "yawRate": 0.005610897030203635
}