{
    "gpsHeading": 39, 
    "gpsLatitude": 49.00731336476761, 
    "gpsLongitude": 8.40566778883765, 
    "outsideTemperature": 21.0, 
    "speed": 4.738125, 
    "yawRate": -0.009925415211551736
}