{
    "gpsHeading": 239, 
    "gpsLatitude": 49.012876098628716, 
    "gpsLongitude": 8.427197545332941, 
    "outsideTemperature": 22.0, 
    "speed": 12.0365, 
    "yawRate": 0.002929393689014052
}