{
    "gpsHeading": 81, 
    "gpsLatitude": 49.00536809267875, 
    "gpsLongitude": 8.388617824313242, 
    "outsideTemperature": 21.5, 
    "speed": 12.7098125, 
    "yawRate": 0.0006116590961757979
}