{
    "gpsHeading": 29, 
    "gpsLatitude": 49.001405547952764, 
    "gpsLongitude": 8.405630573187535, 
    "outsideTemperature": 22.0, 
    "speed": 6.6749375, 
    "yawRate": -0.02002124376082595
}