{
    "gpsHeading": 230, 
    "gpsLatitude": 49.01149643736612, 
    "gpsLongitude": 8.392814727051986, 
    "outsideTemperature": 21.0, 
    "speed": 7.140437500000001, 
    "yawRate": 0.01272319350293074
}