{
    "gpsHeading": 183, 
    "gpsLatitude": 49.01242029073407, 
    "gpsLongitude": 8.420013416121668, 
    "outsideTemperature": 21.0, 
    "speed": 8.703187500000002, 
    "yawRate": 0.020475032377848586
}