{
    "gpsHeading": 4, 
    "gpsLatitude": 49.001338325089314, 
    "gpsLongitude": 8.40310535721802, 
    "outsideTemperature": 21.5, 
    "speed": 8.94425, 
    "yawRate": -0.03276214730038465
}