{
    "gpsHeading": 92, 
    "gpsLatitude": 48.99449668044174, 
    "gpsLongitude": 8.394461184292666, 
    "outsideTemperature": 22.0, 
    "speed": 9.6508125, 
    "yawRate": -0.0066463986859619335
}