{
    "gpsHeading": 350, 
    "gpsLatitude": 49.008408628055484, 
    "gpsLongitude": 8.407228918303979, 
    "outsideTemperature": 21.5, 
    "speed": 6.051500000000001, 
    "yawRate": -0.0006497970265335309
}