{
    "gpsHeading": 260, 
    "gpsLatitude": 48.99930504301711, 
    "gpsLongitude": 8.415572264724373, 
    "outsideTemperature": 23.5, 
    "speed": 1.1803750000000002, 
    "yawRate": 0.034944914595035875
}