{
    "gpsHeading": 260, 
    "gpsLatitude": 49.005750307463536, 
    "gpsLongitude": 8.40779670842505, 
    "outsideTemperature": 21.5, 
    "speed": 11.3631875, 
    "yawRate": 0.012240266288775557
}