{
    "gpsHeading": 272, 
    "gpsLatitude": 49.0148219574508, 
    "gpsLongitude": 8.3834280851434, 
    "outsideTemperature": 21.5, 
    "speed": 9.858625, 
    "yawRate": 0.015559273766571027
}