{
    "gpsHeading": 206, 
    "gpsLatitude": 49.00751478190091, 
    "gpsLongitude": 8.401420594679845, 
    "outsideTemperature": 21.0, 
    "speed": 6.034875, 
    "yawRate": 0.006655212682393916
}