{
    "gpsHeading": 27, 
    "gpsLatitude": 49.010680878187195, 
    "gpsLongitude": 8.407405860279997, 
    "outsideTemperature": 22.5, 
    "speed": 7.08225, 
    "yawRate": 0.000571933449863352
}