{
    "gpsHeading": 177, 
    "gpsLatitude": 49.00870970601752, 
    "gpsLongitude": 8.409890591657195, 
    "outsideTemperature": 22.0, 
    "speed": 8.1545625, 
    "yawRate": -0.003325135878557279
}