{
    "gpsHeading": 237, 
    "gpsLatitude": 49.012209737326316, 
    "gpsLongitude": 8.42546894544118, 
    "outsideTemperature": 21.5, 
    "speed": 10.756375, 
    "yawRate": 0.01985908743335924
}