{
    "gpsHeading": 353, 
    "gpsLatitude": 49.00144695455445, 
    "gpsLongitude": 8.415541167863607, 
    "outsideTemperature": 24.0, 
    "speed": 4.8461875, 
    "yawRate": 0.0070196465631276695
}