{
    "gpsHeading": 4, 
    "gpsLatitude": 49.01162057335214, 
    "gpsLongitude": 8.387551730048424, 
    "outsideTemperature": 20.5, 
    "speed": 9.359875, 
    "yawRate": -0.007371559026514277
}