{
    "gpsHeading": 306, 
    "gpsLatitude": 49.00184031727046, 
    "gpsLongitude": 8.41557503075242, 
    "outsideTemperature": 23.5, 
    "speed": 2.9010625, 
    "yawRate": 0.06252111677654652
}