{
    "gpsHeading": 262, 
    "gpsLatitude": 49.014393893655644, 
    "gpsLongitude": 8.387853143286605, 
    "outsideTemperature": 20.5, 
    "speed": 4.962562500000001, 
    "yawRate": -0.007371559026514277
}