{
    "gpsHeading": 2, 
    "gpsLatitude": 49.010626144359456, 
    "gpsLongitude": 8.395107009932298, 
    "outsideTemperature": 20.5, 
    "speed": 4.472125, 
    "yawRate": -0.01167074446354544
}