{
    "gpsHeading": 60, 
    "gpsLatitude": 49.00256610626638, 
    "gpsLongitude": 8.398610561640428, 
    "outsideTemperature": 22.5, 
    "speed": 8.794625, 
    "yawRate": 0.11899911733744067
}