{
    "gpsHeading": 70, 
    "gpsLatitude": 49.00540170411048, 
    "gpsLongitude": 8.406149748270213, 
    "outsideTemperature": 23.5, 
    "speed": 11.0140625, 
    "yawRate": 0.01697973638145329
}