{
    "gpsHeading": 174, 
    "gpsLatitude": 48.999110834320554, 
    "gpsLongitude": 8.41063306064046, 
    "outsideTemperature": 22.5, 
    "speed": 8.1379375, 
    "yawRate": 0.0019581917323438424
}