{
    "gpsHeading": 201, 
    "gpsLatitude": 49.009358632961344, 
    "gpsLongitude": 8.373675573161243, 
    "outsideTemperature": 20.5, 
    "speed": 8.4870625, 
    "yawRate": 0.0077052921325968735
}