{
    "gpsHeading": 315, 
    "gpsLatitude": 49.00027474539543, 
    "gpsLongitude": 8.39545536182824, 
    "outsideTemperature": 21.5, 
    "speed": 9.80875, 
    "yawRate": 0.027543864532939187
}