{
    "gpsHeading": 189, 
    "gpsLatitude": 49.00766138138743, 
    "gpsLongitude": 8.401526458116935, 
    "outsideTemperature": 21.0, 
    "speed": 1.3133750000000002, 
    "yawRate": 0.008575074859587885
}