{
    "gpsHeading": 85, 
    "gpsLatitude": 49.00534277933116, 
    "gpsLongitude": 8.401085318552852, 
    "outsideTemperature": 21.5, 
    "speed": 11.404750000000002, 
    "yawRate": 0.0012524147768400006
}