{
    "gpsHeading": 291, 
    "gpsLatitude": 49.008395300829434, 
    "gpsLongitude": 8.39879756190025, 
    "outsideTemperature": 21.0, 
    "speed": 5.502875, 
    "yawRate": -0.0018969006523783128
}