{
    "gpsHeading": 4, 
    "gpsLatitude": 49.00984889047805, 
    "gpsLongitude": 8.417728341678082, 
    "outsideTemperature": 22.5, 
    "speed": 9.401437500000002, 
    "yawRate": 0.02396569088183798
}