{
    "gpsHeading": 300, 
    "gpsLatitude": 49.0005603168366, 
    "gpsLongitude": 8.394639215916097, 
    "outsideTemperature": 21.5, 
    "speed": 7.7056875, 
    "yawRate": 0.02527493650534668
}