{
    "gpsHeading": 71, 
    "gpsLatitude": 48.99437086807509, 
    "gpsLongitude": 8.398958075346052, 
    "outsideTemperature": 27.0, 
    "speed": 5.88525, 
    "yawRate": -0.036210805859515055
}