{
    "gpsHeading": 147, 
    "gpsLatitude": 49.00996003451415, 
    "gpsLongitude": 8.40970644124445, 
    "outsideTemperature": 22.0, 
    "speed": 9.825375000000001, 
    "yawRate": 0.01918961147216955
}