{
    "gpsHeading": 120, 
    "gpsLatitude": 49.00782776216544, 
    "gpsLongitude": 8.382895582834713, 
    "outsideTemperature": 21.5, 
    "speed": 8.07975, 
    "yawRate": 0.0405740870176372
}