{
    "gpsHeading": 33, 
    "gpsLatitude": 49.00569414871225, 
    "gpsLongitude": 8.386814457845158, 
    "outsideTemperature": 22.0, 
    "speed": 2.2526875, 
    "yawRate": 0.00829110780495068
}