{
    "gpsHeading": 182, 
    "gpsLatitude": 49.00276526028582, 
    "gpsLongitude": 8.39424476355268, 
    "outsideTemperature": 28.5, 
    "speed": 5.985, 
    "yawRate": 0.14832064877094403
}