{
    "gpsHeading": 135, 
    "gpsLatitude": 49.01010587962938, 
    "gpsLongitude": 8.409518938070436, 
    "outsideTemperature": 22.5, 
    "speed": 10.581812500000002, 
    "yawRate": 0.02774172480694178
}