{
    "gpsHeading": 142, 
    "gpsLatitude": 49.007467005052796, 
    "gpsLongitude": 8.398493382634024, 
    "outsideTemperature": 21.0, 
    "speed": 6.583500000000001, 
    "yawRate": -0.008005553034357769
}