{
    "gpsHeading": 337, 
    "gpsLatitude": 49.00746809470021, 
    "gpsLongitude": 8.405619509075349, 
    "outsideTemperature": 21.0, 
    "speed": 5.1786875, 
    "yawRate": -0.011147145687947627
}