{
    "gpsHeading": 276, 
    "gpsLatitude": 49.01486529189021, 
    "gpsLongitude": 8.382285883197751, 
    "outsideTemperature": 21.5, 
    "speed": 10.224375, 
    "yawRate": 0.009276088459391308
}