{
    "gpsHeading": 348, 
    "gpsLatitude": 48.99785665014847, 
    "gpsLongitude": 8.399057568536731, 
    "outsideTemperature": 25.5, 
    "speed": 2.1612500000000003, 
    "yawRate": 0.0011392401331627236
}