{
    "gpsHeading": 78, 
    "gpsLatitude": 49.00791501777751, 
    "gpsLongitude": 8.378686191060213, 
    "outsideTemperature": 21.5, 
    "speed": 7.2734375, 
    "yawRate": 0.006365633678548283
}