{
    "gpsHeading": 229, 
    "gpsLatitude": 48.99993477540266, 
    "gpsLongitude": 8.396852541268501, 
    "outsideTemperature": 21.5, 
    "speed": 8.212750000000002, 
    "yawRate": -0.18556083713556548
}