{
    "gpsHeading": 262, 
    "gpsLatitude": 49.00560169632024, 
    "gpsLongitude": 8.398755065651171, 
    "outsideTemperature": 21.0, 
    "speed": 6.666625, 
    "yawRate": -0.0893378961772926
}