{
    "gpsHeading": 84, 
    "gpsLatitude": 49.00538393447574, 
    "gpsLongitude": 8.391777550353142, 
    "outsideTemperature": 21.0, 
    "speed": 11.762187500000001, 
    "yawRate": -0.024172016282143542
}