{
    "gpsHeading": 293, 
    "gpsLatitude": 49.00593948701818, 
    "gpsLongitude": 8.413091472841666, 
    "outsideTemperature": 22.5, 
    "speed": 8.960875, 
    "yawRate": 0.005623383161532508
}