{
    "gpsHeading": 280, 
    "gpsLatitude": 49.01440755615782, 
    "gpsLongitude": 8.393605894892678, 
    "outsideTemperature": 21.5, 
    "speed": 9.160375, 
    "yawRate": -0.016074739154974815
}