{
    "gpsHeading": 174, 
    "gpsLatitude": 49.00127696955806, 
    "gpsLongitude": 8.41050196767479, 
    "outsideTemperature": 23.0, 
    "speed": 9.891875, 
    "yawRate": 0.003354455133939005
}