{
    "gpsHeading": 299, 
    "gpsLatitude": 49.009174734005676, 
    "gpsLongitude": 8.414156980373296, 
    "outsideTemperature": 21.5, 
    "speed": 8.1711875, 
    "yawRate": 0.0021490752319092282
}