{
    "gpsHeading": 273, 
    "gpsLatitude": 49.014456925567536, 
    "gpsLongitude": 8.392489760665894, 
    "outsideTemperature": 21.5, 
    "speed": 11.022375000000002, 
    "yawRate": -0.006300895343806695
}