{
    "gpsHeading": 181, 
    "gpsLatitude": 49.00741612690053, 
    "gpsLongitude": 8.4098747498602, 
    "outsideTemperature": 21.5, 
    "speed": 10.324125, 
    "yawRate": 0.013779090790987178
}