{
    "gpsHeading": 309, 
    "gpsLatitude": 49.01179005543433, 
    "gpsLongitude": 8.387568912949925, 
    "outsideTemperature": 20.5, 
    "speed": 9.359875, 
    "yawRate": -0.005102630998921766
}