{
    "gpsHeading": 175, 
    "gpsLatitude": 48.99889751488475, 
    "gpsLongitude": 8.4106447953049, 
    "outsideTemperature": 22.0, 
    "speed": 6.8578125, 
    "yawRate": -0.0003107362952486682
}