{
    "gpsHeading": 87, 
    "gpsLatitude": 48.99453750031021, 
    "gpsLongitude": 8.39398140415493, 
    "outsideTemperature": 21.5, 
    "speed": 8.661624999999999, 
    "yawRate": 0.002254780499208838
}