{
    "gpsHeading": 58, 
    "gpsLatitude": 49.010832003901434, 
    "gpsLongitude": 8.407793942397005, 
    "outsideTemperature": 21.0, 
    "speed": 4.2310625, 
    "yawRate": 0.012425607611079876
}