{
    "gpsHeading": 158, 
    "gpsLatitude": 49.009610844427876, 
    "gpsLongitude": 8.410000310769776, 
    "outsideTemperature": 22.0, 
    "speed": 4.4804375, 
    "yawRate": -0.13439936270332906
}