{
    "gpsHeading": 181, 
    "gpsLatitude": 49.00260198081197, 
    "gpsLongitude": 8.394231687783732, 
    "outsideTemperature": 27.5, 
    "speed": 5.860312500000001, 
    "yawRate": 0.1816564374840356
}