{
    "gpsHeading": 275, 
    "gpsLatitude": 49.01423832553272, 
    "gpsLongitude": 8.397861470953655, 
    "outsideTemperature": 24.0, 
    "speed": 8.886062500000001, 
    "yawRate": 0.004869211868956587
}