{
    "gpsHeading": 176, 
    "gpsLatitude": 48.99800752440564, 
    "gpsLongitude": 8.41069751747585, 
    "outsideTemperature": 22.0, 
    "speed": 9.401437500000002, 
    "yawRate": -0.007641119153625006
}