{
    "gpsHeading": 71, 
    "gpsLatitude": 49.0123358849691, 
    "gpsLongitude": 8.396674174368943, 
    "outsideTemperature": 21.0, 
    "speed": 9.1686875, 
    "yawRate": 0.011716667513177743
}