{
    "gpsHeading": 350, 
    "gpsLatitude": 49.00171727093185, 
    "gpsLongitude": 8.394335036649869, 
    "outsideTemperature": 22.5, 
    "speed": 8.67825, 
    "yawRate": 0.008233731784816803
}