{
    "gpsHeading": 141, 
    "gpsLatitude": 48.99416475707602, 
    "gpsLongitude": 8.398687842787702, 
    "outsideTemperature": 26.5, 
    "speed": 2.2360625, 
    "yawRate": 0.04075821415343401
}