{
    "gpsHeading": 90, 
    "gpsLatitude": 48.99437640013118, 
    "gpsLongitude": 8.396123650968406, 
    "outsideTemperature": 26.0, 
    "speed": 8.354062500000001, 
    "yawRate": 0.05873916923972496
}