{
    "gpsHeading": 293, 
    "gpsLatitude": 49.0111236103129, 
    "gpsLongitude": 8.402208074483143, 
    "outsideTemperature": 21.0, 
    "speed": 9.8170625, 
    "yawRate": -0.038438631385704275
}