{
    "gpsHeading": 181, 
    "gpsLatitude": 49.0072180625285, 
    "gpsLongitude": 8.39928035952313, 
    "outsideTemperature": 21.5, 
    "speed": 5.5776875, 
    "yawRate": -0.22721890708484188
}