{
    "gpsHeading": 163, 
    "gpsLatitude": 48.999498664980464, 
    "gpsLongitude": 8.410613363167974, 
    "outsideTemperature": 22.5, 
    "speed": 9.8669375, 
    "yawRate": 0.003179922208739734
}