{
    "gpsHeading": 122, 
    "gpsLatitude": 49.01028391125283, 
    "gpsLongitude": 8.40272699810869, 
    "outsideTemperature": 21.5, 
    "speed": 5.062312500000001, 
    "yawRate": 0.006666021079497971
}