{
    "gpsHeading": 287, 
    "gpsLatitude": 49.00439059513049, 
    "gpsLongitude": 8.409724462336268, 
    "outsideTemperature": 25.5, 
    "speed": 0.0, 
    "yawRate": 0.0003327434933973394
}