{
    "gpsHeading": 263, 
    "gpsLatitude": 49.00070834124667, 
    "gpsLongitude": 8.404608064819243, 
    "outsideTemperature": 21.5, 
    "speed": 7.797125, 
    "yawRate": 0.004936964542692662
}