{
    "gpsHeading": 269, 
    "gpsLatitude": 49.011051442126565, 
    "gpsLongitude": 8.375474748677743, 
    "outsideTemperature": 20.5, 
    "speed": 10.606750000000002, 
    "yawRate": 0.005436364105004364
}