{
    "gpsHeading": 143, 
    "gpsLatitude": 49.00784167612473, 
    "gpsLongitude": 8.382576986695032, 
    "outsideTemperature": 21.5, 
    "speed": 7.921812500000001, 
    "yawRate": -0.023828562380952434
}