{
    "gpsHeading": 0, 
    "gpsLatitude": 48.99727502988716, 
    "gpsLongitude": 8.410702546617786, 
    "outsideTemperature": 22.0, 
    "speed": 7.08225, 
    "yawRate": 0.14542425624627578
}