{
    "gpsHeading": 164, 
    "gpsLatitude": 49.00322970154075, 
    "gpsLongitude": 8.405956461582978, 
    "outsideTemperature": 22.0, 
    "speed": 6.999125000000001, 
    "yawRate": -0.0030915500164807614
}