{
    "gpsHeading": 291, 
    "gpsLatitude": 49.006054989643935, 
    "gpsLongitude": 8.412641699917316, 
    "outsideTemperature": 22.0, 
    "speed": 5.9268125000000005, 
    "yawRate": -0.014447903236402538
}