{
    "gpsHeading": 184, 
    "gpsLatitude": 49.005066427983486, 
    "gpsLongitude": 8.394437547325722, 
    "outsideTemperature": 25.5, 
    "speed": 8.47875, 
    "yawRate": -0.004174997953214976
}