{
    "gpsHeading": 163, 
    "gpsLatitude": 49.00800755398856, 
    "gpsLongitude": 8.409823117336664, 
    "outsideTemperature": 23.5, 
    "speed": 4.4970625, 
    "yawRate": 0.027100938080176395
}