{
    "gpsHeading": 275, 
    "gpsLatitude": 49.01487585308821, 
    "gpsLongitude": 8.382007520193325, 
    "outsideTemperature": 21.5, 
    "speed": 9.260125, 
    "yawRate": -0.000846821202175355
}