{
    "gpsHeading": 258, 
    "gpsLatitude": 49.0096114311611, 
    "gpsLongitude": 8.418551444569859, 
    "outsideTemperature": 21.5, 
    "speed": 3.5660625, 
    "yawRate": -0.05317786205631036
}