{
    "gpsHeading": 24, 
    "gpsLatitude": 49.00448505917926, 
    "gpsLongitude": 8.415230031617748, 
    "outsideTemperature": 22.0, 
    "speed": 6.68325, 
    "yawRate": 0.056237931469366814
}