{
    "gpsHeading": 261, 
    "gpsLatitude": 49.01099528337529, 
    "gpsLongitude": 8.37823834597359, 
    "outsideTemperature": 21.0, 
    "speed": 8.07975, 
    "yawRate": -0.004686545556563291
}