{
    "gpsHeading": 71, 
    "gpsLatitude": 49.01263444836018, 
    "gpsLongitude": 8.398031455950075, 
    "outsideTemperature": 21.0, 
    "speed": 4.081437500000001, 
    "yawRate": 0.009098673635186691
}