{
    "gpsHeading": 308, 
    "gpsLatitude": 49.01151999051403, 
    "gpsLongitude": 8.401233929696115, 
    "outsideTemperature": 21.0, 
    "speed": 8.2875625, 
    "yawRate": -0.0031829804954197336
}