{
    "gpsHeading": 130, 
    "gpsLatitude": 48.996909998003886, 
    "gpsLongitude": 8.410882841355072, 
    "outsideTemperature": 22.0, 
    "speed": 6.41725, 
    "yawRate": 0.22186967748362604
}