{
    "gpsHeading": 0, 
    "gpsLatitude": 49.00229838827897, 
    "gpsLongitude": 8.394385076611837, 
    "outsideTemperature": 22.0, 
    "speed": 9.459624999999999, 
    "yawRate": 0.011549857363605934
}