{
    "gpsHeading": 357, 
    "gpsLatitude": 49.01406029390929, 
    "gpsLongitude": 8.387808970656858, 
    "outsideTemperature": 21.0, 
    "speed": 10.1163125, 
    "yawRate": -0.005626229774520573
}