{
    "gpsHeading": 170, 
    "gpsLatitude": 49.00273692945308, 
    "gpsLongitude": 8.410415047338871, 
    "outsideTemperature": 24.5, 
    "speed": 9.825375000000001, 
    "yawRate": -0.006244855752028851
}