{
    "gpsHeading": 6, 
    "gpsLatitude": 49.01277057046775, 
    "gpsLongitude": 8.418156740749344, 
    "outsideTemperature": 21.5, 
    "speed": 12.33575, 
    "yawRate": 0.01419184707066986
}