{
    "gpsHeading": 224, 
    "gpsLatitude": 49.01208224857901, 
    "gpsLongitude": 8.395471119806235, 
    "outsideTemperature": 21.0, 
    "speed": 8.703187500000002, 
    "yawRate": -0.000715841737425054
}