{
    "gpsHeading": 264, 
    "gpsLatitude": 49.00067137705367, 
    "gpsLongitude": 8.403115080225698, 
    "outsideTemperature": 21.5, 
    "speed": 1.3383125, 
    "yawRate": -0.19874295916504242
}