{
    "gpsHeading": 289, 
    "gpsLatitude": 49.00035781005589, 
    "gpsLongitude": 8.395214801207118, 
    "outsideTemperature": 21.5, 
    "speed": 9.825375000000001, 
    "yawRate": 0.0008403269774258817
}