{
    "gpsHeading": 112, 
    "gpsLatitude": 49.005348059930164, 
    "gpsLongitude": 8.399947307558755, 
    "outsideTemperature": 21.5, 
    "speed": 9.27675, 
    "yawRate": 0.051692430159475035
}