{
    "gpsHeading": 336, 
    "gpsLatitude": 48.995313916001294, 
    "gpsLongitude": 8.399706411661505, 
    "outsideTemperature": 25.0, 
    "speed": 3.8902500000000004, 
    "yawRate": -0.008634603678005396
}