{
    "gpsHeading": 8, 
    "gpsLatitude": 49.00632589275455, 
    "gpsLongitude": 8.394705013856026, 
    "outsideTemperature": 20.5, 
    "speed": 8.545250000000001, 
    "yawRate": -0.012543409089542788
}