{
    "gpsHeading": 77, 
    "gpsLatitude": 49.00395448470828, 
    "gpsLongitude": 8.405643062223263, 
    "outsideTemperature": 22.0, 
    "speed": 9.975, 
    "yawRate": 0.0018979452911647137
}