{
    "gpsHeading": 298, 
    "gpsLatitude": 48.99999839404774, 
    "gpsLongitude": 8.396294725612202, 
    "outsideTemperature": 24.5, 
    "speed": 7.1155, 
    "yawRate": 0.006662935458021378
}