{
    "gpsHeading": 0, 
    "gpsLatitude": 49.00856637547323, 
    "gpsLongitude": 8.409868631070884, 
    "outsideTemperature": 22.0, 
    "speed": 8.229375000000001, 
    "yawRate": -0.002277938327360659
}