{
    "gpsHeading": 0, 
    "gpsLatitude": 49.007732208469264, 
    "gpsLongitude": 8.385113099138671, 
    "outsideTemperature": 21.0, 
    "speed": 7.61425, 
    "yawRate": -0.04040919027489907
}