{
    "gpsHeading": 184, 
    "gpsLatitude": 48.99487252498011, 
    "gpsLongitude": 8.39345334425489, 
    "outsideTemperature": 21.5, 
    "speed": 6.641687500000001, 
    "yawRate": 0.18970314216339684
}