{
    "gpsHeading": 278, 
    "gpsLatitude": 49.01107977295928, 
    "gpsLongitude": 8.376290307856666, 
    "outsideTemperature": 21.0, 
    "speed": 7.1570625, 
    "yawRate": 0.045578936900872474
}