{
    "gpsHeading": 80, 
    "gpsLatitude": 49.00441473501163, 
    "gpsLongitude": 8.409964771500295, 
    "outsideTemperature": 29.0, 
    "speed": 4.4638125, 
    "yawRate": -0.28253047634272727
}