{
    "gpsHeading": 2, 
    "gpsLatitude": 49.0102608610191, 
    "gpsLongitude": 8.39507390141477, 
    "outsideTemperature": 20.5, 
    "speed": 7.489562500000001, 
    "yawRate": 0.00019749445001492668
}