{
    "gpsHeading": 178, 
    "gpsLatitude": 49.011843112881444, 
    "gpsLongitude": 8.419985588203106, 
    "outsideTemperature": 20.5, 
    "speed": 7.4230625, 
    "yawRate": 0.0004037459799145313
}