{
    "gpsHeading": 182, 
    "gpsLatitude": 49.00469888152925, 
    "gpsLongitude": 8.394407288655241, 
    "outsideTemperature": 25.0, 
    "speed": 7.3565625, 
    "yawRate": 0.00036285810197004545
}