{
    "gpsHeading": 176, 
    "gpsLatitude": 48.997838629056645, 
    "gpsLongitude": 8.4107086654071, 
    "outsideTemperature": 22.0, 
    "speed": 8.861125, 
    "yawRate": -0.03277386038234289
}