{
    "gpsHeading": 0, 
    "gpsLatitude": 49.00370470399368, 
    "gpsLongitude": 8.394505608379509, 
    "outsideTemperature": 22.0, 
    "speed": 10.3490625, 
    "yawRate": -0.006252501006735608
}