{
    "gpsHeading": 83, 
    "gpsLatitude": 49.00539164582668, 
    "gpsLongitude": 8.393146985693873, 
    "outsideTemperature": 21.0, 
    "speed": 10.1163125, 
    "yawRate": -0.0512246196880544
}