{
    "gpsHeading": 242, 
    "gpsLatitude": 49.011103326107204, 
    "gpsLongitude": 8.406431128759781, 
    "outsideTemperature": 22.0, 
    "speed": 9.07725, 
    "yawRate": -0.017669213286972147
}