{
    "gpsHeading": 258, 
    "gpsLatitude": 49.005991119541754, 
    "gpsLongitude": 8.409681966087188, 
    "outsideTemperature": 22.5, 
    "speed": 9.3183125, 
    "yawRate": 0.016079990643163494
}