{
    "gpsHeading": 165, 
    "gpsLatitude": 49.01270561071815, 
    "gpsLongitude": 8.379326400824718, 
    "outsideTemperature": 21.0, 
    "speed": 7.572687500000001, 
    "yawRate": -0.009573467462146854
}