{
    "gpsHeading": 1, 
    "gpsLatitude": 49.011923076237736, 
    "gpsLongitude": 8.395249250829186, 
    "outsideTemperature": 20.5, 
    "speed": 2.5602500000000004, 
    "yawRate": -0.09719187781126674
}