{
    "gpsHeading": 253, 
    "gpsLatitude": 49.004143077529726, 
    "gpsLongitude": 8.407456403156154, 
    "outsideTemperature": 23.0, 
    "speed": 9.467937500000001, 
    "yawRate": -0.0011716878392877851
}