{
    "gpsHeading": 254, 
    "gpsLatitude": 49.00763254764052, 
    "gpsLongitude": 8.408315883507727, 
    "outsideTemperature": 22.0, 
    "speed": 5.7855, 
    "yawRate": -0.0044895213809204755
}