{
    "gpsHeading": 177, 
    "gpsLatitude": 49.00195531698202, 
    "gpsLongitude": 8.40589007690986, 
    "outsideTemperature": 22.0, 
    "speed": 6.550250000000001, 
    "yawRate": -0.0016952866148855989
}