{
    "gpsHeading": 353, 
    "gpsLatitude": 49.01405392366288, 
    "gpsLongitude": 8.398318955228957, 
    "outsideTemperature": 21.5, 
    "speed": 0.382375, 
    "yawRate": -0.00034602417388689046
}