{
    "gpsHeading": 6, 
    "gpsLatitude": 49.00449444691082, 
    "gpsLongitude": 8.394613902568517, 
    "outsideTemperature": 22.0, 
    "speed": 9.085562500000002, 
    "yawRate": -0.025102056928274764
}