{
    "gpsHeading": 186, 
    "gpsLatitude": 49.00403780082584, 
    "gpsLongitude": 8.394347022771438, 
    "outsideTemperature": 23.5, 
    "speed": 9.044, 
    "yawRate": -0.022850020949554857
}