{
    "gpsHeading": 174, 
    "gpsLatitude": 49.002290844566105, 
    "gpsLongitude": 8.40590424232622, 
    "outsideTemperature": 22.0, 
    "speed": 5.2867500000000005, 
    "yawRate": -0.08232949805702235
}