{
    "gpsHeading": 353, 
    "gpsLatitude": 49.00716584327173, 
    "gpsLongitude": 8.405715062771538, 
    "outsideTemperature": 21.0, 
    "speed": 1.16375, 
    "yawRate": -0.0003261043255828873
}