{
    "gpsHeading": 339, 
    "gpsLatitude": 49.00770086015138, 
    "gpsLongitude": 8.405576677550144, 
    "outsideTemperature": 21.0, 
    "speed": 3.9983125, 
    "yawRate": -0.004689427455568638
}