{
    "gpsHeading": 302, 
    "gpsLatitude": 49.000779168328506, 
    "gpsLongitude": 8.3940692465002, 
    "outsideTemperature": 22.0, 
    "speed": 4.563562500000001, 
    "yawRate": 0.3096072617754053
}