{
    "gpsHeading": 275, 
    "gpsLatitude": 49.01432281511673, 
    "gpsLongitude": 8.395866158902876, 
    "outsideTemperature": 22.0, 
    "speed": 7.8054375, 
    "yawRate": 0.014643055680124705
}