{
    "gpsHeading": 238, 
    "gpsLatitude": 49.00996389018961, 
    "gpsLongitude": 8.419694736162954, 
    "outsideTemperature": 21.0, 
    "speed": 10.5319375, 
    "yawRate": -0.043670897339233045
}