{
    "gpsHeading": 177, 
    "gpsLatitude": 49.002850001326905, 
    "gpsLongitude": 8.405934249539573, 
    "outsideTemperature": 22.0, 
    "speed": 7.248500000000001, 
    "yawRate": -0.004138747567677381
}