{
    "gpsHeading": 242, 
    "gpsLatitude": 49.01117750595031, 
    "gpsLongitude": 8.39184728778753, 
    "outsideTemperature": 21.5, 
    "speed": 4.7630625, 
    "yawRate": 0.054262029700395
}