{
    "gpsHeading": 82, 
    "gpsLatitude": 49.007874700823244, 
    "gpsLongitude": 8.379527566500935, 
    "outsideTemperature": 21.5, 
    "speed": 4.804625000000001, 
    "yawRate": 0.006191100753349012
}