{
    "gpsHeading": 15, 
    "gpsLatitude": 49.00359532015724, 
    "gpsLongitude": 8.403367794606421, 
    "outsideTemperature": 22.0, 
    "speed": 3.8320625, 
    "yawRate": -0.1597195434435073
}