{
    "gpsHeading": 199, 
    "gpsLatitude": 49.0056108325947, 
    "gpsLongitude": 8.39818308457848, 
    "outsideTemperature": 21.0, 
    "speed": 4.1811875, 
    "yawRate": -0.35148634982683613
}