{
    "gpsHeading": 256, 
    "gpsLatitude": 49.005840832017824, 
    "gpsLongitude": 8.40860723846207, 
    "outsideTemperature": 22.0, 
    "speed": 9.193625, 
    "yawRate": -0.00503849330596718
}