{
    "gpsHeading": 255, 
    "gpsLatitude": 49.00402086938143, 
    "gpsLongitude": 8.406240859557721, 
    "outsideTemperature": 22.5, 
    "speed": 6.3008750000000004, 
    "yawRate": -0.01722871695763463
}