{
    "gpsHeading": 231, 
    "gpsLatitude": 49.009649736458606, 
    "gpsLongitude": 8.417836468229028, 
    "outsideTemperature": 22.5, 
    "speed": 2.3108750000000002, 
    "yawRate": -0.0016906491224787082
}