{
    "gpsHeading": 266, 
    "gpsLatitude": 49.009363913560335, 
    "gpsLongitude": 8.410093349895012, 
    "outsideTemperature": 25.5, 
    "speed": 5.985, 
    "yawRate": 0.21524743144516145
}