{
    "gpsHeading": 255, 
    "gpsLatitude": 49.01143642293938, 
    "gpsLongitude": 8.392538627161416, 
    "outsideTemperature": 21.0, 
    "speed": 6.5585625, 
    "yawRate": -0.0033338356154170995
}