{
    "gpsHeading": 107, 
    "gpsLatitude": 49.01298137533261, 
    "gpsLongitude": 8.393132233544256, 
    "outsideTemperature": 21.0, 
    "speed": 8.428875, 
    "yawRate": -0.016249272080174085
}