{
    "gpsHeading": 0, 
    "gpsLatitude": 49.00698001647833, 
    "gpsLongitude": 8.405773400817646, 
    "outsideTemperature": 21.0, 
    "speed": 4.106375000000001, 
    "yawRate": 0.004386284654801405
}