{
    "gpsHeading": 238, 
    "gpsLatitude": 49.01074860396484, 
    "gpsLongitude": 8.42171863050358, 
    "outsideTemperature": 21.0, 
    "speed": 10.856125, 
    "yawRate": 0.002929393689014052
}