{
    "gpsHeading": 290, 
    "gpsLatitude": 49.005673948325615, 
    "gpsLongitude": 8.414155639268788, 
    "outsideTemperature": 23.0, 
    "speed": 11.055625000000001, 
    "yawRate": 0.00038739540554940917
}