{
    "gpsHeading": 347, 
    "gpsLatitude": 49.002978328264525, 
    "gpsLongitude": 8.403305600884853, 
    "outsideTemperature": 21.0, 
    "speed": 6.9575625, 
    "yawRate": 0.12327028782790574
}