{
    "gpsHeading": 0, 
    "gpsLatitude": 49.000975556319894, 
    "gpsLongitude": 8.403071745786269, 
    "outsideTemperature": 21.5, 
    "speed": 9.0356875, 
    "yawRate": -0.004138747567677381
}