{
    "gpsHeading": 179, 
    "gpsLatitude": 48.99968004936515, 
    "gpsLongitude": 8.4106033887032, 
    "outsideTemperature": 22.5, 
    "speed": 10.0165625, 
    "yawRate": -0.00380139479923707
}