{
    "gpsHeading": 289, 
    "gpsLatitude": 49.010984722177284, 
    "gpsLongitude": 8.378458370931911, 
    "outsideTemperature": 21.0, 
    "speed": 7.996625, 
    "yawRate": 0.001596639750616427
}