{
    "gpsHeading": 60, 
    "gpsLatitude": 49.00537781568642, 
    "gpsLongitude": 8.391197271196312, 
    "outsideTemperature": 21.0, 
    "speed": 9.858625, 
    "yawRate": 0.07548628400673163
}