{
    "gpsHeading": 76, 
    "gpsLatitude": 49.00551779346946, 
    "gpsLongitude": 8.40731533572571, 
    "outsideTemperature": 22.5, 
    "speed": 9.592625, 
    "yawRate": 0.0003991084875076406
}