{
    "gpsHeading": 278, 
    "gpsLatitude": 49.00911555776926, 
    "gpsLongitude": 8.415550890871286, 
    "outsideTemperature": 21.5, 
    "speed": 8.096375, 
    "yawRate": -0.00413411007527049
}