{
    "gpsHeading": 105, 
    "gpsLatitude": 49.013026972885875, 
    "gpsLongitude": 8.393685606791873, 
    "outsideTemperature": 21.0, 
    "speed": 6.3008750000000004, 
    "yawRate": 0.00417108016815851
}