{
    "gpsHeading": 7, 
    "gpsLatitude": 49.01305949467019, 
    "gpsLongitude": 8.387699754458499, 
    "outsideTemperature": 21.0, 
    "speed": 10.590125, 
    "yawRate": 0.0013550872334572236
}