{
    "gpsHeading": 348, 
    "gpsLatitude": 49.011619483704735, 
    "gpsLongitude": 8.393380086421171, 
    "outsideTemperature": 21.0, 
    "speed": 7.0739375, 
    "yawRate": -0.004730099017012261
}