{
    "gpsHeading": 269, 
    "gpsLatitude": 49.01064726675547, 
    "gpsLongitude": 8.388930636939737, 
    "outsideTemperature": 21.5, 
    "speed": 6.209437500000001, 
    "yawRate": 0.10363138140032246
}