{
    "gpsHeading": 263, 
    "gpsLatitude": 49.0096233334636, 
    "gpsLongitude": 8.418307782644563, 
    "outsideTemperature": 21.5, 
    "speed": 7.988312500000001, 
    "yawRate": -0.027606351324684
}