{
    "gpsHeading": 104, 
    "gpsLatitude": 49.0104686483988, 
    "gpsLongitude": 8.4019461400089, 
    "outsideTemperature": 21.5, 
    "speed": 5.411437500000001, 
    "yawRate": 0.02900623550502553
}