{
    "gpsHeading": 237, 
    "gpsLatitude": 49.01241140591671, 
    "gpsLongitude": 8.425984767762555, 
    "outsideTemperature": 21.5, 
    "speed": 11.0473125, 
    "yawRate": 0.006769118043401989
}