{
    "gpsHeading": 161, 
    "gpsLatitude": 49.00003083201304, 
    "gpsLongitude": 8.410583691230746, 
    "outsideTemperature": 22.5, 
    "speed": 9.8669375, 
    "yawRate": -0.04062784201631704
}