{
    "gpsHeading": 182, 
    "gpsLatitude": 48.999103374426724, 
    "gpsLongitude": 8.393886437191963, 
    "outsideTemperature": 22.0, 
    "speed": 8.1545625, 
    "yawRate": 0.00016038539681659074
}