{
    "gpsHeading": 248, 
    "gpsLatitude": 49.01006640086543, 
    "gpsLongitude": 8.41995507807556, 
    "outsideTemperature": 21.0, 
    "speed": 11.0306875, 
    "yawRate": 0.0031039266142133233
}