{
    "gpsHeading": 115, 
    "gpsLatitude": 49.00754336419072, 
    "gpsLongitude": 8.398246703223586, 
    "outsideTemperature": 21.0, 
    "speed": 6.583500000000001, 
    "yawRate": 0.003513620028804057
}