{
    "gpsHeading": 177, 
    "gpsLatitude": 49.00091948138765, 
    "gpsLongitude": 8.410523676804006, 
    "outsideTemperature": 23.0, 
    "speed": 9.625875, 
    "yawRate": -0.0010088679960467454
}