{
    "gpsHeading": 264, 
    "gpsLatitude": 49.01096644962838, 
    "gpsLongitude": 8.39512863524248, 
    "outsideTemperature": 20.5, 
    "speed": 6.9575625, 
    "yawRate": -0.04849719168062541
}