{
    "gpsHeading": 0, 
    "gpsLatitude": 49.005008089937384, 
    "gpsLongitude": 8.394675844832989, 
    "outsideTemperature": 22.0, 
    "speed": 8.5203125, 
    "yawRate": 0.0017760135524378146
}