{
    "gpsHeading": 174, 
    "gpsLatitude": 49.00450391846142, 
    "gpsLongitude": 8.40778639868415, 
    "outsideTemperature": 22.0, 
    "speed": 6.3923125, 
    "yawRate": -0.00047355613848970796
}