{
    "gpsHeading": 0, 
    "gpsLatitude": 49.004660827688845, 
    "gpsLongitude": 8.3946339353171, 
    "outsideTemperature": 22.0, 
    "speed": 9.758875, 
    "yawRate": -0.02894178128266171
}