{
    "gpsHeading": 181, 
    "gpsLatitude": 48.995612814668526, 
    "gpsLongitude": 8.393530625402166, 
    "outsideTemperature": 22.0, 
    "speed": 9.3848125, 
    "yawRate": 0.004872774377200883
}