{
    "gpsHeading": 103, 
    "gpsLatitude": 49.00763053598374, 
    "gpsLongitude": 8.387105561342405, 
    "outsideTemperature": 21.0, 
    "speed": 3.4746250000000005, 
    "yawRate": -0.4575428815015364
}