{
    "gpsHeading": 114, 
    "gpsLatitude": 49.0053550169098, 
    "gpsLongitude": 8.398204458431602, 
    "outsideTemperature": 21.5, 
    "speed": 9.700687499999999, 
    "yawRate": 0.002997744028833706
}