{
    "gpsHeading": 312, 
    "gpsLatitude": 49.00844668189589, 
    "gpsLongitude": 8.402350566837091, 
    "outsideTemperature": 21.0, 
    "speed": 4.605125, 
    "yawRate": -0.0041658286799708235
}