{
    "gpsHeading": 235, 
    "gpsLatitude": 49.01194553973823, 
    "gpsLongitude": 8.424820605230595, 
    "outsideTemperature": 21.0, 
    "speed": 11.4961875, 
    "yawRate": 0.0010095315118210761
}