{
    "gpsHeading": 356, 
    "gpsLatitude": 49.0145502999689, 
    "gpsLongitude": 8.387873678949374, 
    "outsideTemperature": 24.0, 
    "speed": 0.6400625000000001, 
    "yawRate": 0.004912765329405558
}