{
    "gpsHeading": 93, 
    "gpsLatitude": 49.00539416039763, 
    "gpsLongitude": 8.393697509094377, 
    "outsideTemperature": 21.0, 
    "speed": 9.742250000000002, 
    "yawRate": 0.002880587123768309
}