{
    "gpsHeading": 99, 
    "gpsLatitude": 49.005317549802605, 
    "gpsLongitude": 8.396308974847594, 
    "outsideTemperature": 22.0, 
    "speed": 10.964187500000001, 
    "yawRate": 0.005790270832025022
}