{
    "gpsHeading": 172, 
    "gpsLatitude": 49.012614164154506, 
    "gpsLongitude": 8.395621407330134, 
    "outsideTemperature": 21.0, 
    "speed": 7.8553125, 
    "yawRate": 0.10173498535464044
}