{
    "gpsHeading": 2, 
    "gpsLatitude": 49.00522886926702, 
    "gpsLongitude": 8.39470224782798, 
    "outsideTemperature": 22.0, 
    "speed": 5.095562500000001, 
    "yawRate": -0.22302239410442795
}