{
    "gpsHeading": 84, 
    "gpsLatitude": 49.00533473270411, 
    "gpsLongitude": 8.402763375568489, 
    "outsideTemperature": 21.5, 
    "speed": 4.5136875000000005, 
    "yawRate": 0.00788466593441826
}