{
    "gpsHeading": 216, 
    "gpsLatitude": 49.0081747729569, 
    "gpsLongitude": 8.397488895357549, 
    "outsideTemperature": 21.0, 
    "speed": 4.4305625, 
    "yawRate": 0.004386284654801405
}