{
    "gpsHeading": 180, 
    "gpsLatitude": 49.00642614031652, 
    "gpsLongitude": 8.386999530267252, 
    "outsideTemperature": 21.0, 
    "speed": 9.842, 
    "yawRate": -0.0082951320382034
}