{
    "gpsHeading": 291, 
    "gpsLatitude": 49.00822581874723, 
    "gpsLongitude": 8.399340876864063, 
    "outsideTemperature": 21.5, 
    "speed": 5.1620625, 
    "yawRate": 0.008575074859587885
}