{
    "gpsHeading": 26, 
    "gpsLatitude": 49.0073122751202, 
    "gpsLongitude": 8.399381948189603, 
    "outsideTemperature": 20.5, 
    "speed": 7.389812500000001, 
    "yawRate": -0.005562092081565986
}