{
    "gpsHeading": 10, 
    "gpsLatitude": 49.009313370684175, 
    "gpsLongitude": 8.410274482822617, 
    "outsideTemperature": 22.5, 
    "speed": 0.0, 
    "yawRate": -0.0005748097442015538
}