{
    "gpsHeading": 357, 
    "gpsLatitude": 49.000937251022386, 
    "gpsLongitude": 8.41548475765523, 
    "outsideTemperature": 23.0, 
    "speed": 2.8844374999999998, 
    "yawRate": -0.07710522338299748
}