{
    "gpsHeading": 356, 
    "gpsLatitude": 49.010745335022605, 
    "gpsLongitude": 8.417874186793334, 
    "outsideTemperature": 21.5, 
    "speed": 11.828687500000001, 
    "yawRate": 0.005639733735897629
}