{
    "gpsHeading": 183, 
    "gpsLatitude": 48.99875032866499, 
    "gpsLongitude": 8.39385223902699, 
    "outsideTemperature": 21.5, 
    "speed": 6.1928125000000005, 
    "yawRate": -0.005948266985163856
}