{
    "gpsHeading": 291, 
    "gpsLatitude": 49.00559918174929, 
    "gpsLongitude": 8.398483408169248, 
    "outsideTemperature": 21.0, 
    "speed": 6.3175, 
    "yawRate": -0.17433543074941507
}