{
    "gpsHeading": 101, 
    "gpsLatitude": 49.00764528813333, 
    "gpsLongitude": 8.386820325177377, 
    "outsideTemperature": 21.0, 
    "speed": 6.9741875, 
    "yawRate": 0.02242266279689612
}