{
    "gpsHeading": 181, 
    "gpsLatitude": 49.01258918608304, 
    "gpsLongitude": 8.42002171420581, 
    "outsideTemperature": 21.0, 
    "speed": 9.301687500000002, 
    "yawRate": 0.007210530062692063
}