{
    "gpsHeading": 54, 
    "gpsLatitude": 48.997971398402946, 
    "gpsLongitude": 8.413945337318115, 
    "outsideTemperature": 22.0, 
    "speed": 10.756375, 
    "yawRate": 0.015571759897899898
}