{
    "gpsHeading": 282, 
    "gpsLatitude": 48.994386961329184, 
    "gpsLongitude": 8.395914773941271, 
    "outsideTemperature": 25.5, 
    "speed": 1.3216875000000001, 
    "yawRate": -0.008281474036855722
}