{
    "gpsHeading": 249, 
    "gpsLatitude": 49.012766966249394, 
    "gpsLongitude": 8.426911973891787, 
    "outsideTemperature": 22.0, 
    "speed": 11.73725, 
    "yawRate": 0.00031139981102299916
}