{
    "gpsHeading": 121, 
    "gpsLatitude": 49.007900600904044, 
    "gpsLongitude": 8.397336428538791, 
    "outsideTemperature": 21.0, 
    "speed": 5.868625, 
    "yawRate": 0.07018519745498719
}