{
    "gpsHeading": 356, 
    "gpsLatitude": 49.01054609718414, 
    "gpsLongitude": 8.417851471835737, 
    "outsideTemperature": 21.5, 
    "speed": 11.039, 
    "yawRate": -0.0016906491224787082
}