{
    "gpsHeading": 182, 
    "gpsLatitude": 48.998021689822, 
    "gpsLongitude": 8.393779232650365, 
    "outsideTemperature": 22.0, 
    "speed": 7.3066875, 
    "yawRate": -0.009613458414351529
}