{
    "gpsHeading": 59, 
    "gpsLatitude": 49.010285839090564, 
    "gpsLongitude": 8.406036173482173, 
    "outsideTemperature": 21.0, 
    "speed": 5.411437500000001, 
    "yawRate": 0.03755834883979776
}