{
    "gpsHeading": 135, 
    "gpsLatitude": 49.011211368839135, 
    "gpsLongitude": 8.400335892589952, 
    "outsideTemperature": 22.5, 
    "speed": 5.137125, 
    "yawRate": -0.005027684908863125
}