{
    "gpsHeading": 115, 
    "gpsLatitude": 49.00761947187156, 
    "gpsLongitude": 8.398000862003464, 
    "outsideTemperature": 21.0, 
    "speed": 6.641687500000001, 
    "yawRate": 0.007178811457992722
}