{
    "gpsHeading": 333, 
    "gpsLatitude": 49.01121530833363, 
    "gpsLongitude": 8.408060319279928, 
    "outsideTemperature": 23.0, 
    "speed": 7.389812500000001, 
    "yawRate": -0.017145614511374332
}