{
    "gpsHeading": 289, 
    "gpsLatitude": 49.0148322671917, 
    "gpsLongitude": 8.383155338014099, 
    "outsideTemperature": 21.5, 
    "speed": 10.3989375, 
    "yawRate": -0.008351736985750965
}