{
    "gpsHeading": 89, 
    "gpsLatitude": 49.00534420425469, 
    "gpsLongitude": 8.400770578088627, 
    "outsideTemperature": 21.5, 
    "speed": 11.4296875, 
    "yawRate": -0.009743159510725002
}