{
    "gpsHeading": 268, 
    "gpsLatitude": 49.005607815109556, 
    "gpsLongitude": 8.39948118992322, 
    "outsideTemperature": 21.0, 
    "speed": 9.584312500000001, 
    "yawRate": -0.022840851676309715
}