{
    "gpsHeading": 74, 
    "gpsLatitude": 49.005360297508794, 
    "gpsLongitude": 8.404500357363421, 
    "outsideTemperature": 25.0, 
    "speed": 9.459624999999999, 
    "yawRate": -0.04026706308396026
}