{
    "gpsHeading": 0, 
    "gpsLatitude": 49.01147087256143, 
    "gpsLongitude": 8.423585028883549, 
    "outsideTemperature": 20.5, 
    "speed": 9.27675, 
    "yawRate": -0.034595185228863005
}