{
    "gpsHeading": 312, 
    "gpsLatitude": 49.00561753811723, 
    "gpsLongitude": 8.394803082123167, 
    "outsideTemperature": 20.5, 
    "speed": 4.206125, 
    "yawRate": -0.3075040526765801
}