{
    "gpsHeading": 356, 
    "gpsLatitude": 49.00184165837496, 
    "gpsLongitude": 8.403163359988, 
    "outsideTemperature": 21.5, 
    "speed": 9.393125, 
    "yawRate": 0.007205892570285172
}