{
    "gpsHeading": 266, 
    "gpsLatitude": 49.00918445701335, 
    "gpsLongitude": 8.413928070597581, 
    "outsideTemperature": 21.5, 
    "speed": 8.94425, 
    "yawRate": -0.00867196613045551
}