{
    "gpsHeading": 275, 
    "gpsLatitude": 49.005593901150284, 
    "gpsLongitude": 8.395067531168362, 
    "outsideTemperature": 20.5, 
    "speed": 5.2867500000000005, 
    "yawRate": -0.053733179436608505
}