{
    "gpsHeading": 114, 
    "gpsLatitude": 49.00847031886285, 
    "gpsLongitude": 8.373518663933806, 
    "outsideTemperature": 21.0, 
    "speed": 5.6109375, 
    "yawRate": 0.041097685793235014
}