{
    "gpsHeading": 274, 
    "gpsLatitude": 49.00926500710286, 
    "gpsLongitude": 8.411929741061627, 
    "outsideTemperature": 21.0, 
    "speed": 8.8195625, 
    "yawRate": 0.010526655641481194
}