{
    "gpsHeading": 1, 
    "gpsLatitude": 49.0103955582031, 
    "gpsLongitude": 8.395090916678209, 
    "outsideTemperature": 20.5, 
    "speed": 6.766375, 
    "yawRate": 0.004211751729602134
}