{
    "gpsHeading": 84, 
    "gpsLatitude": 49.003898912690225, 
    "gpsLongitude": 8.405117852170333, 
    "outsideTemperature": 22.0, 
    "speed": 9.509500000000001, 
    "yawRate": 0.015336980531520506
}