{
    "gpsHeading": 292, 
    "gpsLatitude": 49.008145268657714, 
    "gpsLongitude": 8.399593088330592, 
    "outsideTemperature": 21.5, 
    "speed": 5.1620625, 
    "yawRate": -0.003118631128774204
}