{
    "gpsHeading": 85, 
    "gpsLatitude": 49.005315286688756, 
    "gpsLongitude": 8.396003119200733, 
    "outsideTemperature": 22.0, 
    "speed": 11.1969375, 
    "yawRate": -0.004332638829542632
}