{
    "gpsHeading": 273, 
    "gpsLatitude": 49.01475305820671, 
    "gpsLongitude": 8.385078062783414, 
    "outsideTemperature": 22.0, 
    "speed": 9.692375, 
    "yawRate": 0.005087298254604829
}