{
    "gpsHeading": 170, 
    "gpsLatitude": 48.999274784346646, 
    "gpsLongitude": 8.41062476255632, 
    "outsideTemperature": 22.0, 
    "speed": 9.127125000000001, 
    "yawRate": -0.004150460649635613
}