{
    "gpsHeading": 85, 
    "gpsLatitude": 49.01341614465029, 
    "gpsLongitude": 8.418898622999391, 
    "outsideTemperature": 21.0, 
    "speed": 9.501187500000002, 
    "yawRate": 0.004418003259501739
}