{
    "gpsHeading": 0, 
    "gpsLatitude": 49.0114536058409, 
    "gpsLongitude": 8.387535050061114, 
    "outsideTemperature": 20.5, 
    "speed": 9.193625, 
    "yawRate": -0.0014374395697340932
}