{
    "gpsHeading": 354, 
    "gpsLatitude": 49.000203918313595, 
    "gpsLongitude": 8.415528678827881, 
    "outsideTemperature": 23.5, 
    "speed": 2.8345625, 
    "yawRate": 0.0037035209843385396
}