{
    "gpsHeading": 243, 
    "gpsLatitude": 49.00800755398856, 
    "gpsLongitude": 8.397288903147777, 
    "outsideTemperature": 21.0, 
    "speed": 1.2551875000000001, 
    "yawRate": 0.08083170589215166
}