{
    "gpsHeading": 354, 
    "gpsLatitude": 49.00951998459745, 
    "gpsLongitude": 8.394980610832405, 
    "outsideTemperature": 20.0, 
    "speed": 6.051500000000001, 
    "yawRate": 0.02114144547394732
}