{
    "gpsHeading": 92, 
    "gpsLatitude": 49.0079311110316, 
    "gpsLongitude": 8.378367259644403, 
    "outsideTemperature": 21.5, 
    "speed": 7.8220625, 
    "yawRate": -0.0028846113570210304
}