{
    "gpsHeading": 72, 
    "gpsLatitude": 49.00824224727746, 
    "gpsLongitude": 8.374772848105893, 
    "outsideTemperature": 21.0, 
    "speed": 7.4479999999999995, 
    "yawRate": 0.01125255558413284
}