{
    "gpsHeading": 99, 
    "gpsLatitude": 48.99447471985542, 
    "gpsLongitude": 8.394720604195925, 
    "outsideTemperature": 22.0, 
    "speed": 9.6508125, 
    "yawRate": -0.007169997461559747
}