{
    "gpsHeading": 84, 
    "gpsLatitude": 49.00421172531673, 
    "gpsLongitude": 8.40810591683318, 
    "outsideTemperature": 22.0, 
    "speed": 10.407250000000001, 
    "yawRate": 0.013242585429127268
}