{
    "gpsHeading": 278, 
    "gpsLatitude": 49.009232233861454, 
    "gpsLongitude": 8.412771116502318, 
    "outsideTemperature": 21.0, 
    "speed": 8.786312500000001, 
    "yawRate": 0.00790866176349014
}