{
    "gpsHeading": 205, 
    "gpsLatitude": 49.00584946537809, 
    "gpsLongitude": 8.398293893338474, 
    "outsideTemperature": 21.0, 
    "speed": 7.61425, 
    "yawRate": 0.015207326017166147
}