{
    "gpsHeading": 2, 
    "gpsLatitude": 49.00804393144834, 
    "gpsLongitude": 8.394813140406972, 
    "outsideTemperature": 20.5, 
    "speed": 8.2210625, 
    "yawRate": -0.01044901398714955
}