{
    "gpsHeading": 176, 
    "gpsLatitude": 49.01317835005722, 
    "gpsLongitude": 8.39149809770127, 
    "outsideTemperature": 21.0, 
    "speed": 7.581, 
    "yawRate": -0.01083875139899271
}