{
    "gpsHeading": 169, 
    "gpsLatitude": 49.006677513592756, 
    "gpsLongitude": 8.41003174290667, 
    "outsideTemperature": 21.5, 
    "speed": 9.0356875, 
    "yawRate": -0.07837429371431238
}