{
    "gpsHeading": 94, 
    "gpsLatitude": 49.013432824637604, 
    "gpsLongitude": 8.418642807314495, 
    "outsideTemperature": 21.0, 
    "speed": 9.492875, 
    "yawRate": -0.00622850517766373
}