{
    "gpsHeading": 85, 
    "gpsLatitude": 49.005353927262384, 
    "gpsLongitude": 8.397947804556356, 
    "outsideTemperature": 21.5, 
    "speed": 9.4180625, 
    "yawRate": -0.013059285089514133
}