{
    "gpsHeading": 193, 
    "gpsLatitude": 49.00146279635146, 
    "gpsLongitude": 8.397589226738544, 
    "outsideTemperature": 23.0, 
    "speed": 5.9185, 
    "yawRate": -0.10038876963824372
}