{
    "gpsHeading": 64, 
    "gpsLatitude": 49.01312529261011, 
    "gpsLongitude": 8.394822528138556, 
    "outsideTemperature": 21.0, 
    "speed": 7.439687500000001, 
    "yawRate": -0.004904631942211532
}