{
    "gpsHeading": 273, 
    "gpsLatitude": 49.00920918362773, 
    "gpsLongitude": 8.41334091828015, 
    "outsideTemperature": 21.0, 
    "speed": 7.921812500000001, 
    "yawRate": 0.11123215348155298
}