{
    "gpsHeading": 0, 
    "gpsLatitude": 48.99743143620041, 
    "gpsLongitude": 8.410727021775047, 
    "outsideTemperature": 22.0, 
    "speed": 8.911000000000001, 
    "yawRate": -0.02526894459876728
}