{
    "gpsHeading": 233, 
    "gpsLatitude": 49.008589760983085, 
    "gpsLongitude": 8.39798979789128, 
    "outsideTemperature": 21.0, 
    "speed": 3.740625, 
    "yawRate": 0.06878893405339104
}