{
    "gpsHeading": 241, 
    "gpsLatitude": 49.01210672373629, 
    "gpsLongitude": 8.4252158957843, 
    "outsideTemperature": 21.5, 
    "speed": 10.9725, 
    "yawRate": -0.015047497606526763
}