{
    "gpsHeading": 45, 
    "gpsLatitude": 49.004012236021154, 
    "gpsLongitude": 8.41496918679095, 
    "outsideTemperature": 22.0, 
    "speed": 3.4164375000000002, 
    "yawRate": 0.40984163792341183
}