{
    "gpsHeading": 103, 
    "gpsLatitude": 49.010199170211735, 
    "gpsLongitude": 8.403250615600047, 
    "outsideTemperature": 21.5, 
    "speed": 5.6940625, 
    "yawRate": 0.043143402446179396
}