{
    "gpsHeading": 272, 
    "gpsLatitude": 49.01324029232167, 
    "gpsLongitude": 8.379834763252305, 
    "outsideTemperature": 21.0, 
    "speed": 7.531125, 
    "yawRate": 0.010323286010587927
}