{
    "gpsHeading": 169, 
    "gpsLatitude": 49.00694221409501, 
    "gpsLongitude": 8.409977511993118, 
    "outsideTemperature": 21.5, 
    "speed": 10.07475, 
    "yawRate": -0.0017543395517618532
}