{
    "gpsHeading": 174, 
    "gpsLatitude": 48.99985782953151, 
    "gpsLongitude": 8.41058922328684, 
    "outsideTemperature": 22.5, 
    "speed": 9.758875, 
    "yawRate": 0.03564304629583395
}