{
    "gpsHeading": 7, 
    "gpsLatitude": 49.00298419559675, 
    "gpsLongitude": 8.414356972583034, 
    "outsideTemperature": 23.0, 
    "speed": 5.943437500000001, 
    "yawRate": -0.01776402881519167
}