{
    "gpsHeading": 342, 
    "gpsLatitude": 49.0132847164085, 
    "gpsLongitude": 8.398503357098798, 
    "outsideTemperature": 22.0, 
    "speed": 9.393125, 
    "yawRate": -0.010992532611052359
}