{
    "gpsHeading": 275, 
    "gpsLatitude": 49.00915109703872, 
    "gpsLongitude": 8.41471169472542, 
    "outsideTemperature": 21.5, 
    "speed": 7.88025, 
    "yawRate": 0.08627394517803437
}