{
    "gpsHeading": 8, 
    "gpsLatitude": 49.012907279308536, 
    "gpsLongitude": 8.398656997383997, 
    "outsideTemperature": 22.5, 
    "speed": 7.7223125, 
    "yawRate": 0.06074049964591361
}