{
    "gpsHeading": 150, 
    "gpsLatitude": 49.010625054712044, 
    "gpsLongitude": 8.401466443690193, 
    "outsideTemperature": 21.5, 
    "speed": 3.9068750000000003, 
    "yawRate": 0.012774673461478418
}