{
    "gpsHeading": 67, 
    "gpsLatitude": 49.01237561519015, 
    "gpsLongitude": 8.396857235134275, 
    "outsideTemperature": 21.0, 
    "speed": 9.4513125, 
    "yawRate": -0.005911157931964528
}