{
    "gpsHeading": 212, 
    "gpsLatitude": 49.00439084658758, 
    "gpsLongitude": 8.409726138716902, 
    "outsideTemperature": 28.5, 
    "speed": 0.0, 
    "yawRate": -9.941361771877199e-05
}