{
    "gpsHeading": 173, 
    "gpsLatitude": 49.00962031597846, 
    "gpsLongitude": 8.418734170059098, 
    "outsideTemperature": 21.5, 
    "speed": 0.0, 
    "yawRate": -0.0005892442993521642
}