{
    "gpsHeading": 193, 
    "gpsLatitude": 49.007228623726505, 
    "gpsLongitude": 8.409916407918995, 
    "outsideTemperature": 21.5, 
    "speed": 10.5651875, 
    "yawRate": 0.0024344506530236333
}