{
    "gpsHeading": 79, 
    "gpsLatitude": 49.012938879083514, 
    "gpsLongitude": 8.392615908308692, 
    "outsideTemperature": 21.0, 
    "speed": 6.450500000000001, 
    "yawRate": 0.0038220143177599675
}