{
    "gpsHeading": 342, 
    "gpsLatitude": 49.00992474670178, 
    "gpsLongitude": 8.4064509100513, 
    "outsideTemperature": 22.0, 
    "speed": 5.602625000000001, 
    "yawRate": -0.008329245735308412
}