{
    "gpsHeading": 118, 
    "gpsLatitude": 49.00509283097848, 
    "gpsLongitude": 8.403313060778677, 
    "outsideTemperature": 27.0, 
    "speed": 7.4729375000000005, 
    "yawRate": 0.17964442266732195
}