{
    "gpsHeading": 273, 
    "gpsLatitude": 49.01476085337665, 
    "gpsLongitude": 8.384810847710204, 
    "outsideTemperature": 22.0, 
    "speed": 9.2850625, 
    "yawRate": 0.004912765329405558
}