{
    "gpsHeading": 191, 
    "gpsLatitude": 49.001301444715345, 
    "gpsLongitude": 8.39747280210346, 
    "outsideTemperature": 23.0, 
    "speed": 8.744750000000002, 
    "yawRate": -0.013296839963727988
}