{
    "gpsHeading": 0, 
    "gpsLatitude": 49.00225614348695, 
    "gpsLongitude": 8.403212813216712, 
    "outsideTemperature": 21.5, 
    "speed": 8.728125, 
    "yawRate": 0.026928113117820684
}