{
    "gpsHeading": 126, 
    "gpsLatitude": 49.00769365171466, 
    "gpsLongitude": 8.397760636658468, 
    "outsideTemperature": 21.0, 
    "speed": 6.242687500000001, 
    "yawRate": 0.037547540442693705
}