{
    "gpsHeading": 174, 
    "gpsLatitude": 49.004703323937925, 
    "gpsLongitude": 8.407734179427392, 
    "outsideTemperature": 22.0, 
    "speed": 7.74725, 
    "yawRate": -0.013039926752849144
}