{
    "gpsHeading": 282, 
    "gpsLatitude": 49.014428594734795, 
    "gpsLongitude": 8.393150589912233, 
    "outsideTemperature": 21.5, 
    "speed": 10.590125, 
    "yawRate": 0.05356389799959792
}