{
    "gpsHeading": 4, 
    "gpsLatitude": 49.0078302767364, 
    "gpsLongitude": 8.394788665249711, 
    "outsideTemperature": 20.5, 
    "speed": 7.7721875, 
    "yawRate": -0.0024204994279761268
}