{
    "gpsHeading": 99, 
    "gpsLatitude": 49.00534277933116, 
    "gpsLongitude": 8.403670297492015, 
    "outsideTemperature": 26.5, 
    "speed": 7.938437500000001, 
    "yawRate": 0.18313508117131036
}