{
    "gpsHeading": 233, 
    "gpsLatitude": 49.01171361247738, 
    "gpsLongitude": 8.393819801061715, 
    "outsideTemperature": 21.0, 
    "speed": 6.28425, 
    "yawRate": 0.01185052887693339
}