{
    "gpsHeading": 159, 
    "gpsLatitude": 48.36762428408634, 
    "gpsLongitude": 10.892279562192922, 
    "outsideTemperature": 25.0, 
    "speed": 9.600937499999999, 
    "yawRate": -0.006170123364889464
}