{
    "gpsHeading": 165, 
    "gpsLatitude": 48.36631008548753, 
    "gpsLongitude": 10.892823966804146, 
    "outsideTemperature": 26.5, 
    "speed": 10.3490625, 
    "yawRate": -0.011780245291217599
}