{
    "gpsHeading": 340, 
    "gpsLatitude": 48.36739143481613, 
    "gpsLongitude": 10.902896499849524, 
    "outsideTemperature": 21.5, 
    "speed": 10.332437500000001, 
    "yawRate": 0.007680558428082588
}