{
    "gpsHeading": 151, 
    "gpsLatitude": 48.36645090146086, 
    "gpsLongitude": 10.90336731135087, 
    "outsideTemperature": 25.5, 
    "speed": 8.2376875, 
    "yawRate": 0.01881364271498861
}