{
    "gpsHeading": 304, 
    "gpsLatitude": 48.35841701490569, 
    "gpsLongitude": 10.908891237000292, 
    "outsideTemperature": 23.0, 
    "speed": 11.645812500000002, 
    "yawRate": -0.003037956169858608
}