{
    "gpsHeading": 290, 
    "gpsLatitude": 48.3813356527571, 
    "gpsLongitude": 10.87454756220718, 
    "outsideTemperature": 22.0, 
    "speed": 2.1113750000000002, 
    "yawRate": -0.13276263091204535
}