{
    "gpsHeading": 341, 
    "gpsLatitude": 48.373671994865155, 
    "gpsLongitude": 10.896449307565392, 
    "outsideTemperature": 23.0, 
    "speed": 6.2260625, 
    "yawRate": 0.012161222746861183
}