{
    "gpsHeading": 90, 
    "gpsLatitude": 48.3697789361165, 
    "gpsLongitude": 10.893160081121456, 
    "outsideTemperature": 26.0, 
    "speed": 6.5253125, 
    "yawRate": -0.09331555403638292
}