{
    "gpsHeading": 337, 
    "gpsLatitude": 48.36485817221956, 
    "gpsLongitude": 10.894423150110905, 
    "outsideTemperature": 22.0, 
    "speed": 11.07225, 
    "yawRate": 0.27567960336103753
}