{
    "gpsHeading": 3, 
    "gpsLatitude": 48.36954231498988, 
    "gpsLongitude": 10.904713947914969, 
    "outsideTemperature": 22.5, 
    "speed": 4.48875, 
    "yawRate": -0.0022721090357761637
}