{
    "gpsHeading": 201, 
    "gpsLatitude": 48.37045594243594, 
    "gpsLongitude": 10.909172617489894, 
    "outsideTemperature": 22.0, 
    "speed": 5.270125000000001, 
    "yawRate": -0.3552631946422125
}