{
    "gpsHeading": 341, 
    "gpsLatitude": 48.36724005764479, 
    "gpsLongitude": 10.893934820431934, 
    "outsideTemperature": 26.0, 
    "speed": 4.704875, 
    "yawRate": 0.01209760520029892
}