{
    "gpsHeading": 84, 
    "gpsLatitude": 48.35931337563122, 
    "gpsLongitude": 10.906287901693183, 
    "outsideTemperature": 27.5, 
    "speed": 10.773, 
    "yawRate": -0.11848083249228791
}