{
    "gpsHeading": 15, 
    "gpsLatitude": 48.38161870962732, 
    "gpsLongitude": 10.874450667406485, 
    "outsideTemperature": 23.0, 
    "speed": 6.8578125, 
    "yawRate": 0.009248920979677706
}