{
    "gpsHeading": 120, 
    "gpsLatitude": 48.35891565432558, 
    "gpsLongitude": 10.907548456111648, 
    "outsideTemperature": 25.5, 
    "speed": 11.055625000000001, 
    "yawRate": -0.022313190707402147
}