{
    "gpsHeading": 58, 
    "gpsLatitude": 48.3747267735607, 
    "gpsLongitude": 10.897547588338421, 
    "outsideTemperature": 21.5, 
    "speed": 7.198625000000001, 
    "yawRate": -0.02593694853841473
}