{
    "gpsHeading": 182, 
    "gpsLatitude": 48.36186365349125, 
    "gpsLongitude": 10.896214027543264, 
    "outsideTemperature": 33.5, 
    "speed": 9.576, 
    "yawRate": -0.11787976156526248
}