{
    "gpsHeading": 150, 
    "gpsLatitude": 48.3675059316135, 
    "gpsLongitude": 10.906303994947272, 
    "outsideTemperature": 23.5, 
    "speed": 2.6101250000000005, 
    "yawRate": 0.011515992054979163
}