{
    "gpsHeading": 91, 
    "gpsLatitude": 48.370892304315234, 
    "gpsLongitude": 10.888822865323554, 
    "outsideTemperature": 22.0, 
    "speed": 7.3648750000000005, 
    "yawRate": -0.12441393024432493
}