{
    "gpsHeading": 7, 
    "gpsLatitude": 48.36940392976845, 
    "gpsLongitude": 10.892937625411184, 
    "outsideTemperature": 24.0, 
    "speed": 0.0, 
    "yawRate": 0.0002730527717825391
}