{
    "gpsHeading": 106, 
    "gpsLatitude": 48.37063011838393, 
    "gpsLongitude": 10.875576189364825, 
    "outsideTemperature": 21.5, 
    "speed": 13.898500000000002, 
    "yawRate": -0.010708015054883587
}