{
    "gpsHeading": 134, 
    "gpsLatitude": 48.36939093781853, 
    "gpsLongitude": 10.91126423760818, 
    "outsideTemperature": 21.0, 
    "speed": 8.503687500000002, 
    "yawRate": -0.04300356583954649
}