{
    "gpsHeading": 15, 
    "gpsLatitude": 48.35965510582368, 
    "gpsLongitude": 10.905649535947376, 
    "outsideTemperature": 26.0, 
    "speed": 0.0, 
    "yawRate": -0.00046655788577824354
}