{
    "gpsHeading": 325, 
    "gpsLatitude": 48.369144509865194, 
    "gpsLongitude": 10.910270646805797, 
    "outsideTemperature": 22.5, 
    "speed": 9.1686875, 
    "yawRate": 0.10132756989927776
}