{
    "gpsHeading": 291, 
    "gpsLatitude": 48.38080281517226, 
    "gpsLongitude": 10.876093185152643, 
    "outsideTemperature": 22.0, 
    "speed": 10.9475625, 
    "yawRate": 0.0054674458459034875
}