{
    "gpsHeading": 344, 
    "gpsLatitude": 48.366859770697744, 
    "gpsLongitude": 10.891980076792471, 
    "outsideTemperature": 22.0, 
    "speed": 9.1853125, 
    "yawRate": -0.005494088757379638
}