{
    "gpsHeading": 179, 
    "gpsLatitude": 48.378589825096, 
    "gpsLongitude": 10.870172292568848, 
    "outsideTemperature": 22.5, 
    "speed": 10.681562500000002, 
    "yawRate": 0.01948618100461812
}