{
    "gpsHeading": 123, 
    "gpsLatitude": 48.368278659267204, 
    "gpsLongitude": 10.902494503773251, 
    "outsideTemperature": 29.5, 
    "speed": 11.2385, 
    "yawRate": -0.024295989809270085
}