{
    "gpsHeading": 356, 
    "gpsLatitude": 48.368800348920814, 
    "gpsLongitude": 10.910580693404242, 
    "outsideTemperature": 21.5, 
    "speed": 10.922625000000002, 
    "yawRate": 0.14304853242304633
}