{
    "gpsHeading": 180, 
    "gpsLatitude": 48.380591758850315, 
    "gpsLongitude": 10.870212609523136, 
    "outsideTemperature": 24.0, 
    "speed": 9.94175, 
    "yawRate": 0.031703485768578024
}