{
    "gpsHeading": 344, 
    "gpsLatitude": 48.36730677759407, 
    "gpsLongitude": 10.891713196995388, 
    "outsideTemperature": 21.5, 
    "speed": 8.9775, 
    "yawRate": 0.007072281856979799
}