{
    "gpsHeading": 160, 
    "gpsLatitude": 48.36109729608396, 
    "gpsLongitude": 10.896600349460606, 
    "outsideTemperature": 22.5, 
    "speed": 10.507000000000001, 
    "yawRate": -0.01631810134640262
}