{
    "gpsHeading": 260, 
    "gpsLatitude": 48.370633387326166, 
    "gpsLongitude": 10.90053037240227, 
    "outsideTemperature": 25.5, 
    "speed": 11.080562500000001, 
    "yawRate": 0.004466882264497547
}