{
    "gpsHeading": 156, 
    "gpsLatitude": 48.36830841502348, 
    "gpsLongitude": 10.879450137374235, 
    "outsideTemperature": 21.0, 
    "speed": 12.252625, 
    "yawRate": 0.011981265221042512
}