{
    "gpsHeading": 0, 
    "gpsLatitude": 48.36690788282197, 
    "gpsLongitude": 10.884106200768912, 
    "outsideTemperature": 22.0, 
    "speed": 10.989125000000001, 
    "yawRate": 0.005966982629380642
}