{
    "gpsHeading": 294, 
    "gpsLatitude": 48.378620083766464, 
    "gpsLongitude": 10.882436190380322, 
    "outsideTemperature": 23.5, 
    "speed": 7.3066875, 
    "yawRate": 0.06044519754492044
}