{
    "gpsHeading": 0, 
    "gpsLatitude": 48.35875564379397, 
    "gpsLongitude": 10.904343719251719, 
    "outsideTemperature": 23.5, 
    "speed": 7.08225, 
    "yawRate": -0.06090103650749582
}