{
    "gpsHeading": 0, 
    "gpsLatitude": 48.36921064308123, 
    "gpsLongitude": 10.904934559606543, 
    "outsideTemperature": 23.0, 
    "speed": 3.773875, 
    "yawRate": -0.13718606021493587
}