{
    "gpsHeading": 330, 
    "gpsLatitude": 48.35740733084923, 
    "gpsLongitude": 10.911034824918277, 
    "outsideTemperature": 28.5, 
    "speed": 8.61175, 
    "yawRate": 0.12105495364693537
}