{
    "gpsHeading": 0, 
    "gpsLatitude": 48.36658065332202, 
    "gpsLongitude": 10.88344067765683, 
    "outsideTemperature": 22.5, 
    "speed": 12.3108125, 
    "yawRate": -0.004504992882585554
}