{
    "gpsHeading": 61, 
    "gpsLatitude": 48.369524796812236, 
    "gpsLongitude": 10.899886223143271, 
    "outsideTemperature": 25.5, 
    "speed": 4.031562500000001, 
    "yawRate": 0.04203459325483607
}