{
    "gpsHeading": 301, 
    "gpsLatitude": 48.36849449327395, 
    "gpsLongitude": 10.907147884958917, 
    "outsideTemperature": 23.5, 
    "speed": 5.1454375, 
    "yawRate": 0.004709207972200639
}