{
    "gpsHeading": 136, 
    "gpsLatitude": 48.37040171152241, 
    "gpsLongitude": 10.893795680839219, 
    "outsideTemperature": 23.0, 
    "speed": 6.6998750000000005, 
    "yawRate": 0.04636967608595011
}