{
    "gpsHeading": 352, 
    "gpsLatitude": 48.375623721019466, 
    "gpsLongitude": 10.898966476907862, 
    "outsideTemperature": 22.0, 
    "speed": 4.3640625, 
    "yawRate": -0.010578051120864972
}