{
    "gpsHeading": 0, 
    "gpsLatitude": 48.36712648285677, 
    "gpsLongitude": 10.884586483820842, 
    "outsideTemperature": 22.0, 
    "speed": 9.725625, 
    "yawRate": -0.009566447713369381
}