{
    "gpsHeading": 324, 
    "gpsLatitude": 48.37039400017149, 
    "gpsLongitude": 10.903283995233311, 
    "outsideTemperature": 22.5, 
    "speed": 11.9949375, 
    "yawRate": -0.02591956479088804
}