{
    "gpsHeading": 12, 
    "gpsLatitude": 48.3744498354798, 
    "gpsLongitude": 10.91248539708174, 
    "outsideTemperature": 22.0, 
    "speed": 11.280062500000001, 
    "yawRate": 0.005159928114391982
}