{
    "gpsHeading": 90, 
    "gpsLatitude": 48.36203456049698, 
    "gpsLongitude": 10.902630625880825, 
    "outsideTemperature": 26.5, 
    "speed": 5.5195, 
    "yawRate": -0.014929039445985165
}