{
    "gpsHeading": 314, 
    "gpsLatitude": 48.369588415457336, 
    "gpsLongitude": 10.892697567704253, 
    "outsideTemperature": 28.0, 
    "speed": 9.8170625, 
    "yawRate": -0.01010844237484423
}