{
    "gpsHeading": 148, 
    "gpsLatitude": 48.36006841746923, 
    "gpsLongitude": 10.897097563956942, 
    "outsideTemperature": 28.5, 
    "speed": 4.3557500000000005, 
    "yawRate": 0.002703373050856641
}