{
    "gpsHeading": 179, 
    "gpsLatitude": 48.376000068472024, 
    "gpsLongitude": 10.870060897075666, 
    "outsideTemperature": 22.0, 
    "speed": 12.8428125, 
    "yawRate": 0.015820989575430447
}