{
    "gpsHeading": 170, 
    "gpsLatitude": 48.365282547977294, 
    "gpsLongitude": 10.89344900532391, 
    "outsideTemperature": 26.0, 
    "speed": 6.292562500000001, 
    "yawRate": -0.00427532950764199
}