{
    "gpsHeading": 149, 
    "gpsLatitude": 48.36932866027794, 
    "gpsLongitude": 10.878586801347202, 
    "outsideTemperature": 21.0, 
    "speed": 12.1611875, 
    "yawRate": -0.008613619952490348
}