{
    "gpsHeading": 98, 
    "gpsLatitude": 48.365140055623336, 
    "gpsLongitude": 10.896368422199751, 
    "outsideTemperature": 22.5, 
    "speed": 2.876125, 
    "yawRate": -0.037309764819533194
}