{
    "gpsHeading": 25, 
    "gpsLatitude": 48.3566250478259, 
    "gpsLongitude": 10.91089451185912, 
    "outsideTemperature": 22.0, 
    "speed": 10.756375, 
    "yawRate": -0.021414237877873422
}