{
    "gpsHeading": 279, 
    "gpsLatitude": 48.35885698100335, 
    "gpsLongitude": 10.902560636989307, 
    "outsideTemperature": 23.5, 
    "speed": 7.963375, 
    "yawRate": -0.13804458944564318
}