{
    "gpsHeading": 9, 
    "gpsLatitude": 48.364170353245015, 
    "gpsLongitude": 10.904360399239064, 
    "outsideTemperature": 22.5, 
    "speed": 10.756375, 
    "yawRate": 0.03839835326318211
}