{
    "gpsHeading": 285, 
    "gpsLatitude": 48.359145905205786, 
    "gpsLongitude": 10.907288700932263, 
    "outsideTemperature": 22.5, 
    "speed": 6.4255625, 
    "yawRate": 0.006037755940511435
}