{
    "gpsHeading": 163, 
    "gpsLatitude": 48.36721482811623, 
    "gpsLongitude": 10.892431777554586, 
    "outsideTemperature": 24.0, 
    "speed": 9.260125, 
    "yawRate": -0.0025049319357017914
}