{
    "gpsHeading": 159, 
    "gpsLatitude": 48.362093652914375, 
    "gpsLongitude": 10.896087293167245, 
    "outsideTemperature": 23.0, 
    "speed": 3.4247500000000004, 
    "yawRate": -0.21602580214342254
}