{
    "gpsHeading": 205, 
    "gpsLatitude": 48.37118617384056, 
    "gpsLongitude": 10.909755914131834, 
    "outsideTemperature": 21.5, 
    "speed": 10.440500000000002, 
    "yawRate": -0.029410223294876445
}