{
    "gpsHeading": 117, 
    "gpsLatitude": 48.376913947375186, 
    "gpsLongitude": 10.914407283660736, 
    "outsideTemperature": 23.0, 
    "speed": 8.7364375, 
    "yawRate": 0.000802526692458273
}