{
    "gpsHeading": 340, 
    "gpsLatitude": 48.36756150363155, 
    "gpsLongitude": 10.893804230380455, 
    "outsideTemperature": 25.5, 
    "speed": 5.469625, 
    "yawRate": -0.0020395617408549495
}