{
    "gpsHeading": 286, 
    "gpsLatitude": 48.38115259199175, 
    "gpsLongitude": 10.875063971261778, 
    "outsideTemperature": 22.0, 
    "speed": 7.431375000000001, 
    "yawRate": 0.04735534789376728
}