{
    "gpsHeading": 309, 
    "gpsLatitude": 48.3713014250092, 
    "gpsLongitude": 10.889882589341964, 
    "outsideTemperature": 23.5, 
    "speed": 8.1545625, 
    "yawRate": 0.01809534220364236
}