{
    "gpsHeading": 211, 
    "gpsLatitude": 48.37329480922229, 
    "gpsLongitude": 10.91158367193818, 
    "outsideTemperature": 21.5, 
    "speed": 14.181125000000002, 
    "yawRate": -0.0056737454677537255
}