{
    "gpsHeading": 125, 
    "gpsLatitude": 48.3649087150957, 
    "gpsLongitude": 10.89399676269637, 
    "outsideTemperature": 25.0, 
    "speed": 7.61425, 
    "yawRate": 0.3187851150365028
}