{
    "gpsHeading": 341, 
    "gpsLatitude": 48.374655946478875, 
    "gpsLongitude": 10.89575034065962, 
    "outsideTemperature": 22.5, 
    "speed": 8.3706875, 
    "yawRate": -0.018556572088238337
}