{
    "gpsHeading": 170, 
    "gpsLatitude": 48.360069255659546, 
    "gpsLongitude": 10.897097312499845, 
    "outsideTemperature": 29.0, 
    "speed": 4.28925, 
    "yawRate": 0.008656609204324284
}