{
    "gpsHeading": 100, 
    "gpsLatitude": 48.358658665174225, 
    "gpsLongitude": 10.90333311318593, 
    "outsideTemperature": 26.5, 
    "speed": 10.9143125, 
    "yawRate": 0.030076975611727497
}