{
    "gpsHeading": 246, 
    "gpsLatitude": 48.370303727074294, 
    "gpsLongitude": 10.896982564245395, 
    "outsideTemperature": 23.5, 
    "speed": 9.3183125, 
    "yawRate": -0.007052290798664277
}