{
    "gpsHeading": 263, 
    "gpsLatitude": 48.370118151738, 
    "gpsLongitude": 10.895841451947128, 
    "outsideTemperature": 28.5, 
    "speed": 7.1238125000000005, 
    "yawRate": 0.04058020931420628
}