{
    "gpsHeading": 127, 
    "gpsLatitude": 48.35849781645229, 
    "gpsLongitude": 10.90843123815404, 
    "outsideTemperature": 24.5, 
    "speed": 11.479562500000002, 
    "yawRate": -0.001194706758271473
}