{
    "gpsHeading": 47, 
    "gpsLatitude": 48.3673881658739, 
    "gpsLongitude": 10.885161230921547, 
    "outsideTemperature": 21.5, 
    "speed": 11.579312500000002, 
    "yawRate": -0.045869296154850546
}