{
    "gpsHeading": 147, 
    "gpsLatitude": 48.36120810484394, 
    "gpsLongitude": 10.896546453823182, 
    "outsideTemperature": 30.5, 
    "speed": 11.4629375, 
    "yawRate": -0.015254401547997707
}