{
    "gpsHeading": 152, 
    "gpsLatitude": 48.376024543629285, 
    "gpsLongitude": 10.901350373989873, 
    "outsideTemperature": 21.5, 
    "speed": 12.236, 
    "yawRate": 0.009921711289066281
}