{
    "gpsHeading": 0, 
    "gpsLatitude": 48.36398285007099, 
    "gpsLongitude": 10.904357046477793, 
    "outsideTemperature": 22.5, 
    "speed": 9.958375, 
    "yawRate": -0.0008715549066896403
}