{
    "gpsHeading": 340, 
    "gpsLatitude": 48.36601839525704, 
    "gpsLongitude": 10.90374483226988, 
    "outsideTemperature": 22.0, 
    "speed": 11.33825, 
    "yawRate": 0.0022700377469002187
}