{
    "gpsHeading": 145, 
    "gpsLatitude": 48.36943812793341, 
    "gpsLongitude": 10.892530097278819, 
    "outsideTemperature": 27.5, 
    "speed": 11.5128125, 
    "yawRate": -0.007624615347236591
}