{
    "gpsHeading": 160, 
    "gpsLatitude": 48.36049673272148, 
    "gpsLongitude": 10.896882316683397, 
    "outsideTemperature": 22.5, 
    "speed": 8.229375000000001, 
    "yawRate": -0.017714364747997785
}