{
    "gpsHeading": 316, 
    "gpsLatitude": 48.35539810483916, 
    "gpsLongitude": 10.907816760832302, 
    "outsideTemperature": 23.0, 
    "speed": 5.1537500000000005, 
    "yawRate": -0.017107866583938727
}