{
    "gpsHeading": 81, 
    "gpsLatitude": 48.37007817005985, 
    "gpsLongitude": 10.895550683726006, 
    "outsideTemperature": 30.5, 
    "speed": 7.190312500000001, 
    "yawRate": 0.03243528236886821
}