{
    "gpsHeading": 180, 
    "gpsLatitude": 48.3764784236862, 
    "gpsLongitude": 10.870084031128417, 
    "outsideTemperature": 22.0, 
    "speed": 13.2251875, 
    "yawRate": -0.018212930838459197
}