{
    "gpsHeading": 262, 
    "gpsLatitude": 48.359662817174595, 
    "gpsLongitude": 10.901107047340703, 
    "outsideTemperature": 23.0, 
    "speed": 5.735625000000001, 
    "yawRate": 0.005421475068287778
}