{
    "gpsHeading": 176, 
    "gpsLatitude": 48.37683364874277, 
    "gpsLongitude": 10.87009928619219, 
    "outsideTemperature": 22.0, 
    "speed": 12.984125, 
    "yawRate": 0.0036036848114695545
}