{
    "gpsHeading": 329, 
    "gpsLatitude": 48.37910036681839, 
    "gpsLongitude": 10.881646531282199, 
    "outsideTemperature": 23.5, 
    "speed": 6.8411875, 
    "yawRate": -0.010589703011248446
}