{
    "gpsHeading": 76, 
    "gpsLatitude": 48.36688759861628, 
    "gpsLongitude": 10.894078150976199, 
    "outsideTemperature": 27.5, 
    "speed": 2.5935, 
    "yawRate": 0.25975982605829
}