{
    "gpsHeading": 41, 
    "gpsLatitude": 48.370363154767794, 
    "gpsLongitude": 10.890199509101013, 
    "outsideTemperature": 21.0, 
    "speed": 7.61425, 
    "yawRate": 0.0014291265741946287
}