{
    "gpsHeading": 113, 
    "gpsLatitude": 48.359829533228734, 
    "gpsLongitude": 10.897940951054428, 
    "outsideTemperature": 32.5, 
    "speed": 4.5885, 
    "yawRate": 0.42502795403375704
}