{
    "gpsHeading": 120, 
    "gpsLatitude": 48.368138094750954, 
    "gpsLongitude": 10.913318390619258, 
    "outsideTemperature": 21.0, 
    "speed": 7.5560625, 
    "yawRate": 0.010403509271479136
}