{
    "gpsHeading": 109, 
    "gpsLatitude": 48.37710983245238, 
    "gpsLongitude": 10.899567040270368, 
    "outsideTemperature": 21.0, 
    "speed": 8.8694375, 
    "yawRate": 0.004334121016797261
}