{
    "gpsHeading": 128, 
    "gpsLatitude": 48.367454215270904, 
    "gpsLongitude": 10.903885396786132, 
    "outsideTemperature": 23.5, 
    "speed": 3.9151875000000005, 
    "yawRate": 0.020595994892840568
}