{
    "gpsHeading": 53, 
    "gpsLatitude": 48.366436149311276, 
    "gpsLongitude": 10.905383997254768, 
    "outsideTemperature": 27.0, 
    "speed": 12.768, 
    "yawRate": -0.043011159240651534
}