{
    "gpsHeading": 132, 
    "gpsLatitude": 48.3580601134685, 
    "gpsLongitude": 10.90934511705723, 
    "outsideTemperature": 24.0, 
    "speed": 9.7671875, 
    "yawRate": 0.028824956376030966
}