{
    "gpsHeading": 157, 
    "gpsLatitude": 48.36703176735089, 
    "gpsLongitude": 10.903092887840932, 
    "outsideTemperature": 26.0, 
    "speed": 10.640000000000002, 
    "yawRate": 0.009563397679419295
}