{
    "gpsHeading": 83, 
    "gpsLatitude": 48.3595709515158, 
    "gpsLongitude": 10.901830657041799, 
    "outsideTemperature": 23.0, 
    "speed": 8.129625, 
    "yawRate": 0.015095210740016806
}