{
    "gpsHeading": 337, 
    "gpsLatitude": 48.3712047816656, 
    "gpsLongitude": 10.897770630781883, 
    "outsideTemperature": 24.5, 
    "speed": 6.8744375, 
    "yawRate": 0.016524545876846933
}