{
    "gpsHeading": 175, 
    "gpsLatitude": 48.3719759167577, 
    "gpsLongitude": 10.901028173631827, 
    "outsideTemperature": 21.0, 
    "speed": 10.00825, 
    "yawRate": 0.027025937958610736
}