{
    "gpsHeading": 35, 
    "gpsLatitude": 48.36983316703005, 
    "gpsLongitude": 10.889437342645326, 
    "outsideTemperature": 21.0, 
    "speed": 9.443000000000001, 
    "yawRate": 0.02342027514932364
}