{
    "gpsHeading": 11, 
    "gpsLatitude": 48.36183205371628, 
    "gpsLongitude": 10.904690394767059, 
    "outsideTemperature": 23.0, 
    "speed": 10.573500000000001, 
    "yawRate": 0.021294126593638645
}