{
    "gpsHeading": 58, 
    "gpsLatitude": 48.37702978527706, 
    "gpsLongitude": 10.899089523246488, 
    "outsideTemperature": 21.0, 
    "speed": 8.827875, 
    "yawRate": -0.04854935531863054
}