{
    "gpsHeading": 340, 
    "gpsLatitude": 48.36113174570601, 
    "gpsLongitude": 10.896583418016203, 
    "outsideTemperature": 23.0, 
    "speed": 9.9999375, 
    "yawRate": 0.002710108349129239
}