{
    "gpsHeading": 342, 
    "gpsLatitude": 48.36130064105499, 
    "gpsLongitude": 10.896501526822183, 
    "outsideTemperature": 23.0, 
    "speed": 8.94425, 
    "yawRate": 0.002535575423929968
}