{
    "gpsHeading": 266, 
    "gpsLatitude": 48.37094200900106, 
    "gpsLongitude": 10.898414528583784, 
    "outsideTemperature": 23.5, 
    "speed": 6.633375, 
    "yawRate": 0.01804534861184131
}