{
    "gpsHeading": 295, 
    "gpsLatitude": 48.37928091301277, 
    "gpsLongitude": 10.880692838338943, 
    "outsideTemperature": 23.0, 
    "speed": 10.6316875, 
    "yawRate": -0.06015705376788613
}