{
    "gpsHeading": 65, 
    "gpsLatitude": 48.35610369344842, 
    "gpsLongitude": 10.910058417017426, 
    "outsideTemperature": 22.5, 
    "speed": 9.8170625, 
    "yawRate": 0.07998939166299544
}