{
    "gpsHeading": 59, 
    "gpsLatitude": 48.366682325807524, 
    "gpsLongitude": 10.905982632779544, 
    "outsideTemperature": 26.5, 
    "speed": 12.510312500000001, 
    "yawRate": 0.013362975598764678
}