{
    "gpsHeading": 0, 
    "gpsLatitude": 48.3735884272905, 
    "gpsLongitude": 10.89649037889093, 
    "outsideTemperature": 22.0, 
    "speed": 6.201125, 
    "yawRate": 0.021885072966229248
}