{
    "gpsHeading": 79, 
    "gpsLatitude": 48.3771534183489, 
    "gpsLongitude": 10.899919834574991, 
    "outsideTemperature": 21.0, 
    "speed": 8.34575, 
    "yawRate": -0.00666145327076675
}