{
    "gpsHeading": 343, 
    "gpsLatitude": 48.376495606587724, 
    "gpsLongitude": 10.898505136957136, 
    "outsideTemperature": 21.5, 
    "speed": 4.2643125, 
    "yawRate": 0.03357877895459133
}