{
    "gpsHeading": 41, 
    "gpsLatitude": 48.368243119997736, 
    "gpsLongitude": 10.910486732269657, 
    "outsideTemperature": 21.5, 
    "speed": 10.606750000000002, 
    "yawRate": 0.15962916031699198
}