{
    "gpsHeading": 110, 
    "gpsLatitude": 48.37077872952721, 
    "gpsLongitude": 10.893172318700088, 
    "outsideTemperature": 23.5, 
    "speed": 5.61925, 
    "yawRate": -0.06794938991967675
}