{
    "gpsHeading": 210, 
    "gpsLatitude": 48.3714817197465, 
    "gpsLongitude": 10.909933945755261, 
    "outsideTemperature": 21.5, 
    "speed": 11.87025, 
    "yawRate": 0.05523824542684651
}