{
    "gpsHeading": 314, 
    "gpsLatitude": 48.369595623894064, 
    "gpsLongitude": 10.909566734577185, 
    "outsideTemperature": 21.0, 
    "speed": 9.975, 
    "yawRate": -0.12520857360847765
}