{
    "gpsHeading": 306, 
    "gpsLatitude": 48.370302050693645, 
    "gpsLongitude": 10.904293679289783, 
    "outsideTemperature": 25.5, 
    "speed": 7.94675, 
    "yawRate": -0.008153717442962118
}