{
    "gpsHeading": 184, 
    "gpsLatitude": 48.379916177454405, 
    "gpsLongitude": 10.870212609523136, 
    "outsideTemperature": 23.5, 
    "speed": 11.379812500000002, 
    "yawRate": -0.009835350428886239
}