{
    "gpsHeading": 155, 
    "gpsLatitude": 48.36063729723771, 
    "gpsLongitude": 10.896816770200598, 
    "outsideTemperature": 28.5, 
    "speed": 9.792125, 
    "yawRate": 0.000802627570350131
}