{
    "gpsHeading": 336, 
    "gpsLatitude": 48.36294039277311, 
    "gpsLongitude": 10.896135070015356, 
    "outsideTemperature": 24.5, 
    "speed": 11.612562500000001, 
    "yawRate": 0.003530939677133983
}