{
    "gpsHeading": 308, 
    "gpsLatitude": 48.377818941461, 
    "gpsLongitude": 10.917315133510197, 
    "outsideTemperature": 21.5, 
    "speed": 6.641687500000001, 
    "yawRate": 0.005863981523241109
}