{
    "gpsHeading": 39, 
    "gpsLatitude": 48.3592478291484, 
    "gpsLongitude": 10.905773420476285, 
    "outsideTemperature": 29.0, 
    "speed": 5.203625000000001, 
    "yawRate": 0.021468659518837918
}