{
    "gpsHeading": 190, 
    "gpsLatitude": 48.37104309475336, 
    "gpsLongitude": 10.900990119791427, 
    "outsideTemperature": 24.5, 
    "speed": 5.5195, 
    "yawRate": 0.02874895911725901
}