{
    "gpsHeading": 106, 
    "gpsLatitude": 48.370957850798064, 
    "gpsLongitude": 10.873956805671417, 
    "outsideTemperature": 21.5, 
    "speed": 13.524437500000001, 
    "yawRate": 0.0016838226342765785
}