{
    "gpsHeading": 180, 
    "gpsLatitude": 48.378996766495135, 
    "gpsLongitude": 10.870190648936827, 
    "outsideTemperature": 22.5, 
    "speed": 11.5128125, 
    "yawRate": 0.006396211614660871
}