{
    "gpsHeading": 177, 
    "gpsLatitude": 48.37416594041927, 
    "gpsLongitude": 10.86999535059283, 
    "outsideTemperature": 21.5, 
    "speed": 13.6075625, 
    "yawRate": -0.002155901720111358
}