{
    "gpsHeading": 344, 
    "gpsLatitude": 48.375321721048074, 
    "gpsLongitude": 10.895462003190417, 
    "outsideTemperature": 22.5, 
    "speed": 7.398125000000001, 
    "yawRate": 0.00919416301847159
}