{
    "gpsHeading": 158, 
    "gpsLatitude": 48.36405451534314, 
    "gpsLongitude": 10.895013990465701, 
    "outsideTemperature": 24.0, 
    "speed": 9.725625, 
    "yawRate": -0.004142830951313758
}