{
    "gpsHeading": 55, 
    "gpsLatitude": 48.36656254841115, 
    "gpsLongitude": 10.905691445463232, 
    "outsideTemperature": 27.0, 
    "speed": 12.5269375, 
    "yawRate": 0.068515379961785
}