{
    "gpsHeading": 15, 
    "gpsLatitude": 48.37506037330707, 
    "gpsLongitude": 10.912725370969639, 
    "outsideTemperature": 22.0, 
    "speed": 11.753875, 
    "yawRate": -0.03515717760667639
}