{
    "gpsHeading": 334, 
    "gpsLatitude": 48.366856501755514, 
    "gpsLongitude": 10.903188441537122, 
    "outsideTemperature": 22.0, 
    "speed": 10.4488125, 
    "yawRate": -0.009947267017059683
}