{
    "gpsHeading": 27, 
    "gpsLatitude": 48.371874831005414, 
    "gpsLongitude": 10.910399811933734, 
    "outsideTemperature": 22.0, 
    "speed": 13.865250000000001, 
    "yawRate": -0.029223058149896203
}