{
    "gpsHeading": 164, 
    "gpsLatitude": 48.368214537707914, 
    "gpsLongitude": 10.893201487723125, 
    "outsideTemperature": 25.0, 
    "speed": 4.704875, 
    "yawRate": -0.006228351945641428
}