{
    "gpsHeading": 142, 
    "gpsLatitude": 48.3705289488126, 
    "gpsLongitude": 10.889485622407594, 
    "outsideTemperature": 22.0, 
    "speed": 5.436375, 
    "yawRate": -0.002066349679523658
}