{
    "gpsHeading": 159, 
    "gpsLatitude": 48.36046865334584, 
    "gpsLongitude": 10.896895643909474, 
    "outsideTemperature": 28.0, 
    "speed": 7.8719375000000005, 
    "yawRate": -0.004433360185632967
}