{
    "gpsHeading": 267, 
    "gpsLatitude": 48.378452278064906, 
    "gpsLongitude": 10.882814800946747, 
    "outsideTemperature": 23.5, 
    "speed": 3.7821875, 
    "yawRate": 5.680542591702392e-05
}