{
    "gpsHeading": 338, 
    "gpsLatitude": 48.36470838760982, 
    "gpsLongitude": 10.894644516173733, 
    "outsideTemperature": 22.0, 
    "speed": 12.053125, 
    "yawRate": 0.07566487108249109
}