{
    "gpsHeading": 265, 
    "gpsLatitude": 48.37038620500154, 
    "gpsLongitude": 10.908668446013895, 
    "outsideTemperature": 22.0, 
    "speed": 7.08225, 
    "yawRate": 0.016142870182175025
}