{
    "gpsHeading": 71, 
    "gpsLatitude": 48.37008537849658, 
    "gpsLongitude": 10.904575897969668, 
    "outsideTemperature": 25.5, 
    "speed": 0.0, 
    "yawRate": -0.0006055553230490363
}