{
    "gpsHeading": 170, 
    "gpsLatitude": 48.367525377628866, 
    "gpsLongitude": 10.893502900961305, 
    "outsideTemperature": 25.0, 
    "speed": 5.719, 
    "yawRate": -0.007101016571638776
}