{
    "gpsHeading": 180, 
    "gpsLatitude": 48.372935057938015, 
    "gpsLongitude": 10.869964253732066, 
    "outsideTemperature": 21.5, 
    "speed": 10.7148125, 
    "yawRate": 0.004301816512267631
}