{
    "gpsHeading": 14, 
    "gpsLatitude": 48.36946092671003, 
    "gpsLongitude": 10.892871743652224, 
    "outsideTemperature": 25.0, 
    "speed": 0.0, 
    "yawRate": 0.00046441084914892496
}