{
    "gpsHeading": 149, 
    "gpsLatitude": 48.36886338083271, 
    "gpsLongitude": 10.901952865190108, 
    "outsideTemperature": 22.0, 
    "speed": 10.739749999999999, 
    "yawRate": 0.003965283738939669
}