{
    "gpsHeading": 315, 
    "gpsLatitude": 48.37718761651385, 
    "gpsLongitude": 10.893893413830234, 
    "outsideTemperature": 22.0, 
    "speed": 5.1454375, 
    "yawRate": -0.001103279568295337
}