{
    "gpsHeading": 179, 
    "gpsLatitude": 48.38031733534036, 
    "gpsLongitude": 10.870212609523136, 
    "outsideTemperature": 24.0, 
    "speed": 10.9143125, 
    "yawRate": -0.02065639179125098
}