{
    "gpsHeading": 177, 
    "gpsLatitude": 48.36938230445826, 
    "gpsLongitude": 10.89815343229989, 
    "outsideTemperature": 25.0, 
    "speed": 1.2136250000000002, 
    "yawRate": 0.08357342945230033
}