{
    "gpsHeading": 199, 
    "gpsLatitude": 48.375185934216624, 
    "gpsLongitude": 10.91254926718394, 
    "outsideTemperature": 22.0, 
    "speed": 13.0921875, 
    "yawRate": 0.0072416909970032615
}