{
    "gpsHeading": 202, 
    "gpsLatitude": 48.37063397405938, 
    "gpsLongitude": 10.909344027409817, 
    "outsideTemperature": 21.5, 
    "speed": 6.5253125, 
    "yawRate": 0.004274631268613666
}