{
    "gpsHeading": 163, 
    "gpsLatitude": 48.36334481960131, 
    "gpsLongitude": 10.895365946580004, 
    "outsideTemperature": 23.5, 
    "speed": 11.388125, 
    "yawRate": -0.014572772094407924
}