{
    "gpsHeading": 262, 
    "gpsLatitude": 48.381283684957396, 
    "gpsLongitude": 10.870811245047879, 
    "outsideTemperature": 23.0, 
    "speed": 7.398125000000001, 
    "yawRate": -0.003678007062808228
}