{
    "gpsHeading": 286, 
    "gpsLatitude": 48.37787426202194, 
    "gpsLongitude": 10.888374265865616, 
    "outsideTemperature": 25.5, 
    "speed": 9.67575, 
    "yawRate": -0.020730098485805405
}