{
    "gpsHeading": 317, 
    "gpsLatitude": 48.37678922465594, 
    "gpsLongitude": 10.89448148815698, 
    "outsideTemperature": 22.0, 
    "speed": 7.7721875, 
    "yawRate": -0.00913179412746876
}