{
    "gpsHeading": 36, 
    "gpsLatitude": 48.375468404353626, 
    "gpsLongitude": 10.898861786937218, 
    "outsideTemperature": 21.5, 
    "speed": 4.2227500000000004, 
    "yawRate": -0.1320529670596679
}