{
    "gpsHeading": 0, 
    "gpsLatitude": 48.37126454463523, 
    "gpsLongitude": 10.892388443115154, 
    "outsideTemperature": 24.0, 
    "speed": 4.3640625, 
    "yawRate": 0.03101077866840034
}