{
    "gpsHeading": 61, 
    "gpsLatitude": 48.37452259039937, 
    "gpsLongitude": 10.897098150690166, 
    "outsideTemperature": 21.5, 
    "speed": 8.0465, 
    "yawRate": 0.015427354733850257
}