{
    "gpsHeading": 146, 
    "gpsLatitude": 48.3659462270707, 
    "gpsLongitude": 10.903610135085849, 
    "outsideTemperature": 25.0, 
    "speed": 4.0980625, 
    "yawRate": -0.023248792258073466
}