{
    "gpsHeading": 58, 
    "gpsLatitude": 48.36591311855316, 
    "gpsLongitude": 10.904340617947545, 
    "outsideTemperature": 26.5, 
    "speed": 10.265937500000001, 
    "yawRate": 0.03466358587420066
}