{
    "gpsHeading": 0, 
    "gpsLatitude": 48.36703922724472, 
    "gpsLongitude": 10.906852003776862, 
    "outsideTemperature": 25.5, 
    "speed": 12.443812500000002, 
    "yawRate": -0.007057376649568911
}