{
    "gpsHeading": 15, 
    "gpsLatitude": 48.370122845603774, 
    "gpsLongitude": 10.895876488302413, 
    "outsideTemperature": 23.0, 
    "speed": 8.94425, 
    "yawRate": -0.03164654147819559
}