{
    "gpsHeading": 116, 
    "gpsLatitude": 48.36754121942588, 
    "gpsLongitude": 10.914648682472176, 
    "outsideTemperature": 21.0, 
    "speed": 8.603437500000002, 
    "yawRate": 0.16346888467137993
}