{
    "gpsHeading": 145, 
    "gpsLatitude": 48.36249506225743, 
    "gpsLongitude": 10.899992589494552, 
    "outsideTemperature": 27.5, 
    "speed": 1.6874375000000001, 
    "yawRate": 0.08573594744606515
}