{
    "gpsHeading": 233, 
    "gpsLatitude": 48.37717672003972, 
    "gpsLongitude": 10.892703686493569, 
    "outsideTemperature": 25.5, 
    "speed": 9.700687499999999, 
    "yawRate": -0.019325892739409815
}