{
    "gpsHeading": 0, 
    "gpsLatitude": 48.36672088256213, 
    "gpsLongitude": 10.892626740622422, 
    "outsideTemperature": 23.5, 
    "speed": 9.709000000000001, 
    "yawRate": 0.025594869021406678
}