{
    "gpsHeading": 282, 
    "gpsLatitude": 48.37034840261821, 
    "gpsLongitude": 10.903602591372993, 
    "outsideTemperature": 22.5, 
    "speed": 11.986625, 
    "yawRate": -0.03202821717286849
}