{
    "gpsHeading": 311, 
    "gpsLatitude": 48.377774768831266, 
    "gpsLongitude": 10.888815656886827, 
    "outsideTemperature": 22.0, 
    "speed": 2.8844374999999998, 
    "yawRate": 0.047171151761573056
}