{
    "gpsHeading": 53, 
    "gpsLatitude": 48.36733259385584, 
    "gpsLongitude": 10.885039274230367, 
    "outsideTemperature": 21.5, 
    "speed": 10.93925, 
    "yawRate": -0.039237044997272284
}