{
    "gpsHeading": 132, 
    "gpsLatitude": 48.36883647492351, 
    "gpsLongitude": 10.912092872556052, 
    "outsideTemperature": 21.0, 
    "speed": 8.694875, 
    "yawRate": 0.00045513253511174356
}