{
    "gpsHeading": 155, 
    "gpsLatitude": 48.36892339525943, 
    "gpsLongitude": 10.87886122485717, 
    "outsideTemperature": 21.0, 
    "speed": 12.659937500000002, 
    "yawRate": 0.004825415287866437
}