{
    "gpsHeading": 277, 
    "gpsLatitude": 48.37033314755443, 
    "gpsLongitude": 10.903755393467875, 
    "outsideTemperature": 25.0, 
    "speed": 7.4064375, 
    "yawRate": -0.02298901608491307
}