{
    "gpsHeading": 183, 
    "gpsLatitude": 48.362368160243356, 
    "gpsLongitude": 10.90007733053565, 
    "outsideTemperature": 27.5, 
    "speed": 3.2585, 
    "yawRate": 0.045418841724996786
}