{
    "gpsHeading": 340, 
    "gpsLatitude": 48.35968117354255, 
    "gpsLongitude": 10.901934844098257, 
    "outsideTemperature": 23.0, 
    "speed": 8.47875, 
    "yawRate": 0.32202420138005355
}