{
    "gpsHeading": 208, 
    "gpsLatitude": 48.37084586857164, 
    "gpsLongitude": 10.909517616624566, 
    "outsideTemperature": 21.5, 
    "speed": 8.994125, 
    "yawRate": 0.06379035876161875
}