{
    "gpsHeading": 266, 
    "gpsLatitude": 48.35968092208545, 
    "gpsLongitude": 10.90138398542159, 
    "outsideTemperature": 23.0, 
    "speed": 7.3565625, 
    "yawRate": -0.021107529562025266
}