{
    "gpsHeading": 145, 
    "gpsLatitude": 48.37109313471531, 
    "gpsLongitude": 10.887758698896468, 
    "outsideTemperature": 22.0, 
    "speed": 8.5535625, 
    "yawRate": 0.01294348188762657
}