{
    "gpsHeading": 250, 
    "gpsLatitude": 48.36989175653323, 
    "gpsLongitude": 10.894008162084718, 
    "outsideTemperature": 26.0, 
    "speed": 10.8311875, 
    "yawRate": -0.025393236411177786
}