{
    "gpsHeading": 306, 
    "gpsLatitude": 48.36150172291216, 
    "gpsLongitude": 10.904579502188032, 
    "outsideTemperature": 23.5, 
    "speed": 8.94425, 
    "yawRate": -0.3008936533245098
}