{
    "gpsHeading": 158, 
    "gpsLatitude": 48.36753954304525, 
    "gpsLongitude": 10.902839502907957, 
    "outsideTemperature": 23.0, 
    "speed": 9.80875, 
    "yawRate": -0.0068557576234240785
}