{
    "gpsHeading": 342, 
    "gpsLatitude": 48.3691442584081, 
    "gpsLongitude": 10.893100653427938, 
    "outsideTemperature": 24.0, 
    "speed": 8.246, 
    "yawRate": 0.04368806466139579
}