{
    "gpsHeading": 283, 
    "gpsLatitude": 48.37059952443733, 
    "gpsLongitude": 10.90218755847901, 
    "outsideTemperature": 23.5, 
    "speed": 8.985812500000002, 
    "yawRate": -0.002219597986180942
}