{
    "gpsHeading": 143, 
    "gpsLatitude": 48.36854034228434, 
    "gpsLongitude": 10.902271209872694, 
    "outsideTemperature": 22.0, 
    "speed": 8.886062500000001, 
    "yawRate": -0.018025864836188354
}