{
    "gpsHeading": 74, 
    "gpsLatitude": 48.35514731829617, 
    "gpsLongitude": 10.908927027726868, 
    "outsideTemperature": 25.5, 
    "speed": 9.3848125, 
    "yawRate": 0.139156053305602
}