{
    "gpsHeading": 277, 
    "gpsLatitude": 48.3705236682136, 
    "gpsLongitude": 10.898223169734312, 
    "outsideTemperature": 24.0, 
    "speed": 4.7464375, 
    "yawRate": 0.003419684713300928
}