{
    "gpsHeading": 173, 
    "gpsLatitude": 48.367564269659596, 
    "gpsLongitude": 10.89230286388374, 
    "outsideTemperature": 30.5, 
    "speed": 9.825375000000001, 
    "yawRate": -0.022775819578781612
}