{
    "gpsHeading": 72, 
    "gpsLatitude": 48.3701826085734, 
    "gpsLongitude": 10.89631368837201, 
    "outsideTemperature": 28.0, 
    "speed": 7.7223125, 
    "yawRate": 0.030340887266474968
}