{
    "gpsHeading": 180, 
    "gpsLatitude": 48.37229895530606, 
    "gpsLongitude": 10.86994120349831, 
    "outsideTemperature": 21.5, 
    "speed": 4.131312500000001, 
    "yawRate": -0.0028540334209084433
}