{
    "gpsHeading": 102, 
    "gpsLatitude": 48.369993931932946, 
    "gpsLongitude": 10.910362847740716, 
    "outsideTemperature": 21.0, 
    "speed": 7.48125, 
    "yawRate": -0.05836246325709625
}