{
    "gpsHeading": 61, 
    "gpsLatitude": 48.37494503831938, 
    "gpsLongitude": 10.89802787139035, 
    "outsideTemperature": 21.5, 
    "speed": 7.348250000000001, 
    "yawRate": -0.00708739261687657
}