{
    "gpsHeading": 176, 
    "gpsLatitude": 48.36961481845233, 
    "gpsLongitude": 10.898092579682832, 
    "outsideTemperature": 25.0, 
    "speed": 4.256, 
    "yawRate": -0.005438362399408381
}