{
    "gpsHeading": 165, 
    "gpsLatitude": 48.36301532698751, 
    "gpsLongitude": 10.895566776980095, 
    "outsideTemperature": 23.0, 
    "speed": 9.509500000000001, 
    "yawRate": 0.020291778576606048
}