{
    "gpsHeading": 211, 
    "gpsLatitude": 48.37307755029199, 
    "gpsLongitude": 10.911381500433585, 
    "outsideTemperature": 21.5, 
    "speed": 14.2891875, 
    "yawRate": 0.0016566373906216204
}