{
    "gpsHeading": 196, 
    "gpsLatitude": 48.377696733312696, 
    "gpsLongitude": 10.914062871259283, 
    "outsideTemperature": 25.0, 
    "speed": 11.446312500000001, 
    "yawRate": -0.006895475944149616
}