{
    "gpsHeading": 29, 
    "gpsLatitude": 48.372092006116674, 
    "gpsLongitude": 10.910585135812923, 
    "outsideTemperature": 22.0, 
    "speed": 13.6740625, 
    "yawRate": 0.003240065937198014
}