{
    "gpsHeading": 302, 
    "gpsLatitude": 48.35906837260141, 
    "gpsLongitude": 10.907545690083603, 
    "outsideTemperature": 22.5, 
    "speed": 6.949250000000001, 
    "yawRate": 0.0011508340349268785
}