{
    "gpsHeading": 103, 
    "gpsLatitude": 48.36748757524555, 
    "gpsLongitude": 10.914975911972125, 
    "outsideTemperature": 21.0, 
    "speed": 5.75225, 
    "yawRate": 0.009530844645482778
}