{
    "gpsHeading": 155, 
    "gpsLatitude": 48.3693520457878, 
    "gpsLongitude": 10.901534524402617, 
    "outsideTemperature": 36.0, 
    "speed": 7.8553125, 
    "yawRate": 0.08094736408598573
}