{
    "gpsHeading": 275, 
    "gpsLatitude": 48.359495346749156, 
    "gpsLongitude": 10.905996211462682, 
    "outsideTemperature": 24.0, 
    "speed": 9.085562500000002, 
    "yawRate": 0.16494456870056656
}