{
    "gpsHeading": 278, 
    "gpsLatitude": 48.37805371856892, 
    "gpsLongitude": 10.886283400118614, 
    "outsideTemperature": 23.5, 
    "speed": 12.053125, 
    "yawRate": -0.004498536442258296
}