{
    "gpsHeading": 191, 
    "gpsLatitude": 48.37372371120775, 
    "gpsLongitude": 10.91194509960307, 
    "outsideTemperature": 21.5, 
    "speed": 13.308312500000001, 
    "yawRate": -0.0918930105162721
}