{
    "gpsHeading": 173, 
    "gpsLatitude": 48.36816785050723, 
    "gpsLongitude": 10.902572287834715, 
    "outsideTemperature": 22.5, 
    "speed": 6.01825, 
    "yawRate": -0.01872399653698544
}