{
    "gpsHeading": 351, 
    "gpsLatitude": 48.36348119316596, 
    "gpsLongitude": 10.904373391188978, 
    "outsideTemperature": 22.5, 
    "speed": 11.654125, 
    "yawRate": -0.02286270348181766
}