{
    "gpsHeading": 24, 
    "gpsLatitude": 48.36841981051668, 
    "gpsLongitude": 10.9105898296787, 
    "outsideTemperature": 21.5, 
    "speed": 10.781312500000002, 
    "yawRate": 0.1165195277927333
}