{
    "gpsHeading": 149, 
    "gpsLatitude": 48.36747198490564, 
    "gpsLongitude": 10.903634274967013, 
    "outsideTemperature": 23.0, 
    "speed": 3.2169375000000002, 
    "yawRate": 0.011171216932070991
}