{
    "gpsHeading": 18, 
    "gpsLatitude": 48.36946092671003, 
    "gpsLongitude": 10.892871743652224, 
    "outsideTemperature": 24.0, 
    "speed": 0.0, 
    "yawRate": 0.0007855161989941042
}