{
    "gpsHeading": 343, 
    "gpsLatitude": 48.35960146164336, 
    "gpsLongitude": 10.902154533780482, 
    "outsideTemperature": 23.0, 
    "speed": 9.6341875, 
    "yawRate": 0.14103355794824554
}