{
    "gpsHeading": 58, 
    "gpsLatitude": 48.36789309172115, 
    "gpsLongitude": 10.903088445432253, 
    "outsideTemperature": 22.0, 
    "speed": 1.8121250000000002, 
    "yawRate": -0.22252836990996555
}