{
    "gpsHeading": 158, 
    "gpsLatitude": 48.363704235609454, 
    "gpsLongitude": 10.895188669327862, 
    "outsideTemperature": 23.5, 
    "speed": 10.7065, 
    "yawRate": 0.013484994493828513
}