{
    "gpsHeading": 38, 
    "gpsLatitude": 48.37218035137613, 
    "gpsLongitude": 10.889796758653453, 
    "outsideTemperature": 23.0, 
    "speed": 4.1645625, 
    "yawRate": 0.003609109412088956
}