{
    "gpsHeading": 0, 
    "gpsLatitude": 48.36687812706569, 
    "gpsLongitude": 10.880860895497632, 
    "outsideTemperature": 21.0, 
    "speed": 10.623375000000001, 
    "yawRate": -0.00878815287768962
}