{
    "gpsHeading": 114, 
    "gpsLatitude": 48.37722592181136, 
    "gpsLongitude": 10.900495671323107, 
    "outsideTemperature": 21.0, 
    "speed": 0.980875, 
    "yawRate": -0.004741591093573774
}