{
    "gpsHeading": 207, 
    "gpsLatitude": 48.35905479391828, 
    "gpsLongitude": 10.905351475470463, 
    "outsideTemperature": 24.0, 
    "speed": 8.861125, 
    "yawRate": -0.023550990514817047
}