{
    "gpsHeading": 46, 
    "gpsLatitude": 48.37672979696244, 
    "gpsLongitude": 10.917055126873716, 
    "outsideTemperature": 21.5, 
    "speed": 6.359062500000001, 
    "yawRate": 0.017557687511603196
}