{
    "gpsHeading": 181, 
    "gpsLatitude": 48.378101160140886, 
    "gpsLongitude": 10.87015091871576, 
    "outsideTemperature": 22.5, 
    "speed": 11.521125000000001, 
    "yawRate": 0.020882444406213282
}