{
    "gpsHeading": 99, 
    "gpsLatitude": 48.3620369912489, 
    "gpsLongitude": 10.901005374855199, 
    "outsideTemperature": 25.5, 
    "speed": 6.4255625, 
    "yawRate": 0.07124971465451274
}