{
    "gpsHeading": 300, 
    "gpsLatitude": 48.37060757106438, 
    "gpsLongitude": 10.89990315458768, 
    "outsideTemperature": 25.0, 
    "speed": 13.0090625, 
    "yawRate": -0.010542949302653672
}