{
    "gpsHeading": 30, 
    "gpsLatitude": 48.37270899800938, 
    "gpsLongitude": 10.911240097727013, 
    "outsideTemperature": 22.0, 
    "speed": 14.1229375, 
    "yawRate": -0.0019959218187850843
}