{
    "gpsHeading": 94, 
    "gpsLatitude": 48.35963339669444, 
    "gpsLongitude": 10.899116764431794, 
    "outsideTemperature": 25.5, 
    "speed": 10.606750000000002, 
    "yawRate": -0.02574549375665037
}