{
    "gpsHeading": 58, 
    "gpsLatitude": 48.367420100924996, 
    "gpsLongitude": 10.907780970105726, 
    "outsideTemperature": 22.5, 
    "speed": 13.241812500000002, 
    "yawRate": 0.022271748185040494
}