{
    "gpsHeading": 336, 
    "gpsLatitude": 48.365271986779305, 
    "gpsLongitude": 10.892940139982137, 
    "outsideTemperature": 21.5, 
    "speed": 9.1105, 
    "yawRate": -0.019804639001597586
}