{
    "gpsHeading": 193, 
    "gpsLatitude": 48.37802421426975, 
    "gpsLongitude": 10.914203435775505, 
    "outsideTemperature": 22.5, 
    "speed": 6.733125, 
    "yawRate": -0.0012960445301843976
}