{
    "gpsHeading": 308, 
    "gpsLatitude": 48.37704344777925, 
    "gpsLongitude": 10.890141757788127, 
    "outsideTemperature": 23.0, 
    "speed": 9.1853125, 
    "yawRate": 0.027099865363639
}