{
    "gpsHeading": 278, 
    "gpsLatitude": 48.37809370024707, 
    "gpsLongitude": 10.885956757351888, 
    "outsideTemperature": 23.5, 
    "speed": 11.487875, 
    "yawRate": -0.000833345013070623
}