{
    "gpsHeading": 178, 
    "gpsLatitude": 48.375527580590045, 
    "gpsLongitude": 10.870041451060308, 
    "outsideTemperature": 22.0, 
    "speed": 13.840312500000001, 
    "yawRate": -6.150661771811864e-05
}