{
    "gpsHeading": 329, 
    "gpsLatitude": 48.36497032208404, 
    "gpsLongitude": 10.893268710586595, 
    "outsideTemperature": 21.5, 
    "speed": 7.4729375000000005, 
    "yawRate": -0.18194572651186744
}