{
    "gpsHeading": 272, 
    "gpsLatitude": 48.37735198563511, 
    "gpsLongitude": 10.893277595403955, 
    "outsideTemperature": 27.0, 
    "speed": 7.996625, 
    "yawRate": 0.08905905380943685
}