{
    "gpsHeading": 144, 
    "gpsLatitude": 48.367567287144745, 
    "gpsLongitude": 10.903367898084088, 
    "outsideTemperature": 23.0, 
    "speed": 3.0673125000000003, 
    "yawRate": 0.006109762101288155
}