{
    "gpsHeading": 317, 
    "gpsLatitude": 48.36116644678516, 
    "gpsLongitude": 10.90493623598718, 
    "outsideTemperature": 24.0, 
    "speed": 9.093875, 
    "yawRate": -0.06509967138008001
}