{
    "gpsHeading": 165, 
    "gpsLatitude": 48.37624339512119, 
    "gpsLongitude": 10.901247863314051, 
    "outsideTemperature": 22.0, 
    "speed": 12.618375000000002, 
    "yawRate": -0.0012483959236970021
}