{
    "gpsHeading": 91, 
    "gpsLatitude": 48.37258394001401, 
    "gpsLongitude": 10.89039262815015, 
    "outsideTemperature": 25.0, 
    "speed": 2.6101250000000005, 
    "yawRate": -0.28087955866298114
}