{
    "gpsHeading": 345, 
    "gpsLatitude": 48.371563108026336, 
    "gpsLongitude": 10.89762956335147, 
    "outsideTemperature": 24.0, 
    "speed": 6.9575625, 
    "yawRate": 0.023680395810024
}