{
    "gpsHeading": 104, 
    "gpsLatitude": 48.37055065794183, 
    "gpsLongitude": 10.875935353915855, 
    "outsideTemperature": 21.5, 
    "speed": 13.815375, 
    "yawRate": 0.005174481138264979
}