{
    "gpsHeading": 358, 
    "gpsLatitude": 48.37722927457263, 
    "gpsLongitude": 10.900520900851687, 
    "outsideTemperature": 22.0, 
    "speed": 0.0, 
    "yawRate": 0.00012613594802809254
}