{
    "gpsHeading": 81, 
    "gpsLatitude": 48.35955393625235, 
    "gpsLongitude": 10.90155732317928, 
    "outsideTemperature": 23.5, 
    "speed": 10.2326875, 
    "yawRate": 0.003401504751654719
}