{
    "gpsHeading": 145, 
    "gpsLatitude": 48.370096191151674, 
    "gpsLongitude": 10.895682028148737, 
    "outsideTemperature": 23.0, 
    "speed": 7.0573125, 
    "yawRate": -0.03094840977739751
}