{
    "gpsHeading": 140, 
    "gpsLatitude": 48.36517484052151, 
    "gpsLongitude": 10.899371490469276, 
    "outsideTemperature": 23.0, 
    "speed": 2.5020625, 
    "yawRate": -0.2839247881263277
}