{
    "gpsHeading": 0, 
    "gpsLatitude": 48.36897511160202, 
    "gpsLongitude": 10.8879261693219, 
    "outsideTemperature": 21.0, 
    "speed": 12.385625000000001, 
    "yawRate": -0.003283262406189664
}