{
    "gpsHeading": 179, 
    "gpsLatitude": 48.37971006645533, 
    "gpsLongitude": 10.870212609523136, 
    "outsideTemperature": 23.5, 
    "speed": 11.305000000000001, 
    "yawRate": 0.0015092897090773069
}