{
    "gpsHeading": 9, 
    "gpsLatitude": 48.38178701824307, 
    "gpsLongitude": 10.874544293264945, 
    "outsideTemperature": 23.0, 
    "speed": 5.103875, 
    "yawRate": -0.10507014502594915
}