{
    "gpsHeading": 128, 
    "gpsLatitude": 48.36684174960591, 
    "gpsLongitude": 10.903196488164166, 
    "outsideTemperature": 22.5, 
    "speed": 10.357375, 
    "yawRate": -0.004063230820233754
}