{
    "gpsHeading": 169, 
    "gpsLatitude": 48.36842509111568, 
    "gpsLongitude": 10.893100401970841, 
    "outsideTemperature": 25.5, 
    "speed": 7.4729375000000005, 
    "yawRate": 0.030423562346239268
}