{
    "gpsHeading": 78, 
    "gpsLatitude": 48.37174675552489, 
    "gpsLongitude": 10.896000121374229, 
    "outsideTemperature": 22.5, 
    "speed": 5.303375000000001, 
    "yawRate": -0.009705386494867624
}