{
    "gpsHeading": 304, 
    "gpsLatitude": 48.369882284982644, 
    "gpsLongitude": 10.904575897969668, 
    "outsideTemperature": 23.0, 
    "speed": 4.8129375, 
    "yawRate": -0.24539647383858226
}