{
    "gpsHeading": 177, 
    "gpsLatitude": 48.37315256832541, 
    "gpsLongitude": 10.869970959254601, 
    "outsideTemperature": 21.5, 
    "speed": 11.33825, 
    "yawRate": 0.022627773658207978
}