{
    "gpsHeading": 341, 
    "gpsLatitude": 48.36416867686439, 
    "gpsLongitude": 10.894956490609909, 
    "outsideTemperature": 22.0, 
    "speed": 12.7929375, 
    "yawRate": -0.0027004123320531303
}