{
    "gpsHeading": 152, 
    "gpsLatitude": 48.368010103089475, 
    "gpsLongitude": 10.902677313081522, 
    "outsideTemperature": 23.0, 
    "speed": 8.0548125, 
    "yawRate": -0.00039803939104608136
}