{
    "gpsHeading": 336, 
    "gpsLatitude": 48.364660107847534, 
    "gpsLongitude": 10.895156734276778, 
    "outsideTemperature": 23.0, 
    "speed": 8.5868125, 
    "yawRate": -0.034866303866740424
}