{
    "gpsHeading": 49, 
    "gpsLatitude": 48.3693253913357, 
    "gpsLongitude": 10.888564786524805, 
    "outsideTemperature": 21.0, 
    "speed": 11.371500000000001, 
    "yawRate": -0.0031087294809903927
}