{
    "gpsHeading": 26, 
    "gpsLatitude": 48.37007230272763, 
    "gpsLongitude": 10.889784856350952, 
    "outsideTemperature": 21.0, 
    "speed": 8.561874999999999, 
    "yawRate": 0.012948299637357445
}