{
    "gpsHeading": 88, 
    "gpsLatitude": 48.359525940695754, 
    "gpsLongitude": 10.900661800644034, 
    "outsideTemperature": 24.0, 
    "speed": 11.0306875, 
    "yawRate": 0.02539265332678274
}