{
    "gpsHeading": 156, 
    "gpsLatitude": 48.359226203838205, 
    "gpsLongitude": 10.902167861006525, 
    "outsideTemperature": 23.0, 
    "speed": 6.691562500000001, 
    "yawRate": 0.015618809515614621
}