{
    "gpsHeading": 261, 
    "gpsLatitude": 48.3704545175124, 
    "gpsLongitude": 10.897737019350163, 
    "outsideTemperature": 24.0, 
    "speed": 7.9051875, 
    "yawRate": 0.021396576008842733
}