{
    "gpsHeading": 0, 
    "gpsLatitude": 48.371126494689946, 
    "gpsLongitude": 10.892592626276512, 
    "outsideTemperature": 24.0, 
    "speed": 4.3640625, 
    "yawRate": 0.005179905738884381
}