{
    "gpsHeading": 147, 
    "gpsLatitude": 48.361236770952786, 
    "gpsLongitude": 10.904739847995769, 
    "outsideTemperature": 23.0, 
    "speed": 5.3283125, 
    "yawRate": 0.22662452903002553
}