{
    "gpsHeading": 156, 
    "gpsLatitude": 48.36035507855782, 
    "gpsLongitude": 10.896948952813643, 
    "outsideTemperature": 22.5, 
    "speed": 7.132125, 
    "yawRate": -0.006893323385633043
}