{
    "gpsHeading": 0, 
    "gpsLatitude": 48.36993115147815, 
    "gpsLongitude": 10.894292057145238, 
    "outsideTemperature": 33.0, 
    "speed": 0.748125, 
    "yawRate": 0.002241086309366499
}