{
    "gpsHeading": 160, 
    "gpsLatitude": 48.36362033275867, 
    "gpsLongitude": 10.895231249396007, 
    "outsideTemperature": 23.5, 
    "speed": 11.0306875, 
    "yawRate": 0.011607166685506577
}