{
    "gpsHeading": 70, 
    "gpsLatitude": 48.36770122995749, 
    "gpsLongitude": 10.905497320585715, 
    "outsideTemperature": 23.5, 
    "speed": 2.6184375, 
    "yawRate": 0.07731919558265532
}