{
    "gpsHeading": 273, 
    "gpsLatitude": 48.370203144236186, 
    "gpsLongitude": 10.905660097145372, 
    "outsideTemperature": 22.5, 
    "speed": 8.911000000000001, 
    "yawRate": -0.07897757405151512
}