{
    "gpsHeading": 230, 
    "gpsLatitude": 48.37797450958393, 
    "gpsLongitude": 10.916547351179387, 
    "outsideTemperature": 22.5, 
    "speed": 5.810437500000001, 
    "yawRate": 0.03693084220874016
}