{
    "gpsHeading": 189, 
    "gpsLatitude": 48.37211866056877, 
    "gpsLongitude": 10.86992896591968, 
    "outsideTemperature": 21.5, 
    "speed": 5.2784375, 
    "yawRate": 0.01041046889424808
}