{
    "gpsHeading": 297, 
    "gpsLatitude": 48.373538387328544, 
    "gpsLongitude": 10.896515943695638, 
    "outsideTemperature": 23.0, 
    "speed": 4.8295625, 
    "yawRate": -0.003546740521087119
}