{
    "gpsHeading": 164, 
    "gpsLatitude": 48.370341445638566, 
    "gpsLongitude": 10.901084835297299, 
    "outsideTemperature": 23.5, 
    "speed": 9.052312500000001, 
    "yawRate": 0.047773047963997436
}