{
    "gpsHeading": 0, 
    "gpsLatitude": 48.366550394651554, 
    "gpsLongitude": 10.892694298762015, 
    "outsideTemperature": 23.5, 
    "speed": 9.4513125, 
    "yawRate": 0.03065632385219051
}