{
    "gpsHeading": 104, 
    "gpsLatitude": 48.37164675942002, 
    "gpsLongitude": 10.895197889421352, 
    "outsideTemperature": 23.0, 
    "speed": 4.55525, 
    "yawRate": 0.02869185704900678
}