{
    "gpsHeading": 72, 
    "gpsLatitude": 48.37026341012, 
    "gpsLongitude": 10.896783745502068, 
    "outsideTemperature": 22.5, 
    "speed": 7.1570625, 
    "yawRate": 0.040086490778770384
}