{
    "gpsHeading": 350, 
    "gpsLatitude": 48.37587366937213, 
    "gpsLongitude": 10.895340130318235, 
    "outsideTemperature": 22.0, 
    "speed": 7.74725, 
    "yawRate": 0.01024136056966821
}