{
    "gpsHeading": 300, 
    "gpsLatitude": 48.37939121885856, 
    "gpsLongitude": 10.88026678620057, 
    "outsideTemperature": 23.0, 
    "speed": 10.390625, 
    "yawRate": 0.0011040029771136437
}