{
    "gpsHeading": 288, 
    "gpsLatitude": 48.37055593854083, 
    "gpsLongitude": 10.902421245939498, 
    "outsideTemperature": 23.5, 
    "speed": 8.9691875, 
    "yawRate": 0.011743036029773658
}