{
    "gpsHeading": 280, 
    "gpsLatitude": 48.35883309257929, 
    "gpsLongitude": 10.902727017767328, 
    "outsideTemperature": 23.5, 
    "speed": 7.6308750000000005, 
    "yawRate": -0.026692583168406905
}