{
    "gpsHeading": 54, 
    "gpsLatitude": 48.36996811567116, 
    "gpsLongitude": 10.89456346317003, 
    "outsideTemperature": 22.5, 
    "speed": 6.68325, 
    "yawRate": 0.19001027352508032
}