{
    "gpsHeading": 106, 
    "gpsLatitude": 48.37085559157933, 
    "gpsLongitude": 10.874487883056567, 
    "outsideTemperature": 21.5, 
    "speed": 13.798750000000002, 
    "yawRate": -0.004250296822504597
}