{
    "gpsHeading": 42, 
    "gpsLatitude": 48.36636423258203, 
    "gpsLongitude": 10.905209821306796, 
    "outsideTemperature": 25.0, 
    "speed": 13.0589375, 
    "yawRate": -0.03148439277638367
}