{
    "gpsHeading": 305, 
    "gpsLatitude": 48.378965669634376, 
    "gpsLongitude": 10.881904861538077, 
    "outsideTemperature": 23.5, 
    "speed": 8.1213125, 
    "yawRate": -0.005528248180464617
}