{
    "gpsHeading": 0, 
    "gpsLatitude": 48.36883563673319, 
    "gpsLongitude": 10.892909294578466, 
    "outsideTemperature": 26.0, 
    "speed": 10.2160625, 
    "yawRate": -0.0057047531700436145
}