{
    "gpsHeading": 0, 
    "gpsLatitude": 48.37573226666558, 
    "gpsLongitude": 10.8953748313974, 
    "outsideTemperature": 22.0, 
    "speed": 7.9550625, 
    "yawRate": 0.022109599483228576
}