{
    "gpsHeading": 302, 
    "gpsLatitude": 48.357885099330204, 
    "gpsLongitude": 10.910027320156626, 
    "outsideTemperature": 25.0, 
    "speed": 10.864437500000001, 
    "yawRate": -0.005481417122651383
}