{
    "gpsHeading": 15, 
    "gpsLatitude": 48.37998893237397, 
    "gpsLongitude": 10.878485128861698, 
    "outsideTemperature": 23.0, 
    "speed": 4.4970625, 
    "yawRate": 0.0009295897907184653
}