{
    "gpsHeading": 16, 
    "gpsLatitude": 48.36783953135987, 
    "gpsLongitude": 10.892447870808672, 
    "outsideTemperature": 33.0, 
    "speed": 0.0, 
    "yawRate": 0.0015047617797294146
}