{
    "gpsHeading": 310, 
    "gpsLatitude": 48.37036399295811, 
    "gpsLongitude": 10.903452052391966, 
    "outsideTemperature": 24.5, 
    "speed": 8.3873125, 
    "yawRate": -0.012517040572947866
}