{
    "gpsHeading": 193, 
    "gpsLatitude": 48.37365925437233, 
    "gpsLongitude": 10.901442574924793, 
    "outsideTemperature": 21.0, 
    "speed": 11.961687500000002, 
    "yawRate": 0.006954651560675693
}