{
    "gpsHeading": 159, 
    "gpsLatitude": 48.361909837777745, 
    "gpsLongitude": 10.896189552386005, 
    "outsideTemperature": 23.0, 
    "speed": 12.0780625, 
    "yawRate": 0.00043705947274329466
}