{
    "gpsHeading": 305, 
    "gpsLatitude": 48.368640338389206, 
    "gpsLongitude": 10.906640947454903, 
    "outsideTemperature": 23.0, 
    "speed": 5.103875, 
    "yawRate": 0.004360142121802097
}