{
    "gpsHeading": 169, 
    "gpsLatitude": 48.36739118335905, 
    "gpsLongitude": 10.892365392881432, 
    "outsideTemperature": 30.0, 
    "speed": 9.592625, 
    "yawRate": -0.008813185562827012
}