{
    "gpsHeading": 131, 
    "gpsLatitude": 48.36989754004642, 
    "gpsLongitude": 10.910507016475332, 
    "outsideTemperature": 21.0, 
    "speed": 7.7555625, 
    "yawRate": -0.0023373942680785806
}