{
    "gpsHeading": 298, 
    "gpsLatitude": 48.38004869534362, 
    "gpsLongitude": 10.87830818688568, 
    "outsideTemperature": 23.0, 
    "speed": 10.548562500000001, 
    "yawRate": 0.0033730507435102476
}