{
    "gpsHeading": 156, 
    "gpsLatitude": 48.37027698880316, 
    "gpsLongitude": 10.89400648570405, 
    "outsideTemperature": 23.0, 
    "speed": 7.132125, 
    "yawRate": 0.024203994585621814
}