{
    "gpsHeading": 157, 
    "gpsLatitude": 48.36971121033885, 
    "gpsLongitude": 10.901391780591572, 
    "outsideTemperature": 23.0, 
    "speed": 9.6341875, 
    "yawRate": 0.021767642109282205
}