{
    "gpsHeading": 344, 
    "gpsLatitude": 48.373204284668006, 
    "gpsLongitude": 10.896737896491718, 
    "outsideTemperature": 22.0, 
    "speed": 6.0764375, 
    "yawRate": -0.09383025644099276
}