{
    "gpsHeading": 153, 
    "gpsLatitude": 48.368890035284785, 
    "gpsLongitude": 10.901928473851845, 
    "outsideTemperature": 33.0, 
    "speed": 9.0689375, 
    "yawRate": 0.003629278222638119
}