{
    "gpsHeading": 76, 
    "gpsLatitude": 48.36511700538959, 
    "gpsLongitude": 10.898783164685435, 
    "outsideTemperature": 22.5, 
    "speed": 6.01825, 
    "yawRate": 0.010163190834712243
}