{
    "gpsHeading": 107, 
    "gpsLatitude": 48.37002561552695, 
    "gpsLongitude": 10.877881212737925, 
    "outsideTemperature": 21.0, 
    "speed": 8.395625, 
    "yawRate": -0.08662983751663504
}