{
    "gpsHeading": 115, 
    "gpsLatitude": 48.37004145732394, 
    "gpsLongitude": 10.894449804562992, 
    "outsideTemperature": 22.5, 
    "speed": 4.5885, 
    "yawRate": -0.00023061494229798842
}