{
    "gpsHeading": 63, 
    "gpsLatitude": 48.366028704997944, 
    "gpsLongitude": 10.90455402120239, 
    "outsideTemperature": 26.0, 
    "speed": 11.5128125, 
    "yawRate": 0.060145392953317084
}