{
    "gpsHeading": 302, 
    "gpsLatitude": 48.36932371495506, 
    "gpsLongitude": 10.909865968520508, 
    "outsideTemperature": 22.5, 
    "speed": 8.5535625, 
    "yawRate": -0.088564252717702
}