{
    "gpsHeading": 0, 
    "gpsLatitude": 48.37407063818015, 
    "gpsLongitude": 10.8962639836862, 
    "outsideTemperature": 23.0, 
    "speed": 4.921, 
    "yawRate": 0.07813466847224625
}