{
    "gpsHeading": 281, 
    "gpsLatitude": 48.37045284113177, 
    "gpsLongitude": 10.902969506226182, 
    "outsideTemperature": 22.0, 
    "speed": 12.086375, 
    "yawRate": -0.018938247782911238
}