{
    "gpsHeading": 276, 
    "gpsLatitude": 48.36997339627016, 
    "gpsLongitude": 10.89460730052365, 
    "outsideTemperature": 26.5, 
    "speed": 11.321625000000001, 
    "yawRate": 0.07269426755090196
}