{
    "gpsHeading": 57, 
    "gpsLatitude": 48.366741753501046, 
    "gpsLongitude": 10.90612730442835, 
    "outsideTemperature": 26.0, 
    "speed": 12.585125000000001, 
    "yawRate": 0.03779758512668448
}