{
    "gpsHeading": 20, 
    "gpsLatitude": 48.376869523288356, 
    "gpsLongitude": 10.913901519623167, 
    "outsideTemperature": 23.5, 
    "speed": 3.4746250000000005, 
    "yawRate": -0.16919254245178672
}