{
    "gpsHeading": 255, 
    "gpsLatitude": 48.37163309691785, 
    "gpsLongitude": 10.894974008787573, 
    "outsideTemperature": 21.5, 
    "speed": 3.0423750000000003, 
    "yawRate": 0.12363776835749667
}