{
    "gpsHeading": 265, 
    "gpsLatitude": 48.3709714294812, 
    "gpsLongitude": 10.898076234971649, 
    "outsideTemperature": 23.5, 
    "speed": 4.28925, 
    "yawRate": 0.049112209297340365
}