{
    "gpsHeading": 51, 
    "gpsLatitude": 48.37037840983157, 
    "gpsLongitude": 10.897321528409783, 
    "outsideTemperature": 22.5, 
    "speed": 2.8013125000000003, 
    "yawRate": -0.01017899167866538
}