{
    "gpsHeading": 14, 
    "gpsLatitude": 48.37425143583165, 
    "gpsLongitude": 10.912414569999905, 
    "outsideTemperature": 22.0, 
    "speed": 11.255125, 
    "yawRate": 0.026278412063522653
}