{
    "gpsHeading": 162, 
    "gpsLatitude": 48.36915976492896, 
    "gpsLongitude": 10.90167316108114, 
    "outsideTemperature": 35.0, 
    "speed": 8.4205625, 
    "yawRate": 0.004152876998236925
}