{
    "gpsHeading": 156, 
    "gpsLatitude": 48.36026840967899, 
    "gpsLongitude": 10.896989521225029, 
    "outsideTemperature": 27.5, 
    "speed": 5.270125000000001, 
    "yawRate": -0.0028625638588375417
}