{
    "gpsHeading": 344, 
    "gpsLatitude": 48.36517953438729, 
    "gpsLongitude": 10.894891782317426, 
    "outsideTemperature": 22.5, 
    "speed": 3.9318125000000004, 
    "yawRate": -0.43716469645142675
}