{
    "gpsHeading": 266, 
    "gpsLatitude": 48.38143925308033, 
    "gpsLongitude": 10.873749856482014, 
    "outsideTemperature": 26.0, 
    "speed": 7.813750000000001, 
    "yawRate": 0.013775285457134773
}