{
    "gpsHeading": 281, 
    "gpsLatitude": 48.370332057907014, 
    "gpsLongitude": 10.903762601904605, 
    "outsideTemperature": 22.5, 
    "speed": 11.9450625, 
    "yawRate": -0.02783942696808201
}