{
    "gpsHeading": 252, 
    "gpsLatitude": 48.37321258275213, 
    "gpsLongitude": 10.896725658913056, 
    "outsideTemperature": 22.5, 
    "speed": 4.2476875000000005, 
    "yawRate": -0.13915882340104394
}