{
    "gpsHeading": 0, 
    "gpsLatitude": 48.36605426980263, 
    "gpsLongitude": 10.89297928346998, 
    "outsideTemperature": 23.0, 
    "speed": 10.2326875, 
    "yawRate": -0.03200099629440542
}