{
    "gpsHeading": 172, 
    "gpsLatitude": 48.36698482869312, 
    "gpsLongitude": 10.893724853757387, 
    "outsideTemperature": 26.0, 
    "speed": 4.1978125, 
    "yawRate": -0.0959382754981482
}