{
    "gpsHeading": 43, 
    "gpsLatitude": 48.36850036060619, 
    "gpsLongitude": 10.886992592946257, 
    "outsideTemperature": 21.0, 
    "speed": 12.1778125, 
    "yawRate": -0.0029341965557911215
}