{
    "gpsHeading": 44, 
    "gpsLatitude": 48.37190400002845, 
    "gpsLongitude": 10.889434576617248, 
    "outsideTemperature": 23.0, 
    "speed": 4.7963125, 
    "yawRate": 0.005878037439682459
}