{
    "gpsHeading": 94, 
    "gpsLatitude": 48.359536166617616, 
    "gpsLongitude": 10.900086802086232, 
    "outsideTemperature": 24.0, 
    "speed": 10.457125, 
    "yawRate": 0.04162421537032985
}