{
    "gpsHeading": 144, 
    "gpsLatitude": 48.365706504639896, 
    "gpsLongitude": 10.903847845859893, 
    "outsideTemperature": 26.0, 
    "speed": 1.29675, 
    "yawRate": 0.01721029335425766
}