{
    "gpsHeading": 7, 
    "gpsLatitude": 48.372678990796025, 
    "gpsLongitude": 10.897363186468548, 
    "outsideTemperature": 22.5, 
    "speed": 4.5136875000000005, 
    "yawRate": 0.021062401932031957
}