{
    "gpsHeading": 0, 
    "gpsLatitude": 48.36627337275162, 
    "gpsLongitude": 10.882986210866669, 
    "outsideTemperature": 23.0, 
    "speed": 11.8951875, 
    "yawRate": 0.0009055277985968151
}