{
    "gpsHeading": 126, 
    "gpsLatitude": 48.36801538368848, 
    "gpsLongitude": 10.913570099171597, 
    "outsideTemperature": 21.0, 
    "speed": 7.7223125, 
    "yawRate": 0.00987991049588132
}