{
    "gpsHeading": 57, 
    "gpsLatitude": 48.358798726776286, 
    "gpsLongitude": 10.905052576803232, 
    "outsideTemperature": 25.0, 
    "speed": 9.592625, 
    "yawRate": 0.07231394350998885
}