{
    "gpsHeading": 114, 
    "gpsLatitude": 48.36987004740402, 
    "gpsLongitude": 10.901314247987205, 
    "outsideTemperature": 23.0, 
    "speed": 9.1105, 
    "yawRate": -0.0031905661942364058
}