{
    "gpsHeading": 277, 
    "gpsLatitude": 48.370364244415214, 
    "gpsLongitude": 10.908089256504509, 
    "outsideTemperature": 22.0, 
    "speed": 7.281750000000001, 
    "yawRate": 0.004274631268613666
}