{
    "gpsHeading": 49, 
    "gpsLatitude": 48.36686672767738, 
    "gpsLongitude": 10.906432573341958, 
    "outsideTemperature": 23.5, 
    "speed": 12.9758125, 
    "yawRate": 0.047404489413758376
}