{
    "gpsHeading": 136, 
    "gpsLatitude": 48.371569813548874, 
    "gpsLongitude": 10.892001199188464, 
    "outsideTemperature": 24.0, 
    "speed": 5.843687500000001, 
    "yawRate": -0.003023141745489305
}