{
    "gpsHeading": 283, 
    "gpsLatitude": 48.359974791610775, 
    "gpsLongitude": 10.897748418738477, 
    "outsideTemperature": 24.0, 
    "speed": 6.81625, 
    "yawRate": -0.004794807434446369
}