{
    "gpsHeading": 344, 
    "gpsLatitude": 48.36705146482335, 
    "gpsLongitude": 10.894011514845987, 
    "outsideTemperature": 26.5, 
    "speed": 3.99, 
    "yawRate": -0.0018650288156556783
}