{
    "gpsHeading": 156, 
    "gpsLatitude": 48.36263286074562, 
    "gpsLongitude": 10.895791747261319, 
    "outsideTemperature": 23.0, 
    "speed": 7.797125, 
    "yawRate": -0.044983535447980935
}