{
    "gpsHeading": 109, 
    "gpsLatitude": 48.37163896425007, 
    "gpsLongitude": 10.87099732329839, 
    "outsideTemperature": 22.0, 
    "speed": 13.1088125, 
    "yawRate": -0.0004105724681166612
}