{
    "gpsHeading": 342, 
    "gpsLatitude": 48.367748168615265, 
    "gpsLongitude": 10.902777309186392, 
    "outsideTemperature": 21.5, 
    "speed": 8.470437500000001, 
    "yawRate": 0.023563054621231157
}