{
    "gpsHeading": 102, 
    "gpsLatitude": 48.35521261332189, 
    "gpsLongitude": 10.9082537094448, 
    "outsideTemperature": 22.5, 
    "speed": 5.2950625, 
    "yawRate": 0.09075348118930915
}