{
    "gpsHeading": 278, 
    "gpsLatitude": 48.37790535888272, 
    "gpsLongitude": 10.888111744658184, 
    "outsideTemperature": 25.0, 
    "speed": 10.2160625, 
    "yawRate": 0.013303821928083248
}