{
    "gpsHeading": 334, 
    "gpsLatitude": 48.37632260410619, 
    "gpsLongitude": 10.898622064506412, 
    "outsideTemperature": 21.5, 
    "speed": 5.9600625, 
    "yawRate": -0.009007254794069545
}