{
    "gpsHeading": 355, 
    "gpsLatitude": 48.36779594546336, 
    "gpsLongitude": 10.892213428976866, 
    "outsideTemperature": 22.0, 
    "speed": 4.305875, 
    "yawRate": 0.23955013822262045
}