{
    "gpsHeading": 99, 
    "gpsLatitude": 48.35935788353709, 
    "gpsLongitude": 10.906040635549525, 
    "outsideTemperature": 28.0, 
    "speed": 9.559375, 
    "yawRate": -0.1842797452924737
}