{
    "gpsHeading": 0, 
    "gpsLatitude": 48.366648379099665, 
    "gpsLongitude": 10.883571183889243, 
    "outsideTemperature": 22.5, 
    "speed": 12.40225, 
    "yawRate": 0.0010800607237960863
}