{
    "gpsHeading": 18, 
    "gpsLatitude": 48.359868676716566, 
    "gpsLongitude": 10.897699300785892, 
    "outsideTemperature": 30.0, 
    "speed": 0.0, 
    "yawRate": 0.0006053217994502675
}