{
    "gpsHeading": 110, 
    "gpsLatitude": 48.37166922292054, 
    "gpsLongitude": 10.895508690391082, 
    "outsideTemperature": 23.0, 
    "speed": 4.837875, 
    "yawRate": 0.0026864511942915493
}