{
    "gpsHeading": 190, 
    "gpsLatitude": 48.37121341502587, 
    "gpsLongitude": 10.901008140883246, 
    "outsideTemperature": 21.0, 
    "speed": 5.2119375, 
    "yawRate": -0.0014229288488972654
}