{
    "gpsHeading": 147, 
    "gpsLatitude": 48.36853506168532, 
    "gpsLongitude": 10.90227674192879, 
    "outsideTemperature": 30.5, 
    "speed": 10.5984375, 
    "yawRate": -0.007889894840523706
}