{
    "gpsHeading": 55, 
    "gpsLatitude": 48.36692841848474, 
    "gpsLongitude": 10.906582860865889, 
    "outsideTemperature": 23.5, 
    "speed": 12.859437500000002, 
    "yawRate": -0.050159415772722565
}