{
    "gpsHeading": 345, 
    "gpsLatitude": 48.365149275716824, 
    "gpsLongitude": 10.904149007640976, 
    "outsideTemperature": 22.0, 
    "speed": 11.27175, 
    "yawRate": 0.04590326904675772
}