{
    "gpsHeading": 179, 
    "gpsLatitude": 48.37754896035972, 
    "gpsLongitude": 10.870125689187216, 
    "outsideTemperature": 22.0, 
    "speed": 13.158687500000001, 
    "yawRate": 0.003254618961071012
}