{
    "gpsHeading": 149, 
    "gpsLatitude": 48.36770508563295, 
    "gpsLongitude": 10.902792312793068, 
    "outsideTemperature": 28.0, 
    "speed": 11.255125, 
    "yawRate": 0.0031056794470403046
}