{
    "gpsHeading": 210, 
    "gpsLatitude": 48.35552341429162, 
    "gpsLongitude": 10.909063988024723, 
    "outsideTemperature": 24.0, 
    "speed": 10.789625000000001, 
    "yawRate": -0.006635891071973522
}