{
    "gpsHeading": 77, 
    "gpsLatitude": 48.370204233883605, 
    "gpsLongitude": 10.89647319598943, 
    "outsideTemperature": 22.5, 
    "speed": 8.2376875, 
    "yawRate": 0.09314450003939746
}