{
    "gpsHeading": 270, 
    "gpsLatitude": 48.37056121913982, 
    "gpsLongitude": 10.898771178563898, 
    "outsideTemperature": 24.0, 
    "speed": 8.827875, 
    "yawRate": 0.02087297723324393
}