{
    "gpsHeading": 0, 
    "gpsLatitude": 48.37287563024451, 
    "gpsLongitude": 10.897341477339333, 
    "outsideTemperature": 22.5, 
    "speed": 4.2476875000000005, 
    "yawRate": 0.18215629189110616
}