{
    "gpsHeading": 190, 
    "gpsLatitude": 48.373942059785456, 
    "gpsLongitude": 10.912083987738686, 
    "outsideTemperature": 21.5, 
    "speed": 13.117125, 
    "yawRate": -0.08473716058309604
}