{
    "gpsHeading": 109, 
    "gpsLatitude": 48.36749285584454, 
    "gpsLongitude": 10.904453186907205, 
    "outsideTemperature": 23.0, 
    "speed": 1.9451250000000002, 
    "yawRate": 0.03036983870400869
}