{
    "gpsHeading": 46, 
    "gpsLatitude": 48.37243977127941, 
    "gpsLongitude": 10.89017981162856, 
    "outsideTemperature": 22.5, 
    "speed": 4.2975625, 
    "yawRate": -0.006688333174676978
}