{
    "gpsHeading": 334, 
    "gpsLatitude": 48.36195702789262, 
    "gpsLongitude": 10.896162059743569, 
    "outsideTemperature": 22.5, 
    "speed": 11.122125, 
    "yawRate": -0.0027004123320531303
}