{
    "gpsHeading": 81, 
    "gpsLatitude": 48.37012368379409, 
    "gpsLongitude": 10.877691781726183, 
    "outsideTemperature": 21.5, 
    "speed": 4.1811875, 
    "yawRate": 0.020184312705416197
}