{
    "gpsHeading": 180, 
    "gpsLatitude": 48.37659811726355, 
    "gpsLongitude": 10.87008897645129, 
    "outsideTemperature": 22.0, 
    "speed": 13.3, 
    "yawRate": 0.010235935969048808
}