{
    "gpsHeading": 277, 
    "gpsLatitude": 48.3703008772272, 
    "gpsLongitude": 10.904372301541565, 
    "outsideTemperature": 22.5, 
    "speed": 11.1470625, 
    "yawRate": -0.07915210697671439
}