{
    "gpsHeading": 2, 
    "gpsLatitude": 48.35912117859143, 
    "gpsLongitude": 10.905646769919327, 
    "outsideTemperature": 27.5, 
    "speed": 0.0, 
    "yawRate": 0.0006086500199098763
}