{
    "gpsHeading": 334, 
    "gpsLatitude": 48.37375673590627, 
    "gpsLongitude": 10.896409828801419, 
    "outsideTemperature": 22.0, 
    "speed": 6.799625000000001, 
    "yawRate": -0.009879919420066895
}