{
    "gpsHeading": 85, 
    "gpsLatitude": 48.359525940695754, 
    "gpsLongitude": 10.900964806443817, 
    "outsideTemperature": 23.5, 
    "speed": 10.93925, 
    "yawRate": -0.000612752527932489
}