{
    "gpsHeading": 269, 
    "gpsLatitude": 48.370622323213965, 
    "gpsLongitude": 10.900236754334038, 
    "outsideTemperature": 26.0, 
    "speed": 7.797125, 
    "yawRate": -0.19540841890706093
}