{
    "gpsHeading": 342, 
    "gpsLatitude": 48.364274205025346, 
    "gpsLongitude": 10.895358151410056, 
    "outsideTemperature": 23.5, 
    "speed": 9.027375000000001, 
    "yawRate": -0.010606227264019889
}