{
    "gpsHeading": 78, 
    "gpsLatitude": 48.36516813499895, 
    "gpsLongitude": 10.895291766736937, 
    "outsideTemperature": 22.5, 
    "speed": 2.9176875, 
    "yawRate": -0.05493759026467547
}