{
    "gpsHeading": 337, 
    "gpsLatitude": 48.37021035267292, 
    "gpsLongitude": 10.90456818661875, 
    "outsideTemperature": 26.0, 
    "speed": 5.436375, 
    "yawRate": 0.35662009622384716
}