{
    "gpsHeading": 254, 
    "gpsLatitude": 48.37673725685626, 
    "gpsLongitude": 10.89111095725225, 
    "outsideTemperature": 23.5, 
    "speed": 6.849500000000001, 
    "yawRate": -0.09838930785475114
}