{
    "gpsHeading": 199, 
    "gpsLatitude": 48.37361449500937, 
    "gpsLongitude": 10.911869830112556, 
    "outsideTemperature": 21.5, 
    "speed": 13.665750000000001, 
    "yawRate": -0.03324994764926438
}