{
    "gpsHeading": 349, 
    "gpsLatitude": 48.37552087506751, 
    "gpsLongitude": 10.89542177005516, 
    "outsideTemperature": 22.0, 
    "speed": 7.797125, 
    "yawRate": 0.025076659211619164
}