{
    "gpsHeading": 341, 
    "gpsLatitude": 48.369790670780944, 
    "gpsLongitude": 10.909518957729075, 
    "outsideTemperature": 22.5, 
    "speed": 9.401437500000002, 
    "yawRate": -0.028524926449098126
}