{
    "gpsHeading": 30, 
    "gpsLatitude": 48.355500112600794, 
    "gpsLongitude": 10.909282839516631, 
    "outsideTemperature": 24.5, 
    "speed": 13.1919375, 
    "yawRate": 0.01680847274080171
}