{
    "gpsHeading": 176, 
    "gpsLatitude": 48.37404230734744, 
    "gpsLongitude": 10.869989818536737, 
    "outsideTemperature": 21.5, 
    "speed": 13.557687500000002, 
    "yawRate": 0.0006366250830799587
}