{
    "gpsHeading": 0, 
    "gpsLatitude": 48.36531649468515, 
    "gpsLongitude": 10.893426206547252, 
    "outsideTemperature": 22.5, 
    "speed": 6.1761875, 
    "yawRate": -0.0014577343845051717
}