{
    "gpsHeading": 179, 
    "gpsLatitude": 48.377191220732215, 
    "gpsLongitude": 10.870113451608583, 
    "outsideTemperature": 22.0, 
    "speed": 13.183625000000001, 
    "yawRate": 0.008316073791854839
}