{
    "gpsHeading": 356, 
    "gpsLatitude": 48.371780618413716, 
    "gpsLongitude": 10.889273392619193, 
    "outsideTemperature": 23.0, 
    "speed": 4.305875, 
    "yawRate": -0.14579107455862317
}