{
    "gpsHeading": 22, 
    "gpsLatitude": 48.37565481788024, 
    "gpsLongitude": 10.913097862746747, 
    "outsideTemperature": 22.0, 
    "speed": 12.053125, 
    "yawRate": -0.004439382771576866
}