{
    "gpsHeading": 343, 
    "gpsLatitude": 48.37054646699024, 
    "gpsLongitude": 10.890452055843669, 
    "outsideTemperature": 25.0, 
    "speed": 0.0, 
    "yawRate": -0.0005817878678773152
}