{
    "gpsHeading": 347, 
    "gpsLatitude": 48.3716303308898, 
    "gpsLongitude": 10.897595951919723, 
    "outsideTemperature": 23.0, 
    "speed": 6.3923125, 
    "yawRate": -0.005167530439682603
}