{
    "gpsHeading": 123, 
    "gpsLatitude": 48.3700981189894, 
    "gpsLongitude": 10.91011482722577, 
    "outsideTemperature": 21.0, 
    "speed": 6.9409375, 
    "yawRate": -0.06604191196587113
}