{
    "gpsHeading": 126, 
    "gpsLatitude": 48.35868422997891, 
    "gpsLongitude": 10.908052040854427, 
    "outsideTemperature": 25.0, 
    "speed": 11.521125000000001, 
    "yawRate": -0.012190281045835484
}