{
    "gpsHeading": 54, 
    "gpsLatitude": 48.37183786681241, 
    "gpsLongitude": 10.891635077657797, 
    "outsideTemperature": 24.0, 
    "speed": 5.901875, 
    "yawRate": 0.00605257036488173
}