{
    "gpsHeading": 9, 
    "gpsLatitude": 48.36876564784168, 
    "gpsLongitude": 10.910594020630288, 
    "outsideTemperature": 23.0, 
    "speed": 10.0830625, 
    "yawRate": 0.12890377208078743
}