{
    "gpsHeading": 149, 
    "gpsLatitude": 48.36903370110522, 
    "gpsLongitude": 10.90179151355399, 
    "outsideTemperature": 22.5, 
    "speed": 11.180312500000001, 
    "yawRate": 0.0018708886365474213
}