{
    "gpsHeading": 78, 
    "gpsLatitude": 48.356196229659474, 
    "gpsLongitude": 10.910565103064345, 
    "outsideTemperature": 22.5, 
    "speed": 10.723125000000001, 
    "yawRate": 0.1670813213375112
}