{
    "gpsHeading": 137, 
    "gpsLatitude": 48.372350923105756, 
    "gpsLongitude": 10.8908890044562, 
    "outsideTemperature": 25.0, 
    "speed": 5.220250000000001, 
    "yawRate": -0.03548626583258253
}