{
    "gpsHeading": 265, 
    "gpsLatitude": 48.38124898387826, 
    "gpsLongitude": 10.870155361124441, 
    "outsideTemperature": 25.0, 
    "speed": 4.8794375, 
    "yawRate": 0.4088691371245465
}