{
    "gpsHeading": 307, 
    "gpsLatitude": 48.35877810729448, 
    "gpsLongitude": 10.90816980659402, 
    "outsideTemperature": 23.0, 
    "speed": 9.393125, 
    "yawRate": 0.022443850909257816
}