{
    "gpsHeading": 263, 
    "gpsLatitude": 48.37848982899113, 
    "gpsLongitude": 10.882577844543986, 
    "outsideTemperature": 23.5, 
    "speed": 5.868625, 
    "yawRate": -0.18861328671466684
}