{
    "gpsHeading": 23, 
    "gpsLatitude": 48.367755041775865, 
    "gpsLongitude": 10.915827848610844, 
    "outsideTemperature": 21.0, 
    "speed": 7.788812500000001, 
    "yawRate": -0.0023373942680785806
}