{
    "gpsHeading": 110, 
    "gpsLatitude": 48.3704373346109, 
    "gpsLongitude": 10.876472298633256, 
    "outsideTemperature": 21.5, 
    "speed": 13.748875, 
    "yawRate": -0.0030285663461087067
}