{
    "gpsHeading": 0, 
    "gpsLatitude": 48.37197507856738, 
    "gpsLongitude": 10.89707258588549, 
    "outsideTemperature": 22.0, 
    "speed": 4.455500000000001, 
    "yawRate": 0.007049774324277299
}