{
    "gpsHeading": 155, 
    "gpsLatitude": 48.36315564004664, 
    "gpsLongitude": 10.89548228739609, 
    "outsideTemperature": 23.5, 
    "speed": 12.460437500000001, 
    "yawRate": -0.0065442575352345
}