{
    "gpsHeading": 62, 
    "gpsLatitude": 48.36588503917751, 
    "gpsLongitude": 10.882091526521775, 
    "outsideTemperature": 24.0, 
    "speed": 9.002437500000001, 
    "yawRate": 0.016438958141345848
}