{
    "gpsHeading": 149, 
    "gpsLatitude": 48.36942203467931, 
    "gpsLongitude": 10.878508430552515, 
    "outsideTemperature": 21.0, 
    "speed": 11.861937500000002, 
    "yawRate": -0.008439087027291077
}