{
    "gpsHeading": 118, 
    "gpsLatitude": 48.36578370196815, 
    "gpsLongitude": 10.903937867499986, 
    "outsideTemperature": 27.5, 
    "speed": 7.198625000000001, 
    "yawRate": 0.3268317026580457
}