{
    "gpsHeading": 21, 
    "gpsLatitude": 48.37545700496531, 
    "gpsLongitude": 10.912962578829495, 
    "outsideTemperature": 22.0, 
    "speed": 11.9949375, 
    "yawRate": -0.0056611132479727575
}