{
    "gpsHeading": 74, 
    "gpsLatitude": 48.36967005519427, 
    "gpsLongitude": 10.892169843080374, 
    "outsideTemperature": 28.0, 
    "speed": 2.2360625, 
    "yawRate": -0.0009923641896583298
}