{
    "gpsHeading": 121, 
    "gpsLatitude": 48.3585600939929, 
    "gpsLongitude": 10.908304503778053, 
    "outsideTemperature": 24.5, 
    "speed": 11.571, 
    "yawRate": -0.012190281045835484
}