{
    "gpsHeading": 286, 
    "gpsLatitude": 48.37054118639123, 
    "gpsLongitude": 10.902498946181932, 
    "outsideTemperature": 22.0, 
    "speed": 11.762187500000001, 
    "yawRate": 0.009685151949796036
}