{
    "gpsHeading": 95, 
    "gpsLatitude": 48.359767339507194, 
    "gpsLongitude": 10.898244795044493, 
    "outsideTemperature": 26.5, 
    "speed": 10.507000000000001, 
    "yawRate": 0.10323433796572916
}