{
    "gpsHeading": 54, 
    "gpsLatitude": 48.367456226927665, 
    "gpsLongitude": 10.906797856682338, 
    "outsideTemperature": 23.5, 
    "speed": 4.2144375, 
    "yawRate": 0.005930938448597523
}