{
    "gpsHeading": 119, 
    "gpsLatitude": 48.377116202698794, 
    "gpsLongitude": 10.900909569701916, 
    "outsideTemperature": 22.5, 
    "speed": 9.700687499999999, 
    "yawRate": -0.017829023817643647
}