{
    "gpsHeading": 274, 
    "gpsLatitude": 48.368921718878795, 
    "gpsLongitude": 10.905661773526006, 
    "outsideTemperature": 22.5, 
    "speed": 4.4970625, 
    "yawRate": -0.027579383189693316
}