{
    "gpsHeading": 163, 
    "gpsLatitude": 48.36516671007542, 
    "gpsLongitude": 10.893535087469518, 
    "outsideTemperature": 28.0, 
    "speed": 2.7265, 
    "yawRate": 0.03303268211616475
}