{
    "gpsHeading": 170, 
    "gpsLatitude": 48.37161147160765, 
    "gpsLongitude": 10.901052900246182, 
    "outsideTemperature": 21.0, 
    "speed": 9.9666875, 
    "yawRate": -0.08258073906663183
}