{
    "gpsHeading": 289, 
    "gpsLatitude": 48.380283137175404, 
    "gpsLongitude": 10.877618188616301, 
    "outsideTemperature": 22.5, 
    "speed": 11.8120625, 
    "yawRate": 0.007561840948296726
}