{
    "gpsHeading": 129, 
    "gpsLatitude": 48.37113730734504, 
    "gpsLongitude": 10.887553174630602, 
    "outsideTemperature": 22.0, 
    "speed": 7.930125, 
    "yawRate": -0.006080606959110866
}