{
    "gpsHeading": 242, 
    "gpsLatitude": 48.37068619331616, 
    "gpsLongitude": 10.901014259672563, 
    "outsideTemperature": 26.5, 
    "speed": 7.381500000000001, 
    "yawRate": 0.04597061664375051
}