{
    "gpsHeading": 205, 
    "gpsLatitude": 48.355162573359934, 
    "gpsLongitude": 10.908685628915428, 
    "outsideTemperature": 24.0, 
    "speed": 6.234375, 
    "yawRate": -0.19740037831495064
}