{
    "gpsHeading": 32, 
    "gpsLatitude": 48.3565217827788, 
    "gpsLongitude": 10.910875904034077, 
    "outsideTemperature": 22.0, 
    "speed": 11.421375000000001, 
    "yawRate": 0.16167080065632883
}