{
    "gpsHeading": 253, 
    "gpsLatitude": 48.37037924802188, 
    "gpsLongitude": 10.909071783194673, 
    "outsideTemperature": 22.0, 
    "speed": 6.6084375, 
    "yawRate": -0.011782397849734172
}