{
    "gpsHeading": 137, 
    "gpsLatitude": 48.367744229120774, 
    "gpsLongitude": 10.905729834579791, 
    "outsideTemperature": 23.5, 
    "speed": 3.2917500000000004, 
    "yawRate": -0.0022678183082848026
}