{
    "gpsHeading": 65, 
    "gpsLatitude": 48.36788177615187, 
    "gpsLongitude": 10.909046218390001, 
    "outsideTemperature": 24.0, 
    "speed": 11.8120625, 
    "yawRate": -0.10025795870606409
}