{
    "gpsHeading": 349, 
    "gpsLatitude": 48.36017897477211, 
    "gpsLongitude": 10.897741461758844, 
    "outsideTemperature": 31.0, 
    "speed": 7.439687500000001, 
    "yawRate": -0.023521663728777866
}