{
    "gpsHeading": 210, 
    "gpsLatitude": 48.35916895543953, 
    "gpsLongitude": 10.905481478788719, 
    "outsideTemperature": 24.5, 
    "speed": 8.1046875, 
    "yawRate": -0.03245216969998881
}