{
    "gpsHeading": 243, 
    "gpsLatitude": 48.37198480157505, 
    "gpsLongitude": 10.897112902839746, 
    "outsideTemperature": 22.0, 
    "speed": 4.522, 
    "yawRate": -0.02052642785723236
}