{
    "gpsHeading": 164, 
    "gpsLatitude": 48.36463202847189, 
    "gpsLongitude": 10.899590928694405, 
    "outsideTemperature": 23.5, 
    "speed": 3.09225, 
    "yawRate": 0.006847065255923113
}