{
    "gpsHeading": 327, 
    "gpsLatitude": 48.359982000047495, 
    "gpsLongitude": 10.896963453506132, 
    "outsideTemperature": 24.0, 
    "speed": 10.9808125, 
    "yawRate": -0.01561584879681111
}