{
    "gpsHeading": 288, 
    "gpsLatitude": 48.37084394073392, 
    "gpsLongitude": 10.899253137996462, 
    "outsideTemperature": 24.0, 
    "speed": 8.029875, 
    "yawRate": 0.05015940684853699
}