{
    "gpsHeading": 193, 
    "gpsLatitude": 48.37484537749064, 
    "gpsLongitude": 10.91240208096418, 
    "outsideTemperature": 22.0, 
    "speed": 12.73475, 
    "yawRate": 0.01998259453656197
}