{
    "gpsHeading": 158, 
    "gpsLatitude": 48.369823108746246, 
    "gpsLongitude": 10.89803759439803, 
    "outsideTemperature": 25.0, 
    "speed": 6.0930625, 
    "yawRate": -0.01748113423816901
}