{
    "gpsHeading": 74, 
    "gpsLatitude": 48.36578789291973, 
    "gpsLongitude": 10.903949518345394, 
    "outsideTemperature": 30.5, 
    "speed": 5.1953125, 
    "yawRate": 0.15595637548669927
}