{
    "gpsHeading": 332, 
    "gpsLatitude": 48.36037066889772, 
    "gpsLongitude": 10.897633167569834, 
    "outsideTemperature": 30.5, 
    "speed": 8.47875, 
    "yawRate": 0.0042290713779310676
}