{
    "gpsHeading": 342, 
    "gpsLatitude": 48.36026840967899, 
    "gpsLongitude": 10.905690104358726, 
    "outsideTemperature": 26.5, 
    "speed": 8.570187500000001, 
    "yawRate": 0.0019209718965016763
}