{
    "gpsHeading": 121, 
    "gpsLatitude": 48.36769645227266, 
    "gpsLongitude": 10.90323563165201, 
    "outsideTemperature": 22.5, 
    "speed": 2.0615, 
    "yawRate": 0.00244457067209949
}