{
    "gpsHeading": 135, 
    "gpsLatitude": 48.36959755173179, 
    "gpsLongitude": 10.878365938198533, 
    "outsideTemperature": 21.0, 
    "speed": 11.088875, 
    "yawRate": -0.04980339029955607
}