{
    "gpsHeading": 12, 
    "gpsLatitude": 48.36962144015583, 
    "gpsLongitude": 10.892631183031103, 
    "outsideTemperature": 30.0, 
    "speed": 3.09225, 
    "yawRate": 0.000303319751699227
}