{
    "gpsHeading": 107, 
    "gpsLatitude": 48.37129396511538, 
    "gpsLongitude": 10.872404561022421, 
    "outsideTemperature": 22.0, 
    "speed": 13.856937499999999, 
    "yawRate": -0.0005851053933159324
}