{
    "gpsHeading": 154, 
    "gpsLatitude": 48.36139979896954, 
    "gpsLongitude": 10.89645374997407, 
    "outsideTemperature": 23.0, 
    "speed": 11.861937500000002, 
    "yawRate": -0.007765988011630391
}