{
    "gpsHeading": 181, 
    "gpsLatitude": 48.37839670604684, 
    "gpsLongitude": 10.87016399448471, 
    "outsideTemperature": 22.5, 
    "speed": 10.689875, 
    "yawRate": 0.004650882362666173
}