{
    "gpsHeading": 259, 
    "gpsLatitude": 48.36791287301265, 
    "gpsLongitude": 10.89285095653236, 
    "outsideTemperature": 25.0, 
    "speed": 7.597625, 
    "yawRate": -0.0023146741262918265
}