{
    "gpsHeading": 55, 
    "gpsLatitude": 48.36609173690981, 
    "gpsLongitude": 10.882640960274902, 
    "outsideTemperature": 23.5, 
    "speed": 10.748062500000001, 
    "yawRate": -0.003632328256588206
}