{
    "gpsHeading": 0, 
    "gpsLatitude": 48.36809367066413, 
    "gpsLongitude": 10.910298139448232, 
    "outsideTemperature": 21.5, 
    "speed": 10.590125, 
    "yawRate": 0.1536950408602118
}