{
    "gpsHeading": 179, 
    "gpsLatitude": 48.37527754841834, 
    "gpsLongitude": 10.870031225138437, 
    "outsideTemperature": 22.0, 
    "speed": 13.757187500000002, 
    "yawRate": -0.0011087041689147384
}