{
    "gpsHeading": 164, 
    "gpsLatitude": 48.36688952645401, 
    "gpsLongitude": 10.89255985303508, 
    "outsideTemperature": 23.5, 
    "speed": 9.609250000000001, 
    "yawRate": -0.0004105368333085519
}