{
    "gpsHeading": 336, 
    "gpsLatitude": 48.363427884261775, 
    "gpsLongitude": 10.89586785494215, 
    "outsideTemperature": 24.0, 
    "speed": 10.889375000000001, 
    "yawRate": 0.005450801854327951
}