{
    "gpsHeading": 72, 
    "gpsLatitude": 48.365842878204546, 
    "gpsLongitude": 10.90412176645567, 
    "outsideTemperature": 27.0, 
    "speed": 8.94425, 
    "yawRate": 0.004818455665097494
}