{
    "gpsHeading": 163, 
    "gpsLatitude": 48.368345882130676, 
    "gpsLongitude": 10.891992314371103, 
    "outsideTemperature": 26.0, 
    "speed": 8.545250000000001, 
    "yawRate": -0.003028530711299605
}