{
    "gpsHeading": 201, 
    "gpsLatitude": 48.356127330415376, 
    "gpsLongitude": 10.909406724045574, 
    "outsideTemperature": 24.0, 
    "speed": 11.1969375, 
    "yawRate": 0.018147784306345817
}