{
    "gpsHeading": 10, 
    "gpsLatitude": 48.37531954175325, 
    "gpsLongitude": 10.898723736991915, 
    "outsideTemperature": 21.5, 
    "speed": 5.103875, 
    "yawRate": -0.03832878622757391
}