{
    "gpsHeading": 70, 
    "gpsLatitude": 48.3746462234712, 
    "gpsLongitude": 10.897370394905275, 
    "outsideTemperature": 21.5, 
    "speed": 7.9550625, 
    "yawRate": 0.03200798262779591
}