{
    "gpsHeading": 151, 
    "gpsLatitude": 48.36730677759407, 
    "gpsLongitude": 10.906356214204033, 
    "outsideTemperature": 23.5, 
    "speed": 1.7955, 
    "yawRate": 0.3111890246223997
}