{
    "gpsHeading": 164, 
    "gpsLatitude": 48.36701676374422, 
    "gpsLongitude": 10.892509561616048, 
    "outsideTemperature": 28.0, 
    "speed": 6.101375000000001, 
    "yawRate": -0.018063430598396327
}