{
    "gpsHeading": 158, 
    "gpsLatitude": 48.38096282570387, 
    "gpsLongitude": 10.870212609523136, 
    "outsideTemperature": 24.5, 
    "speed": 7.9051875, 
    "yawRate": -0.11472963847374351
}