{
    "gpsHeading": 270, 
    "gpsLatitude": 48.36879003917992, 
    "gpsLongitude": 10.906126466238035, 
    "outsideTemperature": 23.0, 
    "speed": 4.7464375, 
    "yawRate": 0.017101045661360805
}