{
    "gpsHeading": 260, 
    "gpsLatitude": 48.37002368768922, 
    "gpsLongitude": 10.895102335725163, 
    "outsideTemperature": 27.5, 
    "speed": 8.744750000000002, 
    "yawRate": -0.03481801437194737
}