{
    "gpsHeading": 347, 
    "gpsLatitude": 48.37339899627876, 
    "gpsLongitude": 10.896596745242242, 
    "outsideTemperature": 22.0, 
    "speed": 5.4280625, 
    "yawRate": -0.014766841325651451
}