{
    "gpsHeading": 191, 
    "gpsLatitude": 48.37439392818562, 
    "gpsLongitude": 10.912252044897345, 
    "outsideTemperature": 21.5, 
    "speed": 12.784625, 
    "yawRate": 0.017539133583770187
}