{
    "gpsHeading": 142, 
    "gpsLatitude": 48.36900754956731, 
    "gpsLongitude": 10.91183680541406, 
    "outsideTemperature": 21.0, 
    "speed": 8.886062500000001, 
    "yawRate": -0.014380166106839211
}