{
    "gpsHeading": 57, 
    "gpsLatitude": 48.36750400377578, 
    "gpsLongitude": 10.88541595695903, 
    "outsideTemperature": 21.5, 
    "speed": 10.6981875, 
    "yawRate": 0.03267052018489296
}