{
    "gpsHeading": 126, 
    "gpsLatitude": 48.36993031328784, 
    "gpsLongitude": 10.878026471119952, 
    "outsideTemperature": 21.0, 
    "speed": 8.403937500000001, 
    "yawRate": -0.02606691247243335
}