{
    "gpsHeading": 115, 
    "gpsLatitude": 48.35639010307992, 
    "gpsLongitude": 10.90659979231033, 
    "outsideTemperature": 24.5, 
    "speed": 3.4247500000000004, 
    "yawRate": -0.0783689233289385
}