{
    "gpsHeading": 0, 
    "gpsLatitude": 48.36868199644799, 
    "gpsLongitude": 10.902129807166125, 
    "outsideTemperature": 31.5, 
    "speed": 9.5178125, 
    "yawRate": 0.0011858172698463367
}