{
    "gpsHeading": 161, 
    "gpsLatitude": 48.36352595252892, 
    "gpsLongitude": 10.895275924939911, 
    "outsideTemperature": 23.5, 
    "speed": 10.407250000000001, 
    "yawRate": 0.009994335989840113
}