{
    "gpsHeading": 283, 
    "gpsLatitude": 48.37813150263039, 
    "gpsLongitude": 10.885649225324391, 
    "outsideTemperature": 23.5, 
    "speed": 10.141250000000001, 
    "yawRate": -0.0018805425642672425
}