{
    "gpsHeading": 160, 
    "gpsLatitude": 48.35987370585847, 
    "gpsLongitude": 10.897509283040892, 
    "outsideTemperature": 28.0, 
    "speed": 5.1537500000000005, 
    "yawRate": 0.3674963034143524
}