{
    "gpsHeading": 5, 
    "gpsLatitude": 48.38199899657436, 
    "gpsLongitude": 10.874662561918727, 
    "outsideTemperature": 23.0, 
    "speed": 2.9841875, 
    "yawRate": 0.8150674366254453
}