{
    "gpsHeading": 192, 
    "gpsLatitude": 48.35672060152211, 
    "gpsLongitude": 10.909713669339814, 
    "outsideTemperature": 24.5, 
    "speed": 11.620875000000002, 
    "yawRate": -0.027928907946303465
}