{
    "gpsHeading": 157, 
    "gpsLatitude": 48.36899229450353, 
    "gpsLongitude": 10.891723674374354, 
    "outsideTemperature": 28.0, 
    "speed": 7.3648750000000005, 
    "yawRate": -0.02763767316441967
}