{
    "gpsHeading": 118, 
    "gpsLatitude": 48.371408713369846, 
    "gpsLongitude": 10.892205382349822, 
    "outsideTemperature": 24.0, 
    "speed": 5.5278125000000005, 
    "yawRate": 0.0020383130852945222
}