{
    "gpsHeading": 324, 
    "gpsLatitude": 48.37092172479539, 
    "gpsLongitude": 10.898617035364508, 
    "outsideTemperature": 24.0, 
    "speed": 7.539437500000001, 
    "yawRate": -0.0039457999632867115
}