{
    "gpsHeading": 118, 
    "gpsLatitude": 48.35568199989969, 
    "gpsLongitude": 10.907421470278567, 
    "outsideTemperature": 22.5, 
    "speed": 5.910187500000001, 
    "yawRate": 0.002090755187997978
}