{
    "gpsHeading": 328, 
    "gpsLatitude": 48.359188149997784, 
    "gpsLongitude": 10.902321501291725, 
    "outsideTemperature": 23.5, 
    "speed": 9.459624999999999, 
    "yawRate": -0.04170241473555812
}