{
    "gpsHeading": 331, 
    "gpsLatitude": 48.37803091979228, 
    "gpsLongitude": 10.914384820160237, 
    "outsideTemperature": 23.5, 
    "speed": 8.512, 
    "yawRate": 0.02104416989534217
}