{
    "gpsHeading": 339, 
    "gpsLatitude": 48.36312538137618, 
    "gpsLongitude": 10.895500392306944, 
    "outsideTemperature": 22.0, 
    "speed": 11.87025, 
    "yawRate": -0.0016532147808565106
}