{
    "gpsHeading": 157, 
    "gpsLatitude": 48.36421092165639, 
    "gpsLongitude": 10.894935116756821, 
    "outsideTemperature": 24.0, 
    "speed": 9.07725, 
    "yawRate": -0.019327195443664246
}