{
    "gpsHeading": 352, 
    "gpsLatitude": 48.363587056603066, 
    "gpsLongitude": 10.904358471401332, 
    "outsideTemperature": 22.5, 
    "speed": 10.93925, 
    "yawRate": -0.025480697359808714
}