{
    "gpsHeading": 117, 
    "gpsLatitude": 48.37674421383589, 
    "gpsLongitude": 10.915157044899727, 
    "outsideTemperature": 22.5, 
    "speed": 10.024875000000002, 
    "yawRate": -0.05801506909974972
}