{
    "gpsHeading": 346, 
    "gpsLatitude": 48.36995755447316, 
    "gpsLongitude": 10.909478724593816, 
    "outsideTemperature": 22.5, 
    "speed": 9.2850625, 
    "yawRate": -0.02800132767350031
}