{
    "gpsHeading": 194, 
    "gpsLatitude": 48.36269337808655, 
    "gpsLongitude": 10.899975071316923, 
    "outsideTemperature": 24.5, 
    "speed": 3.6242500000000004, 
    "yawRate": 0.002832807976335906
}