{
    "gpsHeading": 126, 
    "gpsLatitude": 48.35775450927875, 
    "gpsLongitude": 10.910010137255124, 
    "outsideTemperature": 26.5, 
    "speed": 5.5943125, 
    "yawRate": -0.31503556989936565
}