{
    "gpsHeading": 128, 
    "gpsLatitude": 48.35908538786487, 
    "gpsLongitude": 10.90706121608009, 
    "outsideTemperature": 26.0, 
    "speed": 11.8453125, 
    "yawRate": -0.005732562813456495
}