{
    "gpsHeading": 106, 
    "gpsLatitude": 48.3651539695826, 
    "gpsLongitude": 10.896075642321836, 
    "outsideTemperature": 22.5, 
    "speed": 3.2003125000000003, 
    "yawRate": 0.0051017360039284166
}