{
    "gpsHeading": 0, 
    "gpsLatitude": 48.37639091661706, 
    "gpsLongitude": 10.895080961872075, 
    "outsideTemperature": 22.0, 
    "speed": 6.234375, 
    "yawRate": 0.19035933937547986
}