{
    "gpsHeading": 279, 
    "gpsLatitude": 48.37825144766483, 
    "gpsLongitude": 10.8845903394963, 
    "outsideTemperature": 23.0, 
    "speed": 10.6150625, 
    "yawRate": 0.002482780565718507
}