{
    "gpsHeading": 152, 
    "gpsLatitude": 48.37163284546075, 
    "gpsLongitude": 10.89496956637889, 
    "outsideTemperature": 23.0, 
    "speed": 2.7015625, 
    "yawRate": -0.01249791329805894
}