{
    "gpsHeading": 91, 
    "gpsLatitude": 48.37171205444576, 
    "gpsLongitude": 10.895779844958813, 
    "outsideTemperature": 22.5, 
    "speed": 5.5278125000000005, 
    "yawRate": -0.004643931664083797
}