{
    "gpsHeading": 343, 
    "gpsLatitude": 48.36877755014417, 
    "gpsLongitude": 10.893264016720819, 
    "outsideTemperature": 21.5, 
    "speed": 7.248500000000001, 
    "yawRate": 0.02120944879813367
}