{
    "gpsHeading": 148, 
    "gpsLatitude": 48.36668341545494, 
    "gpsLongitude": 10.903282905585897, 
    "outsideTemperature": 25.5, 
    "speed": 8.8694375, 
    "yawRate": -0.018885469128087716
}