{
    "gpsHeading": 43, 
    "gpsLatitude": 48.372321167349476, 
    "gpsLongitude": 10.89000479749027, 
    "outsideTemperature": 22.5, 
    "speed": 4.522, 
    "yawRate": -0.01349511725745451
}