{
    "gpsHeading": 23, 
    "gpsLatitude": 48.37593477344628, 
    "gpsLongitude": 10.913302632641296, 
    "outsideTemperature": 22.0, 
    "speed": 8.47875, 
    "yawRate": 0.004461796413593905
}