{
    "gpsHeading": 36, 
    "gpsLatitude": 48.369591768218605, 
    "gpsLongitude": 10.889021767885882, 
    "outsideTemperature": 21.0, 
    "speed": 10.4654375, 
    "yawRate": 0.00038192902299800935
}