{
    "gpsHeading": 343, 
    "gpsLatitude": 48.3685914718937, 
    "gpsLongitude": 10.893347081381279, 
    "outsideTemperature": 24.0, 
    "speed": 9.2518125, 
    "yawRate": 0.011399473499500844
}