{
    "gpsHeading": 54, 
    "gpsLatitude": 48.36616340218196, 
    "gpsLongitude": 10.904792067252563, 
    "outsideTemperature": 26.0, 
    "speed": 12.485375000000001, 
    "yawRate": 0.016686694578658855
}