{
    "gpsHeading": 350, 
    "gpsLatitude": 48.3713856631361, 
    "gpsLongitude": 10.897709275250666, 
    "outsideTemperature": 24.0, 
    "speed": 6.8245625, 
    "yawRate": 0.005179905738884381
}