{
    "gpsHeading": 86, 
    "gpsLatitude": 48.370064759014774, 
    "gpsLongitude": 10.895457057867546, 
    "outsideTemperature": 22.5, 
    "speed": 3.0174375, 
    "yawRate": 0.015651881250849587
}