{
    "gpsHeading": 183, 
    "gpsLatitude": 48.3593006351384, 
    "gpsLongitude": 10.90677874594311, 
    "outsideTemperature": 24.5, 
    "speed": 0.0, 
    "yawRate": 0.00034619016853066394
}