{
    "gpsHeading": 296, 
    "gpsLatitude": 48.358995952958, 
    "gpsLongitude": 10.90770067147331, 
    "outsideTemperature": 22.5, 
    "speed": 6.8910625, 
    "yawRate": 0.009528414444499837
}