{
    "gpsHeading": 62, 
    "gpsLatitude": 48.36731733879206, 
    "gpsLongitude": 10.90647900908556, 
    "outsideTemperature": 24.0, 
    "speed": 3.8154375000000003, 
    "yawRate": 0.006803603074593879
}