{
    "gpsHeading": 338, 
    "gpsLatitude": 48.368678392229626, 
    "gpsLongitude": 10.892406464207005, 
    "outsideTemperature": 21.5, 
    "speed": 6.899375000000001, 
    "yawRate": -0.0028760948793875923
}