{
    "gpsHeading": 47, 
    "gpsLatitude": 48.36623565418733, 
    "gpsLongitude": 10.904920394190183, 
    "outsideTemperature": 25.5, 
    "speed": 12.942562500000001, 
    "yawRate": -0.07075430094625543
}