{
    "gpsHeading": 277, 
    "gpsLatitude": 48.35904289161578, 
    "gpsLongitude": 10.902411187655693, 
    "outsideTemperature": 23.5, 
    "speed": 8.728125, 
    "yawRate": -0.18377221584789394
}