{
    "gpsHeading": 328, 
    "gpsLatitude": 48.36963761722897, 
    "gpsLongitude": 10.90955592192206, 
    "outsideTemperature": 22.5, 
    "speed": 8.47875, 
    "yawRate": -0.056450194481007326
}