{
    "gpsHeading": 340, 
    "gpsLatitude": 48.36934039494238, 
    "gpsLongitude": 10.892977607089346, 
    "outsideTemperature": 23.5, 
    "speed": 6.309187500000001, 
    "yawRate": 0.07004253636650958
}