{
    "gpsHeading": 195, 
    "gpsLatitude": 48.374620071933286, 
    "gpsLongitude": 10.912321447055636, 
    "outsideTemperature": 22.0, 
    "speed": 12.7430625, 
    "yawRate": 0.013873942154582514
}