{
    "gpsHeading": 266, 
    "gpsLatitude": 48.370683427288114, 
    "gpsLongitude": 10.900816782033742, 
    "outsideTemperature": 26.5, 
    "speed": 11.820375000000002, 
    "yawRate": -0.06258886283029542
}