{
    "gpsHeading": 154, 
    "gpsLatitude": 48.3664895420345, 
    "gpsLongitude": 10.903349541716144, 
    "outsideTemperature": 22.5, 
    "speed": 8.661624999999999, 
    "yawRate": -0.013138942930603798
}