{
    "gpsHeading": 342, 
    "gpsLatitude": 48.3679695346781, 
    "gpsLongitude": 10.902696507639785, 
    "outsideTemperature": 21.5, 
    "speed": 2.6184375, 
    "yawRate": -0.3584895186403219
}