{
    "gpsHeading": 32, 
    "gpsLatitude": 48.37323336987202, 
    "gpsLongitude": 10.911770672198003, 
    "outsideTemperature": 22.0, 
    "speed": 13.5410625, 
    "yawRate": -0.0002505925667903874
}