{
    "gpsHeading": 302, 
    "gpsLatitude": 48.38038170835675, 
    "gpsLongitude": 10.87733228189902, 
    "outsideTemperature": 22.5, 
    "speed": 11.438, 
    "yawRate": -0.0008157394612762316
}