{
    "gpsHeading": 131, 
    "gpsLatitude": 48.36872650435385, 
    "gpsLongitude": 10.912257074039246, 
    "outsideTemperature": 21.0, 
    "speed": 7.7223125, 
    "yawRate": 0.010228976346279863
}