{
    "gpsHeading": 177, 
    "gpsLatitude": 48.38012170172025, 
    "gpsLongitude": 10.870212609523136, 
    "outsideTemperature": 23.5, 
    "speed": 11.379812500000002, 
    "yawRate": 0.0016838226342765785
}