{
    "gpsHeading": 27, 
    "gpsLatitude": 48.35623956409889, 
    "gpsLongitude": 10.909846773962245, 
    "outsideTemperature": 23.0, 
    "speed": 6.4754375, 
    "yawRate": -0.3526777299063919
}