{
    "gpsHeading": 339, 
    "gpsLatitude": 48.36630011102275, 
    "gpsLongitude": 10.903569566674497, 
    "outsideTemperature": 22.0, 
    "speed": 10.6981875, 
    "yawRate": 0.00977495353047583
}