{
    "gpsHeading": 355, 
    "gpsLatitude": 48.37216509631236, 
    "gpsLongitude": 10.89736234827823, 
    "outsideTemperature": 22.5, 
    "speed": 6.799625000000001, 
    "yawRate": -0.05944727017670558
}