{
    "gpsHeading": 146, 
    "gpsLatitude": 48.37032342454675, 
    "gpsLongitude": 10.891117578955756, 
    "outsideTemperature": 25.5, 
    "speed": 7.248500000000001, 
    "yawRate": 0.0037498125392351578
}