{
    "gpsHeading": 133, 
    "gpsLatitude": 48.36993618062006, 
    "gpsLongitude": 10.891745132046474, 
    "outsideTemperature": 24.5, 
    "speed": 7.838687500000001, 
    "yawRate": 0.015967117303195062
}