{
    "gpsHeading": 76, 
    "gpsLatitude": 48.36757868653307, 
    "gpsLongitude": 10.904976804398528, 
    "outsideTemperature": 22.5, 
    "speed": 2.9343125, 
    "yawRate": 0.048695795849949035
}