{
    "gpsHeading": 309, 
    "gpsLatitude": 48.3649792069014, 
    "gpsLongitude": 10.89306511415849, 
    "outsideTemperature": 21.5, 
    "speed": 7.9550625, 
    "yawRate": -0.11230708935729569
}