{
    "gpsHeading": 348, 
    "gpsLatitude": 48.37103756269726, 
    "gpsLongitude": 10.897784796198275, 
    "outsideTemperature": 24.5, 
    "speed": 5.9517500000000005, 
    "yawRate": 0.051954729692331746
}