{
    "gpsHeading": 100, 
    "gpsLatitude": 48.37024731686592, 
    "gpsLongitude": 10.877342843097017, 
    "outsideTemperature": 21.5, 
    "speed": 7.7555625, 
    "yawRate": -0.059577234110723194
}