{
    "gpsHeading": 30, 
    "gpsLatitude": 48.37292005433134, 
    "gpsLongitude": 10.911458446304733, 
    "outsideTemperature": 22.0, 
    "speed": 13.9733125, 
    "yawRate": 0.0039381976379950995
}