{
    "gpsHeading": 85, 
    "gpsLatitude": 48.37023256471634, 
    "gpsLongitude": 10.8966214718566, 
    "outsideTemperature": 27.0, 
    "speed": 8.0880625, 
    "yawRate": 0.07694117829472207
}