{
    "gpsHeading": 280, 
    "gpsLatitude": 48.37004732465616, 
    "gpsLongitude": 10.895330658767653, 
    "outsideTemperature": 28.0, 
    "speed": 8.462125, 
    "yawRate": -0.07234259328982441
}