{
    "gpsHeading": 71, 
    "gpsLatitude": 48.3619828441544, 
    "gpsLongitude": 10.901769301510551, 
    "outsideTemperature": 24.5, 
    "speed": 6.3258125000000005, 
    "yawRate": -0.0034503773308438125
}