{
    "gpsHeading": 159, 
    "gpsLatitude": 48.35882060354357, 
    "gpsLongitude": 10.902492073021333, 
    "outsideTemperature": 29.0, 
    "speed": 6.0431875, 
    "yawRate": 0.1773827644800464
}