{
    "gpsHeading": 161, 
    "gpsLatitude": 48.36404982147736, 
    "gpsLongitude": 10.895017007950841, 
    "outsideTemperature": 24.0, 
    "speed": 12.942562500000001, 
    "yawRate": 0.0068947777051212925
}