{
    "gpsHeading": 97, 
    "gpsLatitude": 48.359525940695754, 
    "gpsLongitude": 10.900367847299707, 
    "outsideTemperature": 24.0, 
    "speed": 10.87275, 
    "yawRate": 0.03691182638994556
}