{
    "gpsHeading": 151, 
    "gpsLatitude": 48.36786870038293, 
    "gpsLongitude": 10.902738165698548, 
    "outsideTemperature": 23.0, 
    "speed": 9.027375000000001, 
    "yawRate": 0.006234211766533172
}