{
    "gpsHeading": 293, 
    "gpsLatitude": 48.38013536422244, 
    "gpsLongitude": 10.878052622657881, 
    "outsideTemperature": 23.0, 
    "speed": 11.8951875, 
    "yawRate": 0.0030239848931117043
}