{
    "gpsHeading": 0, 
    "gpsLatitude": 48.36511340117123, 
    "gpsLongitude": 10.896934787397285, 
    "outsideTemperature": 23.0, 
    "speed": 2.9675625, 
    "yawRate": -0.0027522456300457356
}