{
    "gpsHeading": 0, 
    "gpsLatitude": 48.372736490651796, 
    "gpsLongitude": 10.897363437925643, 
    "outsideTemperature": 22.0, 
    "speed": 6.81625, 
    "yawRate": 0.04405075446655654
}