{
    "gpsHeading": 168, 
    "gpsLatitude": 48.36630840910689, 
    "gpsLongitude": 10.903427577234705, 
    "outsideTemperature": 25.0, 
    "speed": 7.664125, 
    "yawRate": -0.0007340449073476314
}