{
    "gpsHeading": 161, 
    "gpsLatitude": 48.36006900420245, 
    "gpsLongitude": 10.905593461015123, 
    "outsideTemperature": 23.0, 
    "speed": 8.162875000000001, 
    "yawRate": -0.012598079860193389
}