{
    "gpsHeading": 164, 
    "gpsLatitude": 48.36022121956411, 
    "gpsLongitude": 10.905558173202772, 
    "outsideTemperature": 23.5, 
    "speed": 8.545250000000001, 
    "yawRate": 0.03347861239245589
}