{
    "gpsHeading": 34, 
    "gpsLatitude": 48.36971590420463, 
    "gpsLongitude": 10.8892348358646, 
    "outsideTemperature": 21.0, 
    "speed": 9.891875, 
    "yawRate": 0.0047452521529837595
}