{
    "gpsHeading": 169, 
    "gpsLatitude": 48.36377397304387, 
    "gpsLongitude": 10.899922600603038, 
    "outsideTemperature": 23.0, 
    "speed": 3.95675, 
    "yawRate": 0.009290526208714896
}