{
    "gpsHeading": 342, 
    "gpsLatitude": 48.36102311624086, 
    "gpsLongitude": 10.89726428001109, 
    "outsideTemperature": 27.5, 
    "speed": 10.648312500000001, 
    "yawRate": -0.005719305358436323
}