{
    "gpsHeading": 197, 
    "gpsLatitude": 48.37495559951739, 
    "gpsLongitude": 10.912433680739138, 
    "outsideTemperature": 22.0, 
    "speed": 12.826187500000001, 
    "yawRate": 0.0198080616113627
}