{
    "gpsHeading": 0, 
    "gpsLatitude": 48.364465396236774, 
    "gpsLongitude": 10.89964624925537, 
    "outsideTemperature": 23.0, 
    "speed": 3.1504375000000002, 
    "yawRate": -0.004148509031640898
}