{
    "gpsHeading": 131, 
    "gpsLatitude": 48.37196342772197, 
    "gpsLongitude": 10.869925361701316, 
    "outsideTemperature": 21.5, 
    "speed": 7.9550625, 
    "yawRate": 0.25318576784665464
}