{
    "gpsHeading": 283, 
    "gpsLatitude": 48.37088953828719, 
    "gpsLongitude": 10.898933452209366, 
    "outsideTemperature": 24.0, 
    "speed": 7.7555625, 
    "yawRate": 0.001115654867497116
}