{
    "gpsHeading": 106, 
    "gpsLatitude": 48.371027001499264, 
    "gpsLongitude": 10.87361063307027, 
    "outsideTemperature": 21.5, 
    "speed": 13.3665, 
    "yawRate": 0.003778217736669818
}