{
    "gpsHeading": 275, 
    "gpsLatitude": 48.370665909110485, 
    "gpsLongitude": 10.901598729780945, 
    "outsideTemperature": 22.0, 
    "speed": 8.894375, 
    "yawRate": 0.04371907236368469
}