{
    "gpsHeading": 232, 
    "gpsLatitude": 48.35897281890522, 
    "gpsLongitude": 10.90514402336687, 
    "outsideTemperature": 24.0, 
    "speed": 9.567687500000002, 
    "yawRate": -0.049905462219931813
}