{
    "gpsHeading": 2, 
    "gpsLatitude": 48.37579177817811, 
    "gpsLongitude": 10.898943678131234, 
    "outsideTemperature": 22.0, 
    "speed": 5.2451875, 
    "yawRate": 0.040385563037368864
}