{
    "gpsHeading": 295, 
    "gpsLatitude": 48.37069004899163, 
    "gpsLongitude": 10.890923705535332, 
    "outsideTemperature": 25.0, 
    "speed": 8.029875, 
    "yawRate": 0.015302815400451045
}