{
    "gpsHeading": 116, 
    "gpsLatitude": 48.360965951661214, 
    "gpsLongitude": 10.905391457148589, 
    "outsideTemperature": 25.0, 
    "speed": 7.863625000000001, 
    "yawRate": -0.1674087845120879
}