{
    "gpsHeading": 327, 
    "gpsLatitude": 48.36353366387984, 
    "gpsLongitude": 10.895272320721547, 
    "outsideTemperature": 22.0, 
    "speed": 12.40225, 
    "yawRate": -0.013870519544816414
}