{
    "gpsHeading": 152, 
    "gpsLatitude": 48.37658453858041, 
    "gpsLongitude": 10.915639507246482, 
    "outsideTemperature": 22.0, 
    "speed": 9.684062500000001, 
    "yawRate": -0.05574614107215721
}