{
    "gpsHeading": 207, 
    "gpsLatitude": 48.371433439984216, 
    "gpsLongitude": 10.901032867497603, 
    "outsideTemperature": 21.0, 
    "speed": 8.827875, 
    "yawRate": 0.03575258421858224
}