{
    "gpsHeading": 57, 
    "gpsLatitude": 48.36748288137977, 
    "gpsLongitude": 10.907933688381577, 
    "outsideTemperature": 22.0, 
    "speed": 13.20025, 
    "yawRate": 0.005865653216294114
}