{
    "gpsHeading": 96, 
    "gpsLatitude": 48.36789367845437, 
    "gpsLongitude": 10.909535386259291, 
    "outsideTemperature": 24.0, 
    "speed": 12.0448125, 
    "yawRate": 0.11721006609242533
}