{
    "gpsHeading": 137, 
    "gpsLatitude": 48.36641175797303, 
    "gpsLongitude": 10.881288707835674, 
    "outsideTemperature": 21.0, 
    "speed": 8.844500000000002, 
    "yawRate": -0.0513741866263505
}