{
    "gpsHeading": 339, 
    "gpsLatitude": 48.36826868480243, 
    "gpsLongitude": 10.893497033629085, 
    "outsideTemperature": 24.5, 
    "speed": 9.102187500000001, 
    "yawRate": -0.004832088544046266
}