{
    "gpsHeading": 150, 
    "gpsLatitude": 48.368093419207035, 
    "gpsLongitude": 10.902621741063463, 
    "outsideTemperature": 29.0, 
    "speed": 11.155375, 
    "yawRate": -0.00492283511213411
}