{
    "gpsHeading": 315, 
    "gpsLatitude": 48.361595935503836, 
    "gpsLongitude": 10.896358447734979, 
    "outsideTemperature": 22.5, 
    "speed": 10.523625000000001, 
    "yawRate": -0.0009550830800594257
}