{
    "gpsHeading": 17, 
    "gpsLatitude": 48.371456490217945, 
    "gpsLongitude": 10.910074845547644, 
    "outsideTemperature": 22.5, 
    "speed": 12.651625000000001, 
    "yawRate": -0.04510555434304477
}