{
    "gpsHeading": 197, 
    "gpsLatitude": 48.37781173302427, 
    "gpsLongitude": 10.914113162678314, 
    "outsideTemperature": 25.0, 
    "speed": 6.8328750000000005, 
    "yawRate": 0.0046236971190122085
}