{
    "gpsHeading": 154, 
    "gpsLatitude": 48.36790365291917, 
    "gpsLongitude": 10.902724503196376, 
    "outsideTemperature": 28.5, 
    "speed": 11.2135625, 
    "yawRate": -0.0026539070845406076
}