{
    "gpsHeading": 134, 
    "gpsLatitude": 48.36980173489314, 
    "gpsLongitude": 10.891959289672606, 
    "outsideTemperature": 24.0, 
    "speed": 6.159562500000001, 
    "yawRate": -0.0006135105907505926
}