{
    "gpsHeading": 0, 
    "gpsLatitude": 48.363347837086444, 
    "gpsLongitude": 10.8953661980371, 
    "outsideTemperature": 23.5, 
    "speed": 9.9001875, 
    "yawRate": 0.005456479934655091
}