{
    "gpsHeading": 331, 
    "gpsLatitude": 48.36831788657406, 
    "gpsLongitude": 10.892626489165325, 
    "outsideTemperature": 22.0, 
    "speed": 5.411437500000001, 
    "yawRate": 0.056814165538816755
}