{
    "gpsHeading": 274, 
    "gpsLatitude": 48.3779792034497, 
    "gpsLongitude": 10.887247905716961, 
    "outsideTemperature": 24.5, 
    "speed": 11.662437500000001, 
    "yawRate": -0.03992872025774211
}