{
    "gpsHeading": 157, 
    "gpsLatitude": 48.36606147823936, 
    "gpsLongitude": 10.881486185474461, 
    "outsideTemperature": 21.0, 
    "speed": 6.259312500000001, 
    "yawRate": -0.010358949204484052
}