{
    "gpsHeading": 106, 
    "gpsLatitude": 48.37125364816111, 
    "gpsLongitude": 10.88702260015961, 
    "outsideTemperature": 21.5, 
    "speed": 8.645000000000001, 
    "yawRate": 0.015386942840419342
}