{
    "gpsHeading": 161, 
    "gpsLatitude": 48.371018954872206, 
    "gpsLongitude": 10.892770406442846, 
    "outsideTemperature": 24.0, 
    "speed": 5.336625, 
    "yawRate": 0.05701618452311458
}