{
    "gpsHeading": 283, 
    "gpsLatitude": 48.379760944607604, 
    "gpsLongitude": 10.879172612560126, 
    "outsideTemperature": 22.5, 
    "speed": 9.2518125, 
    "yawRate": 0.008783451685888524
}