{
    "gpsHeading": 0, 
    "gpsLatitude": 48.36614454289982, 
    "gpsLongitude": 10.882762078775762, 
    "outsideTemperature": 23.5, 
    "speed": 11.346562500000001, 
    "yawRate": 0.004221653377385946
}