{
    "gpsHeading": 159, 
    "gpsLatitude": 48.360823375488195, 
    "gpsLongitude": 10.89672926313142, 
    "outsideTemperature": 29.0, 
    "speed": 10.7148125, 
    "yawRate": -0.001117234606843837
}