{
    "gpsHeading": 346, 
    "gpsLatitude": 48.371270328148434, 
    "gpsLongitude": 10.897747915824288, 
    "outsideTemperature": 23.5, 
    "speed": 7.173687500000001, 
    "yawRate": 0.007747906025075376
}