{
    "gpsHeading": 74, 
    "gpsLatitude": 48.370403136445944, 
    "gpsLongitude": 10.897436192845205, 
    "outsideTemperature": 25.5, 
    "speed": 7.1570625, 
    "yawRate": -0.02132085859255695
}