{
    "gpsHeading": 83, 
    "gpsLatitude": 48.369330085201476, 
    "gpsLongitude": 10.898295924653874, 
    "outsideTemperature": 25.5, 
    "speed": 3.1836875, 
    "yawRate": 0.015156522774124478
}