{
    "gpsHeading": 128, 
    "gpsLatitude": 48.358374518656596, 
    "gpsLongitude": 10.90868235997316, 
    "outsideTemperature": 24.0, 
    "speed": 11.221875, 
    "yawRate": -0.0062561615890543085
}