{
    "gpsHeading": 352, 
    "gpsLatitude": 48.364945344012575, 
    "gpsLongitude": 10.904223438941175, 
    "outsideTemperature": 22.0, 
    "speed": 11.230187500000001, 
    "yawRate": 0.06475282496829587
}