{
    "gpsHeading": 286, 
    "gpsLatitude": 48.3798356273649, 
    "gpsLongitude": 10.878946804088587, 
    "outsideTemperature": 22.5, 
    "speed": 9.060625, 
    "yawRate": -0.003608386003270649
}