{
    "gpsHeading": 21, 
    "gpsLatitude": 48.37203785902217, 
    "gpsLongitude": 10.897334268902606, 
    "outsideTemperature": 22.5, 
    "speed": 4.372375000000001, 
    "yawRate": 0.43500450691328035
}