{
    "gpsHeading": 263, 
    "gpsLatitude": 48.3705859457542, 
    "gpsLongitude": 10.899373669764099, 
    "outsideTemperature": 24.5, 
    "speed": 12.186125, 
    "yawRate": -0.022934786991812846
}