{
    "gpsHeading": 181, 
    "gpsLatitude": 48.37878923057253, 
    "gpsLongitude": 10.870181512662338, 
    "outsideTemperature": 22.5, 
    "speed": 11.07225, 
    "yawRate": -0.000934171243715467
}