{
    "gpsHeading": 33, 
    "gpsLatitude": 48.369461429624224, 
    "gpsLongitude": 10.8887981387092, 
    "outsideTemperature": 21.0, 
    "speed": 10.9475625, 
    "yawRate": -0.015675100095348837
}