{
    "gpsHeading": 197, 
    "gpsLatitude": 48.3558422618884, 
    "gpsLongitude": 10.909303458998433, 
    "outsideTemperature": 24.0, 
    "speed": 11.00575, 
    "yawRate": -0.016933333658739454
}