{
    "gpsHeading": 0, 
    "gpsLatitude": 48.371835352241455, 
    "gpsLongitude": 10.8974934412439, 
    "outsideTemperature": 23.0, 
    "speed": 3.9983125, 
    "yawRate": -0.0034222011876879057
}