{
    "gpsHeading": 131, 
    "gpsLatitude": 48.37018755389629, 
    "gpsLongitude": 10.89134062139925, 
    "outsideTemperature": 25.0, 
    "speed": 7.788812500000001, 
    "yawRate": 0.012825524649606191
}