{
    "gpsHeading": 344, 
    "gpsLatitude": 48.37607785253347, 
    "gpsLongitude": 10.89526620193223, 
    "outsideTemperature": 22.0, 
    "speed": 7.838687500000001, 
    "yawRate": 0.01931707268003825
}