{
    "gpsHeading": 0, 
    "gpsLatitude": 48.36553509471998, 
    "gpsLongitude": 10.893293688658078, 
    "outsideTemperature": 22.5, 
    "speed": 8.9193125, 
    "yawRate": -0.001108668534106629
}