{
    "gpsHeading": 307, 
    "gpsLatitude": 48.35970254739564, 
    "gpsLongitude": 10.901708700350621, 
    "outsideTemperature": 23.0, 
    "speed": 8.129625, 
    "yawRate": 0.10734870338475545
}