{
    "gpsHeading": 310, 
    "gpsLatitude": 48.36996920531857, 
    "gpsLongitude": 10.892073115917707, 
    "outsideTemperature": 26.5, 
    "speed": 10.8810625, 
    "yawRate": -0.028085333670386035
}