{
    "gpsHeading": 59, 
    "gpsLatitude": 48.36674116676782, 
    "gpsLongitude": 10.906127052971256, 
    "outsideTemperature": 24.0, 
    "speed": 13.1919375, 
    "yawRate": 0.029427598118217563
}