{
    "gpsHeading": 158, 
    "gpsLatitude": 48.36130810094881, 
    "gpsLongitude": 10.896498174060913, 
    "outsideTemperature": 31.5, 
    "speed": 11.612562500000001, 
    "yawRate": -0.005306024811629324
}