{
    "gpsHeading": 281, 
    "gpsLatitude": 48.37841673879544, 
    "gpsLongitude": 10.883133397086427, 
    "outsideTemperature": 22.5, 
    "speed": 6.5751875, 
    "yawRate": -0.02509342161579116
}