{
    "gpsHeading": 0, 
    "gpsLatitude": 48.377180072800996, 
    "gpsLongitude": 10.900138686066898, 
    "outsideTemperature": 21.0, 
    "speed": 6.949250000000001, 
    "yawRate": -0.002996261841579077
}