{
    "gpsHeading": 288, 
    "gpsLatitude": 48.370686444773256, 
    "gpsLongitude": 10.900985677382748, 
    "outsideTemperature": 25.5, 
    "speed": 7.863625000000001, 
    "yawRate": 0.14583855167603624
}