{
    "gpsHeading": 312, 
    "gpsLatitude": 48.3694909339234, 
    "gpsLongitude": 10.909628173927434, 
    "outsideTemperature": 22.5, 
    "speed": 8.744750000000002, 
    "yawRate": -0.17076926048663418
}