{
    "gpsHeading": 163, 
    "gpsLatitude": 48.36842450438246, 
    "gpsLongitude": 10.893100066694716, 
    "outsideTemperature": 25.5, 
    "speed": 7.4064375, 
    "yawRate": 0.04358748520115818
}