{
    "gpsHeading": 164, 
    "gpsLatitude": 48.36864310441725, 
    "gpsLongitude": 10.891872285517652, 
    "outsideTemperature": 27.0, 
    "speed": 8.5868125, 
    "yawRate": -0.00023600390810928074
}