{
    "gpsHeading": 151, 
    "gpsLatitude": 48.365426213797726, 
    "gpsLongitude": 10.893359821874101, 
    "outsideTemperature": 24.5, 
    "speed": 2.1612500000000003, 
    "yawRate": -8.653930285551113e-05
}