{
    "gpsHeading": 257, 
    "gpsLatitude": 48.37165036363839, 
    "gpsLongitude": 10.895258155305187, 
    "outsideTemperature": 22.0, 
    "speed": 4.5136875000000005, 
    "yawRate": -0.04670636663714687
}