{
    "gpsHeading": 24, 
    "gpsLatitude": 48.370543952419276, 
    "gpsLongitude": 10.909423152575792, 
    "outsideTemperature": 22.5, 
    "speed": 9.567687500000002, 
    "yawRate": 0.022787753559534253
}