{
    "gpsHeading": 120, 
    "gpsLatitude": 48.368342864645534, 
    "gpsLongitude": 10.91289812199407, 
    "outsideTemperature": 21.0, 
    "speed": 5.852, 
    "yawRate": -0.053475541351511696
}