{
    "gpsHeading": 337, 
    "gpsLatitude": 48.365007286277034, 
    "gpsLongitude": 10.894980127576884, 
    "outsideTemperature": 23.0, 
    "speed": 6.866125, 
    "yawRate": -0.0020541139292476586
}