{
    "gpsHeading": 35, 
    "gpsLatitude": 48.37024035988628, 
    "gpsLongitude": 10.890031451942358, 
    "outsideTemperature": 21.0, 
    "speed": 9.343250000000001, 
    "yawRate": 0.008410443582172423
}