{
    "gpsHeading": 351, 
    "gpsLatitude": 48.37194926230561, 
    "gpsLongitude": 10.897435354654888, 
    "outsideTemperature": 23.5, 
    "speed": 5.253500000000001, 
    "yawRate": -0.006339267324278436
}