{
    "gpsHeading": 0, 
    "gpsLatitude": 48.36697979955122, 
    "gpsLongitude": 10.906707332128056, 
    "outsideTemperature": 25.5, 
    "speed": 12.485375000000001, 
    "yawRate": -0.056450194481007326
}