{
    "gpsHeading": 61, 
    "gpsLatitude": 48.374439777196, 
    "gpsLongitude": 10.896915676658054, 
    "outsideTemperature": 21.5, 
    "speed": 8.1046875, 
    "yawRate": -0.005167530439682603
}