{
    "gpsHeading": 306, 
    "gpsLatitude": 48.35854450365298, 
    "gpsLongitude": 10.908639528447953, 
    "outsideTemperature": 23.0, 
    "speed": 11.321625000000001, 
    "yawRate": -0.0014671598430641745
}