{
    "gpsHeading": 147, 
    "gpsLatitude": 48.365703151878634, 
    "gpsLongitude": 10.881652063338294, 
    "outsideTemperature": 24.5, 
    "speed": 6.2260625, 
    "yawRate": 0.42589320065920827
}