{
    "gpsHeading": 39, 
    "gpsLatitude": 48.35528511678436, 
    "gpsLongitude": 10.909066167319548, 
    "outsideTemperature": 25.0, 
    "speed": 12.086375, 
    "yawRate": 0.02902577750476161
}