{
    "gpsHeading": 337, 
    "gpsLatitude": 48.36067677600166, 
    "gpsLongitude": 10.897460081269276, 
    "outsideTemperature": 29.0, 
    "speed": 10.0331875, 
    "yawRate": 0.009465059133914166
}