{
    "gpsHeading": 0, 
    "gpsLatitude": 48.37624507150182, 
    "gpsLongitude": 10.895183137271768, 
    "outsideTemperature": 22.0, 
    "speed": 7.132125, 
    "yawRate": 0.018793473904439445
}