{
    "gpsHeading": 261, 
    "gpsLatitude": 48.381418130684345, 
    "gpsLongitude": 10.872465665096573, 
    "outsideTemperature": 25.0, 
    "speed": 11.778812499999999, 
    "yawRate": -0.007168665566796629
}