{
    "gpsHeading": 154, 
    "gpsLatitude": 48.362507048378966, 
    "gpsLongitude": 10.895860897962516, 
    "outsideTemperature": 22.5, 
    "speed": 7.730625000000001, 
    "yawRate": -0.015312938164078032
}