{
    "gpsHeading": 278, 
    "gpsLatitude": 48.37822118899437, 
    "gpsLongitude": 10.884864008634983, 
    "outsideTemperature": 23.0, 
    "speed": 10.3158125, 
    "yawRate": 0.0012610500893226162
}