{
    "gpsHeading": 247, 
    "gpsLatitude": 48.377027270706115, 
    "gpsLongitude": 10.892215943547818, 
    "outsideTemperature": 24.5, 
    "speed": 10.374, 
    "yawRate": -0.02857613777497913
}