{
    "gpsHeading": 305, 
    "gpsLatitude": 48.37739003947552, 
    "gpsLongitude": 10.893592838782368, 
    "outsideTemperature": 27.5, 
    "speed": 6.749750000000001, 
    "yawRate": 0.2658609070364593
}