{
    "gpsHeading": 0, 
    "gpsLatitude": 48.37028143121184, 
    "gpsLongitude": 10.889873704524602, 
    "outsideTemperature": 25.0, 
    "speed": 5.5776875, 
    "yawRate": -0.0016470836777297596
}