{
    "gpsHeading": 340, 
    "gpsLatitude": 48.366116212067084, 
    "gpsLongitude": 10.903696803964673, 
    "outsideTemperature": 22.0, 
    "speed": 11.07225, 
    "yawRate": -0.023037236407016933
}