{
    "gpsHeading": 42, 
    "gpsLatitude": 48.357137852662156, 
    "gpsLongitude": 10.911052846010096, 
    "outsideTemperature": 26.5, 
    "speed": 0.0, 
    "yawRate": 0.0008203983352740112
}