{
    "gpsHeading": 297, 
    "gpsLatitude": 48.37990704117994, 
    "gpsLongitude": 10.878731221538915, 
    "outsideTemperature": 22.5, 
    "speed": 6.5419375, 
    "yawRate": -0.007273577432458322
}