{
    "gpsHeading": 69, 
    "gpsLatitude": 48.36788227906606, 
    "gpsLongitude": 10.909180664116938, 
    "outsideTemperature": 22.0, 
    "speed": 12.8760625, 
    "yawRate": 0.005691120291094843
}