{
    "gpsHeading": 306, 
    "gpsLatitude": 48.37785699530141, 
    "gpsLongitude": 10.914362859573894, 
    "outsideTemperature": 23.5, 
    "speed": 4.68825, 
    "yawRate": -0.4835305168562094
}