{
    "gpsHeading": 135, 
    "gpsLatitude": 48.367709779498725, 
    "gpsLongitude": 10.902789546765021, 
    "outsideTemperature": 23.0, 
    "speed": 9.709000000000001, 
    "yawRate": -0.012440811229806711
}