{
    "gpsHeading": 139, 
    "gpsLatitude": 48.36812283968719, 
    "gpsLongitude": 10.879635377434392, 
    "outsideTemperature": 21.0, 
    "speed": 11.853625000000001, 
    "yawRate": 0.014599259099034556
}