{
    "gpsHeading": 295, 
    "gpsLatitude": 48.3593750664386, 
    "gpsLongitude": 10.906531731256544, 
    "outsideTemperature": 24.0, 
    "speed": 6.583500000000001, 
    "yawRate": -0.03140497214879219
}