{
    "gpsHeading": 337, 
    "gpsLatitude": 48.365633665901306, 
    "gpsLongitude": 10.90389118029932, 
    "outsideTemperature": 22.0, 
    "speed": 11.230187500000001, 
    "yawRate": 0.0047134986996920005
}