{
    "gpsHeading": 340, 
    "gpsLatitude": 48.36909371553194, 
    "gpsLongitude": 10.89312370366166, 
    "outsideTemperature": 21.5, 
    "speed": 6.5585625, 
    "yawRate": 0.05716323138921629
}