{
    "gpsHeading": 163, 
    "gpsLatitude": 48.35985534949052, 
    "gpsLongitude": 10.905643417158059, 
    "outsideTemperature": 23.0, 
    "speed": 6.633375, 
    "yawRate": -0.017310468840577683
}