{
    "gpsHeading": 0, 
    "gpsLatitude": 48.374491493538585, 
    "gpsLongitude": 10.895888139147825, 
    "outsideTemperature": 22.5, 
    "speed": 8.3706875, 
    "yawRate": -0.01576404528504702
}