{
    "gpsHeading": 57, 
    "gpsLatitude": 48.36754809258648, 
    "gpsLongitude": 10.908092609265777, 
    "outsideTemperature": 24.5, 
    "speed": 11.928437500000001, 
    "yawRate": 0.0006220720592059691
}