{
    "gpsHeading": 161, 
    "gpsLatitude": 48.361804561073875, 
    "gpsLongitude": 10.89624705224176, 
    "outsideTemperature": 23.0, 
    "speed": 11.778812499999999, 
    "yawRate": -0.0032281319564453704
}