{
    "gpsHeading": 253, 
    "gpsLatitude": 48.36978539018195, 
    "gpsLongitude": 10.893209785807297, 
    "outsideTemperature": 25.0, 
    "speed": 9.725625, 
    "yawRate": 0.10585552333879326
}