{
    "gpsHeading": 160, 
    "gpsLatitude": 48.365787306186505, 
    "gpsLongitude": 10.893140970382227, 
    "outsideTemperature": 25.5, 
    "speed": 10.024875000000002, 
    "yawRate": 0.00532398137832686
}