{
    "gpsHeading": 189, 
    "gpsLatitude": 48.356822022550524, 
    "gpsLongitude": 10.909752561370565, 
    "outsideTemperature": 24.5, 
    "speed": 11.5128125, 
    "yawRate": -0.024438249442315065
}