{
    "gpsHeading": 111, 
    "gpsLatitude": 48.3645789710248, 
    "gpsLongitude": 10.89477644732972, 
    "outsideTemperature": 24.0, 
    "speed": 7.847, 
    "yawRate": -0.1463871649888498
}