{
    "gpsHeading": 168, 
    "gpsLatitude": 48.361861725653526, 
    "gpsLongitude": 10.904699782498609, 
    "outsideTemperature": 23.5, 
    "speed": 7.3066875, 
    "yawRate": -0.003235333457624069
}