{
    "gpsHeading": 78, 
    "gpsLatitude": 48.367967606840374, 
    "gpsLongitude": 10.910037881354622, 
    "outsideTemperature": 21.5, 
    "speed": 11.6375, 
    "yawRate": 0.14112867024585238
}