{
    "gpsHeading": 23, 
    "gpsLatitude": 48.37575422725189, 
    "gpsLongitude": 10.913164582695995, 
    "outsideTemperature": 22.0, 
    "speed": 10.9974375, 
    "yawRate": -0.007580975425166726
}