{
    "gpsHeading": 251, 
    "gpsLatitude": 48.37023256471634, 
    "gpsLongitude": 10.906737842255598, 
    "outsideTemperature": 22.5, 
    "speed": 9.226875000000001, 
    "yawRate": -0.0027066857393641293
}