{
    "gpsHeading": 273, 
    "gpsLatitude": 48.37029785974205, 
    "gpsLongitude": 10.904633397825458, 
    "outsideTemperature": 22.5, 
    "speed": 9.642500000000002, 
    "yawRate": -0.0021830869637653235
}