{
    "gpsHeading": 257, 
    "gpsLatitude": 48.370599775894426, 
    "gpsLongitude": 10.899727888992295, 
    "outsideTemperature": 25.0, 
    "speed": 12.984125, 
    "yawRate": -0.04021354658655658
}