{
    "gpsHeading": 39, 
    "gpsLatitude": 48.36829198649325, 
    "gpsLongitude": 10.88661289273242, 
    "outsideTemperature": 21.5, 
    "speed": 12.13625, 
    "yawRate": -0.0572139362928131
}