{
    "gpsHeading": 317, 
    "gpsLatitude": 48.36947425393609, 
    "gpsLongitude": 10.89285347110331, 
    "outsideTemperature": 28.5, 
    "speed": 8.9691875, 
    "yawRate": 0.005424987967904803
}