{
    "gpsHeading": 168, 
    "gpsLatitude": 48.36060511072953, 
    "gpsLongitude": 10.905461781316234, 
    "outsideTemperature": 24.0, 
    "speed": 8.428875, 
    "yawRate": -0.011899948159395312
}