{
    "gpsHeading": 137, 
    "gpsLatitude": 48.369141995294235, 
    "gpsLongitude": 10.892752636808122, 
    "outsideTemperature": 26.5, 
    "speed": 12.460437500000001, 
    "yawRate": -0.13276472271522818
}