{
    "gpsHeading": 182, 
    "gpsLatitude": 48.37387701621683, 
    "gpsLongitude": 10.901471241033672, 
    "outsideTemperature": 21.0, 
    "speed": 12.0448125, 
    "yawRate": -0.009975042183668502
}