{
    "gpsHeading": 319, 
    "gpsLatitude": 48.3552934148685, 
    "gpsLongitude": 10.90806008748147, 
    "outsideTemperature": 23.5, 
    "speed": 5.361562500000001, 
    "yawRate": 0.005581413691987372
}