{
    "gpsHeading": 279, 
    "gpsLatitude": 48.3559536573816, 
    "gpsLongitude": 10.907106226900153, 
    "outsideTemperature": 22.5, 
    "speed": 3.2252500000000004, 
    "yawRate": 0.04397865723586177
}