{
    "gpsHeading": 209, 
    "gpsLatitude": 48.371897294505914, 
    "gpsLongitude": 10.910247596572074, 
    "outsideTemperature": 21.5, 
    "speed": 12.9924375, 
    "yawRate": 0.016317403107374298
}