{
    "gpsHeading": 155, 
    "gpsLatitude": 48.37018587751565, 
    "gpsLongitude": 10.901160691521035, 
    "outsideTemperature": 23.0, 
    "speed": 9.343250000000001, 
    "yawRate": 0.04288612605841288
}