{
    "gpsHeading": 40, 
    "gpsLatitude": 48.37715643583404, 
    "gpsLongitude": 10.917607913388112, 
    "outsideTemperature": 21.5, 
    "speed": 6.0099375, 
    "yawRate": -0.011763843921901163
}