{
    "gpsHeading": 0, 
    "gpsLatitude": 48.371686741098166, 
    "gpsLongitude": 10.891850660207469, 
    "outsideTemperature": 24.0, 
    "speed": 5.5943125, 
    "yawRate": -0.02012736841503277
}