{
    "gpsHeading": 110, 
    "gpsLatitude": 48.369555390758826, 
    "gpsLongitude": 10.900366170919074, 
    "outsideTemperature": 25.0, 
    "speed": 5.586, 
    "yawRate": -0.014165008659379882
}