{
    "gpsHeading": 302, 
    "gpsLatitude": 48.37040338790304, 
    "gpsLongitude": 10.903234542004597, 
    "outsideTemperature": 24.0, 
    "speed": 8.703187500000002, 
    "yawRate": -0.00972451376975655
}