{
    "gpsHeading": 84, 
    "gpsLatitude": 48.359534825513116, 
    "gpsLongitude": 10.902010616502961, 
    "outsideTemperature": 23.0, 
    "speed": 7.971687500000001, 
    "yawRate": -0.2917336717605809
}