{
    "gpsHeading": 23, 
    "gpsLatitude": 48.37664757049228, 
    "gpsLongitude": 10.91377453379005, 
    "outsideTemperature": 21.5, 
    "speed": 5.2119375, 
    "yawRate": 0.004985395189191719
}