{
    "gpsHeading": 147, 
    "gpsLatitude": 48.36435726968581, 
    "gpsLongitude": 10.894858422342768, 
    "outsideTemperature": 24.0, 
    "speed": 8.34575, 
    "yawRate": -0.009029752856898315
}