{
    "gpsHeading": 180, 
    "gpsLatitude": 48.37254923893486, 
    "gpsLongitude": 10.869951177963117, 
    "outsideTemperature": 21.5, 
    "speed": 8.9691875, 
    "yawRate": 0.00011302630748115253
}