{
    "gpsHeading": 82, 
    "gpsLatitude": 48.37002787864081, 
    "gpsLongitude": 10.89514508343137, 
    "outsideTemperature": 22.5, 
    "speed": 5.120500000000001, 
    "yawRate": 0.020364270231234872
}