{
    "gpsHeading": 99, 
    "gpsLatitude": 48.35862538901862, 
    "gpsLongitude": 10.903929234139719, 
    "outsideTemperature": 26.0, 
    "speed": 11.0971875, 
    "yawRate": 0.09605042133711156
}