{
    "gpsHeading": 336, 
    "gpsLatitude": 48.36174261880941, 
    "gpsLongitude": 10.89685314766036, 
    "outsideTemperature": 25.5, 
    "speed": 10.47375, 
    "yawRate": 0.016969974917489777
}