{
    "gpsHeading": 181, 
    "gpsLatitude": 48.38153204074849, 
    "gpsLongitude": 10.874401214177741, 
    "outsideTemperature": 27.0, 
    "speed": 3.591, 
    "yawRate": -0.41260865080507286
}