{
    "gpsHeading": 313, 
    "gpsLatitude": 48.37050816169273, 
    "gpsLongitude": 10.891202319996886, 
    "outsideTemperature": 25.0, 
    "speed": 7.08225, 
    "yawRate": -0.00783951434725172
}