{
    "gpsHeading": 116, 
    "gpsLatitude": 48.36824672421611, 
    "gpsLongitude": 10.913095348175796, 
    "outsideTemperature": 21.0, 
    "speed": 6.68325, 
    "yawRate": 0.00045513253511174356
}