{
    "gpsHeading": 21, 
    "gpsLatitude": 48.355804208047985, 
    "gpsLongitude": 10.909549551675651, 
    "outsideTemperature": 23.5, 
    "speed": 10.2160625, 
    "yawRate": -0.0037864124327311507
}