{
    "gpsHeading": 328, 
    "gpsLatitude": 48.362419206033685, 
    "gpsLongitude": 10.900098117655515, 
    "outsideTemperature": 28.0, 
    "speed": 1.8536875000000002, 
    "yawRate": 0.1401902201082874
}