{
    "gpsHeading": 0, 
    "gpsLatitude": 48.381378149006196, 
    "gpsLongitude": 10.87181874980953, 
    "outsideTemperature": 24.0, 
    "speed": 12.1611875, 
    "yawRate": -0.0024562765864123365
}