{
    "gpsHeading": 182, 
    "gpsLatitude": 48.369028671963314, 
    "gpsLongitude": 10.901797297067178, 
    "outsideTemperature": 34.0, 
    "speed": 8.985812500000002, 
    "yawRate": 0.01026152938021638
}