{
    "gpsHeading": 187, 
    "gpsLatitude": 48.357214547076204, 
    "gpsLongitude": 10.909873176957236, 
    "outsideTemperature": 25.5, 
    "speed": 10.781312500000002, 
    "yawRate": -0.013093609304352511
}