{
    "gpsHeading": 315, 
    "gpsLatitude": 48.373023654654574, 
    "gpsLongitude": 10.89719512930989, 
    "outsideTemperature": 22.5, 
    "speed": 3.8819375000000003, 
    "yawRate": 0.13573053378805833
}