{
    "gpsHeading": 356, 
    "gpsLatitude": 48.3725458861736, 
    "gpsLongitude": 10.897360085164376, 
    "outsideTemperature": 22.5, 
    "speed": 7.049, 
    "yawRate": -0.0004551414592983097
}