{
    "gpsHeading": 296, 
    "gpsLatitude": 48.35998032366687, 
    "gpsLongitude": 10.897015672762922, 
    "outsideTemperature": 24.0, 
    "speed": 9.2351875, 
    "yawRate": -0.07303718118742394
}