{
    "gpsHeading": 284, 
    "gpsLatitude": 48.36492422161657, 
    "gpsLongitude": 10.893865418273641, 
    "outsideTemperature": 22.0, 
    "speed": 6.583500000000001, 
    "yawRate": 0.026970184951849774
}