{
    "gpsHeading": 174, 
    "gpsLatitude": 48.36355813903711, 
    "gpsLongitude": 10.899972640565005, 
    "outsideTemperature": 23.0, 
    "speed": 3.192, 
    "yawRate": -0.009035430937225454
}