{
    "gpsHeading": 13, 
    "gpsLatitude": 48.369671480117795, 
    "gpsLongitude": 10.892167579966518, 
    "outsideTemperature": 30.0, 
    "speed": 0.0, 
    "yawRate": -0.001094259970706861
}