{
    "gpsHeading": 34, 
    "gpsLatitude": 48.36517593016892, 
    "gpsLongitude": 10.895522604350349, 
    "outsideTemperature": 22.0, 
    "speed": 4.073125, 
    "yawRate": 0.005276268929127688
}