{
    "gpsHeading": 125, 
    "gpsLatitude": 48.359158980974755, 
    "gpsLongitude": 10.906845633530452, 
    "outsideTemperature": 26.5, 
    "speed": 11.861937500000002, 
    "yawRate": -0.011143083494638864
}