{
    "gpsHeading": 160, 
    "gpsLatitude": 48.359034006798396, 
    "gpsLongitude": 10.902309850446317, 
    "outsideTemperature": 23.0, 
    "speed": 2.4438750000000002, 
    "yawRate": 0.0028779059760569046
}