{
    "gpsHeading": 280, 
    "gpsLatitude": 48.37309590665994, 
    "gpsLongitude": 10.896947611709138, 
    "outsideTemperature": 22.5, 
    "speed": 4.1978125, 
    "yawRate": -0.032519206104192934
}