{
    "gpsHeading": 0, 
    "gpsLatitude": 48.36595092093648, 
    "gpsLongitude": 10.89245700708313, 
    "outsideTemperature": 21.5, 
    "speed": 8.886062500000001, 
    "yawRate": -0.003049478182451673
}