{
    "gpsHeading": 295, 
    "gpsLatitude": 48.37803343436324, 
    "gpsLongitude": 10.886448691249223, 
    "outsideTemperature": 24.0, 
    "speed": 12.3274375, 
    "yawRate": -0.00816372787144597
}