{
    "gpsHeading": 57, 
    "gpsLatitude": 48.36950233331173, 
    "gpsLongitude": 10.899069825774035, 
    "outsideTemperature": 25.5, 
    "speed": 3.5078750000000003, 
    "yawRate": -0.023589786620149458
}