{
    "gpsHeading": 203, 
    "gpsLatitude": 48.37185815101809, 
    "gpsLongitude": 10.896553410802815, 
    "outsideTemperature": 22.0, 
    "speed": 4.95425, 
    "yawRate": -0.01354511084925556
}