{
    "gpsHeading": 171, 
    "gpsLatitude": 48.36664226031035, 
    "gpsLongitude": 10.892657837483219, 
    "outsideTemperature": 27.0, 
    "speed": 9.31, 
    "yawRate": 0.033249249410236055
}