{
    "gpsHeading": 36, 
    "gpsLatitude": 48.36789149915955, 
    "gpsLongitude": 10.886113163665135, 
    "outsideTemperature": 21.5, 
    "speed": 11.446312500000001, 
    "yawRate": -0.00939191478817011
}