{
    "gpsHeading": 342, 
    "gpsLatitude": 48.36074844127381, 
    "gpsLongitude": 10.89676287456317, 
    "outsideTemperature": 23.5, 
    "speed": 11.554375, 
    "yawRate": 0.0030591741995277823
}