{
    "gpsHeading": 93, 
    "gpsLatitude": 48.36913621178104, 
    "gpsLongitude": 10.89159568271286, 
    "outsideTemperature": 29.0, 
    "speed": 5.9517500000000005, 
    "yawRate": -0.05800640214912065
}