{
    "gpsHeading": 263, 
    "gpsLatitude": 48.370091748742986, 
    "gpsLongitude": 10.895649003450242, 
    "outsideTemperature": 28.5, 
    "speed": 7.8719375000000005, 
    "yawRate": -0.017364721852004363
}