{
    "gpsHeading": 255, 
    "gpsLatitude": 48.377995883437016, 
    "gpsLongitude": 10.916068157774871, 
    "outsideTemperature": 22.5, 
    "speed": 6.6084375, 
    "yawRate": 0.0016751913184546293
}