{
    "gpsHeading": 301, 
    "gpsLatitude": 48.36930477185389, 
    "gpsLongitude": 10.9099078780364, 
    "outsideTemperature": 21.0, 
    "speed": 10.689875, 
    "yawRate": -0.07721201917863442
}