{
    "gpsHeading": 67, 
    "gpsLatitude": 48.3699961950468, 
    "gpsLongitude": 10.894832857538097, 
    "outsideTemperature": 22.5, 
    "speed": 6.1429375, 
    "yawRate": 0.015651881250849587
}