{
    "gpsHeading": 292, 
    "gpsLatitude": 48.368714769689404, 
    "gpsLongitude": 10.906385131770007, 
    "outsideTemperature": 23.0, 
    "speed": 5.1953125, 
    "yawRate": 0.01465758470856902
}