{
    "gpsHeading": 168, 
    "gpsLatitude": 48.375026175142104, 
    "gpsLongitude": 10.901608704245717, 
    "outsideTemperature": 21.5, 
    "speed": 13.250125, 
    "yawRate": -0.02899913103040693
}