{
    "gpsHeading": 91, 
    "gpsLatitude": 48.36790977170848, 
    "gpsLongitude": 10.90986311867343, 
    "outsideTemperature": 24.0, 
    "speed": 11.8453125, 
    "yawRate": 0.14059747806914952
}