{
    "gpsHeading": 150, 
    "gpsLatitude": 48.365966176000256, 
    "gpsLongitude": 10.893032592374153, 
    "outsideTemperature": 25.5, 
    "speed": 10.67325, 
    "yawRate": -0.0065442575352345
}