{
    "gpsHeading": 0, 
    "gpsLatitude": 48.36506839035118, 
    "gpsLongitude": 10.897693433453638, 
    "outsideTemperature": 23.0, 
    "speed": 5.6275625, 
    "yawRate": 0.03215433940984026
}