{
    "gpsHeading": 158, 
    "gpsLatitude": 48.370031734316264, 
    "gpsLongitude": 10.901235625735422, 
    "outsideTemperature": 23.0, 
    "speed": 9.343250000000001, 
    "yawRate": -0.03198849885214295
}