{
    "gpsHeading": 30, 
    "gpsLatitude": 48.37229283651674, 
    "gpsLongitude": 10.910803735847736, 
    "outsideTemperature": 22.0, 
    "speed": 13.7738125, 
    "yawRate": -0.0063592449487708345
}