{
    "gpsHeading": 0, 
    "gpsLatitude": 48.38136951564591, 
    "gpsLongitude": 10.871653458678919, 
    "outsideTemperature": 24.0, 
    "speed": 11.704, 
    "yawRate": 0.002954244094770033
}