{
    "gpsHeading": 334, 
    "gpsLatitude": 48.3644939785266, 
    "gpsLongitude": 10.89477066381653, 
    "outsideTemperature": 22.0, 
    "speed": 12.651625000000001, 
    "yawRate": 0.01038955705790412
}