{
    "gpsHeading": 108, 
    "gpsLatitude": 48.37088425768819, 
    "gpsLongitude": 10.892995628181165, 
    "outsideTemperature": 23.5, 
    "speed": 5.843687500000001, 
    "yawRate": -0.031995607328594126
}