{
    "gpsHeading": 2, 
    "gpsLatitude": 48.35975007278663, 
    "gpsLongitude": 10.905838966959118, 
    "outsideTemperature": 27.5, 
    "speed": 9.684062500000001, 
    "yawRate": 0.04188901176717051
}