{
    "gpsHeading": 289, 
    "gpsLatitude": 48.355179840080474, 
    "gpsLongitude": 10.908331493506266, 
    "outsideTemperature": 23.5, 
    "speed": 5.901875, 
    "yawRate": -0.05759950523020637
}