{
    "gpsHeading": 202, 
    "gpsLatitude": 48.38188449977699, 
    "gpsLongitude": 10.874599027092687, 
    "outsideTemperature": 23.5, 
    "speed": 3.9650625, 
    "yawRate": -0.06091331495049383
}