{
    "gpsHeading": 202, 
    "gpsLatitude": 48.35594175507908, 
    "gpsLongitude": 10.90928426444017, 
    "outsideTemperature": 24.0, 
    "speed": 10.9974375, 
    "yawRate": -0.06109016373419576
}