{
    "gpsHeading": 250, 
    "gpsLatitude": 48.36923511823851, 
    "gpsLongitude": 10.891447574483784, 
    "outsideTemperature": 26.5, 
    "speed": 0.0, 
    "yawRate": -0.00015246278812221844
}