{
    "gpsHeading": 38, 
    "gpsLatitude": 48.366378649455505, 
    "gpsLongitude": 10.905244019471771, 
    "outsideTemperature": 28.0, 
    "speed": 12.2941875, 
    "yawRate": -0.04685088359503848
}