{
    "gpsHeading": 133, 
    "gpsLatitude": 48.35596731988377, 
    "gpsLongitude": 10.907090385103158, 
    "outsideTemperature": 23.5, 
    "speed": 6.799625000000001, 
    "yawRate": -0.004192430119180748
}