{
    "gpsHeading": 198, 
    "gpsLatitude": 48.36657704910366, 
    "gpsLongitude": 10.891990973266594, 
    "outsideTemperature": 22.5, 
    "speed": 7.8054375, 
    "yawRate": -0.03080136291129679
}