{
    "gpsHeading": 207, 
    "gpsLatitude": 48.37253037965272, 
    "gpsLongitude": 10.910858721132577, 
    "outsideTemperature": 21.5, 
    "speed": 13.8735625, 
    "yawRate": -0.003928416215760021
}