{
    "gpsHeading": 108, 
    "gpsLatitude": 48.37155925235087, 
    "gpsLongitude": 10.87133595218665, 
    "outsideTemperature": 22.0, 
    "speed": 13.524437500000001, 
    "yawRate": 0.0006366250830799587
}