{
    "gpsHeading": 57, 
    "gpsLatitude": 48.367438122016814, 
    "gpsLongitude": 10.90782396926903, 
    "outsideTemperature": 24.5, 
    "speed": 11.5959375, 
    "yawRate": -0.003566718145579518
}