{
    "gpsHeading": 0, 
    "gpsLatitude": 48.36740006817641, 
    "gpsLongitude": 10.88035756221195, 
    "outsideTemperature": 21.0, 
    "speed": 11.853625000000001, 
    "yawRate": -0.0030285663461087067
}