{
    "gpsHeading": 136, 
    "gpsLatitude": 48.358795876929214, 
    "gpsLongitude": 10.902510680846405, 
    "outsideTemperature": 28.5, 
    "speed": 7.198625000000001, 
    "yawRate": 0.17581196815325095
}