{
    "gpsHeading": 229, 
    "gpsLatitude": 48.3772492235022, 
    "gpsLongitude": 10.892942067819865, 
    "outsideTemperature": 26.0, 
    "speed": 9.6674375, 
    "yawRate": -0.0022216660698653593
}