{
    "gpsHeading": 267, 
    "gpsLatitude": 48.36974314538995, 
    "gpsLongitude": 10.892955646503005, 
    "outsideTemperature": 24.5, 
    "speed": 8.0215625, 
    "yawRate": 0.11632749885075946
}