{
    "gpsHeading": 66, 
    "gpsLatitude": 48.36599115407172, 
    "gpsLongitude": 10.882416744364962, 
    "outsideTemperature": 23.5, 
    "speed": 9.883562500000002, 
    "yawRate": 0.04506235787405213
}