{
    "gpsHeading": 319, 
    "gpsLatitude": 48.36395393250503, 
    "gpsLongitude": 10.895064784798954, 
    "outsideTemperature": 22.0, 
    "speed": 12.551875, 
    "yawRate": 0.010738622908302662
}