{
    "gpsHeading": 171, 
    "gpsLatitude": 48.37570703713702, 
    "gpsLongitude": 10.90149839839995, 
    "outsideTemperature": 21.5, 
    "speed": 12.169500000000001, 
    "yawRate": -0.03388605293599049
}