{
    "gpsHeading": 295, 
    "gpsLatitude": 48.37597676678119, 
    "gpsLongitude": 10.898858685633042, 
    "outsideTemperature": 21.5, 
    "speed": 5.710687500000001, 
    "yawRate": 0.050508472698935526
}