{
    "gpsHeading": 31, 
    "gpsLatitude": 48.35537228857737, 
    "gpsLongitude": 10.90915400966482, 
    "outsideTemperature": 25.0, 
    "speed": 12.9758125, 
    "yawRate": 0.011921550835217152
}