{
    "gpsHeading": 87, 
    "gpsLatitude": 48.36510175032582, 
    "gpsLongitude": 10.897177024399042, 
    "outsideTemperature": 23.0, 
    "speed": 3.4247500000000004, 
    "yawRate": -0.0025777127048464644
}