{
    "gpsHeading": 147, 
    "gpsLatitude": 48.35990287488152, 
    "gpsLongitude": 10.897473157038224, 
    "outsideTemperature": 28.0, 
    "speed": 6.134625000000001, 
    "yawRate": 0.23535576234169753
}