{
    "gpsHeading": 0, 
    "gpsLatitude": 48.36722371293361, 
    "gpsLongitude": 10.892428424793316, 
    "outsideTemperature": 29.0, 
    "speed": 8.4371875, 
    "yawRate": -0.0032281319564453704
}