{
    "gpsHeading": 295, 
    "gpsLatitude": 48.38097288398769, 
    "gpsLongitude": 10.875587085838944, 
    "outsideTemperature": 22.0, 
    "speed": 9.401437500000002, 
    "yawRate": -0.03362792939876899
}