{
    "gpsHeading": 168, 
    "gpsLatitude": 48.37514536580526, 
    "gpsLongitude": 10.901597304857406, 
    "outsideTemperature": 21.5, 
    "speed": 13.208562500000001, 
    "yawRate": -0.026206604227215612
}