{
    "gpsHeading": 300, 
    "gpsLatitude": 48.380525038901034, 
    "gpsLongitude": 10.8769172938728, 
    "outsideTemperature": 22.5, 
    "speed": 11.521125000000001, 
    "yawRate": -0.003608266264466556
}