{
    "gpsHeading": 44, 
    "gpsLatitude": 48.36779594546336, 
    "gpsLongitude": 10.892213428976866, 
    "outsideTemperature": 21.5, 
    "speed": 3.9816875, 
    "yawRate": 0.15804326215448633
}