{
    "gpsHeading": 96, 
    "gpsLatitude": 48.36196172175839, 
    "gpsLongitude": 10.89615979662971, 
    "outsideTemperature": 33.0, 
    "speed": 0.0, 
    "yawRate": 0.0002858005939080973
}