{
    "gpsHeading": 109, 
    "gpsLatitude": 48.37138482494579, 
    "gpsLongitude": 10.872039529139165, 
    "outsideTemperature": 22.0, 
    "speed": 14.2725625, 
    "yawRate": 0.015297390799831645
}