{
    "gpsHeading": 137, 
    "gpsLatitude": 48.36974674960832, 
    "gpsLongitude": 10.910732322032683, 
    "outsideTemperature": 21.0, 
    "speed": 7.921812500000001, 
    "yawRate": -0.0009411308664834185
}