{
    "gpsHeading": 354, 
    "gpsLatitude": 48.37499843104261, 
    "gpsLongitude": 10.895551521916323, 
    "outsideTemperature": 22.5, 
    "speed": 7.497875, 
    "yawRate": -0.05765194733291081
}