{
    "gpsHeading": 343, 
    "gpsLatitude": 48.368427605686634, 
    "gpsLongitude": 10.893427296194664, 
    "outsideTemperature": 24.5, 
    "speed": 9.576, 
    "yawRate": -0.010068076300029365
}