{
    "gpsHeading": 196, 
    "gpsLatitude": 48.376823171363796, 
    "gpsLongitude": 10.91363455600702, 
    "outsideTemperature": 23.5, 
    "speed": 13.0256875, 
    "yawRate": -0.07304345459473394
}