{
    "gpsHeading": 102, 
    "gpsLatitude": 48.365165871885104, 
    "gpsLongitude": 10.895826196883354, 
    "outsideTemperature": 22.5, 
    "speed": 3.2252500000000004, 
    "yawRate": -0.011653424815216508
}