{
    "gpsHeading": 287, 
    "gpsLatitude": 48.35979256903573, 
    "gpsLongitude": 10.89884980081568, 
    "outsideTemperature": 25.0, 
    "speed": 7.5061875, 
    "yawRate": -0.0081109330132355
}