{
    "gpsHeading": 318, 
    "gpsLatitude": 48.37008537849658, 
    "gpsLongitude": 10.904575897969668, 
    "outsideTemperature": 26.0, 
    "speed": 0.0, 
    "yawRate": -0.000341242413242037
}