{
    "gpsHeading": 178, 
    "gpsLatitude": 48.367683125046625, 
    "gpsLongitude": 10.90625705628948, 
    "outsideTemperature": 23.5, 
    "speed": 2.7015625, 
    "yawRate": -0.005762767539764565
}