{
    "gpsHeading": 339, 
    "gpsLatitude": 48.36223731873479, 
    "gpsLongitude": 10.896556763564083, 
    "outsideTemperature": 25.0, 
    "speed": 9.326625000000002, 
    "yawRate": -0.016889412571199604
}