{
    "gpsHeading": 106, 
    "gpsLatitude": 48.36470956107626, 
    "gpsLongitude": 10.89467402047293, 
    "outsideTemperature": 24.5, 
    "speed": 11.280062500000001, 
    "yawRate": -0.25071581988923725
}