{
    "gpsHeading": 200, 
    "gpsLatitude": 48.37839008434334, 
    "gpsLongitude": 10.914325895380907, 
    "outsideTemperature": 23.0, 
    "speed": 8.254312500000001, 
    "yawRate": -0.03515543201887378
}