{
    "gpsHeading": 24, 
    "gpsLatitude": 48.37614591358725, 
    "gpsLongitude": 10.913449567403957, 
    "outsideTemperature": 21.5, 
    "speed": 7.6059375000000005, 
    "yawRate": -0.0011232571927877358
}