{
    "gpsHeading": 21, 
    "gpsLatitude": 48.371659835188964, 
    "gpsLongitude": 10.91021758935872, 
    "outsideTemperature": 22.5, 
    "speed": 13.640812500000001, 
    "yawRate": -0.03201558495308752
}