{
    "gpsHeading": 170, 
    "gpsLatitude": 48.366516783219815, 
    "gpsLongitude": 10.892707877445156, 
    "outsideTemperature": 27.0, 
    "speed": 9.6175625, 
    "yawRate": 0.006720244779922021
}