{
    "gpsHeading": 190, 
    "gpsLatitude": 48.362715925406086, 
    "gpsLongitude": 10.899973143479194, 
    "outsideTemperature": 25.0, 
    "speed": 3.9816875, 
    "yawRate": 0.00038934702354412364
}