{
    "gpsHeading": 59, 
    "gpsLatitude": 48.36763895241689, 
    "gpsLongitude": 10.905245695852404, 
    "outsideTemperature": 22.5, 
    "speed": 2.5103750000000002, 
    "yawRate": 0.01989786319204249
}