{
    "gpsHeading": 341, 
    "gpsLatitude": 48.36850865869033, 
    "gpsLongitude": 10.892511740910873, 
    "outsideTemperature": 21.5, 
    "speed": 6.6250625, 
    "yawRate": -0.0025270290289890495
}