{
    "gpsHeading": 74, 
    "gpsLatitude": 48.36779594546336, 
    "gpsLongitude": 10.892213428976866, 
    "outsideTemperature": 21.5, 
    "speed": 4.613437500000001, 
    "yawRate": -0.0046214241313822894
}