{
    "gpsHeading": 29, 
    "gpsLatitude": 48.36723368739838, 
    "gpsLongitude": 10.907326754772695, 
    "outsideTemperature": 22.5, 
    "speed": 13.050625, 
    "yawRate": -0.0011156637916826897
}