{
    "gpsHeading": 345, 
    "gpsLatitude": 48.36081507740406, 
    "gpsLongitude": 10.905457841821743, 
    "outsideTemperature": 25.0, 
    "speed": 10.066437500000001, 
    "yawRate": -0.016579518174637944
}