{
    "gpsHeading": 149, 
    "gpsLatitude": 48.367366205287574, 
    "gpsLongitude": 10.902910665265917, 
    "outsideTemperature": 23.0, 
    "speed": 10.1828125, 
    "yawRate": 0.005885145916133637
}