{
    "gpsHeading": 156, 
    "gpsLatitude": 48.36613590953956, 
    "gpsLongitude": 10.89292957878414, 
    "outsideTemperature": 26.0, 
    "speed": 10.4488125, 
    "yawRate": -0.015619969645604543
}