{
    "gpsHeading": 146, 
    "gpsLatitude": 48.3685069823097, 
    "gpsLongitude": 10.879285935891039, 
    "outsideTemperature": 21.0, 
    "speed": 12.4936875, 
    "yawRate": 0.024024037059803143
}