{
    "gpsHeading": 309, 
    "gpsLatitude": 48.37923204651727, 
    "gpsLongitude": 10.88144846691019, 
    "outsideTemperature": 23.5, 
    "speed": 7.5061875, 
    "yawRate": 0.28210201254819633
}