{
    "gpsHeading": 172, 
    "gpsLatitude": 48.36605510799295, 
    "gpsLongitude": 10.90353511705243, 
    "outsideTemperature": 22.5, 
    "speed": 4.8295625, 
    "yawRate": 0.003790750813740398
}