{
    "gpsHeading": 210, 
    "gpsLatitude": 49.23873419103002, 
    "gpsLongitude": 6.990182355881731, 
    "outsideTemperature": 14.0, 
    "speed": 8.3706875, 
    "yawRate": -0.010469605765871881
}