{
    "gpsHeading": 182, 
    "gpsLatitude": 49.232757223513985, 
    "gpsLongitude": 6.988029296413163, 
    "outsideTemperature": 18.5, 
    "speed": 10.4155625, 
    "yawRate": -0.054946325865314206
}