{
    "gpsHeading": 306, 
    "gpsLatitude": 49.23847108308936, 
    "gpsLongitude": 6.996940181497534, 
    "outsideTemperature": 16.0, 
    "speed": 8.628375, 
    "yawRate": -0.0005202101460460957
}