{
    "gpsHeading": 350, 
    "gpsLatitude": 49.23384972077382, 
    "gpsLongitude": 6.996850998047755, 
    "outsideTemperature": 17.0, 
    "speed": 1.5295, 
    "yawRate": -0.17396720427708084
}