{
    "gpsHeading": 307, 
    "gpsLatitude": 49.2330444713358, 
    "gpsLongitude": 7.001513515507876, 
    "outsideTemperature": 15.5, 
    "speed": 8.0215625, 
    "yawRate": 0.016838429428907203
}