{
    "gpsHeading": 98, 
    "gpsLatitude": 49.23380001608798, 
    "gpsLongitude": 6.997129612509277, 
    "outsideTemperature": 17.5, 
    "speed": 3.9816875, 
    "yawRate": 0.0005657209223491697
}