{
    "gpsHeading": 322, 
    "gpsLatitude": 49.237333072095296, 
    "gpsLongitude": 7.0047349323551185, 
    "outsideTemperature": 14.5, 
    "speed": 5.6441875, 
    "yawRate": 0.37541788306971285
}