{
    "gpsHeading": 150, 
    "gpsLatitude": 49.224838085213285, 
    "gpsLongitude": 7.000053220336735, 
    "outsideTemperature": 14.5, 
    "speed": 6.849500000000001, 
    "yawRate": 0.04291222633653252
}