{
    "gpsHeading": 26, 
    "gpsLatitude": 49.23734941680648, 
    "gpsLongitude": 6.9969829292037415, 
    "outsideTemperature": 14.0, 
    "speed": 9.218562499999999, 
    "yawRate": 0.0036397677292364762
}