{
    "gpsHeading": 227, 
    "gpsLatitude": 49.2360313625322, 
    "gpsLongitude": 6.997325162310368, 
    "outsideTemperature": 14.0, 
    "speed": 7.6724375, 
    "yawRate": -0.027078027105864037
}