{
    "gpsHeading": 306, 
    "gpsLatitude": 49.23242940728081, 
    "gpsLongitude": 7.002942378542125, 
    "outsideTemperature": 17.5, 
    "speed": 5.070625000000001, 
    "yawRate": -0.00013241077844890767
}