{
    "gpsHeading": 195, 
    "gpsLatitude": 49.23654634666328, 
    "gpsLongitude": 6.997614924703108, 
    "outsideTemperature": 14.5, 
    "speed": 5.502875, 
    "yawRate": 0.00084724092604516
}