{
    "gpsHeading": 111, 
    "gpsLatitude": 49.23176245924519, 
    "gpsLongitude": 6.9992651538002155, 
    "outsideTemperature": 21.5, 
    "speed": 8.8361875, 
    "yawRate": -0.009804805441281041
}