{
    "gpsHeading": 20, 
    "gpsLatitude": 49.23771998074584, 
    "gpsLongitude": 6.997265734616849, 
    "outsideTemperature": 13.5, 
    "speed": 8.794625, 
    "yawRate": -0.0007235554007492735
}