{
    "gpsHeading": 15, 
    "gpsLatitude": 49.22898612145652, 
    "gpsLongitude": 7.001687104722625, 
    "outsideTemperature": 15.0, 
    "speed": 11.022375000000002, 
    "yawRate": -0.005493312567210675
}