{
    "gpsHeading": 287, 
    "gpsLatitude": 49.232410547998676, 
    "gpsLongitude": 7.002989317199885, 
    "outsideTemperature": 13.5, 
    "speed": 1.4879375000000001, 
    "yawRate": 0.0014135143445882705
}