{
    "gpsHeading": 132, 
    "gpsLatitude": 49.230331919830306, 
    "gpsLongitude": 6.991955463679366, 
    "outsideTemperature": 17.0, 
    "speed": 11.753875, 
    "yawRate": 0.003991384017060304
}