{
    "gpsHeading": 310, 
    "gpsLatitude": 49.23289359707865, 
    "gpsLongitude": 7.001839320084287, 
    "outsideTemperature": 16.5, 
    "speed": 9.01075, 
    "yawRate": -0.04760536643269335
}