{
    "gpsHeading": 276, 
    "gpsLatitude": 49.2370308206668, 
    "gpsLongitude": 7.002566534003748, 
    "outsideTemperature": 14.0, 
    "speed": 8.545250000000001, 
    "yawRate": -0.07714599197240928
}