{
    "gpsHeading": 263, 
    "gpsLatitude": 49.24072807815728, 
    "gpsLongitude": 6.989477940738896, 
    "outsideTemperature": 13.5, 
    "speed": 3.8985625, 
    "yawRate": 0.4284817199941536
}