{
    "gpsHeading": 0, 
    "gpsLatitude": 49.239369455471646, 
    "gpsLongitude": 6.992685192169779, 
    "outsideTemperature": 14.5, 
    "speed": 8.3706875, 
    "yawRate": 0.0069847056375295135
}