{
    "gpsHeading": 2, 
    "gpsLatitude": 49.22738417212172, 
    "gpsLongitude": 7.0015579395947185, 
    "outsideTemperature": 16.0, 
    "speed": 10.324125, 
    "yawRate": 0.07391916839853017
}