{
    "gpsHeading": 111, 
    "gpsLatitude": 49.231226939451325, 
    "gpsLongitude": 7.00112937288536, 
    "outsideTemperature": 18.0, 
    "speed": 7.531125, 
    "yawRate": 0.00031810422028562203
}