{
    "gpsHeading": 193, 
    "gpsLatitude": 49.233190316451044, 
    "gpsLongitude": 6.999407143240007, 
    "outsideTemperature": 14.0, 
    "speed": 8.927625, 
    "yawRate": -0.03447425057972518
}