{
    "gpsHeading": 87, 
    "gpsLatitude": 49.23196387637849, 
    "gpsLongitude": 6.998572976236011, 
    "outsideTemperature": 22.0, 
    "speed": 6.4421875, 
    "yawRate": -0.0031725542837027798
}