{
    "gpsHeading": 161, 
    "gpsLatitude": 49.234407201154, 
    "gpsLongitude": 6.999459362496767, 
    "outsideTemperature": 13.5, 
    "speed": 7.2900625, 
    "yawRate": -0.011544596763114012
}