{
    "gpsHeading": 280, 
    "gpsLatitude": 49.23751780924126, 
    "gpsLongitude": 6.999948195089963, 
    "outsideTemperature": 15.0, 
    "speed": 9.102187500000001, 
    "yawRate": -0.06165548093253975
}