{
    "gpsHeading": 295, 
    "gpsLatitude": 49.23457693469329, 
    "gpsLongitude": 6.997797147278156, 
    "outsideTemperature": 18.0, 
    "speed": 5.2119375, 
    "yawRate": 0.007035432179601732
}