{
    "gpsHeading": 189, 
    "gpsLatitude": 49.234320532275156, 
    "gpsLongitude": 6.98863874459303, 
    "outsideTemperature": 21.5, 
    "speed": 7.6890625, 
    "yawRate": 0.0018950095986767375
}