{
    "gpsHeading": 105, 
    "gpsLatitude": 49.231087799858635, 
    "gpsLongitude": 7.001610745584699, 
    "outsideTemperature": 17.5, 
    "speed": 6.849500000000001, 
    "yawRate": 0.003983295649473295
}