{
    "gpsHeading": 109, 
    "gpsLatitude": 49.23987086091959, 
    "gpsLongitude": 6.988982151166101, 
    "outsideTemperature": 15.5, 
    "speed": 9.825375000000001, 
    "yawRate": 0.0013986331476894777
}