{
    "gpsHeading": 304, 
    "gpsLatitude": 49.2377333079719, 
    "gpsLongitude": 6.998881011177699, 
    "outsideTemperature": 14.5, 
    "speed": 9.67575, 
    "yawRate": -0.03338114705023201
}