{
    "gpsHeading": 312, 
    "gpsLatitude": 49.23208331849873, 
    "gpsLongitude": 7.003671017385124, 
    "outsideTemperature": 18.0, 
    "speed": 8.827875, 
    "yawRate": 0.004583572148999756
}