{
    "gpsHeading": 194, 
    "gpsLatitude": 49.23279863011567, 
    "gpsLongitude": 7.004756306208239, 
    "outsideTemperature": 16.0, 
    "speed": 6.359062500000001, 
    "yawRate": -0.005310280201464676
}