{
    "gpsHeading": 349, 
    "gpsLatitude": 49.22807634968592, 
    "gpsLongitude": 7.001451824700502, 
    "outsideTemperature": 15.5, 
    "speed": 11.679062500000002, 
    "yawRate": -0.1707759927310704
}