{
    "gpsHeading": 316, 
    "gpsLatitude": 49.23926023927329, 
    "gpsLongitude": 6.995499332341751, 
    "outsideTemperature": 15.0, 
    "speed": 10.6316875, 
    "yawRate": 3.388629552710312e-06
}