{
    "gpsHeading": 194, 
    "gpsLatitude": 49.234646923584805, 
    "gpsLongitude": 6.9888407484595305, 
    "outsideTemperature": 13.5, 
    "speed": 7.1071875, 
    "yawRate": 0.007242128471281421
}