{
    "gpsHeading": 274, 
    "gpsLatitude": 49.236981115980974, 
    "gpsLongitude": 7.00278463112437, 
    "outsideTemperature": 14.0, 
    "speed": 8.3208125, 
    "yawRate": -0.07278266884242351
}