{
    "gpsHeading": 318, 
    "gpsLatitude": 49.23969861280934, 
    "gpsLongitude": 6.99179126219617, 
    "outsideTemperature": 14.0, 
    "speed": 9.684062500000001, 
    "yawRate": 0.04730181135859789
}