{
    "gpsHeading": 17, 
    "gpsLatitude": 49.22705803226918, 
    "gpsLongitude": 7.001449645405676, 
    "outsideTemperature": 16.5, 
    "speed": 9.07725, 
    "yawRate": 0.05716400757938526
}