{
    "gpsHeading": 115, 
    "gpsLatitude": 49.23144947898063, 
    "gpsLongitude": 6.988975445643564, 
    "outsideTemperature": 16.0, 
    "speed": 10.8395, 
    "yawRate": -0.005029909258276986
}