{
    "gpsHeading": 105, 
    "gpsLatitude": 49.24001385618774, 
    "gpsLongitude": 6.98844713428643, 
    "outsideTemperature": 16.0, 
    "speed": 10.9309375, 
    "yawRate": 0.03717788281357283
}