{
    "gpsHeading": 271, 
    "gpsLatitude": 49.24060863603704, 
    "gpsLongitude": 6.990348820478783, 
    "outsideTemperature": 14.0, 
    "speed": 5.8769375, 
    "yawRate": 0.005064843460336537
}