{
    "gpsHeading": 208, 
    "gpsLatitude": 49.23737975929598, 
    "gpsLongitude": 6.998107110057572, 
    "outsideTemperature": 15.0, 
    "speed": 4.9126875000000005, 
    "yawRate": -0.004039680979538404
}