{
    "gpsHeading": 30, 
    "gpsLatitude": 49.23232169982502, 
    "gpsLongitude": 7.004487079478237, 
    "outsideTemperature": 20.5, 
    "speed": 2.5353125000000003, 
    "yawRate": 0.003488219469727474
}