{
    "gpsHeading": 120, 
    "gpsLatitude": 49.22673440698759, 
    "gpsLongitude": 6.997373190615542, 
    "outsideTemperature": 14.5, 
    "speed": 10.689875, 
    "yawRate": -0.043481571637185135
}