{
    "gpsHeading": 298, 
    "gpsLatitude": 49.232200832781245, 
    "gpsLongitude": 6.997899909411072, 
    "outsideTemperature": 14.5, 
    "speed": 4.1146875000000005, 
    "yawRate": -0.09019140018135423
}