{
    "gpsHeading": 310, 
    "gpsLatitude": 49.239053625360015, 
    "gpsLongitude": 6.995850198808642, 
    "outsideTemperature": 15.0, 
    "speed": 11.446312500000001, 
    "yawRate": -0.017973502665989096
}