{
    "gpsHeading": 162, 
    "gpsLatitude": 49.23532191824747, 
    "gpsLongitude": 6.996963231731256, 
    "outsideTemperature": 13.5, 
    "speed": 3.5826875, 
    "yawRate": 0.2963314832886803
}