{
    "gpsHeading": 348, 
    "gpsLatitude": 49.22797417428621, 
    "gpsLongitude": 7.001473533829748, 
    "outsideTemperature": 15.5, 
    "speed": 11.379812500000002, 
    "yawRate": -0.054187998697852
}