{
    "gpsHeading": 24, 
    "gpsLatitude": 49.231987764802525, 
    "gpsLongitude": 6.997391798440614, 
    "outsideTemperature": 13.5, 
    "speed": 4.3806875, 
    "yawRate": -0.03517757189918405
}