{
    "gpsHeading": 332, 
    "gpsLatitude": 49.2365999908436, 
    "gpsLongitude": 7.0051996250671476, 
    "outsideTemperature": 15.0, 
    "speed": 9.4180625, 
    "yawRate": -0.003144031687850787
}