{
    "gpsHeading": 0, 
    "gpsLatitude": 49.22862947147644, 
    "gpsLongitude": 6.99349488401648, 
    "outsideTemperature": 16.0, 
    "speed": 12.06975, 
    "yawRate": 0.006609377895051357
}