{
    "gpsHeading": 116, 
    "gpsLatitude": 49.23131997857658, 
    "gpsLongitude": 6.989370987654394, 
    "outsideTemperature": 15.5, 
    "speed": 10.440500000000002, 
    "yawRate": -0.010964028715058163
}