{
    "gpsHeading": 197, 
    "gpsLatitude": 49.233191657555544, 
    "gpsLongitude": 7.005019078872766, 
    "outsideTemperature": 13.5, 
    "speed": 4.5136875000000005, 
    "yawRate": -0.011854141261896907
}