{
    "gpsHeading": 198, 
    "gpsLatitude": 49.23293919463192, 
    "gpsLongitude": 6.999248809089031, 
    "outsideTemperature": 15.0, 
    "speed": 10.7646875, 
    "yawRate": -0.008684524113221136
}