{
    "gpsHeading": 252, 
    "gpsLatitude": 49.23974052232522, 
    "gpsLongitude": 6.994313209223448, 
    "outsideTemperature": 14.5, 
    "speed": 9.426375, 
    "yawRate": 0.015187753121903198
}