{
    "gpsHeading": 163, 
    "gpsLatitude": 49.235226699827415, 
    "gpsLongitude": 6.997190968040526, 
    "outsideTemperature": 13.5, 
    "speed": 4.522, 
    "yawRate": -0.006134076081931643
}