{
    "gpsHeading": 283, 
    "gpsLatitude": 49.23735109318712, 
    "gpsLongitude": 7.00155265899572, 
    "outsideTemperature": 16.0, 
    "speed": 6.4089374999999995, 
    "yawRate": 0.07971618847899894
}