{
    "gpsHeading": 21, 
    "gpsLatitude": 49.233069197950165, 
    "gpsLongitude": 7.005087139926553, 
    "outsideTemperature": 18.0, 
    "speed": 9.742250000000002, 
    "yawRate": -0.0008751036602582762
}