{
    "gpsHeading": 313, 
    "gpsLatitude": 49.23286551770301, 
    "gpsLongitude": 7.00190042415844, 
    "outsideTemperature": 16.5, 
    "speed": 3.8320625, 
    "yawRate": 0.002003130786955253
}