{
    "gpsHeading": 97, 
    "gpsLatitude": 49.235003322107794, 
    "gpsLongitude": 6.998242645431889, 
    "outsideTemperature": 13.5, 
    "speed": 7.331625000000001, 
    "yawRate": -0.0012471541763480795
}