{
    "gpsHeading": 19, 
    "gpsLatitude": 49.233232225966916, 
    "gpsLongitude": 7.005192081354293, 
    "outsideTemperature": 18.0, 
    "speed": 9.592625, 
    "yawRate": 0.0202433802888724
}