{
    "gpsHeading": 31, 
    "gpsLatitude": 49.2326088638278, 
    "gpsLongitude": 7.0047640175591575, 
    "outsideTemperature": 19.5, 
    "speed": 8.3873125, 
    "yawRate": 0.0015683572925335057
}