{
    "gpsHeading": 283, 
    "gpsLatitude": 49.23204140898286, 
    "gpsLongitude": 6.9984210123314785, 
    "outsideTemperature": 14.5, 
    "speed": 4.3557500000000005, 
    "yawRate": -0.02543968493236606
}