{
    "gpsHeading": 89, 
    "gpsLatitude": 49.23335552376262, 
    "gpsLongitude": 6.999080416654248, 
    "outsideTemperature": 15.5, 
    "speed": 6.5419375, 
    "yawRate": -0.009382655814018221
}