{
    "gpsHeading": 169, 
    "gpsLatitude": 49.231440007430045, 
    "gpsLongitude": 6.998253541906013, 
    "outsideTemperature": 14.0, 
    "speed": 3.6575, 
    "yawRate": -0.0016003512765468406
}