{
    "gpsHeading": 43, 
    "gpsLatitude": 49.23126080234016, 
    "gpsLongitude": 7.003291317171288, 
    "outsideTemperature": 21.0, 
    "speed": 4.8129375, 
    "yawRate": 0.006455279198118062
}