{
    "gpsHeading": 112, 
    "gpsLatitude": 49.23153723750687, 
    "gpsLongitude": 6.988704626351959, 
    "outsideTemperature": 16.0, 
    "speed": 10.955875, 
    "yawRate": -0.0217850700774229
}