{
    "gpsHeading": 268, 
    "gpsLatitude": 49.23304832701126, 
    "gpsLongitude": 6.997685165051718, 
    "outsideTemperature": 15.5, 
    "speed": 3.607625, 
    "yawRate": 0.024825797525069703
}