{
    "gpsHeading": 263, 
    "gpsLatitude": 49.23736886282183, 
    "gpsLongitude": 7.004391525782047, 
    "outsideTemperature": 14.5, 
    "speed": 7.4479999999999995, 
    "yawRate": 0.0818535028842717
}