{
    "gpsHeading": 15, 
    "gpsLatitude": 49.228359741832264, 
    "gpsLongitude": 7.001397090872791, 
    "outsideTemperature": 15.0, 
    "speed": 12.053125, 
    "yawRate": 0.00044080688957050035
}