{
    "gpsHeading": 113, 
    "gpsLatitude": 49.23353003498673, 
    "gpsLongitude": 6.9986229323789475, 
    "outsideTemperature": 16.0, 
    "speed": 6.0099375, 
    "yawRate": -0.016189439896796744
}