{
    "gpsHeading": 12, 
    "gpsLatitude": 49.23685639326174, 
    "gpsLongitude": 6.996661315578917, 
    "outsideTemperature": 14.0, 
    "speed": 8.204437500000001, 
    "yawRate": -0.07490004861050702
}