{
    "gpsHeading": 165, 
    "gpsLatitude": 49.23667559561024, 
    "gpsLongitude": 6.990205741391579, 
    "outsideTemperature": 13.5, 
    "speed": 7.6059375000000005, 
    "yawRate": 0.03272393555039784
}