{
    "gpsHeading": 120, 
    "gpsLatitude": 49.23110531803626, 
    "gpsLongitude": 6.989926288739739, 
    "outsideTemperature": 15.0, 
    "speed": 4.854500000000001, 
    "yawRate": 0.007536461356081458
}