{
    "gpsHeading": 238, 
    "gpsLatitude": 49.232643648725976, 
    "gpsLongitude": 7.004618507720034, 
    "outsideTemperature": 15.5, 
    "speed": 7.5145, 
    "yawRate": -0.051736038304512504
}