{
    "gpsHeading": 25, 
    "gpsLatitude": 49.23290524792406, 
    "gpsLongitude": 7.004981863222652, 
    "outsideTemperature": 18.5, 
    "speed": 9.8170625, 
    "yawRate": 0.0376966728088154
}