{
    "gpsHeading": 21, 
    "gpsLatitude": 49.2306447324568, 
    "gpsLongitude": 7.002609616986082, 
    "outsideTemperature": 16.0, 
    "speed": 8.960875, 
    "yawRate": -0.07537184176080397
}