{
    "gpsHeading": 119, 
    "gpsLatitude": 49.23798694436197, 
    "gpsLongitude": 6.989637699813413, 
    "outsideTemperature": 13.5, 
    "speed": 8.528625, 
    "yawRate": 0.0012241002224902065
}