{
    "gpsHeading": 192, 
    "gpsLatitude": 49.233354434115206, 
    "gpsLongitude": 6.9994638049054805, 
    "outsideTemperature": 14.0, 
    "speed": 9.1686875, 
    "yawRate": -0.030459993300138967
}