{
    "gpsHeading": 355, 
    "gpsLatitude": 49.2352469840331, 
    "gpsLongitude": 7.005813264198601, 
    "outsideTemperature": 15.5, 
    "speed": 8.8528125, 
    "yawRate": 0.030540822875639324
}