{
    "gpsHeading": 154, 
    "gpsLatitude": 49.22508057367214, 
    "gpsLongitude": 6.9998579219927395, 
    "outsideTemperature": 14.5, 
    "speed": 10.1745, 
    "yawRate": 0.008878305922643869
}