{
    "gpsHeading": 15, 
    "gpsLatitude": 49.226720241571236, 
    "gpsLongitude": 7.001265746450026, 
    "outsideTemperature": 17.0, 
    "speed": 7.3066875, 
    "yawRate": -0.03394217937471768
}