{
    "gpsHeading": 274, 
    "gpsLatitude": 49.24065331158096, 
    "gpsLongitude": 6.9900212557027075, 
    "outsideTemperature": 13.5, 
    "speed": 6.2759375, 
    "yawRate": -0.020067897768381346
}