{
    "gpsHeading": 167, 
    "gpsLatitude": 49.240627495319195, 
    "gpsLongitude": 6.988809651598764, 
    "outsideTemperature": 14.0, 
    "speed": 0.0, 
    "yawRate": -0.0008377985441407802
}