{
    "gpsHeading": 299, 
    "gpsLatitude": 49.23217191521528, 
    "gpsLongitude": 7.003496589980059, 
    "outsideTemperature": 14.0, 
    "speed": 7.381500000000001, 
    "yawRate": -0.007487664840583493
}