{
    "gpsHeading": 92, 
    "gpsLatitude": 49.23795417112055, 
    "gpsLongitude": 6.990388802156911, 
    "outsideTemperature": 14.0, 
    "speed": 5.187, 
    "yawRate": 0.026356841451208087
}