{
    "gpsHeading": 109, 
    "gpsLatitude": 49.23961831417692, 
    "gpsLongitude": 6.989790166632169, 
    "outsideTemperature": 15.0, 
    "speed": 7.3731875, 
    "yawRate": 0.011172476958857598
}