{
    "gpsHeading": 38, 
    "gpsLatitude": 49.23114052202959, 
    "gpsLongitude": 7.003151255569259, 
    "outsideTemperature": 21.5, 
    "speed": 5.8270625, 
    "yawRate": -0.0052384267902440265
}