{
    "gpsHeading": 206, 
    "gpsLatitude": 49.23547664818008, 
    "gpsLongitude": 6.989400156677431, 
    "outsideTemperature": 13.5, 
    "speed": 7.9135, 
    "yawRate": 0.0023552065656968647
}