{
    "gpsHeading": 15, 
    "gpsLatitude": 49.228577503676746, 
    "gpsLongitude": 7.001497422253786, 
    "outsideTemperature": 15.0, 
    "speed": 12.119625000000001, 
    "yawRate": 0.0016625373659663917
}