{
    "gpsHeading": 298, 
    "gpsLatitude": 49.23428641792924, 
    "gpsLongitude": 6.998537353147533, 
    "outsideTemperature": 19.5, 
    "speed": 7.963375, 
    "yawRate": -0.015653848096324367
}