{
    "gpsHeading": 202, 
    "gpsLatitude": 49.23598945301633, 
    "gpsLongitude": 6.989752364248831, 
    "outsideTemperature": 13.5, 
    "speed": 8.038187500000001, 
    "yawRate": 0.00828932602247804
}