{
    "gpsHeading": 222, 
    "gpsLatitude": 49.23616530534494, 
    "gpsLongitude": 6.99739791722993, 
    "outsideTemperature": 14.0, 
    "speed": 4.339125, 
    "yawRate": 0.06559895617503333
}