{
    "gpsHeading": 287, 
    "gpsLatitude": 49.24068809647914, 
    "gpsLongitude": 6.989769379512302, 
    "outsideTemperature": 13.5, 
    "speed": 6.0431875, 
    "yawRate": -0.013086580760404542
}