{
    "gpsHeading": 262, 
    "gpsLatitude": 49.2383716737177, 
    "gpsLongitude": 6.9898229398735685, 
    "outsideTemperature": 13.5, 
    "speed": 2.5602500000000004, 
    "yawRate": 0.00035143559649285835
}