{
    "gpsHeading": 272, 
    "gpsLatitude": 49.24057804209045, 
    "gpsLongitude": 6.989063790903024, 
    "outsideTemperature": 14.0, 
    "speed": 4.172875, 
    "yawRate": 0.004541244684737732
}