{
    "gpsHeading": 43, 
    "gpsLatitude": 49.23641919319213, 
    "gpsLongitude": 6.996355962846245, 
    "outsideTemperature": 14.0, 
    "speed": 6.9658750000000005, 
    "yawRate": 0.024932784603566422
}