{
    "gpsHeading": 85, 
    "gpsLatitude": 49.23496945921897, 
    "gpsLongitude": 6.999089888204833, 
    "outsideTemperature": 13.5, 
    "speed": 5.3865, 
    "yawRate": 0.004861498205632368
}