{
    "gpsHeading": 23, 
    "gpsLatitude": 49.2352644183917, 
    "gpsLongitude": 6.996525193471345, 
    "outsideTemperature": 14.5, 
    "speed": 5.444687500000001, 
    "yawRate": 0.213428343818951
}