{
    "gpsHeading": 22, 
    "gpsLatitude": 49.23025220793111, 
    "gpsLongitude": 7.002333768552575, 
    "outsideTemperature": 14.0, 
    "speed": 5.5444375, 
    "yawRate": 0.00585132757075287
}