{
    "gpsHeading": 109, 
    "gpsLatitude": 49.23191693772068, 
    "gpsLongitude": 6.99874153630889, 
    "outsideTemperature": 22.5, 
    "speed": 8.2875625, 
    "yawRate": -0.02394197238243491
}