{
    "gpsHeading": 49, 
    "gpsLatitude": 49.23616698172558, 
    "gpsLongitude": 6.9884107568266645, 
    "outsideTemperature": 15.0, 
    "speed": 7.090562500000001, 
    "yawRate": -0.00546589334756689
}