{
    "gpsHeading": 36, 
    "gpsLatitude": 49.23155031327582, 
    "gpsLongitude": 7.003619301042524, 
    "outsideTemperature": 19.5, 
    "speed": 7.48125, 
    "yawRate": 0.016229123009285192
}