{
    "gpsHeading": 34, 
    "gpsLatitude": 49.23078999083881, 
    "gpsLongitude": 7.002716570070583, 
    "outsideTemperature": 16.0, 
    "speed": 10.0165625, 
    "yawRate": 0.015210746417700163
}