{
    "gpsHeading": 284, 
    "gpsLatitude": 49.23294975582992, 
    "gpsLongitude": 7.001718201583426, 
    "outsideTemperature": 16.0, 
    "speed": 6.0431875, 
    "yawRate": 0.008984447794933048
}