{
    "gpsHeading": 190, 
    "gpsLatitude": 49.23241281111254, 
    "gpsLongitude": 6.987872638642821, 
    "outsideTemperature": 17.5, 
    "speed": 8.7530625, 
    "yawRate": -0.008171501911866845
}