{
    "gpsHeading": 137, 
    "gpsLatitude": 49.227223071942696, 
    "gpsLongitude": 6.996255715284281, 
    "outsideTemperature": 15.0, 
    "speed": 11.221875, 
    "yawRate": -0.012240178026486805
}