{
    "gpsHeading": 17, 
    "gpsLatitude": 49.22691109750653, 
    "gpsLongitude": 7.001383260732524, 
    "outsideTemperature": 17.0, 
    "speed": 8.362375, 
    "yawRate": 0.03377659560266108
}