{
    "gpsHeading": 16, 
    "gpsLatitude": 49.231540841725234, 
    "gpsLongitude": 6.997059875074889, 
    "outsideTemperature": 13.5, 
    "speed": 3.6159375000000002, 
    "yawRate": -0.021738536658827266
}