{
    "gpsHeading": 330, 
    "gpsLatitude": 49.233271117997646, 
    "gpsLongitude": 6.993927138763235, 
    "outsideTemperature": 14.5, 
    "speed": 8.794625, 
    "yawRate": -0.02844452744197273
}