{
    "gpsHeading": 114, 
    "gpsLatitude": 49.23358585846187, 
    "gpsLongitude": 6.998313807789848, 
    "outsideTemperature": 16.0, 
    "speed": 6.0598125000000005, 
    "yawRate": 0.010688630583915832
}