{
    "gpsHeading": 186, 
    "gpsLatitude": 49.23170780923648, 
    "gpsLongitude": 6.998444649298422, 
    "outsideTemperature": 13.5, 
    "speed": 8.1711875, 
    "yawRate": -0.01579922758338629
}