{
    "gpsHeading": 267, 
    "gpsLatitude": 49.23742108207863, 
    "gpsLongitude": 7.000785714855193, 
    "outsideTemperature": 16.0, 
    "speed": 8.470437500000001, 
    "yawRate": -0.030588620247040697
}