{
    "gpsHeading": 103, 
    "gpsLatitude": 49.23145056862805, 
    "gpsLongitude": 7.0003324215314775, 
    "outsideTemperature": 19.5, 
    "speed": 9.093875, 
    "yawRate": -0.015913457823261486
}