{
    "gpsHeading": 142, 
    "gpsLatitude": 49.226031416768315, 
    "gpsLongitude": 6.999072118570108, 
    "outsideTemperature": 14.5, 
    "speed": 11.305000000000001, 
    "yawRate": -0.022886686463652273
}