{
    "gpsHeading": 305, 
    "gpsLatitude": 49.23709586423544, 
    "gpsLongitude": 7.002355477681821, 
    "outsideTemperature": 14.0, 
    "speed": 7.431375000000001, 
    "yawRate": -0.013616007199816985
}