{
    "gpsHeading": 284, 
    "gpsLatitude": 49.23468690526295, 
    "gpsLongitude": 6.997517107893063, 
    "outsideTemperature": 19.0, 
    "speed": 2.7846875, 
    "yawRate": 0.033913502660313316
}