{
    "gpsHeading": 296, 
    "gpsLatitude": 49.23720801409991, 
    "gpsLongitude": 7.002025482153793, 
    "outsideTemperature": 14.0, 
    "speed": 4.256, 
    "yawRate": -0.004714828014646213
}