{
    "gpsHeading": 203, 
    "gpsLatitude": 49.23260081720075, 
    "gpsLongitude": 6.9990332265393596, 
    "outsideTemperature": 14.0, 
    "speed": 8.428875, 
    "yawRate": -0.0038625491609853707
}