{
    "gpsHeading": 348, 
    "gpsLatitude": 49.23575886685999, 
    "gpsLongitude": 7.005665742702716, 
    "outsideTemperature": 15.5, 
    "speed": 7.315, 
    "yawRate": 0.000521159741336886
}