{
    "gpsHeading": 170, 
    "gpsLatitude": 49.232200832781245, 
    "gpsLongitude": 6.99877959014929, 
    "outsideTemperature": 13.5, 
    "speed": 6.1429375, 
    "yawRate": -0.008468844725009951
}