{
    "gpsHeading": 169, 
    "gpsLatitude": 49.233074478549156, 
    "gpsLongitude": 7.004940456620984, 
    "outsideTemperature": 14.5, 
    "speed": 0.0, 
    "yawRate": -9.923631785477348e-05
}