{
    "gpsHeading": 268, 
    "gpsLatitude": 49.238247537731674, 
    "gpsLongitude": 6.989418764502473, 
    "outsideTemperature": 13.5, 
    "speed": 5.2784375, 
    "yawRate": 0.38153134423204854
}