{
    "gpsHeading": 291, 
    "gpsLatitude": 49.23767279063097, 
    "gpsLongitude": 6.999108496029872, 
    "outsideTemperature": 14.5, 
    "speed": 8.786312500000001, 
    "yawRate": -0.050310840794576206
}