{
    "gpsHeading": 348, 
    "gpsLatitude": 49.22776865002036, 
    "gpsLongitude": 7.0015182093736525, 
    "outsideTemperature": 16.0, 
    "speed": 11.554375, 
    "yawRate": -0.014918090527980253
}