{
    "gpsHeading": 327, 
    "gpsLatitude": 49.23717331302078, 
    "gpsLongitude": 7.004836018107433, 
    "outsideTemperature": 14.5, 
    "speed": 6.7580625, 
    "yawRate": 0.010644069402903548
}