{
    "gpsHeading": 258, 
    "gpsLatitude": 49.233594743279234, 
    "gpsLongitude": 6.999529602845377, 
    "outsideTemperature": 25.0, 
    "speed": 0.6068125000000001, 
    "yawRate": 0.0004031810220234723
}