{
    "gpsHeading": 56, 
    "gpsLatitude": 49.230996688571125, 
    "gpsLongitude": 6.990231557653348, 
    "outsideTemperature": 20.5, 
    "speed": 8.5535625, 
    "yawRate": -0.012589243876885347
}