{
    "gpsHeading": 109, 
    "gpsLatitude": 49.240197252229216, 
    "gpsLongitude": 6.987967940881914, 
    "outsideTemperature": 16.5, 
    "speed": 9.443000000000001, 
    "yawRate": -0.012040402092666314
}