{
    "gpsHeading": 157, 
    "gpsLatitude": 49.23678975713148, 
    "gpsLongitude": 6.9902823519865995, 
    "outsideTemperature": 13.5, 
    "speed": 3.7489375, 
    "yawRate": -0.00026278731229418834
}