{
    "gpsHeading": 115, 
    "gpsLatitude": 49.237994990989016, 
    "gpsLongitude": 6.998047682364053, 
    "outsideTemperature": 13.5, 
    "speed": 7.2318750000000005, 
    "yawRate": 0.0015453726268432374
}