{
    "gpsHeading": 274, 
    "gpsLatitude": 49.23353858452796, 
    "gpsLongitude": 7.000355974679423, 
    "outsideTemperature": 16.0, 
    "speed": 2.7680625, 
    "yawRate": 0.013306624461906886
}