{
    "gpsHeading": 35, 
    "gpsLatitude": 49.23610386599467, 
    "gpsLongitude": 6.989824029520982, 
    "outsideTemperature": 15.5, 
    "speed": 8.41225, 
    "yawRate": 0.02176124298354423
}