{
    "gpsHeading": 49, 
    "gpsLatitude": 49.23653167833273, 
    "gpsLongitude": 6.996446319762469, 
    "outsideTemperature": 14.0, 
    "speed": 7.5145, 
    "yawRate": 0.04674940025349517
}