{
    "gpsHeading": 125, 
    "gpsLatitude": 49.2380788938398, 
    "gpsLongitude": 6.9978229635399245, 
    "outsideTemperature": 13.5, 
    "speed": 7.040687500000001, 
    "yawRate": 0.050414591682683835
}