{
    "gpsHeading": 117, 
    "gpsLatitude": 49.23140639599831, 
    "gpsLongitude": 6.989109639913373, 
    "outsideTemperature": 15.5, 
    "speed": 10.590125, 
    "yawRate": -0.0017137836794878555
}