{
    "gpsHeading": 64, 
    "gpsLatitude": 49.2340714221128, 
    "gpsLongitude": 6.994077929201325, 
    "outsideTemperature": 15.0, 
    "speed": 5.7855, 
    "yawRate": -0.00383538498885266
}