{
    "gpsHeading": 15, 
    "gpsLatitude": 49.22526857976036, 
    "gpsLongitude": 7.001198188310431, 
    "outsideTemperature": 14.0, 
    "speed": 12.2276875, 
    "yawRate": 0.11673965369589173
}