{
    "gpsHeading": 18, 
    "gpsLatitude": 49.23340916794295, 
    "gpsLongitude": 6.9994788085121575, 
    "outsideTemperature": 15.5, 
    "speed": 5.635875, 
    "yawRate": 0.09202097372685066
}