{
    "gpsHeading": 188, 
    "gpsLatitude": 49.232927795243604, 
    "gpsLongitude": 6.98810129696144, 
    "outsideTemperature": 19.0, 
    "speed": 9.659125, 
    "yawRate": 0.00666379673008411
}