{
    "gpsHeading": 95, 
    "gpsLatitude": 49.24025969740788, 
    "gpsLongitude": 6.9877979558855285, 
    "outsideTemperature": 16.5, 
    "speed": 6.799625000000001, 
    "yawRate": -0.009422408214675262
}