{
    "gpsHeading": 282, 
    "gpsLatitude": 49.23111613069136, 
    "gpsLongitude": 6.997584330756531, 
    "outsideTemperature": 14.0, 
    "speed": 7.996625, 
    "yawRate": -0.045374221186316926
}