{
    "gpsHeading": 29, 
    "gpsLatitude": 49.22506003800935, 
    "gpsLongitude": 7.001098192205561, 
    "outsideTemperature": 14.0, 
    "speed": 11.9783125, 
    "yawRate": 0.12633896458186059
}