{
    "gpsHeading": 86, 
    "gpsLatitude": 49.23131142903532, 
    "gpsLongitude": 7.0008374311977954, 
    "outsideTemperature": 18.5, 
    "speed": 7.622562500000001, 
    "yawRate": -0.008059476189287335
}