{
    "gpsHeading": 327, 
    "gpsLatitude": 49.23697751176261, 
    "gpsLongitude": 7.004960154093437, 
    "outsideTemperature": 14.5, 
    "speed": 8.2210625, 
    "yawRate": 0.0008702255917354287
}