{
    "gpsHeading": 213, 
    "gpsLatitude": 49.23215774979891, 
    "gpsLongitude": 7.004154317922194, 
    "outsideTemperature": 14.5, 
    "speed": 2.9509375, 
    "yawRate": 0.0035908989837070866
}