{
    "gpsHeading": 39, 
    "gpsLatitude": 49.23381393004726, 
    "gpsLongitude": 6.993759081604546, 
    "outsideTemperature": 14.0, 
    "speed": 5.2285625, 
    "yawRate": -0.02617559941438022
}