{
    "gpsHeading": 195, 
    "gpsLatitude": 49.2327530325624, 
    "gpsLongitude": 6.999129869882961, 
    "outsideTemperature": 14.5, 
    "speed": 9.268437500000001, 
    "yawRate": 0.009751019004569695
}