{
    "gpsHeading": 28, 
    "gpsLatitude": 49.23005665813004, 
    "gpsLongitude": 7.002195131874083, 
    "outsideTemperature": 14.5, 
    "speed": 8.786312500000001, 
    "yawRate": 0.03255486512626519
}