{
    "gpsHeading": 111, 
    "gpsLatitude": 49.23122417342328, 
    "gpsLongitude": 6.989617918521928, 
    "outsideTemperature": 15.5, 
    "speed": 9.193625, 
    "yawRate": -0.02283226762861952
}