{
    "gpsHeading": 356, 
    "gpsLatitude": 49.22756781962028, 
    "gpsLongitude": 7.001560705622765, 
    "outsideTemperature": 16.0, 
    "speed": 11.230187500000001, 
    "yawRate": 0.06344719288656397
}