{
    "gpsHeading": 25, 
    "gpsLatitude": 49.237407503395474, 
    "gpsLongitude": 6.990650485174059, 
    "outsideTemperature": 19.0, 
    "speed": 10.7314375, 
    "yawRate": -0.0018828522562403269
}