{
    "gpsHeading": 267, 
    "gpsLatitude": 49.23931581129133, 
    "gpsLongitude": 6.992423509152663, 
    "outsideTemperature": 14.5, 
    "speed": 4.8877500000000005, 
    "yawRate": -0.28500887822111626
}