{
    "gpsHeading": 223, 
    "gpsLatitude": 49.23240333956195, 
    "gpsLongitude": 6.998907917086912, 
    "outsideTemperature": 14.0, 
    "speed": 6.5419375, 
    "yawRate": 0.006609426350980827
}