{
    "gpsHeading": 344, 
    "gpsLatitude": 49.23281472336977, 
    "gpsLongitude": 6.998087915499276, 
    "outsideTemperature": 15.5, 
    "speed": 3.3665625, 
    "yawRate": 0.29273383770619515
}