{
    "gpsHeading": 338, 
    "gpsLatitude": 49.23360807050529, 
    "gpsLongitude": 6.99370015682525, 
    "outsideTemperature": 14.0, 
    "speed": 5.7771875, 
    "yawRate": -0.1705143285543085
}