{
    "gpsHeading": 307, 
    "gpsLatitude": 49.2389152401386, 
    "gpsLongitude": 6.996084892097546, 
    "outsideTemperature": 15.0, 
    "speed": 11.5294375, 
    "yawRate": -0.04101184879231374
}