{
    "gpsHeading": 323, 
    "gpsLatitude": 49.23199857745763, 
    "gpsLongitude": 7.003838487810558, 
    "outsideTemperature": 18.0, 
    "speed": 7.315, 
    "yawRate": 0.08504325066593722
}