{
    "gpsHeading": 193, 
    "gpsLatitude": 49.23417946484473, 
    "gpsLongitude": 6.988589878097507, 
    "outsideTemperature": 20.5, 
    "speed": 9.7671875, 
    "yawRate": 0.019697367969018283
}