{
    "gpsHeading": 163, 
    "gpsLatitude": 49.233594743279234, 
    "gpsLongitude": 6.999529602845377, 
    "outsideTemperature": 22.5, 
    "speed": 0.0, 
    "yawRate": -0.0003288449562197375
}