{
    "gpsHeading": 195, 
    "gpsLatitude": 49.233829688025224, 
    "gpsLongitude": 6.988468256682422, 
    "outsideTemperature": 18.5, 
    "speed": 9.226875000000001, 
    "yawRate": 0.011319787559445323
}