{
    "gpsHeading": 199, 
    "gpsLatitude": 49.231578895565654, 
    "gpsLongitude": 6.998351023439963, 
    "outsideTemperature": 13.5, 
    "speed": 5.3283125, 
    "yawRate": -0.0030583240438275825
}