{
    "gpsHeading": 190, 
    "gpsLatitude": 49.23400864165803, 
    "gpsLongitude": 6.988530701861082, 
    "outsideTemperature": 19.5, 
    "speed": 10.1994375, 
    "yawRate": -0.00316644523210709
}