{
    "gpsHeading": 199, 
    "gpsLatitude": 49.2330391907368, 
    "gpsLongitude": 6.999311589543819, 
    "outsideTemperature": 14.0, 
    "speed": 8.886062500000001, 
    "yawRate": 0.007937250243736428
}