{
    "gpsHeading": 182, 
    "gpsLatitude": 49.23748587419016, 
    "gpsLongitude": 6.990702704430818, 
    "outsideTemperature": 14.0, 
    "speed": 7.664125, 
    "yawRate": -0.01789061275743646
}