{
    "gpsHeading": 28, 
    "gpsLatitude": 49.2313960862574, 
    "gpsLongitude": 7.0034448736374575, 
    "outsideTemperature": 15.5, 
    "speed": 4.655, 
    "yawRate": -0.0027661448778406525
}