{
    "gpsHeading": 213, 
    "gpsLatitude": 49.23232387911985, 
    "gpsLongitude": 7.004315753377345, 
    "outsideTemperature": 15.0, 
    "speed": 8.428875, 
    "yawRate": 0.02278952075564379
}