{
    "gpsHeading": 299, 
    "gpsLatitude": 49.233676131559065, 
    "gpsLongitude": 7.000033187588155, 
    "outsideTemperature": 14.5, 
    "speed": 6.292562500000001, 
    "yawRate": 0.010555244121727482
}