{
    "gpsHeading": 105, 
    "gpsLatitude": 49.231514187273135, 
    "gpsLongitude": 7.000099069347082, 
    "outsideTemperature": 20.0, 
    "speed": 9.044, 
    "yawRate": 0.003983295649473295
}