{
    "gpsHeading": 14, 
    "gpsLatitude": 49.2294533287395, 
    "gpsLongitude": 7.001891539341078, 
    "outsideTemperature": 14.5, 
    "speed": 10.8976875, 
    "yawRate": -0.017012485630372498
}