{
    "gpsHeading": 257, 
    "gpsLatitude": 49.2369986341586, 
    "gpsLongitude": 7.00314270602799, 
    "outsideTemperature": 14.5, 
    "speed": 8.8029375, 
    "yawRate": -0.1171140318430791
}