{
    "gpsHeading": 123, 
    "gpsLatitude": 49.22689056184374, 
    "gpsLongitude": 6.997016037721269, 
    "outsideTemperature": 14.5, 
    "speed": 10.6981875, 
    "yawRate": -0.028471740070033915
}