{
    "gpsHeading": 206, 
    "gpsLatitude": 49.23122668799423, 
    "gpsLongitude": 6.998103757296303, 
    "outsideTemperature": 14.5, 
    "speed": 5.602625000000001, 
    "yawRate": -0.11448925956529184
}