{
    "gpsHeading": 132, 
    "gpsLatitude": 49.227961685250484, 
    "gpsLongitude": 6.994609593319726, 
    "outsideTemperature": 15.0, 
    "speed": 11.571, 
    "yawRate": 0.01969934728500861
}