{
    "gpsHeading": 21, 
    "gpsLatitude": 49.23758360718119, 
    "gpsLongitude": 6.990766574533018, 
    "outsideTemperature": 18.5, 
    "speed": 9.883562500000002, 
    "yawRate": -0.008864169264218123
}