{
    "gpsHeading": 193, 
    "gpsLatitude": 49.2349872288537, 
    "gpsLongitude": 6.9890623659794855, 
    "outsideTemperature": 13.5, 
    "speed": 8.1878125, 
    "yawRate": 0.04005431840877418
}