{
    "gpsHeading": 58, 
    "gpsLatitude": 49.23450275485018, 
    "gpsLongitude": 6.995316271576417, 
    "outsideTemperature": 15.5, 
    "speed": 10.1163125, 
    "yawRate": 0.014809874941999758
}