{
    "gpsHeading": 341, 
    "gpsLatitude": 49.23643503498912, 
    "gpsLongitude": 7.005309930912918, 
    "outsideTemperature": 15.0, 
    "speed": 9.94175, 
    "yawRate": 0.012214865729698973
}