{
    "gpsHeading": 357, 
    "gpsLatitude": 49.22622168597037, 
    "gpsLongitude": 7.001152926033304, 
    "outsideTemperature": 14.0, 
    "speed": 8.545250000000001, 
    "yawRate": -0.024806548640846242
}