{
    "gpsHeading": 294, 
    "gpsLatitude": 49.23142030995757, 
    "gpsLongitude": 6.996430729422568, 
    "outsideTemperature": 13.5, 
    "speed": 10.091375000000001, 
    "yawRate": -0.008896839819636487
}