{
    "gpsHeading": 26, 
    "gpsLatitude": 49.23720440988155, 
    "gpsLongitude": 6.996887375507519, 
    "outsideTemperature": 14.0, 
    "speed": 8.794625, 
    "yawRate": 0.04936739413148722
}