{
    "gpsHeading": 195, 
    "gpsLatitude": 49.235116645438715, 
    "gpsLongitude": 6.989150711238946, 
    "outsideTemperature": 13.5, 
    "speed": 7.780500000000001, 
    "yawRate": 0.0004353443885038886
}