{
    "gpsHeading": 245, 
    "gpsLatitude": 49.23331336278965, 
    "gpsLongitude": 7.000884872769746, 
    "outsideTemperature": 16.0, 
    "speed": 7.896875, 
    "yawRate": 0.007547037930325972
}