{
    "gpsHeading": 330, 
    "gpsLatitude": 49.232979427767155, 
    "gpsLongitude": 6.994152360501521, 
    "outsideTemperature": 15.5, 
    "speed": 9.3515625, 
    "yawRate": -0.022859473835591088
}