{
    "gpsHeading": 93, 
    "gpsLatitude": 49.234982199711794, 
    "gpsLongitude": 6.9987512593165695, 
    "outsideTemperature": 13.5, 
    "speed": 6.5419375, 
    "yawRate": 0.00084724092604516
}