{
    "gpsHeading": 196, 
    "gpsLatitude": 49.23237584691953, 
    "gpsLongitude": 6.998890482728282, 
    "outsideTemperature": 13.5, 
    "speed": 4.455500000000001, 
    "yawRate": -0.003407389894227117
}