{
    "gpsHeading": 190, 
    "gpsLatitude": 49.2332897258227, 
    "gpsLongitude": 6.999448466022643, 
    "outsideTemperature": 15.5, 
    "speed": 9.891875, 
    "yawRate": -0.05737921024386147
}