{
    "gpsHeading": 116, 
    "gpsLatitude": 49.22908083696241, 
    "gpsLongitude": 6.99277655491438, 
    "outsideTemperature": 16.5, 
    "speed": 11.612562500000001, 
    "yawRate": 0.013765227828228425
}