{
    "gpsHeading": 306, 
    "gpsLatitude": 49.23177612174735, 
    "gpsLongitude": 6.995414088386463, 
    "outsideTemperature": 13.5, 
    "speed": 4.7963125, 
    "yawRate": -0.022510407985191553
}