{
    "gpsHeading": 133, 
    "gpsLatitude": 49.22990385603515, 
    "gpsLongitude": 6.9927229107340505, 
    "outsideTemperature": 16.5, 
    "speed": 11.654125, 
    "yawRate": 0.006085779119453544
}