{
    "gpsHeading": 34, 
    "gpsLatitude": 49.237996918826745, 
    "gpsLongitude": 6.99804072538442, 
    "outsideTemperature": 18.5, 
    "speed": 0.0, 
    "yawRate": 0.00022394109683009566
}