{
    "gpsHeading": 315, 
    "gpsLatitude": 49.24002332773834, 
    "gpsLongitude": 6.9910052073164115, 
    "outsideTemperature": 14.0, 
    "speed": 5.569375, 
    "yawRate": -0.17295874024308286
}