{
    "gpsHeading": 65, 
    "gpsLatitude": 49.224626358339094, 
    "gpsLongitude": 7.000224881713754, 
    "outsideTemperature": 14.5, 
    "speed": 9.044, 
    "yawRate": 0.09038518199077797
}