{
    "gpsHeading": 152, 
    "gpsLatitude": 49.22517445098769, 
    "gpsLongitude": 6.999782401045164, 
    "outsideTemperature": 14.5, 
    "speed": 11.6956875, 
    "yawRate": 0.024760802115792437
}