{
    "gpsHeading": 152, 
    "gpsLatitude": 49.23201802347299, 
    "gpsLongitude": 6.9877985426187506, 
    "outsideTemperature": 16.5, 
    "speed": 7.564375, 
    "yawRate": 0.20545679853223564
}