{
    "gpsHeading": 104, 
    "gpsLatitude": 49.23375584345825, 
    "gpsLongitude": 6.997373777348763, 
    "outsideTemperature": 17.0, 
    "speed": 5.7855, 
    "yawRate": -0.0013541412548447986
}