{
    "gpsHeading": 96, 
    "gpsLatitude": 49.2351633326394, 
    "gpsLongitude": 6.997442425135771, 
    "outsideTemperature": 13.5, 
    "speed": 4.7464375, 
    "yawRate": 0.013064545690005062
}