{
    "gpsHeading": 122, 
    "gpsLatitude": 49.22744251016782, 
    "gpsLongitude": 6.995757662597596, 
    "outsideTemperature": 15.0, 
    "speed": 10.67325, 
    "yawRate": -2.2873262526903505e-05
}