{
    "gpsHeading": 102, 
    "gpsLatitude": 49.23166581590157, 
    "gpsLongitude": 6.999591796566943, 
    "outsideTemperature": 21.0, 
    "speed": 8.063125000000001, 
    "yawRate": 0.009917415106254471
}