{
    "gpsHeading": 338, 
    "gpsLatitude": 49.23234248694489, 
    "gpsLongitude": 6.9947107628910405, 
    "outsideTemperature": 13.5, 
    "speed": 6.4421875, 
    "yawRate": 0.036132654881816176
}