{
    "gpsHeading": 132, 
    "gpsLatitude": 49.23076526422445, 
    "gpsLongitude": 6.990877634750074, 
    "outsideTemperature": 18.5, 
    "speed": 10.739749999999999, 
    "yawRate": 0.018477616808612717
}