{
    "gpsHeading": 127, 
    "gpsLatitude": 49.23076526422445, 
    "gpsLongitude": 6.990877634750074, 
    "outsideTemperature": 19.5, 
    "speed": 10.191125000000001, 
    "yawRate": -0.007178723195702978
}