{
    "gpsHeading": 331, 
    "gpsLatitude": 49.23276334230332, 
    "gpsLongitude": 6.994338774028154, 
    "outsideTemperature": 16.0, 
    "speed": 9.193625, 
    "yawRate": 0.03683078658261425
}