{
    "gpsHeading": 327, 
    "gpsLatitude": 49.23604636613888, 
    "gpsLongitude": 6.9961626761590106, 
    "outsideTemperature": 14.5, 
    "speed": 5.5278125000000005, 
    "yawRate": -0.27351851748745826
}