{
    "gpsHeading": 302, 
    "gpsLatitude": 49.23353942271828, 
    "gpsLongitude": 7.000354046841694, 
    "outsideTemperature": 14.5, 
    "speed": 7.0573125, 
    "yawRate": 0.00270126248775333
}