{
    "gpsHeading": 293, 
    "gpsLatitude": 49.239788885906535, 
    "gpsLongitude": 6.994655442330108, 
    "outsideTemperature": 14.5, 
    "speed": 7.248500000000001, 
    "yawRate": 0.38484848869429605
}