{
    "gpsHeading": 41, 
    "gpsLatitude": 49.23099777821854, 
    "gpsLongitude": 7.002954029387533, 
    "outsideTemperature": 22.0, 
    "speed": 6.65, 
    "yawRate": 0.012912997430496058
}