{
    "gpsHeading": 301, 
    "gpsLatitude": 49.23982476045212, 
    "gpsLongitude": 6.9916118056492005, 
    "outsideTemperature": 14.0, 
    "speed": 7.8719375000000005, 
    "yawRate": 0.04328755407901167
}