{
    "gpsHeading": 124, 
    "gpsLatitude": 49.23101529639616, 
    "gpsLongitude": 7.001860442480279, 
    "outsideTemperature": 17.0, 
    "speed": 5.7439375, 
    "yawRate": 0.002936098098276675
}