{
    "gpsHeading": 342, 
    "gpsLatitude": 49.236101099966625, 
    "gpsLongitude": 7.005509336389468, 
    "outsideTemperature": 15.0, 
    "speed": 9.758875, 
    "yawRate": 0.022861374166864443
}