{
    "gpsHeading": 125, 
    "gpsLatitude": 49.22622637983617, 
    "gpsLongitude": 6.9986220941886295, 
    "outsideTemperature": 14.5, 
    "speed": 9.584312500000001, 
    "yawRate": -0.09531785042141533
}