{
    "gpsHeading": 343, 
    "gpsLatitude": 49.23341335889453, 
    "gpsLongitude": 6.9938210238690175, 
    "outsideTemperature": 14.5, 
    "speed": 7.963375, 
    "yawRate": -0.02949172499316935
}