{
    "gpsHeading": 143, 
    "gpsLatitude": 49.23755552780555, 
    "gpsLongitude": 6.991013253943456, 
    "outsideTemperature": 14.0, 
    "speed": 2.5935, 
    "yawRate": -0.0046261104422799385
}