{
    "gpsHeading": 198, 
    "gpsLatitude": 49.233382513490845, 
    "gpsLongitude": 7.005146567620038, 
    "outsideTemperature": 13.5, 
    "speed": 8.295875, 
    "yawRate": -0.006967219356312351
}