{
    "gpsHeading": 279, 
    "gpsLatitude": 49.239986950278556, 
    "gpsLongitude": 6.991404856459796, 
    "outsideTemperature": 14.0, 
    "speed": 5.860312500000001, 
    "yawRate": -0.13595776010080363
}