{
    "gpsHeading": 25, 
    "gpsLatitude": 49.23774252806538, 
    "gpsLongitude": 6.990871264503664, 
    "outsideTemperature": 18.0, 
    "speed": 7.3648750000000005, 
    "yawRate": -0.03783663484732295
}