{
    "gpsHeading": 164, 
    "gpsLatitude": 49.2345513698886, 
    "gpsLongitude": 6.999422146846685, 
    "outsideTemperature": 13.5, 
    "speed": 8.246, 
    "yawRate": -0.0063086090071309145
}