{
    "gpsHeading": 142, 
    "gpsLatitude": 49.23093306992602, 
    "gpsLongitude": 7.002143750807609, 
    "outsideTemperature": 16.5, 
    "speed": 3.6159375000000002, 
    "yawRate": 0.000841702995883436
}