{
    "gpsHeading": 0, 
    "gpsLatitude": 49.22830165524325, 
    "gpsLongitude": 6.994010706337889, 
    "outsideTemperature": 15.5, 
    "speed": 11.346562500000001, 
    "yawRate": 0.005213114493456195
}