{
    "gpsHeading": 187, 
    "gpsLatitude": 49.23188693050733, 
    "gpsLongitude": 6.998574317340519, 
    "outsideTemperature": 14.0, 
    "speed": 6.9658750000000005, 
    "yawRate": 0.015267633102111775
}