{
    "gpsHeading": 46, 
    "gpsLatitude": 49.23154360775328, 
    "gpsLongitude": 7.003611841148701, 
    "outsideTemperature": 18.5, 
    "speed": 5.860312500000001, 
    "yawRate": -0.01478958254813622
}