{
    "gpsHeading": 190, 
    "gpsLatitude": 49.233515869570354, 
    "gpsLongitude": 6.999509067182607, 
    "outsideTemperature": 14.0, 
    "speed": 8.886062500000001, 
    "yawRate": -0.005152719146220822
}