{
    "gpsHeading": 29, 
    "gpsLatitude": 49.23048388373487, 
    "gpsLongitude": 7.002496545112232, 
    "outsideTemperature": 16.5, 
    "speed": 6.251, 
    "yawRate": 0.02341379390207385
}