{
    "gpsHeading": 51, 
    "gpsLatitude": 49.23085444767423, 
    "gpsLongitude": 7.002792677751415, 
    "outsideTemperature": 22.0, 
    "speed": 6.633375, 
    "yawRate": 0.17365782153917175
}