{
    "gpsHeading": 324, 
    "gpsLatitude": 49.232677763071884, 
    "gpsLongitude": 7.002324883735213, 
    "outsideTemperature": 19.0, 
    "speed": 0.9060625000000001, 
    "yawRate": 8.326860976128471e-05
}