{
    "gpsHeading": 136, 
    "gpsLatitude": 49.23797001291755, 
    "gpsLongitude": 6.990368517951237, 
    "outsideTemperature": 13.5, 
    "speed": 6.641687500000001, 
    "yawRate": 0.02443697927401412
}