{
    "gpsHeading": 44, 
    "gpsLatitude": 49.232160515826976, 
    "gpsLongitude": 7.004318184129265, 
    "outsideTemperature": 18.5, 
    "speed": 6.0265625, 
    "yawRate": 0.001917423142932048
}