{
    "gpsHeading": 122, 
    "gpsLatitude": 49.227552229280384, 
    "gpsLongitude": 6.9955101449968415, 
    "outsideTemperature": 15.0, 
    "speed": 10.6981875, 
    "yawRate": -0.001593669589321337
}