{
    "gpsHeading": 31, 
    "gpsLatitude": 49.232002181675995, 
    "gpsLongitude": 7.0041315191455675, 
    "outsideTemperature": 18.5, 
    "speed": 7.74725, 
    "yawRate": 0.004884482871322636
}