{
    "gpsHeading": 14, 
    "gpsLatitude": 49.229357523586216, 
    "gpsLongitude": 7.0018507194726, 
    "outsideTemperature": 14.5, 
    "speed": 11.063937500000002, 
    "yawRate": -0.005318779642011404
}