{
    "gpsHeading": 43, 
    "gpsLatitude": 49.230934411030525, 
    "gpsLongitude": 7.0028821126582885, 
    "outsideTemperature": 16.0, 
    "speed": 9.584312500000001, 
    "yawRate": 0.010149291586917327
}