{
    "gpsHeading": 110, 
    "gpsLatitude": 49.230873642232496, 
    "gpsLongitude": 7.002348772159285, 
    "outsideTemperature": 20.0, 
    "speed": 4.15625, 
    "yawRate": -0.004016696313848135
}