{
    "gpsHeading": 296, 
    "gpsLatitude": 49.23376724284658, 
    "gpsLongitude": 6.999835207035144, 
    "outsideTemperature": 14.0, 
    "speed": 4.613437500000001, 
    "yawRate": 0.37148933343414886
}