{
    "gpsHeading": 279, 
    "gpsLatitude": 49.23740197133938, 
    "gpsLongitude": 7.00099517861555, 
    "outsideTemperature": 16.0, 
    "speed": 7.4479999999999995, 
    "yawRate": -0.015055189904291666
}