{
    "gpsHeading": 24, 
    "gpsLatitude": 49.23677559171512, 
    "gpsLongitude": 6.990274305359555, 
    "outsideTemperature": 15.0, 
    "speed": 10.0165625, 
    "yawRate": 0.009020339443985522
}