{
    "gpsHeading": 32, 
    "gpsLatitude": 49.23167025831025, 
    "gpsLongitude": 7.00375324385527, 
    "outsideTemperature": 18.0, 
    "speed": 5.7273125, 
    "yawRate": 0.3424793153350965
}