{
    "gpsHeading": 212, 
    "gpsLatitude": 49.23704247151221, 
    "gpsLongitude": 6.9978965566498035, 
    "outsideTemperature": 15.0, 
    "speed": 4.937625, 
    "yawRate": -0.005435944381134559
}