{
    "gpsHeading": 110, 
    "gpsLatitude": 49.23792223606946, 
    "gpsLongitude": 6.989854372010496, 
    "outsideTemperature": 13.5, 
    "speed": 8.1213125, 
    "yawRate": 0.0017476989980890127
}