{
    "gpsHeading": 20, 
    "gpsLatitude": 49.22989857543616, 
    "gpsLongitude": 7.002099913453989, 
    "outsideTemperature": 14.5, 
    "speed": 9.426375, 
    "yawRate": 0.01562517138192
}