{
    "gpsHeading": 305, 
    "gpsLatitude": 49.23590387378492, 
    "gpsLongitude": 6.996247668657203, 
    "outsideTemperature": 14.5, 
    "speed": 5.635875, 
    "yawRate": -0.019398578397088168
}