{
    "gpsHeading": 136, 
    "gpsLatitude": 49.23200997684594, 
    "gpsLongitude": 6.998375414778192, 
    "outsideTemperature": 21.0, 
    "speed": 0.0914375, 
    "yawRate": 0.001016235921083699
}