{
    "gpsHeading": 137, 
    "gpsLatitude": 49.234863344324765, 
    "gpsLongitude": 6.999340171833634, 
    "outsideTemperature": 13.5, 
    "speed": 4.422250000000001, 
    "yawRate": -0.24594231530594865
}