{
    "gpsHeading": 8, 
    "gpsLatitude": 49.234428072092896, 
    "gpsLongitude": 7.005694576449625, 
    "outsideTemperature": 16.0, 
    "speed": 10.889375000000001, 
    "yawRate": 0.011691266954100167
}