{
    "gpsHeading": 90, 
    "gpsLatitude": 49.23499468874751, 
    "gpsLongitude": 6.998448504973881, 
    "outsideTemperature": 13.5, 
    "speed": 7.622562500000001, 
    "yawRate": 0.002592570178039857
}