{
    "gpsHeading": 152, 
    "gpsLatitude": 49.2253716771694, 
    "gpsLongitude": 6.999624066894186, 
    "outsideTemperature": 14.5, 
    "speed": 12.360687500000001, 
    "yawRate": -0.010843914624891643
}