{
    "gpsHeading": 30, 
    "gpsLatitude": 49.232439130288505, 
    "gpsLongitude": 7.004609622902672, 
    "outsideTemperature": 20.0, 
    "speed": 7.065625, 
    "yawRate": -0.004016696313848135
}