{
    "gpsHeading": 155, 
    "gpsLatitude": 49.24056446340732, 
    "gpsLongitude": 6.986171531393462, 
    "outsideTemperature": 14.0, 
    "speed": 6.9908125000000005, 
    "yawRate": 0.16026798397222547
}