{
    "gpsHeading": 321, 
    "gpsLatitude": 49.233713850123344, 
    "gpsLongitude": 6.999943501224186, 
    "outsideTemperature": 15.5, 
    "speed": 7.21525, 
    "yawRate": 0.021684204871479845
}