{
    "gpsHeading": 303, 
    "gpsLatitude": 49.233251671982295, 
    "gpsLongitude": 7.001029041504363, 
    "outsideTemperature": 15.0, 
    "speed": 7.54775, 
    "yawRate": 0.007937250243736428
}