{
    "gpsHeading": 102, 
    "gpsLatitude": 49.23194778312438, 
    "gpsLongitude": 6.988008509293298, 
    "outsideTemperature": 16.5, 
    "speed": 10.07475, 
    "yawRate": 0.05116969265593896
}