{
    "gpsHeading": 327, 
    "gpsLatitude": 49.23252864901441, 
    "gpsLongitude": 6.994547148141066, 
    "outsideTemperature": 15.5, 
    "speed": 1.679125, 
    "yawRate": -0.007849642268439868
}