{
    "gpsHeading": 285, 
    "gpsLatitude": 49.23128779206838, 
    "gpsLongitude": 6.996912688855131, 
    "outsideTemperature": 14.0, 
    "speed": 8.911000000000001, 
    "yawRate": 0.004193129570320763
}