{
    "gpsHeading": 212, 
    "gpsLatitude": 49.232462180522226, 
    "gpsLongitude": 7.004446846343013, 
    "outsideTemperature": 15.0, 
    "speed": 8.894375, 
    "yawRate": -0.022589039796207414
}