{
    "gpsHeading": 102, 
    "gpsLatitude": 49.23503752027275, 
    "gpsLongitude": 6.997959588561687, 
    "outsideTemperature": 13.5, 
    "speed": 6.5668750000000005, 
    "yawRate": 0.10277446924251285
}