{
    "gpsHeading": 313, 
    "gpsLatitude": 49.23381585788499, 
    "gpsLongitude": 6.999722638075516, 
    "outsideTemperature": 15.5, 
    "speed": 5.3283125, 
    "yawRate": 0.5150887844102682
}