{
    "gpsHeading": 16, 
    "gpsLatitude": 49.23394359808938, 
    "gpsLongitude": 7.0055245914532405, 
    "outsideTemperature": 16.5, 
    "speed": 10.864437500000001, 
    "yawRate": 0.02670109852125139
}