{
    "gpsHeading": 286, 
    "gpsLatitude": 49.23116751175783, 
    "gpsLongitude": 6.997375202272302, 
    "outsideTemperature": 14.0, 
    "speed": 9.359875, 
    "yawRate": 0.003145932019124143
}