{
    "gpsHeading": 131, 
    "gpsLatitude": 49.22815891143219, 
    "gpsLongitude": 6.99423961611357, 
    "outsideTemperature": 15.5, 
    "speed": 11.479562500000002, 
    "yawRate": 0.03715263980495161
}