{
    "gpsHeading": 298, 
    "gpsLatitude": 49.23338083711021, 
    "gpsLongitude": 7.000726873894896, 
    "outsideTemperature": 14.5, 
    "speed": 4.6217500000000005, 
    "yawRate": -0.02435134091815852
}