{
    "gpsHeading": 125, 
    "gpsLatitude": 49.227722214276774, 
    "gpsLongitude": 6.995127427297863, 
    "outsideTemperature": 15.0, 
    "speed": 11.221875, 
    "yawRate": -0.011542046325688728
}