{
    "gpsHeading": 300, 
    "gpsLatitude": 49.2323435765923, 
    "gpsLongitude": 7.003157961091796, 
    "outsideTemperature": 17.5, 
    "speed": 5.1620625, 
    "yawRate": 0.026225654873729236
}