{
    "gpsHeading": 40, 
    "gpsLatitude": 49.224653096610204, 
    "gpsLongitude": 7.000621848648124, 
    "outsideTemperature": 14.5, 
    "speed": 11.305000000000001, 
    "yawRate": 0.008354707147046054
}