{
    "gpsHeading": 158, 
    "gpsLatitude": 49.23807696600206, 
    "gpsLongitude": 6.989385488346881, 
    "outsideTemperature": 13.5, 
    "speed": 6.350750000000001, 
    "yawRate": 0.3358037178297978
}