{
    "gpsHeading": 175, 
    "gpsLatitude": 49.233594743279234, 
    "gpsLongitude": 6.999529602845377, 
    "outsideTemperature": 19.0, 
    "speed": 0.0, 
    "yawRate": -0.00020962990822270908
}