{
    "gpsHeading": 275, 
    "gpsLatitude": 49.23108168106932, 
    "gpsLongitude": 6.997723805625372, 
    "outsideTemperature": 14.0, 
    "speed": 7.381500000000001, 
    "yawRate": -0.1414681233456365
}