{
    "gpsHeading": 245, 
    "gpsLatitude": 49.23445196051696, 
    "gpsLongitude": 6.988713762626449, 
    "outsideTemperature": 21.5, 
    "speed": 0.0, 
    "yawRate": 0.00024424896996053016
}