{
    "gpsHeading": 110, 
    "gpsLatitude": 49.23979391504844, 
    "gpsLongitude": 6.98922790856719, 
    "outsideTemperature": 15.0, 
    "speed": 9.584312500000001, 
    "yawRate": 0.0031439623996841744
}