{
    "gpsHeading": 201, 
    "gpsLatitude": 49.23281941723555, 
    "gpsLongitude": 6.999172114674979, 
    "outsideTemperature": 14.0, 
    "speed": 8.1046875, 
    "yawRate": -0.03517238228052326
}