{
    "gpsHeading": 22, 
    "gpsLatitude": 49.23661306661256, 
    "gpsLongitude": 6.990162909866372, 
    "outsideTemperature": 15.0, 
    "speed": 9.80875, 
    "yawRate": -0.007211222599561587
}