{
    "gpsHeading": 92, 
    "gpsLatitude": 49.23445196051696, 
    "gpsLongitude": 6.988713762626449, 
    "outsideTemperature": 19.0, 
    "speed": 0.0, 
    "yawRate": -0.0011989003764134444
}