{
    "gpsHeading": 26, 
    "gpsLatitude": 49.23805114974028, 
    "gpsLongitude": 6.99750964799924, 
    "outsideTemperature": 13.5, 
    "speed": 4.704875, 
    "yawRate": -0.4651556693564327
}