{
    "gpsHeading": 291, 
    "gpsLatitude": 49.23281413663655, 
    "gpsLongitude": 7.002011316737432, 
    "outsideTemperature": 16.5, 
    "speed": 7.398125000000001, 
    "yawRate": -0.01776023622359118
}