{
    "gpsHeading": 310, 
    "gpsLatitude": 47.68474543563912, 
    "gpsLongitude": 9.155072210223244, 
    "outsideTemperature": 18.0, 
    "speed": 11.3631875, 
    "yawRate": 0.0046331841345090274
}