{
    "gpsHeading": 27, 
    "gpsLatitude": 47.67769097446995, 
    "gpsLongitude": 9.173235291489263, 
    "outsideTemperature": 27.0, 
    "speed": 7.4230625, 
    "yawRate": 0.021934918408889944
}