{
    "gpsHeading": 192, 
    "gpsLatitude": 47.6674034456081, 
    "gpsLongitude": 9.17924218239963, 
    "outsideTemperature": 19.0, 
    "speed": 6.483750000000001, 
    "yawRate": -0.0023945869774324854
}