{
    "gpsHeading": 291, 
    "gpsLatitude": 47.68748430632058, 
    "gpsLongitude": 9.152536349236668, 
    "outsideTemperature": 17.5, 
    "speed": 10.7314375, 
    "yawRate": 0.005195315814970514
}