{
    "gpsHeading": 200, 
    "gpsLatitude": 47.67741462312226, 
    "gpsLongitude": 9.184986887378692, 
    "outsideTemperature": 18.5, 
    "speed": 12.576812499999999, 
    "yawRate": -0.015163664932817343
}