{
    "gpsHeading": 111, 
    "gpsLatitude": 47.673159298518385, 
    "gpsLongitude": 9.162545012179878, 
    "outsideTemperature": 18.0, 
    "speed": 15.477875000000001, 
    "yawRate": -0.1228639524252062
}