{
    "gpsHeading": 183, 
    "gpsLatitude": 47.67569406985752, 
    "gpsLongitude": 9.198172710720366, 
    "outsideTemperature": 21.5, 
    "speed": 0.0, 
    "yawRate": 0.00023571355566769222
}