{
    "gpsHeading": 9, 
    "gpsLatitude": 47.663815991049205, 
    "gpsLongitude": 9.163704732303154, 
    "outsideTemperature": 19.0, 
    "speed": 5.7688749999999995, 
    "yawRate": 0.013912880463621961
}