{
    "gpsHeading": 277, 
    "gpsLatitude": 47.658132893058486, 
    "gpsLongitude": 9.173916656398376, 
    "outsideTemperature": 21.5, 
    "speed": 7.581, 
    "yawRate": -0.003981983663075848
}