{
    "gpsHeading": 21, 
    "gpsLatitude": 47.66606820843233, 
    "gpsLongitude": 9.1744627373902, 
    "outsideTemperature": 22.5, 
    "speed": 9.592625, 
    "yawRate": 0.0007981086085057242
}