{
    "gpsHeading": 136, 
    "gpsLatitude": 47.65980290344708, 
    "gpsLongitude": 9.164444435258373, 
    "outsideTemperature": 18.5, 
    "speed": 11.3133125, 
    "yawRate": 0.0020957540524688865
}