{
    "gpsHeading": 77, 
    "gpsLatitude": 47.67360764651921, 
    "gpsLongitude": 9.185508325575194, 
    "outsideTemperature": 19.5, 
    "speed": 10.265937500000001, 
    "yawRate": -0.001593700390951284
}