{
    "gpsHeading": 101, 
    "gpsLatitude": 47.664455446442425, 
    "gpsLongitude": 9.167946897319059, 
    "outsideTemperature": 21.0, 
    "speed": 4.2227500000000004, 
    "yawRate": -0.065255948619274
}