{
    "gpsHeading": 171, 
    "gpsLatitude": 47.680409058031536, 
    "gpsLongitude": 9.183960271877812, 
    "outsideTemperature": 18.5, 
    "speed": 8.503687500000002, 
    "yawRate": -0.009404078401235437
}