{
    "gpsHeading": 135, 
    "gpsLatitude": 47.66103345065219, 
    "gpsLongitude": 9.162733856458399, 
    "outsideTemperature": 19.0, 
    "speed": 13.6325, 
    "yawRate": -0.013437676290280145
}