{
    "gpsHeading": 124, 
    "gpsLatitude": 47.657090435760615, 
    "gpsLongitude": 9.168866392097375, 
    "outsideTemperature": 19.0, 
    "speed": 5.6608125000000005, 
    "yawRate": 0.018152783170816724
}