{
    "gpsHeading": 178, 
    "gpsLatitude": 47.683203165454906, 
    "gpsLongitude": 9.147309394416743, 
    "outsideTemperature": 17.0, 
    "speed": 12.094687500000001, 
    "yawRate": 0.009558638944956266
}