{
    "gpsHeading": 25, 
    "gpsLatitude": 47.66044705270608, 
    "gpsLongitude": 9.171552792064944, 
    "outsideTemperature": 19.5, 
    "speed": 8.1795, 
    "yawRate": 0.01148231540743475
}