{
    "gpsHeading": 164, 
    "gpsLatitude": 47.676794865201515, 
    "gpsLongitude": 9.198533300194972, 
    "outsideTemperature": 19.5, 
    "speed": 14.538562500000001, 
    "yawRate": -0.06876264521108472
}