{
    "gpsHeading": 190, 
    "gpsLatitude": 47.68732295468446, 
    "gpsLongitude": 9.156757475675608, 
    "outsideTemperature": 17.5, 
    "speed": 8.778, 
    "yawRate": 0.0010065256101840355
}