{
    "gpsHeading": 279, 
    "gpsLatitude": 47.662025448892955, 
    "gpsLongitude": 9.16884493442522, 
    "outsideTemperature": 19.0, 
    "speed": 7.9051875, 
    "yawRate": -0.013126827045685316
}