{
    "gpsHeading": 136, 
    "gpsLatitude": 47.66125096103959, 
    "gpsLongitude": 9.16243110211571, 
    "outsideTemperature": 18.0, 
    "speed": 10.7065, 
    "yawRate": 0.014623908061024609
}