{
    "gpsHeading": 83, 
    "gpsLatitude": 47.673288715103396, 
    "gpsLongitude": 9.1605460959107, 
    "outsideTemperature": 18.5, 
    "speed": 17.0988125, 
    "yawRate": -0.020064059482742157
}