{
    "gpsHeading": 6, 
    "gpsLatitude": 47.66077067798766, 
    "gpsLongitude": 9.166164150332774, 
    "outsideTemperature": 22.5, 
    "speed": 8.3873125, 
    "yawRate": 0.012865682912425342
}