{
    "gpsHeading": 292, 
    "gpsLatitude": 47.67879679895581, 
    "gpsLongitude": 9.19134305219435, 
    "outsideTemperature": 19.0, 
    "speed": 11.8120625, 
    "yawRate": 0.053427774670558766
}