{
    "gpsHeading": 166, 
    "gpsLatitude": 47.67795123256352, 
    "gpsLongitude": 9.149903844906488, 
    "outsideTemperature": 17.5, 
    "speed": 8.3208125, 
    "yawRate": 0.24343275871219205
}