{
    "gpsHeading": 186, 
    "gpsLatitude": 47.664067615782514, 
    "gpsLongitude": 9.161721657831006, 
    "outsideTemperature": 18.5, 
    "speed": 13.0090625, 
    "yawRate": -0.005796444187308978
}