{
    "gpsHeading": 61, 
    "gpsLatitude": 47.67869764104126, 
    "gpsLongitude": 9.198626339320208, 
    "outsideTemperature": 19.0, 
    "speed": 12.2941875, 
    "yawRate": -0.08849088011034742
}