{
    "gpsHeading": 185, 
    "gpsLatitude": 47.65905456713162, 
    "gpsLongitude": 9.176882509017819, 
    "outsideTemperature": 21.0, 
    "speed": 5.569375, 
    "yawRate": 0.021585802327522392
}