{
    "gpsHeading": 58, 
    "gpsLatitude": 47.69000373877692, 
    "gpsLongitude": 9.148009115693801, 
    "outsideTemperature": 20.5, 
    "speed": 8.0880625, 
    "yawRate": -0.08416554188713772
}