{
    "gpsHeading": 3, 
    "gpsLatitude": 47.66091736129323, 
    "gpsLongitude": 9.166206059848633, 
    "outsideTemperature": 22.0, 
    "speed": 7.680750000000001, 
    "yawRate": -0.013663321717887703
}