{
    "gpsHeading": 211, 
    "gpsLatitude": 47.67032294630299, 
    "gpsLongitude": 9.182194456335935, 
    "outsideTemperature": 18.5, 
    "speed": 11.105500000000001, 
    "yawRate": -0.009188968461845148
}