{
    "gpsHeading": 217, 
    "gpsLatitude": 47.66551793648889, 
    "gpsLongitude": 9.177710221956339, 
    "outsideTemperature": 19.0, 
    "speed": 7.182, 
    "yawRate": 0.08888613290186972
}