{
    "gpsHeading": 135, 
    "gpsLatitude": 47.65898843391556, 
    "gpsLongitude": 9.165614716579649, 
    "outsideTemperature": 18.0, 
    "speed": 12.959187500000002, 
    "yawRate": 0.006459077182454637
}