{
    "gpsHeading": 194, 
    "gpsLatitude": 47.66160098931619, 
    "gpsLongitude": 9.171925535299149, 
    "outsideTemperature": 21.0, 
    "speed": 3.6824375000000003, 
    "yawRate": -0.24630281511212304
}