{
    "gpsHeading": 302, 
    "gpsLatitude": 47.68230789437679, 
    "gpsLongitude": 9.158632758872939, 
    "outsideTemperature": 18.5, 
    "speed": 12.3108125, 
    "yawRate": -0.0505192202285103
}