{
    "gpsHeading": 25, 
    "gpsLatitude": 47.659112653720626, 
    "gpsLongitude": 9.170552998654246, 
    "outsideTemperature": 21.0, 
    "speed": 4.3973125, 
    "yawRate": 0.18040064655902668
}