{
    "gpsHeading": 97, 
    "gpsLatitude": 47.68293184324915, 
    "gpsLongitude": 9.204639432838924, 
    "outsideTemperature": 20.5, 
    "speed": 11.280062500000001, 
    "yawRate": -0.031025039621120406
}