{
    "gpsHeading": 335, 
    "gpsLatitude": 47.658630694288064, 
    "gpsLongitude": 9.170469431079592, 
    "outsideTemperature": 21.5, 
    "speed": 4.821250000000001, 
    "yawRate": -0.20688791445850846
}