{
    "gpsHeading": 116, 
    "gpsLatitude": 47.67963406726396, 
    "gpsLongitude": 9.149887500195304, 
    "outsideTemperature": 17.5, 
    "speed": 12.202750000000002, 
    "yawRate": -0.0007388036418106614
}