{
    "gpsHeading": 165, 
    "gpsLatitude": 47.661204273838905, 
    "gpsLongitude": 9.177735786761012, 
    "outsideTemperature": 28.5, 
    "speed": 8.2875625, 
    "yawRate": -0.07435124231585247
}