{
    "gpsHeading": 171, 
    "gpsLatitude": 47.678010995533164, 
    "gpsLongitude": 9.17356193425599, 
    "outsideTemperature": 29.5, 
    "speed": 0.0, 
    "yawRate": -0.0007799175243407483
}