{
    "gpsHeading": 325, 
    "gpsLatitude": 47.68852098010527, 
    "gpsLongitude": 9.15169220776793, 
    "outsideTemperature": 17.5, 
    "speed": 7.3565625, 
    "yawRate": 0.09804683202106716
}