{
    "gpsHeading": 295, 
    "gpsLatitude": 47.68653011046313, 
    "gpsLongitude": 9.155824402214156, 
    "outsideTemperature": 18.0, 
    "speed": 12.2276875, 
    "yawRate": -0.025347946094929737
}