{
    "gpsHeading": 78, 
    "gpsLatitude": 47.67365844085244, 
    "gpsLongitude": 9.18606027389927, 
    "outsideTemperature": 19.5, 
    "speed": 9.858625, 
    "yawRate": -0.028995369647261675
}