{
    "gpsHeading": 137, 
    "gpsLatitude": 47.65985847546513, 
    "gpsLongitude": 9.164367237930131, 
    "outsideTemperature": 18.5, 
    "speed": 7.6308750000000005, 
    "yawRate": -0.00021139058092733672
}