{
    "gpsHeading": 175, 
    "gpsLatitude": 47.66409955083362, 
    "gpsLongitude": 9.177483826751576, 
    "outsideTemperature": 19.5, 
    "speed": 9.9666875, 
    "yawRate": -0.014386255883844765
}