{
    "gpsHeading": 196, 
    "gpsLatitude": 47.680414841544724, 
    "gpsLongitude": 9.201679950465891, 
    "outsideTemperature": 24.0, 
    "speed": 11.0971875, 
    "yawRate": -0.011166779895272615
}