{
    "gpsHeading": 356, 
    "gpsLatitude": 47.66264763756565, 
    "gpsLongitude": 9.166609397029445, 
    "outsideTemperature": 18.5, 
    "speed": 6.849500000000001, 
    "yawRate": 0.053021151604899015
}