{
    "gpsHeading": 14, 
    "gpsLatitude": 47.6627890402722, 
    "gpsLongitude": 9.172754170247018, 
    "outsideTemperature": 22.0, 
    "speed": 10.332437500000001, 
    "yawRate": -0.0026204710428086135
}