{
    "gpsHeading": 24, 
    "gpsLatitude": 47.659615735549174, 
    "gpsLongitude": 9.170940242580937, 
    "outsideTemperature": 20.5, 
    "speed": 7.7555625, 
    "yawRate": -0.021853473305656814
}