{
    "gpsHeading": 176, 
    "gpsLatitude": 47.68802183777118, 
    "gpsLongitude": 9.157018320502406, 
    "outsideTemperature": 17.5, 
    "speed": 8.6366875, 
    "yawRate": -0.08119848215874714
}