{
    "gpsHeading": 164, 
    "gpsLatitude": 47.677065433035985, 
    "gpsLongitude": 9.198431627709434, 
    "outsideTemperature": 19.5, 
    "speed": 15.319937500000002, 
    "yawRate": -0.03123806629320667
}