{
    "gpsHeading": 140, 
    "gpsLatitude": 47.65972319154788, 
    "gpsLongitude": 9.164553567637702, 
    "outsideTemperature": 18.5, 
    "speed": 4.031562500000001, 
    "yawRate": 0.011831381257833293
}