{
    "gpsHeading": 180, 
    "gpsLatitude": 47.681131829542316, 
    "gpsLongitude": 9.147258348626394, 
    "outsideTemperature": 17.0, 
    "speed": 9.576, 
    "yawRate": -0.015399569358562345
}