{
    "gpsHeading": 31, 
    "gpsLatitude": 47.67558594330656, 
    "gpsLongitude": 9.198083862546715, 
    "outsideTemperature": 23.5, 
    "speed": 11.753875, 
    "yawRate": 0.028271646848071215
}