{
    "gpsHeading": 193, 
    "gpsLatitude": 47.677629618938695, 
    "gpsLongitude": 9.185093337549004, 
    "outsideTemperature": 18.5, 
    "speed": 12.4770625, 
    "yawRate": -0.0265083050707799
}