{
    "gpsHeading": 175, 
    "gpsLatitude": 47.687478774264484, 
    "gpsLongitude": 9.148323017967707, 
    "outsideTemperature": 17.5, 
    "speed": 11.13875, 
    "yawRate": 0.00903504016935746
}