{
    "gpsHeading": 148, 
    "gpsLatitude": 47.68073788009308, 
    "gpsLongitude": 9.201833004017868, 
    "outsideTemperature": 25.0, 
    "speed": 7.489562500000001, 
    "yawRate": -0.1560291078107997
}