{
    "gpsHeading": 207, 
    "gpsLatitude": 47.669186276413434, 
    "gpsLongitude": 9.181212767836087, 
    "outsideTemperature": 18.0, 
    "speed": 10.573500000000001, 
    "yawRate": -0.007792705060249986
}