{
    "gpsHeading": 182, 
    "gpsLatitude": 47.66183015054898, 
    "gpsLongitude": 9.172306325160395, 
    "outsideTemperature": 24.0, 
    "speed": 0.0, 
    "yawRate": 0.0007657663492878454
}