{
    "gpsHeading": 356, 
    "gpsLatitude": 47.66419795437689, 
    "gpsLongitude": 9.165623349939915, 
    "outsideTemperature": 18.5, 
    "speed": 6.999125000000001, 
    "yawRate": 0.0380113200377478
}