{
    "gpsHeading": 195, 
    "gpsLatitude": 47.68151236794645, 
    "gpsLongitude": 9.202130226304432, 
    "outsideTemperature": 20.0, 
    "speed": 10.1745, 
    "yawRate": -0.027140413676431645
}