{
    "gpsHeading": 300, 
    "gpsLatitude": 47.686838229223845, 
    "gpsLongitude": 9.155002221331728, 
    "outsideTemperature": 18.0, 
    "speed": 9.950062500000001, 
    "yawRate": -0.03843791548488699
}