{
    "gpsHeading": 19, 
    "gpsLatitude": 47.65997179879605, 
    "gpsLongitude": 9.171050213150579, 
    "outsideTemperature": 21.0, 
    "speed": 2.89275, 
    "yawRate": 0.43923297462978106
}