{
    "gpsHeading": 286, 
    "gpsLatitude": 47.67931513584816, 
    "gpsLongitude": 9.169498555234835, 
    "outsideTemperature": 22.0, 
    "speed": 4.4970625, 
    "yawRate": 0.002015190256517974
}