{
    "gpsHeading": 278, 
    "gpsLatitude": 47.66651379040511, 
    "gpsLongitude": 9.162941895295216, 
    "outsideTemperature": 19.5, 
    "speed": 9.07725, 
    "yawRate": -0.008763503915699565
}