{
    "gpsHeading": 237, 
    "gpsLatitude": 47.65652038252569, 
    "gpsLongitude": 9.16980466233876, 
    "outsideTemperature": 19.5, 
    "speed": 0.016625, 
    "yawRate": 0.0005695761492690867
}