{
    "gpsHeading": 202, 
    "gpsLatitude": 47.67617988496554, 
    "gpsLongitude": 9.153429943934148, 
    "outsideTemperature": 17.5, 
    "speed": 9.21025, 
    "yawRate": 0.008336908468560373
}