{
    "gpsHeading": 150, 
    "gpsLatitude": 47.67939509920444, 
    "gpsLongitude": 9.184571396438281, 
    "outsideTemperature": 18.5, 
    "speed": 11.371500000000001, 
    "yawRate": -0.006087952822446308
}