{
    "gpsHeading": 173, 
    "gpsLatitude": 47.66353737658767, 
    "gpsLongitude": 9.172784680374596, 
    "outsideTemperature": 25.0, 
    "speed": 6.9409375, 
    "yawRate": 0.008811201011264308
}