{
    "gpsHeading": 103, 
    "gpsLatitude": 47.664081529741786, 
    "gpsLongitude": 9.170864721633327, 
    "outsideTemperature": 20.0, 
    "speed": 6.749750000000001, 
    "yawRate": -0.004169424799473501
}