{
    "gpsHeading": 196, 
    "gpsLatitude": 47.68012541442809, 
    "gpsLongitude": 9.201542487253812, 
    "outsideTemperature": 23.0, 
    "speed": 11.687375000000001, 
    "yawRate": 0.009951704053858059
}