{
    "gpsHeading": 187, 
    "gpsLatitude": 47.66992237515025, 
    "gpsLongitude": 9.162772999946242, 
    "outsideTemperature": 17.0, 
    "speed": 17.1819375, 
    "yawRate": -0.015002604651958332
}