{
    "gpsHeading": 77, 
    "gpsLatitude": 47.673768998155325, 
    "gpsLongitude": 9.194630015524426, 
    "outsideTemperature": 23.5, 
    "speed": 10.5319375, 
    "yawRate": -0.027590808947498366
}