{
    "gpsHeading": 115, 
    "gpsLatitude": 47.673783498847804, 
    "gpsLongitude": 9.156277444080777, 
    "outsideTemperature": 18.5, 
    "speed": 16.458750000000002, 
    "yawRate": 0.018158651135932975
}