{
    "gpsHeading": 245, 
    "gpsLatitude": 47.67959316357647, 
    "gpsLongitude": 9.199142999831901, 
    "outsideTemperature": 19.0, 
    "speed": 8.196125, 
    "yawRate": -0.014399510136872939
}