{
    "gpsHeading": 15, 
    "gpsLatitude": 47.661842891041815, 
    "gpsLongitude": 9.17231328214003, 
    "outsideTemperature": 20.0, 
    "speed": 9.467937500000001, 
    "yawRate": 0.017649721876876998
}