{
    "gpsHeading": 42, 
    "gpsLatitude": 47.67428959816152, 
    "gpsLongitude": 9.196828588727215, 
    "outsideTemperature": 21.0, 
    "speed": 12.884375, 
    "yawRate": 0.05025087569144706
}