{
    "gpsHeading": 143, 
    "gpsLatitude": 47.65646514578377, 
    "gpsLongitude": 9.172398861371443, 
    "outsideTemperature": 21.0, 
    "speed": 4.3141875, 
    "yawRate": 0.14374964014993014
}