{
    "gpsHeading": 115, 
    "gpsLatitude": 47.66665871351101, 
    "gpsLongitude": 9.175845499957004, 
    "outsideTemperature": 21.0, 
    "speed": 11.205250000000001, 
    "yawRate": -0.07774170773123777
}