{
    "gpsHeading": 190, 
    "gpsLatitude": 47.662118990932406, 
    "gpsLongitude": 9.172173052899904, 
    "outsideTemperature": 22.5, 
    "speed": 7.7721875, 
    "yawRate": 0.0015926927585291602
}