{
    "gpsHeading": 229, 
    "gpsLatitude": 47.679057057049405, 
    "gpsLongitude": 9.200460802649093, 
    "outsideTemperature": 21.5, 
    "speed": 12.5269375, 
    "yawRate": -0.07731475854585694
}