{
    "gpsHeading": 312, 
    "gpsLatitude": 47.68514483332541, 
    "gpsLongitude": 9.154454966873427, 
    "outsideTemperature": 18.0, 
    "speed": 11.0971875, 
    "yawRate": -0.010725713283040735
}