{
    "gpsHeading": 136, 
    "gpsLatitude": 47.659508447188536, 
    "gpsLongitude": 9.164850287010108, 
    "outsideTemperature": 18.5, 
    "speed": 10.906, 
    "yawRate": 0.014836657592027595
}