{
    "gpsHeading": 239, 
    "gpsLatitude": 47.679801286232305, 
    "gpsLongitude": 9.19986610661881, 
    "outsideTemperature": 19.0, 
    "speed": 8.9691875, 
    "yawRate": -0.030456539255220776
}