{
    "gpsHeading": 212, 
    "gpsLatitude": 47.66866232364596, 
    "gpsLongitude": 9.180734664078983, 
    "outsideTemperature": 18.0, 
    "speed": 0.83125, 
    "yawRate": 0.0018066058257188624
}