{
    "gpsHeading": 136, 
    "gpsLatitude": 47.66565648934838, 
    "gpsLongitude": 9.177599664653473, 
    "outsideTemperature": 20.0, 
    "speed": 6.483750000000001, 
    "yawRate": -0.027301692348602743
}