{
    "gpsHeading": 291, 
    "gpsLatitude": 47.66187432317871, 
    "gpsLongitude": 9.169688070065611, 
    "outsideTemperature": 19.0, 
    "speed": 6.0598125000000005, 
    "yawRate": 0.03609145786055482
}