{
    "gpsHeading": 285, 
    "gpsLatitude": 47.689096230120164, 
    "gpsLongitude": 9.149119131131238, 
    "outsideTemperature": 17.5, 
    "speed": 4.3806875, 
    "yawRate": 0.09176364671388744
}