{
    "gpsHeading": 287, 
    "gpsLatitude": 47.67916459686714, 
    "gpsLongitude": 9.189781084537671, 
    "outsideTemperature": 19.0, 
    "speed": 12.6765625, 
    "yawRate": -0.007135150373642927
}