{
    "gpsHeading": 305, 
    "gpsLatitude": 47.68573399729957, 
    "gpsLongitude": 9.15337445573512, 
    "outsideTemperature": 18.0, 
    "speed": 11.886875000000002, 
    "yawRate": 0.022086476654452028
}