{
    "gpsHeading": 273, 
    "gpsLatitude": 47.657974558907505, 
    "gpsLongitude": 9.17533529351072, 
    "outsideTemperature": 20.0, 
    "speed": 5.1121875, 
    "yawRate": 0.00011825252799317577
}