{
    "gpsHeading": 187, 
    "gpsLatitude": 47.67066794543767, 
    "gpsLongitude": 9.182382210967043, 
    "outsideTemperature": 18.5, 
    "speed": 9.7173125, 
    "yawRate": -0.03467077554096257
}