{
    "gpsHeading": 283, 
    "gpsLatitude": 47.66657095498477, 
    "gpsLongitude": 9.162589939180878, 
    "outsideTemperature": 19.5, 
    "speed": 7.08225, 
    "yawRate": -0.006843641738505598
}