{
    "gpsHeading": 105, 
    "gpsLatitude": 47.68916739247812, 
    "gpsLongitude": 9.153509991109471, 
    "outsideTemperature": 18.0, 
    "speed": 14.280875000000002, 
    "yawRate": -0.020111958338946637
}