{
    "gpsHeading": 295, 
    "gpsLatitude": 47.66180433428721, 
    "gpsLongitude": 9.169930223248334, 
    "outsideTemperature": 19.0, 
    "speed": 6.4920625, 
    "yawRate": 0.011133249557036208
}