{
    "gpsHeading": 0, 
    "gpsLatitude": 47.657904570015994, 
    "gpsLongitude": 9.167174169665376, 
    "outsideTemperature": 18.0, 
    "speed": 11.105500000000001, 
    "yawRate": 0.0034920174540650412
}