{
    "gpsHeading": 147, 
    "gpsLatitude": 47.67470542437803, 
    "gpsLongitude": 9.182300822687214, 
    "outsideTemperature": 18.5, 
    "speed": 8.703187500000002, 
    "yawRate": -0.0036444918696545256
}