{
    "gpsHeading": 31, 
    "gpsLatitude": 47.66870901084664, 
    "gpsLongitude": 9.180777998518382, 
    "outsideTemperature": 21.5, 
    "speed": 7.971687500000001, 
    "yawRate": 0.010100005597410804
}