{
    "gpsHeading": 6, 
    "gpsLatitude": 47.663229593103075, 
    "gpsLongitude": 9.163487221915787, 
    "outsideTemperature": 19.5, 
    "speed": 7.94675, 
    "yawRate": -0.008601866887104867
}