{
    "gpsHeading": 265, 
    "gpsLatitude": 47.66348733662572, 
    "gpsLongitude": 9.17390718484779, 
    "outsideTemperature": 27.0, 
    "speed": 5.5278125000000005, 
    "yawRate": -0.08568039400387585
}