{
    "gpsHeading": 307, 
    "gpsLatitude": 47.65730291700609, 
    "gpsLongitude": 9.171369731299613, 
    "outsideTemperature": 19.5, 
    "speed": 6.0764375, 
    "yawRate": 0.0009817073367962511
}