{
    "gpsHeading": 17, 
    "gpsLatitude": 47.67607988886068, 
    "gpsLongitude": 9.198461634922822, 
    "outsideTemperature": 22.0, 
    "speed": 12.0780625, 
    "yawRate": 0.10262267298302824
}