{
    "gpsHeading": 117, 
    "gpsLatitude": 47.664125115638306, 
    "gpsLongitude": 9.170618042222857, 
    "outsideTemperature": 20.0, 
    "speed": 5.9600625, 
    "yawRate": -0.12826233461626846
}