{
    "gpsHeading": 5, 
    "gpsLatitude": 47.688049833327796, 
    "gpsLongitude": 9.151561366259356, 
    "outsideTemperature": 17.5, 
    "speed": 8.0215625, 
    "yawRate": 0.0006574597597854932
}