{
    "gpsHeading": 164, 
    "gpsLatitude": 47.688903446347126, 
    "gpsLongitude": 9.14798137159427, 
    "outsideTemperature": 18.0, 
    "speed": 8.7364375, 
    "yawRate": -0.02691874242172516
}