{
    "gpsHeading": 185, 
    "gpsLatitude": 47.66623760669549, 
    "gpsLongitude": 9.162159696090916, 
    "outsideTemperature": 19.0, 
    "speed": 11.9949375, 
    "yawRate": 0.0010103398954685542
}