{
    "gpsHeading": 344, 
    "gpsLatitude": 47.6777104204853, 
    "gpsLongitude": 9.198174722377127, 
    "outsideTemperature": 20.0, 
    "speed": 12.4271875, 
    "yawRate": -0.05916934867684306
}