{
    "gpsHeading": 336, 
    "gpsLatitude": 47.688601781651876, 
    "gpsLongitude": 9.148089665783312, 
    "outsideTemperature": 17.5, 
    "speed": 11.130437500000001, 
    "yawRate": -0.0592458664884818
}