{
    "gpsHeading": 189, 
    "gpsLatitude": 47.68684510238445, 
    "gpsLongitude": 9.156634177879889, 
    "outsideTemperature": 17.5, 
    "speed": 8.7696875, 
    "yawRate": -0.0325037960281068
}