{
    "gpsHeading": 59, 
    "gpsLatitude": 47.659772393319514, 
    "gpsLongitude": 9.165186401327416, 
    "outsideTemperature": 22.5, 
    "speed": 0.0, 
    "yawRate": 0.0009974439988639817
}