{
    "gpsHeading": 134, 
    "gpsLatitude": 47.660304057437905, 
    "gpsLongitude": 9.163749156389997, 
    "outsideTemperature": 19.0, 
    "speed": 12.626687500000001, 
    "yawRate": -0.0005222398255221665
}