{
    "gpsHeading": 129, 
    "gpsLatitude": 47.66079624279235, 
    "gpsLongitude": 9.163061924148666, 
    "outsideTemperature": 18.0, 
    "speed": 8.1379375, 
    "yawRate": -0.016442952624474445
}