{
    "gpsHeading": 5, 
    "gpsLatitude": 47.66363544485481, 
    "gpsLongitude": 9.163635833059052, 
    "outsideTemperature": 19.0, 
    "speed": 7.265125, 
    "yawRate": 0.010422221959633559
}