{
    "gpsHeading": 26, 
    "gpsLatitude": 47.67050156465965, 
    "gpsLongitude": 9.18229914630658, 
    "outsideTemperature": 20.0, 
    "speed": 9.692375, 
    "yawRate": 0.1125508326894753
}