{
    "gpsHeading": 83, 
    "gpsLatitude": 47.658505384835586, 
    "gpsLongitude": 9.170921383298767, 
    "outsideTemperature": 21.5, 
    "speed": 0.0, 
    "yawRate": -0.00024769242559546933
}