{
    "gpsHeading": 187, 
    "gpsLatitude": 47.663186845396886, 
    "gpsLongitude": 9.161522168535424, 
    "outsideTemperature": 18.0, 
    "speed": 10.5651875, 
    "yawRate": -0.0026548515337191186
}