{
    "gpsHeading": 79, 
    "gpsLatitude": 47.6788273929024, 
    "gpsLongitude": 9.199464948732853, 
    "outsideTemperature": 19.0, 
    "speed": 12.635, 
    "yawRate": 0.026002718820478703
}