{
    "gpsHeading": 162, 
    "gpsLatitude": 47.67852405182651, 
    "gpsLongitude": 9.185125775514276, 
    "outsideTemperature": 18.5, 
    "speed": 10.265937500000001, 
    "yawRate": -0.025461107519583276
}