{
    "gpsHeading": 181, 
    "gpsLatitude": 47.66203290878678, 
    "gpsLongitude": 9.161239949855538, 
    "outsideTemperature": 18.0, 
    "speed": 8.1213125, 
    "yawRate": 0.15058505679137996
}