{
    "gpsHeading": 274, 
    "gpsLatitude": 47.662146232117706, 
    "gpsLongitude": 9.167812200135058, 
    "outsideTemperature": 18.5, 
    "speed": 7.4064375, 
    "yawRate": -0.0007349893565251505
}