{
    "gpsHeading": 121, 
    "gpsLatitude": 47.664200133671706, 
    "gpsLongitude": 9.170092748350898, 
    "outsideTemperature": 20.0, 
    "speed": 5.7439375, 
    "yawRate": 0.007000682413289781
}