{
    "gpsHeading": 295, 
    "gpsLatitude": 47.687090440690376, 
    "gpsLongitude": 9.154284395143819, 
    "outsideTemperature": 17.5, 
    "speed": 9.509500000000001, 
    "yawRate": 0.03346964969727825
}