{
    "gpsHeading": 116, 
    "gpsLatitude": 47.67488043851634, 
    "gpsLongitude": 9.152980841562051, 
    "outsideTemperature": 19.5, 
    "speed": 13.100500000000002, 
    "yawRate": 0.01903131576193032
}