{
    "gpsHeading": 91, 
    "gpsLatitude": 47.67383127569593, 
    "gpsLongitude": 9.191150519878434, 
    "outsideTemperature": 18.5, 
    "speed": 12.410562500000001, 
    "yawRate": -0.012240208828116751
}