{
    "gpsHeading": 287, 
    "gpsLatitude": 47.68037209383853, 
    "gpsLongitude": 9.184754960117836, 
    "outsideTemperature": 18.5, 
    "speed": 10.440500000000002, 
    "yawRate": -0.015512730783215885
}