{
    "gpsHeading": 141, 
    "gpsLatitude": 47.661461765904434, 
    "gpsLongitude": 9.176589142406682, 
    "outsideTemperature": 24.5, 
    "speed": 0.96425, 
    "yawRate": 0.24187518014571244
}