{
    "gpsHeading": 26, 
    "gpsLatitude": 47.6733679240884, 
    "gpsLongitude": 9.183960774792002, 
    "outsideTemperature": 19.5, 
    "speed": 7.1570625, 
    "yawRate": -0.14540883075528177
}