{
    "gpsHeading": 317, 
    "gpsLatitude": 47.657282046067195, 
    "gpsLongitude": 9.169221952430041, 
    "outsideTemperature": 19.5, 
    "speed": 4.4804375, 
    "yawRate": 0.346100149620546
}