{
    "gpsHeading": 86, 
    "gpsLatitude": 47.6738518113587, 
    "gpsLongitude": 9.189079686880012, 
    "outsideTemperature": 19.0, 
    "speed": 12.510312500000001, 
    "yawRate": -0.0017682333161505553
}