{
    "gpsHeading": 358, 
    "gpsLatitude": 47.657885124000636, 
    "gpsLongitude": 9.169612213841873, 
    "outsideTemperature": 27.0, 
    "speed": 4.3640625, 
    "yawRate": 0.028497504834631326
}