{
    "gpsHeading": 27, 
    "gpsLatitude": 47.67791485510374, 
    "gpsLongitude": 9.173418016978468, 
    "outsideTemperature": 26.0, 
    "speed": 5.012437500000001, 
    "yawRate": -0.015240594658588569
}