{
    "gpsHeading": 176, 
    "gpsLatitude": 47.664271212210636, 
    "gpsLongitude": 9.177466643850074, 
    "outsideTemperature": 19.0, 
    "speed": 8.894375, 
    "yawRate": 0.026752411530872603
}