{
    "gpsHeading": 0, 
    "gpsLatitude": 47.66533512718064, 
    "gpsLongitude": 9.176262164363827, 
    "outsideTemperature": 26.0, 
    "speed": 1.0806250000000002, 
    "yawRate": 0.20367104277461187
}