{
    "gpsHeading": 278, 
    "gpsLatitude": 47.662672950913226, 
    "gpsLongitude": 9.16396775642481, 
    "outsideTemperature": 19.5, 
    "speed": 6.633375, 
    "yawRate": 0.004313569577653113
}