{
    "gpsHeading": 285, 
    "gpsLatitude": 47.65840681365425, 
    "gpsLongitude": 9.17152521560351, 
    "outsideTemperature": 21.0, 
    "speed": 5.935125, 
    "yawRate": 0.009354300892539719
}