{
    "gpsHeading": 288, 
    "gpsLatitude": 47.65853455385863, 
    "gpsLongitude": 9.17066640580419, 
    "outsideTemperature": 23.0, 
    "speed": 1.5876875000000001, 
    "yawRate": -0.020806275754460195
}