{
    "gpsHeading": 186, 
    "gpsLatitude": 47.66525541528145, 
    "gpsLongitude": 9.161966912317904, 
    "outsideTemperature": 18.5, 
    "speed": 13.516125, 
    "yawRate": -0.008763503915699565
}