{
    "gpsHeading": 26, 
    "gpsLatitude": 47.66099933630628, 
    "gpsLongitude": 9.171904999636379, 
    "outsideTemperature": 21.0, 
    "speed": 8.3873125, 
    "yawRate": 0.05342897154275935
}