{
    "gpsHeading": 255, 
    "gpsLatitude": 47.66349454506245, 
    "gpsLongitude": 9.174190493175088, 
    "outsideTemperature": 28.0, 
    "speed": 5.411437500000001, 
    "yawRate": -0.0184852178020959
}