{
    "gpsHeading": 104, 
    "gpsLatitude": 47.657073755773304, 
    "gpsLongitude": 9.168957754841976, 
    "outsideTemperature": 18.5, 
    "speed": 4.172875, 
    "yawRate": 0.0048882808556602025
}