{
    "gpsHeading": 99, 
    "gpsLatitude": 47.689708779604196, 
    "gpsLongitude": 9.149824133007293, 
    "outsideTemperature": 19.0, 
    "speed": 9.6175625, 
    "yawRate": 0.008511441393759644
}