{
    "gpsHeading": 319, 
    "gpsLatitude": 47.682647948188595, 
    "gpsLongitude": 9.158221123608019, 
    "outsideTemperature": 18.5, 
    "speed": 11.188625, 
    "yawRate": -0.04441056784653084
}