{
    "gpsHeading": 72, 
    "gpsLatitude": 47.67344570814987, 
    "gpsLongitude": 9.184432173026567, 
    "outsideTemperature": 19.5, 
    "speed": 7.88025, 
    "yawRate": -0.03824561468283198
}