{
    "gpsHeading": 49, 
    "gpsLatitude": 47.67309073455041, 
    "gpsLongitude": 9.183704120916788, 
    "outsideTemperature": 19.5, 
    "speed": 4.638375, 
    "yawRate": 0.026331567640956923
}