{
    "gpsHeading": 158, 
    "gpsLatitude": 47.661923776407455, 
    "gpsLongitude": 9.161497777197194, 
    "outsideTemperature": 18.0, 
    "speed": 8.570187500000001, 
    "yawRate": 0.13435349474783384
}