{
    "gpsHeading": 99, 
    "gpsLatitude": 47.66485098845326, 
    "gpsLongitude": 9.174957772591743, 
    "outsideTemperature": 25.5, 
    "speed": 0.9975, 
    "yawRate": 0.11701505484680014
}