{
    "gpsHeading": 354, 
    "gpsLatitude": 47.67803873963268, 
    "gpsLongitude": 9.198106074590118, 
    "outsideTemperature": 19.5, 
    "speed": 12.443812500000002, 
    "yawRate": -0.1520208648829397
}