{
    "gpsHeading": 185, 
    "gpsLatitude": 47.660015384692564, 
    "gpsLongitude": 9.177139414350124, 
    "outsideTemperature": 24.0, 
    "speed": 6.916, 
    "yawRate": -0.05323275836672179
}