{
    "gpsHeading": 86, 
    "gpsLatitude": 47.67384351327455, 
    "gpsLongitude": 9.188740555077525, 
    "outsideTemperature": 19.0, 
    "speed": 12.4770625, 
    "yawRate": -0.005957023520937034
}