{
    "gpsHeading": 155, 
    "gpsLatitude": 47.68018794342577, 
    "gpsLongitude": 9.184063034010727, 
    "outsideTemperature": 18.5, 
    "speed": 9.700687499999999, 
    "yawRate": 0.10456592175399189
}