{
    "gpsHeading": 186, 
    "gpsLatitude": 47.66627348124108, 
    "gpsLongitude": 9.162166066337326, 
    "outsideTemperature": 18.0, 
    "speed": 11.953375, 
    "yawRate": 0.003497885419181289
}