{
    "gpsHeading": 309, 
    "gpsLatitude": 47.67657961792796, 
    "gpsLongitude": 9.196221655118332, 
    "outsideTemperature": 20.0, 
    "speed": 12.1778125, 
    "yawRate": -0.014465533232019266
}