{
    "gpsHeading": 328, 
    "gpsLatitude": 47.688404052555974, 
    "gpsLongitude": 9.148178597775996, 
    "outsideTemperature": 17.5, 
    "speed": 11.446312500000001, 
    "yawRate": -0.042490705669336874
}