{
    "gpsHeading": 45, 
    "gpsLatitude": 47.66186015776235, 
    "gpsLongitude": 9.166450811421374, 
    "outsideTemperature": 21.0, 
    "speed": 7.522812500000001, 
    "yawRate": -0.0009224181783299863
}