{
    "gpsHeading": 151, 
    "gpsLatitude": 47.67921287662943, 
    "gpsLongitude": 9.184716906277405, 
    "outsideTemperature": 18.5, 
    "speed": 10.4155625, 
    "yawRate": -0.02162138316519633
}