{
    "gpsHeading": 143, 
    "gpsLatitude": 47.67274540013961, 
    "gpsLongitude": 9.163100564722319, 
    "outsideTemperature": 18.0, 
    "speed": 15.768812500000001, 
    "yawRate": -0.11745343174402383
}