{
    "gpsHeading": 30, 
    "gpsLatitude": 47.66629544182741, 
    "gpsLongitude": 9.178583029533955, 
    "outsideTemperature": 26.5, 
    "speed": 8.911000000000001, 
    "yawRate": 0.003118688589433009
}