{
    "gpsHeading": 27, 
    "gpsLatitude": 47.67008649281442, 
    "gpsLongitude": 9.182010808837381, 
    "outsideTemperature": 20.5, 
    "speed": 10.124625000000002, 
    "yawRate": 0.006260281243022868
}