{
    "gpsHeading": 9, 
    "gpsLatitude": 47.66764434150535, 
    "gpsLongitude": 9.179448293398718, 
    "outsideTemperature": 22.5, 
    "speed": 8.595125, 
    "yawRate": -0.07175593632112283
}