{
    "gpsHeading": 323, 
    "gpsLatitude": 47.65629348440673, 
    "gpsLongitude": 9.17256884636783, 
    "outsideTemperature": 20.5, 
    "speed": 5.702375000000001, 
    "yawRate": -0.05835948723100955
}