{
    "gpsHeading": 82, 
    "gpsLatitude": 47.67362399123039, 
    "gpsLongitude": 9.193757710861, 
    "outsideTemperature": 24.5, 
    "speed": 8.3374375, 
    "yawRate": -0.022005755341116724
}