{
    "gpsHeading": 175, 
    "gpsLatitude": 47.67323683112275, 
    "gpsLongitude": 9.183652236936124, 
    "outsideTemperature": 21.0, 
    "speed": 8.94425, 
    "yawRate": -0.024722398804594183
}