{
    "gpsHeading": 135, 
    "gpsLatitude": 47.67389430760778, 
    "gpsLongitude": 9.183483006311025, 
    "outsideTemperature": 21.5, 
    "speed": 1.8370625000000003, 
    "yawRate": -0.008490836761048063
}