{
    "gpsHeading": 222, 
    "gpsLatitude": 47.65737793503951, 
    "gpsLongitude": 9.170704459644622, 
    "outsideTemperature": 19.5, 
    "speed": 6.916, 
    "yawRate": 0.009882886521968014
}