{
    "gpsHeading": 100, 
    "gpsLatitude": 47.68958238050431, 
    "gpsLongitude": 9.151198010756705, 
    "outsideTemperature": 18.5, 
    "speed": 9.783812500000002, 
    "yawRate": -0.013305174256169106
}