{
    "gpsHeading": 302, 
    "gpsLatitude": 47.684359029902744, 
    "gpsLongitude": 9.155819121615158, 
    "outsideTemperature": 18.5, 
    "speed": 10.864437500000001, 
    "yawRate": 0.004982249984908562
}