{
    "gpsHeading": 100, 
    "gpsLatitude": 47.66557459815435, 
    "gpsLongitude": 9.177730254704919, 
    "outsideTemperature": 31.0, 
    "speed": 5.835375, 
    "yawRate": 0.2923197456448884
}