{
    "gpsHeading": 44, 
    "gpsLatitude": 47.65660956597546, 
    "gpsLongitude": 9.169911950699422, 
    "outsideTemperature": 20.5, 
    "speed": 6.068125, 
    "yawRate": -0.017174636788085174
}