{
    "gpsHeading": 201, 
    "gpsLatitude": 47.67656293794066, 
    "gpsLongitude": 9.184474417818553, 
    "outsideTemperature": 18.5, 
    "speed": 12.344062500000001, 
    "yawRate": 0.0019405617367271154
}