{
    "gpsHeading": 224, 
    "gpsLatitude": 47.67528042293585, 
    "gpsLongitude": 9.182477513206136, 
    "outsideTemperature": 18.0, 
    "speed": 4.3973125, 
    "yawRate": 0.022360913985060703
}