{
    "gpsHeading": 73, 
    "gpsLatitude": 47.673497340673414, 
    "gpsLongitude": 9.184747164947886, 
    "outsideTemperature": 19.5, 
    "speed": 9.201937500000001, 
    "yawRate": -0.007702352772931731
}