{
    "gpsHeading": 6, 
    "gpsLatitude": 47.6587556684644, 
    "gpsLongitude": 9.170365495480201, 
    "outsideTemperature": 21.5, 
    "speed": 5.9517500000000005, 
    "yawRate": -0.028515264904691508
}