{
    "gpsHeading": 16, 
    "gpsLatitude": 47.66589788815981, 
    "gpsLongitude": 9.174338014670973, 
    "outsideTemperature": 23.0, 
    "speed": 10.282562500000001, 
    "yawRate": -0.003565214521480026
}