{
    "gpsHeading": 104, 
    "gpsLatitude": 47.68977181151607, 
    "gpsLongitude": 9.149340832470225, 
    "outsideTemperature": 19.5, 
    "speed": 8.861125, 
    "yawRate": 0.05266827146921496
}