{
    "gpsHeading": 279, 
    "gpsLatitude": 47.65816482810959, 
    "gpsLongitude": 9.17361943411178, 
    "outsideTemperature": 21.0, 
    "speed": 5.9517500000000005, 
    "yawRate": 0.0012540040929062577
}