{
    "gpsHeading": 49, 
    "gpsLatitude": 47.657313729661205, 
    "gpsLongitude": 9.16927442314393, 
    "outsideTemperature": 25.0, 
    "speed": 5.48625, 
    "yawRate": 0.03031899660375313
}