{
    "gpsHeading": 204, 
    "gpsLatitude": 47.67877349726499, 
    "gpsLongitude": 9.150307768820491, 
    "outsideTemperature": 17.5, 
    "speed": 9.459624999999999, 
    "yawRate": -0.015399569358562345
}