{
    "gpsHeading": 229, 
    "gpsLatitude": 47.67552986837433, 
    "gpsLongitude": 9.183736391244, 
    "outsideTemperature": 18.0, 
    "speed": 7.049, 
    "yawRate": -0.15321920876556594
}