{
    "gpsHeading": 234, 
    "gpsLatitude": 47.67853679231933, 
    "gpsLongitude": 9.19820221501953, 
    "outsideTemperature": 20.0, 
    "speed": 12.9758125, 
    "yawRate": 0.19373487428885838
}