{
    "gpsHeading": 278, 
    "gpsLatitude": 47.68005291096563, 
    "gpsLongitude": 9.186093885330989, 
    "outsideTemperature": 18.5, 
    "speed": 10.157875, 
    "yawRate": -0.06804714126824415
}