{
    "gpsHeading": 144, 
    "gpsLatitude": 47.65768152757252, 
    "gpsLongitude": 9.170808059967856, 
    "outsideTemperature": 23.5, 
    "speed": 2.7015625, 
    "yawRate": 0.08510657728292138
}