{
    "gpsHeading": 183, 
    "gpsLatitude": 47.66479566789229, 
    "gpsLongitude": 9.177466057116852, 
    "outsideTemperature": 19.5, 
    "speed": 7.6059375000000005, 
    "yawRate": -0.0159570522106392
}