{
    "gpsHeading": 91, 
    "gpsLatitude": 47.67383513137138, 
    "gpsLongitude": 9.190975841016238, 
    "outsideTemperature": 18.5, 
    "speed": 12.73475, 
    "yawRate": -0.0029899637925464464
}