{
    "gpsHeading": 115, 
    "gpsLatitude": 47.67413176692474, 
    "gpsLongitude": 9.155214115843972, 
    "outsideTemperature": 19.0, 
    "speed": 17.772125000000003, 
    "yawRate": -0.017620598529950376
}