{
    "gpsHeading": 27, 
    "gpsLatitude": 47.659932655308225, 
    "gpsLongitude": 9.171186083801055, 
    "outsideTemperature": 20.0, 
    "speed": 7.581, 
    "yawRate": 0.005722728875853839
}