{
    "gpsHeading": 199, 
    "gpsLatitude": 47.662444544051716, 
    "gpsLongitude": 9.172314707063569, 
    "outsideTemperature": 22.5, 
    "speed": 6.0099375, 
    "yawRate": 0.001131752302489427
}