{
    "gpsHeading": 172, 
    "gpsLatitude": 47.67814762055491, 
    "gpsLongitude": 9.185246055824853, 
    "outsideTemperature": 18.5, 
    "speed": 11.105500000000001, 
    "yawRate": -0.04623052561831541
}