{
    "gpsHeading": 79, 
    "gpsLatitude": 47.68288037836364, 
    "gpsLongitude": 9.203459931424128, 
    "outsideTemperature": 21.5, 
    "speed": 11.2385, 
    "yawRate": -0.02142572873515156
}