{
    "gpsHeading": 186, 
    "gpsLatitude": 47.67173739246377, 
    "gpsLongitude": 9.163220258299642, 
    "outsideTemperature": 17.5, 
    "speed": 18.2293125, 
    "yawRate": -0.0034834315887965067
}