{
    "gpsHeading": 209, 
    "gpsLatitude": 47.6626620544391, 
    "gpsLongitude": 9.172409422569439, 
    "outsideTemperature": 23.0, 
    "speed": 8.628375, 
    "yawRate": 0.0037497461804814726
}