{
    "gpsHeading": 108, 
    "gpsLatitude": 47.68854679636705, 
    "gpsLongitude": 9.15616361783564, 
    "outsideTemperature": 17.5, 
    "speed": 14.422187500000001, 
    "yawRate": 0.010780369421352156
}