{
    "gpsHeading": 312, 
    "gpsLatitude": 47.66640650204446, 
    "gpsLongitude": 9.163644382600319, 
    "outsideTemperature": 19.5, 
    "speed": 3.607625, 
    "yawRate": 0.4090683190117358
}