{
    "gpsHeading": 33, 
    "gpsLatitude": 47.67951093710632, 
    "gpsLongitude": 9.201179131751191, 
    "outsideTemperature": 19.0, 
    "speed": 12.1944375, 
    "yawRate": 0.056545980730378954
}