{
    "gpsHeading": 302, 
    "gpsLatitude": 47.6813284689908, 
    "gpsLongitude": 9.16091054106073, 
    "outsideTemperature": 19.0, 
    "speed": 14.06475, 
    "yawRate": 0.03255845216641823
}