{
    "gpsHeading": 336, 
    "gpsLatitude": 47.66367928220841, 
    "gpsLongitude": 9.166103884448939, 
    "outsideTemperature": 18.5, 
    "speed": 7.065625, 
    "yawRate": 0.03958211636454322
}