{
    "gpsHeading": 130, 
    "gpsLatitude": 47.66422737485703, 
    "gpsLongitude": 9.169837435580193, 
    "outsideTemperature": 20.0, 
    "speed": 6.666625, 
    "yawRate": 0.007175215338489052
}