{
    "gpsHeading": 136, 
    "gpsLatitude": 47.660263740483636, 
    "gpsLongitude": 9.163804728408058, 
    "outsideTemperature": 18.5, 
    "speed": 9.07725, 
    "yawRate": -0.0005604564313258791
}