{
    "gpsHeading": 39, 
    "gpsLatitude": 47.657019860135875, 
    "gpsLongitude": 9.17033523680975, 
    "outsideTemperature": 20.0, 
    "speed": 5.569375, 
    "yawRate": -0.01019331978010837
}