{
    "gpsHeading": 114, 
    "gpsLatitude": 47.67711295842699, 
    "gpsLongitude": 9.152269972353777, 
    "outsideTemperature": 17.5, 
    "speed": 12.3939375, 
    "yawRate": 0.010954902346551427
}