{
    "gpsHeading": 203, 
    "gpsLatitude": 47.67098788268187, 
    "gpsLongitude": 9.182559404400156, 
    "outsideTemperature": 19.0, 
    "speed": 9.326625000000002, 
    "yawRate": 0.0911674635278271
}