{
    "gpsHeading": 284, 
    "gpsLatitude": 47.68753459773963, 
    "gpsLongitude": 9.152263015374142, 
    "outsideTemperature": 17.5, 
    "speed": 10.332437500000001, 
    "yawRate": 0.015318225476537179
}