{
    "gpsHeading": 186, 
    "gpsLatitude": 47.66488677917982, 
    "gpsLongitude": 9.161890217903851, 
    "outsideTemperature": 18.5, 
    "speed": 13.2251875, 
    "yawRate": 0.004151932549058414
}