{
    "gpsHeading": 105, 
    "gpsLatitude": 47.68908541746507, 
    "gpsLongitude": 9.15387862721112, 
    "outsideTemperature": 18.0, 
    "speed": 13.931750000000001, 
    "yawRate": -0.005451192622194954
}