{
    "gpsHeading": 306, 
    "gpsLatitude": 47.65833850114337, 
    "gpsLongitude": 9.172093592457802, 
    "outsideTemperature": 21.5, 
    "speed": 1.4546875, 
    "yawRate": -0.004494104259855448
}