{
    "gpsHeading": 185, 
    "gpsLatitude": 47.663451545899164, 
    "gpsLongitude": 9.161581680047975, 
    "outsideTemperature": 18.0, 
    "speed": 12.418875000000002, 
    "yawRate": -0.0010399706360047247
}