{
    "gpsHeading": 314, 
    "gpsLatitude": 47.673893720874574, 
    "gpsLongitude": 9.149534119157458, 
    "outsideTemperature": 18.5, 
    "speed": 10.365687500000002, 
    "yawRate": -0.017271532679550842
}