{
    "gpsHeading": 11, 
    "gpsLatitude": 47.66458955689322, 
    "gpsLongitude": 9.164098346476255, 
    "outsideTemperature": 20.5, 
    "speed": 6.7248125000000005, 
    "yawRate": 0.035380430263152164
}