{
    "gpsHeading": 281, 
    "gpsLatitude": 47.66249760149881, 
    "gpsLongitude": 9.165091350545419, 
    "outsideTemperature": 20.5, 
    "speed": 7.281750000000001, 
    "yawRate": -0.012441591241491811
}