{
    "gpsHeading": 287, 
    "gpsLatitude": 47.68045876271736, 
    "gpsLongitude": 9.163777487222717, 
    "outsideTemperature": 20.0, 
    "speed": 9.9085, 
    "yawRate": -0.012296509609835167
}