{
    "gpsHeading": 287, 
    "gpsLatitude": 47.680508467403186, 
    "gpsLongitude": 9.163520498071378, 
    "outsideTemperature": 20.0, 
    "speed": 10.822875000000002, 
    "yawRate": -0.013692773011431323
}