{
    "gpsHeading": 131, 
    "gpsLatitude": 47.66417012645835, 
    "gpsLongitude": 9.170364405832787, 
    "outsideTemperature": 20.0, 
    "speed": 3.2252500000000004, 
    "yawRate": 0.2799701774251981
}