{
    "gpsHeading": 192, 
    "gpsLatitude": 47.66499373226432, 
    "gpsLongitude": 9.177498327444063, 
    "outsideTemperature": 19.5, 
    "speed": 6.9409375, 
    "yawRate": 0.041115214329574094
}