{
    "gpsHeading": 144, 
    "gpsLatitude": 47.678883216377564, 
    "gpsLongitude": 9.184949420271483, 
    "outsideTemperature": 18.0, 
    "speed": 10.1495625, 
    "yawRate": -0.0183052575864072
}