{
    "gpsHeading": 226, 
    "gpsLatitude": 47.682543174398916, 
    "gpsLongitude": 9.202672200163736, 
    "outsideTemperature": 21.0, 
    "speed": 7.6724375, 
    "yawRate": 0.10149035219554835
}