{
    "gpsHeading": 343, 
    "gpsLatitude": 47.66321601441994, 
    "gpsLongitude": 9.166378307958906, 
    "outsideTemperature": 18.5, 
    "speed": 7.780500000000001, 
    "yawRate": 0.017067369013816395
}