{
    "gpsHeading": 198, 
    "gpsLatitude": 47.68580926679009, 
    "gpsLongitude": 9.148055216161243, 
    "outsideTemperature": 17.5, 
    "speed": 10.9725, 
    "yawRate": 0.0004829268345862216
}