{
    "gpsHeading": 13, 
    "gpsLatitude": 47.67183956786347, 
    "gpsLongitude": 9.183195842308237, 
    "outsideTemperature": 19.5, 
    "speed": 9.858625, 
    "yawRate": 0.01585959212899172
}