{
    "gpsHeading": 292, 
    "gpsLatitude": 47.68662683762578, 
    "gpsLongitude": 9.155546961219079, 
    "outsideTemperature": 18.0, 
    "speed": 11.920125, 
    "yawRate": -0.011210779153775866
}