{
    "gpsHeading": 195, 
    "gpsLatitude": 47.68031794674402, 
    "gpsLongitude": 9.201633849998414, 
    "outsideTemperature": 23.5, 
    "speed": 11.1470625, 
    "yawRate": -0.014831971324460288
}