{
    "gpsHeading": 299, 
    "gpsLatitude": 47.67848515979578, 
    "gpsLongitude": 9.172405231617853, 
    "outsideTemperature": 27.5, 
    "speed": 11.820375000000002, 
    "yawRate": 0.0011425256305206254
}