{
    "gpsHeading": 285, 
    "gpsLatitude": 47.67990212052751, 
    "gpsLongitude": 9.166336649900112, 
    "outsideTemperature": 20.5, 
    "speed": 12.019875, 
    "yawRate": 0.006553046311702995
}