{
    "gpsHeading": 304, 
    "gpsLatitude": 47.6567754438393, 
    "gpsLongitude": 9.169256904966302, 
    "outsideTemperature": 26.5, 
    "speed": 0.0, 
    "yawRate": 4.137411137541741e-05
}