{
    "gpsHeading": 312, 
    "gpsLatitude": 47.67815097331618, 
    "gpsLongitude": 9.19389525789211, 
    "outsideTemperature": 19.0, 
    "speed": 11.5959375, 
    "yawRate": 0.0625034867809298
}