{
    "gpsHeading": 15, 
    "gpsLatitude": 47.66200457795406, 
    "gpsLongitude": 9.172395005695984, 
    "outsideTemperature": 20.0, 
    "speed": 9.8669375, 
    "yawRate": 0.008050410990908148
}