{
    "gpsHeading": 318, 
    "gpsLatitude": 47.657071827935575, 
    "gpsLongitude": 9.17178916173448, 
    "outsideTemperature": 20.0, 
    "speed": 5.652500000000001, 
    "yawRate": 0.01826046693153998
}