{
    "gpsHeading": 87, 
    "gpsLatitude": 47.68196239232792, 
    "gpsLongitude": 9.20894194755766, 
    "outsideTemperature": 19.0, 
    "speed": 5.652500000000001, 
    "yawRate": 0.08521388856169942
}