{
    "gpsHeading": 338, 
    "gpsLatitude": 47.65663320294242, 
    "gpsLongitude": 9.172244718172054, 
    "outsideTemperature": 21.0, 
    "speed": 5.070625000000001, 
    "yawRate": 0.0015053061123950573
}