{
    "gpsHeading": 285, 
    "gpsLatitude": 47.68039765864321, 
    "gpsLongitude": 9.16396918134835, 
    "outsideTemperature": 20.0, 
    "speed": 7.9135, 
    "yawRate": -0.009154916956245308
}