{
    "gpsHeading": 340, 
    "gpsLatitude": 47.67694121323094, 
    "gpsLongitude": 9.198482505861719, 
    "outsideTemperature": 20.5, 
    "speed": 12.385625000000001, 
    "yawRate": 0.002615306843755518
}