{
    "gpsHeading": 167, 
    "gpsLatitude": 47.65714651069287, 
    "gpsLongitude": 9.170466078318324, 
    "outsideTemperature": 22.5, 
    "speed": 0.0, 
    "yawRate": -0.0011223701342527976
}