{
    "gpsHeading": 202, 
    "gpsLatitude": 47.67587620861352, 
    "gpsLongitude": 9.184062195820411, 
    "outsideTemperature": 18.5, 
    "speed": 8.428875, 
    "yawRate": -0.03209335867716154
}