{
    "gpsHeading": 0, 
    "gpsLatitude": 47.6580745550124, 
    "gpsLongitude": 9.169616069517334, 
    "outsideTemperature": 26.5, 
    "speed": 6.5585625, 
    "yawRate": 0.00720448796030039
}