{
    "gpsHeading": 288, 
    "gpsLatitude": 47.678760421496044, 
    "gpsLongitude": 9.191496357203423, 
    "outsideTemperature": 19.0, 
    "speed": 12.0448125, 
    "yawRate": 0.02445530908745394
}