{
    "gpsHeading": 107, 
    "gpsLatitude": 47.664992055883694, 
    "gpsLongitude": 9.164687175174322, 
    "outsideTemperature": 21.5, 
    "speed": 6.9658750000000005, 
    "yawRate": 0.04155820160277625
}