{
    "gpsHeading": 296, 
    "gpsLatitude": 47.67832875348253, 
    "gpsLongitude": 9.17280831734154, 
    "outsideTemperature": 29.0, 
    "speed": 11.579312500000002, 
    "yawRate": 0.0030623878077145933
}