{
    "gpsHeading": 130, 
    "gpsLatitude": 47.65658157041886, 
    "gpsLongitude": 9.169533843047187, 
    "outsideTemperature": 19.0, 
    "speed": 5.08725, 
    "yawRate": 1.3589500756474096e-06
}