{
    "gpsHeading": 24, 
    "gpsLatitude": 47.66607038772715, 
    "gpsLongitude": 9.17446466522793, 
    "outsideTemperature": 22.5, 
    "speed": 9.559375, 
    "yawRate": -0.0016673342888124682
}