{
    "gpsHeading": 32, 
    "gpsLatitude": 47.67493098139247, 
    "gpsLongitude": 9.19743636052645, 
    "outsideTemperature": 20.0, 
    "speed": 7.8553125, 
    "yawRate": -0.0061232591479681575
}