{
    "gpsHeading": 93, 
    "gpsLatitude": 47.67331402845099, 
    "gpsLongitude": 9.161924667525886, 
    "outsideTemperature": 18.5, 
    "speed": 16.758, 
    "yawRate": -0.12600554507879605
}