{
    "gpsHeading": 190, 
    "gpsLatitude": 47.68438065521294, 
    "gpsLongitude": 9.147318279234105, 
    "outsideTemperature": 17.0, 
    "speed": 11.645812500000002, 
    "yawRate": 0.011478501122150233
}