{
    "gpsHeading": 280, 
    "gpsLatitude": 47.66246818101866, 
    "gpsLongitude": 9.165284972508747, 
    "outsideTemperature": 20.5, 
    "speed": 7.331625000000001, 
    "yawRate": -0.0007478852531297229
}