{
    "gpsHeading": 322, 
    "gpsLatitude": 47.68337239608003, 
    "gpsLongitude": 9.15748913200375, 
    "outsideTemperature": 18.5, 
    "speed": 10.640000000000002, 
    "yawRate": -0.011074779133439277
}