{
    "gpsHeading": 186, 
    "gpsLatitude": 47.66372379011428, 
    "gpsLongitude": 9.161644460502762, 
    "outsideTemperature": 18.0, 
    "speed": 12.028187500000001, 
    "yawRate": -0.00946163561649665
}