{
    "gpsHeading": 188, 
    "gpsLatitude": 47.669174625568004, 
    "gpsLongitude": 9.16262413734585, 
    "outsideTemperature": 17.0, 
    "speed": 15.511125, 
    "yawRate": -0.0027852998879984293
}