{
    "gpsHeading": 207, 
    "gpsLatitude": 47.67499761752273, 
    "gpsLongitude": 9.152561075851022, 
    "outsideTemperature": 22.5, 
    "speed": 9.492875, 
    "yawRate": 0.023743704742314617
}