{
    "gpsHeading": 112, 
    "gpsLatitude": 47.67953960321519, 
    "gpsLongitude": 9.150187991424136, 
    "outsideTemperature": 17.5, 
    "speed": 11.4961875, 
    "yawRate": 0.004671717039371708
}