{
    "gpsHeading": 7, 
    "gpsLatitude": 47.66150929129544, 
    "gpsLongitude": 9.166359951590929, 
    "outsideTemperature": 21.0, 
    "speed": 7.439687500000001, 
    "yawRate": 0.010247689034434288
}