{
    "gpsHeading": 131, 
    "gpsLatitude": 47.66630734412991, 
    "gpsLongitude": 9.176537761340207, 
    "outsideTemperature": 20.5, 
    "speed": 10.9808125, 
    "yawRate": -0.04126432636455635
}