{
    "gpsHeading": 205, 
    "gpsLatitude": 47.675336246410986, 
    "gpsLongitude": 9.152806665614047, 
    "outsideTemperature": 18.0, 
    "speed": 2.5602500000000004, 
    "yawRate": -0.0012624024174084751
}