{
    "gpsHeading": 134, 
    "gpsLatitude": 47.66138792133746, 
    "gpsLongitude": 9.162242174018157, 
    "outsideTemperature": 18.0, 
    "speed": 10.332437500000001, 
    "yawRate": 0.002232070371864445
}