{
    "gpsHeading": 259, 
    "gpsLatitude": 47.67885044313614, 
    "gpsLongitude": 9.19929412554615, 
    "outsideTemperature": 20.5, 
    "speed": 13.1254375, 
    "yawRate": 0.009951704053858059
}