{
    "gpsHeading": 106, 
    "gpsLatitude": 47.689044010863384, 
    "gpsLongitude": 9.154060514510007, 
    "outsideTemperature": 18.0, 
    "speed": 13.9566875, 
    "yawRate": -0.0073710547993889215
}