{
    "gpsHeading": 30, 
    "gpsLatitude": 47.667906778893766, 
    "gpsLongitude": 9.17976387205326, 
    "outsideTemperature": 22.5, 
    "speed": 9.858625, 
    "yawRate": -0.11399290421938417
}