{
    "gpsHeading": 115, 
    "gpsLatitude": 47.67945184468894, 
    "gpsLongitude": 9.150468282266292, 
    "outsideTemperature": 17.5, 
    "speed": 10.3490625, 
    "yawRate": -0.001087869492209204
}