{
    "gpsHeading": 310, 
    "gpsLatitude": 47.685406516342525, 
    "gpsLongitude": 9.154019443184469, 
    "outsideTemperature": 18.0, 
    "speed": 9.80875, 
    "yawRate": 0.0014915914809191678
}