{
    "gpsHeading": 283, 
    "gpsLatitude": 47.68098204493258, 
    "gpsLongitude": 9.201345512529214, 
    "outsideTemperature": 19.5, 
    "speed": 5.403125, 
    "yawRate": 0.02033254197781379
}