{
    "gpsHeading": 112, 
    "gpsLatitude": 47.6767473398105, 
    "gpsLongitude": 9.153376048296757, 
    "outsideTemperature": 17.5, 
    "speed": 9.093875, 
    "yawRate": -0.029711269224915487
}