{
    "gpsHeading": 186, 
    "gpsLatitude": 47.67055906451542, 
    "gpsLongitude": 9.162896046284832, 
    "outsideTemperature": 17.0, 
    "speed": 17.7555, 
    "yawRate": 0.0003562927655914299
}