{
    "gpsHeading": 171, 
    "gpsLatitude": 47.66373845844483, 
    "gpsLongitude": 9.177538057665128, 
    "outsideTemperature": 19.0, 
    "speed": 11.546062500000001, 
    "yawRate": -0.003441784528629105
}