{
    "gpsHeading": 24, 
    "gpsLatitude": 47.66104434712633, 
    "gpsLongitude": 9.17192662494656, 
    "outsideTemperature": 22.0, 
    "speed": 9.27675, 
    "yawRate": 0.03992573624932309
}