{
    "gpsHeading": 102, 
    "gpsLatitude": 47.664499870529255, 
    "gpsLongitude": 9.167662750801442, 
    "outsideTemperature": 20.5, 
    "speed": 5.81875, 
    "yawRate": 0.002113760507705225
}