{
    "gpsHeading": 151, 
    "gpsLatitude": 47.680962096003014, 
    "gpsLongitude": 9.201460260783666, 
    "outsideTemperature": 22.0, 
    "speed": 0.0, 
    "yawRate": -9.682846007924443e-05
}