{
    "gpsHeading": 297, 
    "gpsLatitude": 47.681521252763815, 
    "gpsLongitude": 9.16042078645822, 
    "outsideTemperature": 19.0, 
    "speed": 14.247625000000001, 
    "yawRate": 0.008996507264494778
}