{
    "gpsHeading": 186, 
    "gpsLatitude": 47.6707229307225, 
    "gpsLongitude": 9.162936614696216, 
    "outsideTemperature": 17.0, 
    "speed": 18.071375, 
    "yawRate": -0.011337413222770659
}