{
    "gpsHeading": 100, 
    "gpsLatitude": 47.6893151654311, 
    "gpsLongitude": 9.152784453570643, 
    "outsideTemperature": 18.0, 
    "speed": 13.640812500000001, 
    "yawRate": -0.008941851126183356
}