{
    "gpsHeading": 187, 
    "gpsLatitude": 47.66961400493244, 
    "gpsLongitude": 9.162713572252724, 
    "outsideTemperature": 17.0, 
    "speed": 16.3673125, 
    "yawRate": 0.019554914537528136
}