{
    "gpsHeading": 14, 
    "gpsLatitude": 47.6752034770647, 
    "gpsLongitude": 9.197713298607335, 
    "outsideTemperature": 24.0, 
    "speed": 0.0, 
    "yawRate": 0.001134906265065239
}