{
    "gpsHeading": 30, 
    "gpsLatitude": 47.675090405190865, 
    "gpsLongitude": 9.197598550352883, 
    "outsideTemperature": 20.0, 
    "speed": 4.5469375, 
    "yawRate": -0.0010618043171853229
}