{
    "gpsHeading": 307, 
    "gpsLatitude": 47.67650652773228, 
    "gpsLongitude": 9.196340259048243, 
    "outsideTemperature": 20.5, 
    "speed": 11.953375, 
    "yawRate": -0.06577821324065164
}