{
    "gpsHeading": 31, 
    "gpsLatitude": 47.666621246403814, 
    "gpsLongitude": 9.178893579046594, 
    "outsideTemperature": 24.5, 
    "speed": 6.866125, 
    "yawRate": 0.0005006947114419556
}