{
    "gpsHeading": 102, 
    "gpsLatitude": 47.66682073569938, 
    "gpsLongitude": 9.175365216905076, 
    "outsideTemperature": 21.5, 
    "speed": 7.6059375000000005, 
    "yawRate": -0.015106369529169253
}