{
    "gpsHeading": 105, 
    "gpsLatitude": 47.6734104203375, 
    "gpsLongitude": 9.15767688663486, 
    "outsideTemperature": 18.0, 
    "speed": 15.544375, 
    "yawRate": 0.0441640569906482
}