{
    "gpsHeading": 81, 
    "gpsLatitude": 47.67381543389891, 
    "gpsLongitude": 9.195805828901825, 
    "outsideTemperature": 22.0, 
    "speed": 11.479562500000002, 
    "yawRate": 0.0994691605976862
}