{
    "gpsHeading": 115, 
    "gpsLatitude": 47.67937623992231, 
    "gpsLongitude": 9.150708339973225, 
    "outsideTemperature": 17.5, 
    "speed": 6.4588125, 
    "yawRate": -0.29290692042565564
}