{
    "gpsHeading": 173, 
    "gpsLatitude": 47.66096069573265, 
    "gpsLongitude": 9.177730003247824, 
    "outsideTemperature": 21.5, 
    "speed": 7.522812500000001, 
    "yawRate": -0.007928537651465777
}