{
    "gpsHeading": 281, 
    "gpsLatitude": 47.67957958489333, 
    "gpsLongitude": 9.167969947552779, 
    "outsideTemperature": 21.5, 
    "speed": 9.542750000000002, 
    "yawRate": 0.0009679927053213543
}