{
    "gpsHeading": 117, 
    "gpsLatitude": 47.67433343551513, 
    "gpsLongitude": 9.151467991857992, 
    "outsideTemperature": 18.5, 
    "speed": 9.991625, 
    "yawRate": -0.03524842397509265
}