{
    "gpsHeading": 214, 
    "gpsLatitude": 47.665656824624506, 
    "gpsLongitude": 9.177599161739282, 
    "outsideTemperature": 27.5, 
    "speed": 0.0, 
    "yawRate": -0.00022703915117364398
}