{
    "gpsHeading": 190, 
    "gpsLatitude": 47.68076260670745, 
    "gpsLongitude": 9.200984671597514, 
    "outsideTemperature": 19.5, 
    "speed": 7.7638750000000005, 
    "yawRate": -0.03551799408600361
}