{
    "gpsHeading": 25, 
    "gpsLatitude": 47.666378506487874, 
    "gpsLongitude": 9.174684941643376, 
    "outsideTemperature": 22.0, 
    "speed": 8.528625, 
    "yawRate": 0.015960491156329804
}