{
    "gpsHeading": 297, 
    "gpsLatitude": 47.681718227488425, 
    "gpsLongitude": 9.159819133448336, 
    "outsideTemperature": 19.0, 
    "speed": 14.2725625, 
    "yawRate": 0.025926201008839966
}