{
    "gpsHeading": 140, 
    "gpsLatitude": 47.65744038021817, 
    "gpsLongitude": 9.171131349973313, 
    "outsideTemperature": 22.0, 
    "speed": 4.6965625, 
    "yawRate": 0.010755551147964372
}