{
    "gpsHeading": 100, 
    "gpsLatitude": 47.664290658226015, 
    "gpsLongitude": 9.169238045684132, 
    "outsideTemperature": 20.5, 
    "speed": 7.6059375000000005, 
    "yawRate": -0.007660083303462894
}