{
    "gpsHeading": 289, 
    "gpsLatitude": 47.68057401388602, 
    "gpsLongitude": 9.163241883609858, 
    "outsideTemperature": 20.0, 
    "speed": 11.9450625, 
    "yawRate": 0.002015190256517974
}