{
    "gpsHeading": 80, 
    "gpsLatitude": 47.68290711663477, 
    "gpsLongitude": 9.2037600035578, 
    "outsideTemperature": 21.5, 
    "speed": 11.063937500000002, 
    "yawRate": -0.049700062617459295
}