{
    "gpsHeading": 302, 
    "gpsLatitude": 47.686938225328724, 
    "gpsLongitude": 9.154775826126965, 
    "outsideTemperature": 18.0, 
    "speed": 9.991625, 
    "yawRate": 0.08705125773350315
}