{
    "gpsHeading": 137, 
    "gpsLatitude": 47.661339893032284, 
    "gpsLongitude": 9.177696643273201, 
    "outsideTemperature": 29.5, 
    "speed": 7.597625, 
    "yawRate": -0.10489450422575271
}