{
    "gpsHeading": 197, 
    "gpsLatitude": 47.66142262241661, 
    "gpsLongitude": 9.171823024623327, 
    "outsideTemperature": 21.0, 
    "speed": 8.6533125, 
    "yawRate": 0.005257884187716833
}