{
    "gpsHeading": 19, 
    "gpsLatitude": 47.66576210132837, 
    "gpsLongitude": 9.174238856756423, 
    "outsideTemperature": 23.0, 
    "speed": 9.509500000000001, 
    "yawRate": 0.006012114419962413
}