{
    "gpsHeading": 186, 
    "gpsLatitude": 47.670889311500524, 
    "gpsLongitude": 9.16297827275498, 
    "outsideTemperature": 17.0, 
    "speed": 18.445437500000004, 
    "yawRate": -0.007672221793582986
}