{
    "gpsHeading": 200, 
    "gpsLatitude": 47.678624886121696, 
    "gpsLongitude": 9.150198301165037, 
    "outsideTemperature": 17.5, 
    "speed": 9.7173125, 
    "yawRate": -0.00021520486621185537
}