{
    "gpsHeading": 59, 
    "gpsLatitude": 47.67493986620983, 
    "gpsLongitude": 9.150102160735626, 
    "outsideTemperature": 18.5, 
    "speed": 5.652500000000001, 
    "yawRate": -0.6105089454324136
}