{
    "gpsHeading": 328, 
    "gpsLatitude": 47.658613176110414, 
    "gpsLongitude": 9.170493319503631, 
    "outsideTemperature": 22.0, 
    "speed": 4.5136875000000005, 
    "yawRate": -0.0941101043382206
}