{
    "gpsHeading": 14, 
    "gpsLatitude": 47.66469240284518, 
    "gpsLongitude": 9.173545505725773, 
    "outsideTemperature": 21.0, 
    "speed": 7.830375000000001, 
    "yawRate": -0.004871649636539842
}