{
    "gpsHeading": 113, 
    "gpsLatitude": 47.67967740170338, 
    "gpsLongitude": 9.149748612059687, 
    "outsideTemperature": 17.5, 
    "speed": 11.2385, 
    "yawRate": 0.017412620578930418
}