{
    "gpsHeading": 89, 
    "gpsLatitude": 47.68157154418287, 
    "gpsLongitude": 9.211016887688634, 
    "outsideTemperature": 20.0, 
    "speed": 1.7955, 
    "yawRate": -0.05057272724345665
}