{
    "gpsHeading": 9, 
    "gpsLatitude": 47.662757943411414, 
    "gpsLongitude": 9.172740256287753, 
    "outsideTemperature": 19.5, 
    "speed": 8.894375, 
    "yawRate": 0.005606950038116368
}