{
    "gpsHeading": 184, 
    "gpsLatitude": 47.66889626256358, 
    "gpsLongitude": 9.162563871462014, 
    "outsideTemperature": 17.0, 
    "speed": 14.895999999999999, 
    "yawRate": -0.0033088986635972355
}