{
    "gpsHeading": 0, 
    "gpsLatitude": 47.66439710839632, 
    "gpsLongitude": 9.17340636613306, 
    "outsideTemperature": 21.5, 
    "speed": 8.2210625, 
    "yawRate": -0.008013242290129702
}