{
    "gpsHeading": 224, 
    "gpsLatitude": 47.678435958024124, 
    "gpsLongitude": 9.198114707950385, 
    "outsideTemperature": 20.0, 
    "speed": 13.341562500000002, 
    "yawRate": 0.13701167359904362
}