{
    "gpsHeading": 125, 
    "gpsLatitude": 47.66054763554418, 
    "gpsLongitude": 9.163407761473689, 
    "outsideTemperature": 18.0, 
    "speed": 7.88025, 
    "yawRate": 0.003802866698659871
}