{
    "gpsHeading": 111, 
    "gpsLatitude": 47.68012097201939, 
    "gpsLongitude": 9.148341374335653, 
    "outsideTemperature": 17.5, 
    "speed": 8.886062500000001, 
    "yawRate": -0.005102126771796412
}