{
    "gpsHeading": 186, 
    "gpsLatitude": 47.66395068823322, 
    "gpsLongitude": 9.161695841569205, 
    "outsideTemperature": 18.5, 
    "speed": 12.410562500000001, 
    "yawRate": -0.01260322827008651
}