{
    "gpsHeading": 179, 
    "gpsLatitude": 47.66558876357072, 
    "gpsLongitude": 9.175990842158033, 
    "outsideTemperature": 26.0, 
    "speed": 0.0, 
    "yawRate": 0.0008077812385106982
}