{
    "gpsHeading": 291, 
    "gpsLatitude": 47.68892071306768, 
    "gpsLongitude": 9.149933349205686, 
    "outsideTemperature": 17.5, 
    "speed": 10.922625000000002, 
    "yawRate": 0.048828547114828015
}