{
    "gpsHeading": 320, 
    "gpsLatitude": 47.677946287240644, 
    "gpsLongitude": 9.194236904265516, 
    "outsideTemperature": 19.0, 
    "speed": 11.1470625, 
    "yawRate": 0.06564507943451868
}