{
    "gpsHeading": 194, 
    "gpsLatitude": 47.66143427326202, 
    "gpsLongitude": 9.177266400183205, 
    "outsideTemperature": 19.0, 
    "speed": 3.0673125000000003, 
    "yawRate": 0.037747985818436615
}