{
    "gpsHeading": 87, 
    "gpsLatitude": 47.681646226940174, 
    "gpsLongitude": 9.210735842475195, 
    "outsideTemperature": 19.0, 
    "speed": 4.1978125, 
    "yawRate": 0.05519422542739798
}