{
    "gpsHeading": 8, 
    "gpsLatitude": 47.66314652844262, 
    "gpsLongitude": 9.172907223798996, 
    "outsideTemperature": 19.0, 
    "speed": 8.61175, 
    "yawRate": -0.007657552277041146
}