{
    "gpsHeading": 8, 
    "gpsLatitude": 47.66164457521269, 
    "gpsLongitude": 9.16639549086041, 
    "outsideTemperature": 21.0, 
    "speed": 8.013250000000001, 
    "yawRate": -0.006682004709910899
}