{
    "gpsHeading": 270, 
    "gpsLatitude": 47.68925238497631, 
    "gpsLongitude": 9.148044403506152, 
    "outsideTemperature": 17.5, 
    "speed": 2.5851875000000004, 
    "yawRate": 0.00903504016935746
}