{
    "gpsHeading": 200, 
    "gpsLatitude": 47.67383043750561, 
    "gpsLongitude": 9.151769991829362, 
    "outsideTemperature": 20.0, 
    "speed": 5.095562500000001, 
    "yawRate": -0.016573400978753757
}