{
    "gpsHeading": 279, 
    "gpsLatitude": 47.662092671756426, 
    "gpsLongitude": 9.168328022456434, 
    "outsideTemperature": 19.0, 
    "speed": 7.265125, 
    "yawRate": 0.013751243435027262
}