{
    "gpsHeading": 192, 
    "gpsLatitude": 47.678080732967594, 
    "gpsLongitude": 9.198035247508287, 
    "outsideTemperature": 20.0, 
    "speed": 14.438812500000001, 
    "yawRate": 0.0713872937240581
}