{
    "gpsHeading": 203, 
    "gpsLatitude": 47.68226179390934, 
    "gpsLongitude": 9.202469106649822, 
    "outsideTemperature": 20.5, 
    "speed": 10.6981875, 
    "yawRate": 0.004624578709865488
}