{
    "gpsHeading": 299, 
    "gpsLatitude": 47.681863737327554, 
    "gpsLongitude": 9.159504141527016, 
    "outsideTemperature": 18.5, 
    "speed": 13.9566875, 
    "yawRate": -0.02992433505497744
}