{
    "gpsHeading": 94, 
    "gpsLatitude": 47.673624577963615, 
    "gpsLongitude": 9.193473564343353, 
    "outsideTemperature": 26.0, 
    "speed": 4.372375000000001, 
    "yawRate": -0.1862412379537798
}