{
    "gpsHeading": 265, 
    "gpsLatitude": 47.665656824624506, 
    "gpsLongitude": 9.177599161739282, 
    "outsideTemperature": 30.5, 
    "speed": 0.0, 
    "yawRate": 0.0008663496050340066
}