{
    "gpsHeading": 209, 
    "gpsLatitude": 47.66278568751093, 
    "gpsLongitude": 9.172463569663961, 
    "outsideTemperature": 23.0, 
    "speed": 9.459624999999999, 
    "yawRate": -0.009165690284276506
}