{
    "gpsHeading": 89, 
    "gpsLatitude": 47.674871218422844, 
    "gpsLongitude": 9.150316402180758, 
    "outsideTemperature": 18.5, 
    "speed": 12.867750000000001, 
    "yawRate": -0.0010399706360047247
}