{
    "gpsHeading": 136, 
    "gpsLatitude": 47.661110145066246, 
    "gpsLongitude": 9.162627238650023, 
    "outsideTemperature": 18.0, 
    "speed": 9.9168125, 
    "yawRate": 0.010784183706636674
}