{
    "gpsHeading": 0, 
    "gpsLatitude": 47.65822459107922, 
    "gpsLongitude": 9.166714170819121, 
    "outsideTemperature": 18.0, 
    "speed": 12.817874999999999, 
    "yawRate": -0.0017439703019180575
}