{
    "gpsHeading": 163, 
    "gpsLatitude": 47.662933711921006, 
    "gpsLongitude": 9.177672754849128, 
    "outsideTemperature": 19.0, 
    "speed": 9.659125, 
    "yawRate": -0.06260844617123563
}