{
    "gpsHeading": 203, 
    "gpsLatitude": 47.65781178234785, 
    "gpsLongitude": 9.176598278681139, 
    "outsideTemperature": 30.5, 
    "speed": 3.8403750000000003, 
    "yawRate": -0.43017650831837156
}