{
    "gpsHeading": 195, 
    "gpsLatitude": 47.68056236304059, 
    "gpsLongitude": 9.200904708241223, 
    "outsideTemperature": 19.0, 
    "speed": 7.2734375, 
    "yawRate": -0.030282006330020515
}