{
    "gpsHeading": 266, 
    "gpsLatitude": 47.675543195600376, 
    "gpsLongitude": 9.183771930513482, 
    "outsideTemperature": 18.0, 
    "speed": 8.778, 
    "yawRate": 0.08013131222607207
}