{
    "gpsHeading": 138, 
    "gpsLatitude": 47.66138540676651, 
    "gpsLongitude": 9.176933303351037, 
    "outsideTemperature": 22.5, 
    "speed": 0.0, 
    "yawRate": -0.0006327186949623895
}