{
    "gpsHeading": 102, 
    "gpsLatitude": 47.66425822026071, 
    "gpsLongitude": 9.169545242435502, 
    "outsideTemperature": 20.5, 
    "speed": 7.714, 
    "yawRate": 0.007698814114086866
}