{
    "gpsHeading": 290, 
    "gpsLatitude": 47.680609553155485, 
    "gpsLongitude": 9.163091093171735, 
    "outsideTemperature": 19.5, 
    "speed": 12.2941875, 
    "yawRate": 0.007600243862899614
}