{
    "gpsHeading": 23, 
    "gpsLatitude": 47.669629595272355, 
    "gpsLongitude": 9.181615015369454, 
    "outsideTemperature": 20.5, 
    "speed": 9.3183125, 
    "yawRate": 0.0052130836918262485
}