{
    "gpsHeading": 104, 
    "gpsLatitude": 47.664921564077986, 
    "gpsLongitude": 9.165059666951397, 
    "outsideTemperature": 21.5, 
    "speed": 6.5918125000000005, 
    "yawRate": -0.022844447795813384
}