{
    "gpsHeading": 195, 
    "gpsLatitude": 47.68169987112048, 
    "gpsLongitude": 9.202197784444026, 
    "outsideTemperature": 20.0, 
    "speed": 10.789625000000001, 
    "yawRate": 0.006718973812257735
}