{
    "gpsHeading": 300, 
    "gpsLatitude": 47.658241522523646, 
    "gpsLongitude": 9.172909989827042, 
    "outsideTemperature": 20.0, 
    "speed": 3.3665625, 
    "yawRate": 0.034313413134112875
}