{
    "gpsHeading": 33, 
    "gpsLatitude": 47.67033375895807, 
    "gpsLongitude": 9.182208873209388, 
    "outsideTemperature": 20.0, 
    "speed": 9.825375000000001, 
    "yawRate": -0.0024663650169486325
}