{
    "gpsHeading": 28, 
    "gpsLatitude": 47.66004430225852, 
    "gpsLongitude": 9.171273339413105, 
    "outsideTemperature": 24.0, 
    "speed": 8.894375, 
    "yawRate": 0.015665659646602565
}