{
    "gpsHeading": 139, 
    "gpsLatitude": 47.6655284976869, 
    "gpsLongitude": 9.177819689611791, 
    "outsideTemperature": 20.0, 
    "speed": 3.5328125, 
    "yawRate": -0.21981150884357356
}