{
    "gpsHeading": 98, 
    "gpsLatitude": 47.67330128795816, 
    "gpsLongitude": 9.158501917364365, 
    "outsideTemperature": 18.5, 
    "speed": 16.209375, 
    "yawRate": 0.010653735352357363
}