{
    "gpsHeading": 282, 
    "gpsLatitude": 47.68880931757448, 
    "gpsLongitude": 9.150450261174473, 
    "outsideTemperature": 17.5, 
    "speed": 9.87525, 
    "yawRate": 0.014096495000141287
}