{
    "gpsHeading": 309, 
    "gpsLatitude": 47.66171649194194, 
    "gpsLongitude": 9.17118717344847, 
    "outsideTemperature": 19.5, 
    "speed": 5.3449375, 
    "yawRate": -0.03459437684521453
}