{
    "gpsHeading": 151, 
    "gpsLatitude": 47.65827379285087, 
    "gpsLongitude": 9.172612180807226, 
    "outsideTemperature": 21.5, 
    "speed": 0.249375, 
    "yawRate": 0.0005673505709283791
}