{
    "gpsHeading": 177, 
    "gpsLatitude": 47.68298012301143, 
    "gpsLongitude": 9.147334456307226, 
    "outsideTemperature": 17.0, 
    "speed": 12.0115625, 
    "yawRate": -0.042277639839274926
}