{
    "gpsHeading": 9, 
    "gpsLatitude": 47.672677339085816, 
    "gpsLongitude": 9.183601945517063, 
    "outsideTemperature": 19.0, 
    "speed": 8.0548125, 
    "yawRate": 0.003991353215430357
}