{
    "gpsHeading": 103, 
    "gpsLatitude": 47.68104926779604, 
    "gpsLongitude": 9.200901355479955, 
    "outsideTemperature": 21.0, 
    "speed": 5.203625000000001, 
    "yawRate": -0.010734318707685266
}