{
    "gpsHeading": 171, 
    "gpsLatitude": 47.67834099106116, 
    "gpsLongitude": 9.185197776062553, 
    "outsideTemperature": 18.5, 
    "speed": 10.847812500000002, 
    "yawRate": -0.06158942303586517
}