{
    "gpsHeading": 19, 
    "gpsLatitude": 47.680012929287486, 
    "gpsLongitude": 9.201488340159289, 
    "outsideTemperature": 18.5, 
    "speed": 10.340750000000002, 
    "yawRate": 0.0008699775917608214
}