{
    "gpsHeading": 172, 
    "gpsLatitude": 47.66105373485788, 
    "gpsLongitude": 9.1777346971136, 
    "outsideTemperature": 28.0, 
    "speed": 9.177, 
    "yawRate": -0.03473226829558217
}