{
    "gpsHeading": 92, 
    "gpsLatitude": 47.673824570173366, 
    "gpsLongitude": 9.191474396617114, 
    "outsideTemperature": 18.5, 
    "speed": 11.5128125, 
    "yawRate": 0.002071491038236389
}