{
    "gpsHeading": 183, 
    "gpsLatitude": 47.68146928496414, 
    "gpsLongitude": 9.147291624782019, 
    "outsideTemperature": 17.0, 
    "speed": 13.7073125, 
    "yawRate": 0.0043226511889731655
}