{
    "gpsHeading": 90, 
    "gpsLatitude": 47.67378794125651, 
    "gpsLongitude": 9.192084682987266, 
    "outsideTemperature": 18.5, 
    "speed": 10.07475, 
    "yawRate": 0.012717999475401857
}