{
    "gpsHeading": 208, 
    "gpsLatitude": 47.670142064832476, 
    "gpsLongitude": 9.182059675332871, 
    "outsideTemperature": 18.5, 
    "speed": 11.4629375, 
    "yawRate": -0.02210440492660313
}