{
    "gpsHeading": 240, 
    "gpsLatitude": 47.66484512112104, 
    "gpsLongitude": 9.175209984058274, 
    "outsideTemperature": 29.5, 
    "speed": -0.3075625, 
    "yawRate": 0.07442902109813926
}