{
    "gpsHeading": 282, 
    "gpsLatitude": 47.679628451388844, 
    "gpsLongitude": 9.167718574276567, 
    "outsideTemperature": 21.0, 
    "speed": 9.567687500000002, 
    "yawRate": -0.017183431515419723
}