{
    "gpsHeading": 110, 
    "gpsLatitude": 47.68172149643067, 
    "gpsLongitude": 9.210509950184623, 
    "outsideTemperature": 19.0, 
    "speed": 4.7131875, 
    "yawRate": -0.009382956896390926
}