{
    "gpsHeading": 35, 
    "gpsLatitude": 47.67479066833333, 
    "gpsLongitude": 9.14993695342405, 
    "outsideTemperature": 18.5, 
    "speed": 6.500375000000001, 
    "yawRate": -0.04711666288865401
}