{
    "gpsHeading": 236, 
    "gpsLatitude": 47.675543195600376, 
    "gpsLongitude": 9.183771930513482, 
    "outsideTemperature": 18.0, 
    "speed": 9.2351875, 
    "yawRate": -0.07782098507941228
}