{
    "gpsHeading": 286, 
    "gpsLatitude": 47.678617677684976, 
    "gpsLongitude": 9.192097507299117, 
    "outsideTemperature": 19.0, 
    "speed": 11.571, 
    "yawRate": -0.0683962071186427
}