{
    "gpsHeading": 235, 
    "gpsLatitude": 47.67901095658195, 
    "gpsLongitude": 9.200305234526162, 
    "outsideTemperature": 21.0, 
    "speed": 12.502, 
    "yawRate": -0.08621593773102772
}