{
    "gpsHeading": 163, 
    "gpsLatitude": 47.677795999716714, 
    "gpsLongitude": 9.19810800242785, 
    "outsideTemperature": 19.5, 
    "speed": 15.378125, 
    "yawRate": 0.006635578475068928
}