{
    "gpsHeading": 186, 
    "gpsLatitude": 47.67039737760319, 
    "gpsLongitude": 9.162862770129243, 
    "outsideTemperature": 17.0, 
    "speed": 17.4811875, 
    "yawRate": 0.001752556167186592
}