{
    "gpsHeading": 270, 
    "gpsLatitude": 47.65817706568822, 
    "gpsLongitude": 9.170575545973776, 
    "outsideTemperature": 22.0, 
    "speed": -0.7398125, 
    "yawRate": -0.19746222861495574
}