{
    "gpsHeading": 30, 
    "gpsLatitude": 47.66857431366263, 
    "gpsLongitude": 9.180652437608837, 
    "outsideTemperature": 21.5, 
    "speed": 8.87775, 
    "yawRate": 0.007307478794219487
}