{
    "gpsHeading": 128, 
    "gpsLatitude": 47.6729745613724, 
    "gpsLongitude": 9.162862770129243, 
    "outsideTemperature": 18.0, 
    "speed": 15.536062500000002, 
    "yawRate": -0.13124153283477916
}