{
    "gpsHeading": 181, 
    "gpsLatitude": 47.66458955689322, 
    "gpsLongitude": 9.177455244461761, 
    "outsideTemperature": 19.5, 
    "speed": 7.148750000000001, 
    "yawRate": 0.007604892691283256
}