{
    "gpsHeading": 95, 
    "gpsLatitude": 47.68966100275609, 
    "gpsLongitude": 9.150342469899654, 
    "outsideTemperature": 19.0, 
    "speed": 9.692375, 
    "yawRate": -0.0180175632365534
}