{
    "gpsHeading": 158, 
    "gpsLatitude": 47.66089598744013, 
    "gpsLongitude": 9.171494705475933, 
    "outsideTemperature": 20.5, 
    "speed": 3.1670625, 
    "yawRate": 0.29288814491637777
}