{
    "gpsHeading": 23, 
    "gpsLatitude": 47.6617993051453, 
    "gpsLongitude": 9.17228998044918, 
    "outsideTemperature": 21.0, 
    "speed": 2.809625, 
    "yawRate": 0.0046700853590385515
}