{
    "gpsHeading": 12, 
    "gpsLatitude": 47.66291485263885, 
    "gpsLongitude": 9.172809993722174, 
    "outsideTemperature": 19.0, 
    "speed": 8.8528125, 
    "yawRate": 0.0061305488137141815
}