{
    "gpsHeading": 20, 
    "gpsLatitude": 47.66314879155647, 
    "gpsLongitude": 9.172908061989315, 
    "outsideTemperature": 21.5, 
    "speed": 10.191125000000001, 
    "yawRate": -0.0033186027436056986
}