{
    "gpsHeading": 311, 
    "gpsLatitude": 47.66499457045464, 
    "gpsLongitude": 9.164667477701835, 
    "outsideTemperature": 18.0, 
    "speed": 6.0431875, 
    "yawRate": -0.04558995113277854
}