{
    "gpsHeading": 188, 
    "gpsLatitude": 47.672502324947516, 
    "gpsLongitude": 9.183484934148755, 
    "outsideTemperature": 20.0, 
    "speed": 9.6175625, 
    "yawRate": -0.013203225741432355
}