{
    "gpsHeading": 26, 
    "gpsLatitude": 47.674578438544934, 
    "gpsLongitude": 9.15224834704356, 
    "outsideTemperature": 18.5, 
    "speed": 10.748062500000001, 
    "yawRate": 0.0014034903167880496
}