{
    "gpsHeading": 171, 
    "gpsLatitude": 47.65803432187715, 
    "gpsLongitude": 9.170601110778449, 
    "outsideTemperature": 23.5, 
    "speed": 3.408125, 
    "yawRate": -0.0025089511671921505
}