{
    "gpsHeading": 78, 
    "gpsLatitude": 47.6737881927136, 
    "gpsLongitude": 9.187607237949237, 
    "outsideTemperature": 19.0, 
    "speed": 11.4629375, 
    "yawRate": 0.00329322151463228
}