{
    "gpsHeading": 23, 
    "gpsLatitude": 47.66058040878559, 
    "gpsLongitude": 9.171644154809547, 
    "outsideTemperature": 19.5, 
    "speed": 7.88025, 
    "yawRate": -0.010508833167693271
}