{
    "gpsHeading": 308, 
    "gpsLatitude": 47.676135377059694, 
    "gpsLongitude": 9.196941325324937, 
    "outsideTemperature": 20.5, 
    "speed": 12.601750000000001, 
    "yawRate": 0.021837315209461895
}