{
    "gpsHeading": 86, 
    "gpsLatitude": 47.66350016093757, 
    "gpsLongitude": 9.174379421272642, 
    "outsideTemperature": 21.0, 
    "speed": 0.748125, 
    "yawRate": 0.21853711878142076
}