{
    "gpsHeading": 328, 
    "gpsLatitude": 47.65807958415431, 
    "gpsLongitude": 9.174399454021254, 
    "outsideTemperature": 22.0, 
    "speed": 6.733125, 
    "yawRate": 0.015914769809658936
}