{
    "gpsHeading": 0, 
    "gpsLatitude": 47.689989824817665, 
    "gpsLongitude": 9.147809458760154, 
    "outsideTemperature": 21.0, 
    "speed": 4.804625000000001, 
    "yawRate": -0.4060042559548866
}