{
    "gpsHeading": 89, 
    "gpsLatitude": 47.67324655413042, 
    "gpsLongitude": 9.159618554505341, 
    "outsideTemperature": 18.5, 
    "speed": 17.506125, 
    "yawRate": 0.02985235712429506
}