{
    "gpsHeading": 134, 
    "gpsLatitude": 47.65856263323428, 
    "gpsLongitude": 9.166229110082387, 
    "outsideTemperature": 18.0, 
    "speed": 12.9924375, 
    "yawRate": 0.0001758918752759104
}