{
    "gpsHeading": 282, 
    "gpsLatitude": 47.67945787965923, 
    "gpsLongitude": 9.168752482033206, 
    "outsideTemperature": 22.0, 
    "speed": 7.21525, 
    "yawRate": 0.005156782910107833
}