{
    "gpsHeading": 113, 
    "gpsLatitude": 47.67765292062953, 
    "gpsLongitude": 9.15060717040191, 
    "outsideTemperature": 17.5, 
    "speed": 10.989125000000001, 
    "yawRate": -0.026046077795727814
}