{
    "gpsHeading": 0, 
    "gpsLatitude": 47.66592127366966, 
    "gpsLongitude": 9.176104668403168, 
    "outsideTemperature": 21.5, 
    "speed": 2.909375, 
    "yawRate": -0.00952131592278662
}