{
    "gpsHeading": 185, 
    "gpsLatitude": 47.66813065952756, 
    "gpsLongitude": 9.162405285853941, 
    "outsideTemperature": 17.0, 
    "speed": 13.53275, 
    "yawRate": 0.0019270890923858632
}