{
    "gpsHeading": 285, 
    "gpsLatitude": 47.680000440251746, 
    "gpsLongitude": 9.165855277200771, 
    "outsideTemperature": 20.5, 
    "speed": 12.768, 
    "yawRate": 0.009171040189694049
}