{
    "gpsHeading": 137, 
    "gpsLatitude": 47.6579681886611, 
    "gpsLongitude": 9.17665971803142, 
    "outsideTemperature": 32.0, 
    "speed": 0.0, 
    "yawRate": 0.0005649742269361944
}