{
    "gpsHeading": 142, 
    "gpsLatitude": 47.66579403637947, 
    "gpsLongitude": 9.177383579189613, 
    "outsideTemperature": 20.0, 
    "speed": 7.381500000000001, 
    "yawRate": 0.07043674576307846
}