{
    "gpsHeading": 112, 
    "gpsLatitude": 47.67990371308911, 
    "gpsLongitude": 9.14903195933822, 
    "outsideTemperature": 17.5, 
    "speed": 9.692375, 
    "yawRate": 0.003624519488175089
}