{
    "gpsHeading": 185, 
    "gpsLatitude": 47.66241319573385, 
    "gpsLongitude": 9.161335503551728, 
    "outsideTemperature": 18.0, 
    "speed": 8.6366875, 
    "yawRate": 0.0004867411198707407
}