{
    "gpsHeading": 206, 
    "gpsLatitude": 47.67846789307522, 
    "gpsLongitude": 9.150082463263141, 
    "outsideTemperature": 17.5, 
    "speed": 8.694875, 
    "yawRate": -0.03267832895330607
}