{
    "gpsHeading": 105, 
    "gpsLatitude": 47.689207122699166, 
    "gpsLongitude": 9.153320811554822, 
    "outsideTemperature": 18.0, 
    "speed": 14.779625000000001, 
    "yawRate": -0.009465449901782162
}