{
    "gpsHeading": 122, 
    "gpsLatitude": 47.65738707131399, 
    "gpsLongitude": 9.167918063572149, 
    "outsideTemperature": 17.5, 
    "speed": 6.5751875, 
    "yawRate": 0.05515376331309597
}