{
    "gpsHeading": 153, 
    "gpsLatitude": 47.67968595124462, 
    "gpsLongitude": 9.18433469149265, 
    "outsideTemperature": 18.5, 
    "speed": 12.452125, 
    "yawRate": 0.024804374937852487
}