{
    "gpsHeading": 253, 
    "gpsLatitude": 47.68269430011317, 
    "gpsLongitude": 9.202823828792175, 
    "outsideTemperature": 21.5, 
    "speed": 6.6084375, 
    "yawRate": 0.22610686078794215
}