{
    "gpsHeading": 161, 
    "gpsLatitude": 47.667650376475635, 
    "gpsLongitude": 9.16231501275675, 
    "outsideTemperature": 17.0, 
    "speed": 12.053125, 
    "yawRate": -0.002610766962799158
}