{
    "gpsHeading": 185, 
    "gpsLatitude": 47.665074282353835, 
    "gpsLongitude": 9.161929109934569, 
    "outsideTemperature": 18.0, 
    "speed": 12.443812500000002, 
    "yawRate": 0.0005308256907907011
}