{
    "gpsHeading": 22, 
    "gpsLatitude": 47.66591708271808, 
    "gpsLongitude": 9.174352766820554, 
    "outsideTemperature": 22.5, 
    "speed": 9.2351875, 
    "yawRate": -0.005332525718001134
}