{
    "gpsHeading": 164, 
    "gpsLatitude": 47.67720239333388, 
    "gpsLongitude": 9.198375804234312, 
    "outsideTemperature": 19.5, 
    "speed": 15.486187500000002, 
    "yawRate": -0.00959598356847818
}