{
    "gpsHeading": 14, 
    "gpsLatitude": 47.66259038916696, 
    "gpsLongitude": 9.172663561873701, 
    "outsideTemperature": 19.5, 
    "speed": 9.700687499999999, 
    "yawRate": 0.006654147589311995
}