{
    "gpsHeading": 15, 
    "gpsLatitude": 47.66672149396578, 
    "gpsLongitude": 9.174945786470175, 
    "outsideTemperature": 21.5, 
    "speed": 7.431375000000001, 
    "yawRate": -0.23274892725285795
}