{
    "gpsHeading": 197, 
    "gpsLatitude": 47.66061376876022, 
    "gpsLongitude": 9.17763084533327, 
    "outsideTemperature": 26.0, 
    "speed": 9.326625000000002, 
    "yawRate": -0.1747076743055247
}