{
    "gpsHeading": 199, 
    "gpsLatitude": 47.679615124162794, 
    "gpsLongitude": 9.201265213896797, 
    "outsideTemperature": 22.0, 
    "speed": 12.2110625, 
    "yawRate": -0.08604140480582845
}