{
    "gpsHeading": 197, 
    "gpsLatitude": 47.6704995530029, 
    "gpsLongitude": 9.18229805665917, 
    "outsideTemperature": 18.5, 
    "speed": 10.482062500000001, 
    "yawRate": -0.11495592113269977
}