{
    "gpsHeading": 98, 
    "gpsLatitude": 47.68277350909817, 
    "gpsLongitude": 9.205738300345143, 
    "outsideTemperature": 20.0, 
    "speed": 12.5685, 
    "yawRate": 0.007546736847953267
}