{
    "gpsHeading": 187, 
    "gpsLatitude": 47.66976680702733, 
    "gpsLongitude": 9.162742992732856, 
    "outsideTemperature": 17.0, 
    "speed": 16.758, 
    "yawRate": -0.002087168187201344
}