{
    "gpsHeading": 104, 
    "gpsLatitude": 47.6810140638027, 
    "gpsLongitude": 9.201160775383213, 
    "outsideTemperature": 20.5, 
    "speed": 4.921, 
    "yawRate": 0.0028792494578707907
}