{
    "gpsHeading": 306, 
    "gpsLatitude": 47.66362656003745, 
    "gpsLongitude": 9.17311358625518, 
    "outsideTemperature": 23.0, 
    "speed": 4.4638125, 
    "yawRate": -0.2174527525294457
}