{
    "gpsHeading": 98, 
    "gpsLatitude": 47.66453515834162, 
    "gpsLongitude": 9.167436104139586, 
    "outsideTemperature": 20.5, 
    "speed": 5.7273125, 
    "yawRate": -0.0027731613978783385
}