{
    "gpsHeading": 120, 
    "gpsLatitude": 47.666657372406505, 
    "gpsLongitude": 9.17584776307086, 
    "outsideTemperature": 21.0, 
    "speed": 6.101375000000001, 
    "yawRate": -0.025403812115935186
}