{
    "gpsHeading": 180, 
    "gpsLatitude": 47.68185292467246, 
    "gpsLongitude": 9.147316602853468, 
    "outsideTemperature": 17.0, 
    "speed": 14.422187500000001, 
    "yawRate": 0.03399324847287607
}