{
    "gpsHeading": 350, 
    "gpsLatitude": 47.67781904995045, 
    "gpsLongitude": 9.198168855044907, 
    "outsideTemperature": 20.0, 
    "speed": 12.269250000000001, 
    "yawRate": -0.1113546933114728
}