{
    "gpsHeading": 107, 
    "gpsLatitude": 47.68884485684395, 
    "gpsLongitude": 9.154938854143719, 
    "outsideTemperature": 17.5, 
    "speed": 13.3665, 
    "yawRate": -0.0019605341182065525
}