{
    "gpsHeading": 23, 
    "gpsLatitude": 47.67200318261345, 
    "gpsLongitude": 9.183303046849865, 
    "outsideTemperature": 19.5, 
    "speed": 9.80875, 
    "yawRate": 0.0340110163497318
}