{
    "gpsHeading": 157, 
    "gpsLatitude": 47.680103789117894, 
    "gpsLongitude": 9.184102177498572, 
    "outsideTemperature": 18.5, 
    "speed": 12.1944375, 
    "yawRate": -0.02842816724797386
}