{
    "gpsHeading": 210, 
    "gpsLatitude": 47.669521803997526, 
    "gpsLongitude": 9.181518623482916, 
    "outsideTemperature": 18.5, 
    "speed": 10.8976875, 
    "yawRate": -0.035019841391361106
}