{
    "gpsHeading": 8, 
    "gpsLatitude": 47.66242266728442, 
    "gpsLongitude": 9.172586616002551, 
    "outsideTemperature": 19.5, 
    "speed": 9.659125, 
    "yawRate": -0.007832085202240418
}