{
    "gpsHeading": 310, 
    "gpsLatitude": 47.67694406307802, 
    "gpsLongitude": 9.195602735387881, 
    "outsideTemperature": 20.0, 
    "speed": 11.920125, 
    "yawRate": -0.002597294318457906
}