{
    "gpsHeading": 32, 
    "gpsLatitude": 47.664961210479994, 
    "gpsLongitude": 9.173669976987938, 
    "outsideTemperature": 26.0, 
    "speed": 8.47875, 
    "yawRate": -0.03410847643138028
}