{
    "gpsHeading": 87, 
    "gpsLatitude": 47.67325066126298, 
    "gpsLongitude": 9.159854169803593, 
    "outsideTemperature": 18.5, 
    "speed": 17.1985625, 
    "yawRate": 0.015366124332741657
}