{
    "gpsHeading": 301, 
    "gpsLatitude": 47.68674627974603, 
    "gpsLongitude": 9.151069180904923, 
    "outsideTemperature": 18.0, 
    "speed": 11.022375000000002, 
    "yawRate": -0.006885988928652798
}