{
    "gpsHeading": 301, 
    "gpsLatitude": 47.684513759835355, 
    "gpsLongitude": 9.155451910437048, 
    "outsideTemperature": 18.0, 
    "speed": 10.856125, 
    "yawRate": -0.03638205328735643
}