{
    "gpsHeading": 95, 
    "gpsLatitude": 47.66465954578474, 
    "gpsLongitude": 9.16666580723779, 
    "outsideTemperature": 20.5, 
    "speed": 3.6575, 
    "yawRate": 0.047492321059557425
}