{
    "gpsHeading": 351, 
    "gpsLatitude": 47.67660350635202, 
    "gpsLongitude": 9.198592727888458, 
    "outsideTemperature": 21.0, 
    "speed": 12.551875, 
    "yawRate": 0.031587772426860346
}