{
    "gpsHeading": 298, 
    "gpsLatitude": 47.687740457281606, 
    "gpsLongitude": 9.148899944363235, 
    "outsideTemperature": 17.5, 
    "speed": 11.205250000000001, 
    "yawRate": -0.059943998189279875
}