{
    "gpsHeading": 291, 
    "gpsLatitude": 47.68092068940132, 
    "gpsLongitude": 9.162017203736934, 
    "outsideTemperature": 19.5, 
    "speed": 12.901000000000002, 
    "yawRate": -0.042665238594536144
}