{
    "gpsHeading": 180, 
    "gpsLatitude": 47.68089294530183, 
    "gpsLongitude": 9.147227167946596, 
    "outsideTemperature": 17.0, 
    "speed": 5.0290625, 
    "yawRate": -0.1197702586278218
}