{
    "gpsHeading": 171, 
    "gpsLatitude": 47.663938199197496, 
    "gpsLongitude": 9.177508888642059, 
    "outsideTemperature": 19.0, 
    "speed": 11.3631875, 
    "yawRate": 0.004586730030544318
}