{
    "gpsHeading": 206, 
    "gpsLatitude": 47.675867659072274, 
    "gpsLongitude": 9.198315538350476, 
    "outsideTemperature": 19.0, 
    "speed": 6.8910625, 
    "yawRate": -0.029667269966412235
}