{
    "gpsHeading": 342, 
    "gpsLatitude": 47.6768268002526, 
    "gpsLongitude": 9.19852357718726, 
    "outsideTemperature": 21.0, 
    "speed": 12.7430625, 
    "yawRate": 0.010120222627331128
}