{
    "gpsHeading": 320, 
    "gpsLatitude": 47.6740437569414, 
    "gpsLongitude": 9.149370001493294, 
    "outsideTemperature": 18.5, 
    "speed": 5.4779375, 
    "yawRate": -0.06718794928658807
}