{
    "gpsHeading": 83, 
    "gpsLatitude": 47.67382180414532, 
    "gpsLongitude": 9.18823688651575, 
    "outsideTemperature": 19.0, 
    "speed": 12.40225, 
    "yawRate": -0.010494879576122055
}