{
    "gpsHeading": 17, 
    "gpsLatitude": 47.65844930990335, 
    "gpsLongitude": 9.169684968761436, 
    "outsideTemperature": 25.0, 
    "speed": 3.3748750000000003, 
    "yawRate": -0.08861408797418684
}