{
    "gpsHeading": 282, 
    "gpsLatitude": 47.67943038701681, 
    "gpsLongitude": 9.188658580064475, 
    "outsideTemperature": 19.0, 
    "speed": 11.3299375, 
    "yawRate": 0.003511358063521549
}