{
    "gpsHeading": 346, 
    "gpsLatitude": 47.658991283762646, 
    "gpsLongitude": 9.170464737213818, 
    "outsideTemperature": 21.5, 
    "speed": 4.613437500000001, 
    "yawRate": 0.008689788604243435
}