{
    "gpsHeading": 103, 
    "gpsLatitude": 47.68937878407618, 
    "gpsLongitude": 9.152452194928792, 
    "outsideTemperature": 18.0, 
    "speed": 12.925937500000002, 
    "yawRate": -0.018715694937351476
}