{
    "gpsHeading": 173, 
    "gpsLatitude": 47.66062072573986, 
    "gpsLongitude": 9.17764744150155, 
    "outsideTemperature": 21.0, 
    "speed": 7.0988750000000005, 
    "yawRate": -0.10531790991274743
}