{
    "gpsHeading": 177, 
    "gpsLatitude": 47.65563399626493, 
    "gpsLongitude": 9.173041082792713, 
    "outsideTemperature": 21.0, 
    "speed": 1.6458750000000002, 
    "yawRate": 0.45127665435132586
}