{
    "gpsHeading": 195, 
    "gpsLatitude": 47.6620437214419, 
    "gpsLongitude": 9.177437223369942, 
    "outsideTemperature": 19.5, 
    "speed": 6.641687500000001, 
    "yawRate": 4.8873975359296426e-05
}