{
    "gpsHeading": 286, 
    "gpsLatitude": 47.67897650695989, 
    "gpsLongitude": 9.19058189156701, 
    "outsideTemperature": 19.0, 
    "speed": 12.4936875, 
    "yawRate": 0.016601327453478802
}