{
    "gpsHeading": 289, 
    "gpsLatitude": 47.67907767653121, 
    "gpsLongitude": 9.170624161012206, 
    "outsideTemperature": 23.5, 
    "speed": 12.127937500000002, 
    "yawRate": 0.006553046311702995
}