{
    "gpsHeading": 165, 
    "gpsLatitude": 47.67733960508884, 
    "gpsLongitude": 9.19831972930206, 
    "outsideTemperature": 19.5, 
    "speed": 15.694, 
    "yawRate": 0.0036685187466793333
}