{
    "gpsHeading": 210, 
    "gpsLatitude": 47.669352321915326, 
    "gpsLongitude": 9.18136473174062, 
    "outsideTemperature": 18.0, 
    "speed": 10.7314375, 
    "yawRate": -0.008665369686247336
}