{
    "gpsHeading": 192, 
    "gpsLatitude": 47.658334561648886, 
    "gpsLongitude": 9.17664748045279, 
    "outsideTemperature": 27.5, 
    "speed": 1.16375, 
    "yawRate": -0.02258697541402589
}