{
    "gpsHeading": 15, 
    "gpsLatitude": 47.672532332160884, 
    "gpsLongitude": 9.183553833392859, 
    "outsideTemperature": 19.0, 
    "speed": 8.196125, 
    "yawRate": 0.014812394577795096
}