{
    "gpsHeading": 110, 
    "gpsLatitude": 47.68235181554943, 
    "gpsLongitude": 9.208040557690229, 
    "outsideTemperature": 19.0, 
    "speed": 6.28425, 
    "yawRate": -0.02578905186513731
}