{
    "gpsHeading": 166, 
    "gpsLatitude": 47.67666377223584, 
    "gpsLongitude": 9.198574120063416, 
    "outsideTemperature": 19.5, 
    "speed": 13.5743125, 
    "yawRate": -0.10157483514857747
}