{
    "gpsHeading": 14, 
    "gpsLatitude": 47.664189823930805, 
    "gpsLongitude": 9.17332640277677, 
    "outsideTemperature": 22.0, 
    "speed": 7.830375000000001, 
    "yawRate": -0.010805769093321019
}