{
    "gpsHeading": 98, 
    "gpsLatitude": 47.66138540676651, 
    "gpsLongitude": 9.177006896460917, 
    "outsideTemperature": 24.0, 
    "speed": 1.6874375000000001, 
    "yawRate": 0.004684934799686529
}