{
    "gpsHeading": 31, 
    "gpsLatitude": 47.66643097720174, 
    "gpsLongitude": 9.178713871042497, 
    "outsideTemperature": 25.5, 
    "speed": 8.3374375, 
    "yawRate": 0.0015478922626385753
}