{
    "gpsHeading": 178, 
    "gpsLatitude": 47.687666528895605, 
    "gpsLongitude": 9.148316647721263, 
    "outsideTemperature": 17.5, 
    "speed": 10.856125, 
    "yawRate": 0.005893447515768592
}