{
    "gpsHeading": 288, 
    "gpsLatitude": 47.67999599784306, 
    "gpsLongitude": 9.186341402931776, 
    "outsideTemperature": 18.5, 
    "speed": 9.6341875, 
    "yawRate": -0.0741557936502246
}