{
    "gpsHeading": 204, 
    "gpsLatitude": 47.66533680356128, 
    "gpsLongitude": 9.177612488965325, 
    "outsideTemperature": 19.0, 
    "speed": 6.28425, 
    "yawRate": 0.07492349888591512
}