{
    "gpsHeading": 194, 
    "gpsLatitude": 47.673724825525596, 
    "gpsLongitude": 9.193290503578021, 
    "outsideTemperature": 24.5, 
    "speed": 0.0, 
    "yawRate": 0.00015055944171461907
}