{
    "gpsHeading": 280, 
    "gpsLatitude": 47.66275350100274, 
    "gpsLongitude": 9.163464423139127, 
    "outsideTemperature": 19.5, 
    "speed": 4.4638125, 
    "yawRate": -0.10581670622318726
}