{
    "gpsHeading": 132, 
    "gpsLatitude": 47.660569847587595, 
    "gpsLongitude": 9.163377502803206, 
    "outsideTemperature": 19.0, 
    "speed": 13.748875, 
    "yawRate": 0.0017466882020703441
}