{
    "gpsHeading": 15, 
    "gpsLatitude": 47.66148431322398, 
    "gpsLongitude": 9.172143883876865, 
    "outsideTemperature": 19.5, 
    "speed": 4.871125000000001, 
    "yawRate": -0.003527516159716467
}