{
    "gpsHeading": 299, 
    "gpsLatitude": 47.67824350952725, 
    "gpsLongitude": 9.173029934861495, 
    "outsideTemperature": 30.0, 
    "speed": 9.326625000000002, 
    "yawRate": -0.011249312058638548
}