{
    "gpsHeading": 192, 
    "gpsLatitude": 47.66722122303309, 
    "gpsLongitude": 9.179199686150518, 
    "outsideTemperature": 19.0, 
    "speed": 7.6890625, 
    "yawRate": -0.053532734060865596
}