{
    "gpsHeading": 194, 
    "gpsLatitude": 47.66512599869644, 
    "gpsLongitude": 9.177504446233376, 
    "outsideTemperature": 19.5, 
    "speed": 7.431375000000001, 
    "yawRate": 0.044082274057964686
}