{
    "gpsHeading": 186, 
    "gpsLatitude": 47.663117107962464, 
    "gpsLongitude": 9.161505237091019, 
    "outsideTemperature": 18.0, 
    "speed": 11.5294375, 
    "yawRate": 0.0014034903167880496
}