{
    "gpsHeading": 180, 
    "gpsLatitude": 47.66276096089657, 
    "gpsLongitude": 9.177689434836473, 
    "outsideTemperature": 19.0, 
    "speed": 8.8195625, 
    "yawRate": -0.05039114140727574
}