{
    "gpsHeading": 300, 
    "gpsLatitude": 47.68654318623209, 
    "gpsLongitude": 9.151460783421264, 
    "outsideTemperature": 18.0, 
    "speed": 12.4271875, 
    "yawRate": -0.024339281448595797
}