{
    "gpsHeading": 282, 
    "gpsLatitude": 47.66224790460323, 
    "gpsLongitude": 9.16697250107497, 
    "outsideTemperature": 18.5, 
    "speed": 6.0930625, 
    "yawRate": -0.0038765820101150095
}