{
    "gpsHeading": 285, 
    "gpsLatitude": 47.68759545035668, 
    "gpsLongitude": 9.151980796694225, 
    "outsideTemperature": 17.5, 
    "speed": 9.4346875, 
    "yawRate": -0.0866090028399295
}