{
    "gpsHeading": 185, 
    "gpsLatitude": 47.666596519789444, 
    "gpsLongitude": 9.162227757144702, 
    "outsideTemperature": 18.0, 
    "speed": 12.1778125, 
    "yawRate": 0.0043705500451776454
}