{
    "gpsHeading": 286, 
    "gpsLatitude": 47.66138540676651, 
    "gpsLongitude": 9.176941349978081, 
    "outsideTemperature": 23.0, 
    "speed": 0.2909375, 
    "yawRate": -0.0019096934685652951
}