{
    "gpsHeading": 0, 
    "gpsLatitude": 47.68284148633291, 
    "gpsLongitude": 9.203195817655093, 
    "outsideTemperature": 22.0, 
    "speed": 0.0, 
    "yawRate": -0.00026782573028729956
}