{
    "gpsHeading": 189, 
    "gpsLatitude": 47.65983676633591, 
    "gpsLongitude": 9.177094403530061, 
    "outsideTemperature": 24.0, 
    "speed": 6.583500000000001, 
    "yawRate": 0.02670332137461787
}