{
    "gpsHeading": 114, 
    "gpsLatitude": 47.67371879055531, 
    "gpsLongitude": 9.15647911267115, 
    "outsideTemperature": 18.5, 
    "speed": 15.868562500000001, 
    "yawRate": 0.03404114732908154
}