{
    "gpsHeading": 183, 
    "gpsLatitude": 47.65888181610718, 
    "gpsLongitude": 9.176833307246168, 
    "outsideTemperature": 21.0, 
    "speed": 4.7131875, 
    "yawRate": -0.058001211563417726
}