{
    "gpsHeading": 291, 
    "gpsLatitude": 47.67566515229157, 
    "gpsLongitude": 9.19771748955892, 
    "outsideTemperature": 21.5, 
    "speed": 8.3208125, 
    "yawRate": 0.017124926229077603
}