{
    "gpsHeading": 113, 
    "gpsLatitude": 47.67751378103682, 
    "gpsLongitude": 9.151041101529266, 
    "outsideTemperature": 17.5, 
    "speed": 13.000750000000002, 
    "yawRate": 0.0027518548621787322
}