{
    "gpsHeading": 186, 
    "gpsLatitude": 47.66529623514992, 
    "gpsLongitude": 9.161975294221076, 
    "outsideTemperature": 18.0, 
    "speed": 12.360687500000001, 
    "yawRate": 7.226915191895292e-06
}