{
    "gpsHeading": 7, 
    "gpsLatitude": 47.666243222570614, 
    "gpsLongitude": 9.164744172115888, 
    "outsideTemperature": 19.0, 
    "speed": 4.663312500000001, 
    "yawRate": 0.2457055010250701
}