{
    "gpsHeading": 32, 
    "gpsLatitude": 47.6575204273935, 
    "gpsLongitude": 9.169509954623148, 
    "outsideTemperature": 24.0, 
    "speed": 4.904375, 
    "yawRate": 0.0736031620532121
}