{
    "gpsHeading": 282, 
    "gpsLatitude": 47.67947791240781, 
    "gpsLongitude": 9.198048826191458, 
    "outsideTemperature": 18.5, 
    "speed": 3.8653125000000004, 
    "yawRate": -0.06047620238952222
}