{
    "gpsHeading": 300, 
    "gpsLatitude": 47.685918985902646, 
    "gpsLongitude": 9.152976063877245, 
    "outsideTemperature": 18.0, 
    "speed": 13.117125, 
    "yawRate": 0.005854914610904918
}