{
    "gpsHeading": 205, 
    "gpsLatitude": 47.66770628376982, 
    "gpsLongitude": 9.179338322829041, 
    "outsideTemperature": 19.0, 
    "speed": 2.7680625, 
    "yawRate": 0.023436285952083472
}