{
    "gpsHeading": 185, 
    "gpsLatitude": 47.6642998783195, 
    "gpsLongitude": 9.161769434679083, 
    "outsideTemperature": 18.5, 
    "speed": 12.967500000000001, 
    "yawRate": 0.0032792679230610653
}