{
    "gpsHeading": 138, 
    "gpsLatitude": 47.66014429836339, 
    "gpsLongitude": 9.163971947376396, 
    "outsideTemperature": 18.5, 
    "speed": 8.894375, 
    "yawRate": -0.0031784503093169325
}