{
    "gpsHeading": 12, 
    "gpsLatitude": 47.67098821795799, 
    "gpsLongitude": 9.182558314752743, 
    "outsideTemperature": 19.5, 
    "speed": 9.2518125, 
    "yawRate": -0.08833656421506847
}