{
    "gpsHeading": 186, 
    "gpsLatitude": 47.66573234557211, 
    "gpsLongitude": 9.162063052747316, 
    "outsideTemperature": 18.0, 
    "speed": 12.302500000000002, 
    "yawRate": -0.0006909047856051901
}