{
    "gpsHeading": 186, 
    "gpsLatitude": 47.66224010943328, 
    "gpsLongitude": 9.161289738360377, 
    "outsideTemperature": 20.0, 
    "speed": 4.5303125, 
    "yawRate": 0.08325356427020443
}