{
    "gpsHeading": 186, 
    "gpsLatitude": 47.66903456396596, 
    "gpsLongitude": 9.162592789027956, 
    "outsideTemperature": 17.0, 
    "speed": 15.2285, 
    "yawRate": -0.002436234037599887
}