{
    "gpsHeading": 183, 
    "gpsLatitude": 47.660002057466514, 
    "gpsLongitude": 9.177134385208221, 
    "outsideTemperature": 22.5, 
    "speed": 6.783, 
    "yawRate": -0.008433860806779053
}