{
    "gpsHeading": 96, 
    "gpsLatitude": 47.68176399267976, 
    "gpsLongitude": 9.210234688484338, 
    "outsideTemperature": 19.0, 
    "speed": 5.652500000000001, 
    "yawRate": -0.01828413608156269
}