{
    "gpsHeading": 223, 
    "gpsLatitude": 47.66033766886964, 
    "gpsLongitude": 9.177289115140836, 
    "outsideTemperature": 20.5, 
    "speed": 5.5776875, 
    "yawRate": 0.09975827719658281
}