{
    "gpsHeading": 211, 
    "gpsLatitude": 47.666435419610416, 
    "gpsLongitude": 9.178578335668181, 
    "outsideTemperature": 18.5, 
    "speed": 6.849500000000001, 
    "yawRate": -0.000998323575837323
}