{
    "gpsHeading": 162, 
    "gpsLatitude": 47.688199617937535, 
    "gpsLongitude": 9.14827105016801, 
    "outsideTemperature": 18.0, 
    "speed": 8.8195625, 
    "yawRate": -0.016272233984559695
}