{
    "gpsHeading": 187, 
    "gpsLatitude": 47.66441454275493, 
    "gpsLongitude": 9.161793071646027, 
    "outsideTemperature": 18.5, 
    "speed": 12.7430625, 
    "yawRate": -0.0038765820101150095
}