{
    "gpsHeading": 42, 
    "gpsLatitude": 47.66844204723052, 
    "gpsLongitude": 9.180529391270213, 
    "outsideTemperature": 22.0, 
    "speed": 8.470437500000001, 
    "yawRate": 0.03732714192852093
}