{
    "gpsHeading": 136, 
    "gpsLatitude": 47.66158321968145, 
    "gpsLongitude": 9.161972444373998, 
    "outsideTemperature": 20.0, 
    "speed": 13.782125, 
    "yawRate": -0.007852622683898504
}