{
    "gpsHeading": 85, 
    "gpsLatitude": 47.67333489938989, 
    "gpsLongitude": 9.161239698398443, 
    "outsideTemperature": 18.5, 
    "speed": 16.9575, 
    "yawRate": -0.07416926629456586
}