{
    "gpsHeading": 179, 
    "gpsLatitude": 47.65818234628722, 
    "gpsLongitude": 9.176646893719566, 
    "outsideTemperature": 28.0, 
    "speed": 3.8154375000000003, 
    "yawRate": 0.030121967996202644
}