{
    "gpsHeading": 98, 
    "gpsLatitude": 47.663976001580814, 
    "gpsLongitude": 9.171405522026154, 
    "outsideTemperature": 19.5, 
    "speed": 4.6466875000000005, 
    "yawRate": -0.018481124665827634
}