{
    "gpsHeading": 20, 
    "gpsLatitude": 47.66921762473131, 
    "gpsLongitude": 9.181243026506536, 
    "outsideTemperature": 21.0, 
    "speed": 8.5785, 
    "yawRate": -0.1230686163297552
}