{
    "gpsHeading": 186, 
    "gpsLatitude": 47.66464764348224, 
    "gpsLongitude": 9.161841099951234, 
    "outsideTemperature": 18.5, 
    "speed": 12.892687500000001, 
    "yawRate": -0.003527516159716467
}