{
    "gpsHeading": 192, 
    "gpsLatitude": 47.658182681563346, 
    "gpsLongitude": 9.176646893719566, 
    "outsideTemperature": 20.5, 
    "speed": 4.6466875000000005, 
    "yawRate": 0.06260103974938884
}