{
    "gpsHeading": 23, 
    "gpsLatitude": 47.667127094260415, 
    "gpsLongitude": 9.17928358900133, 
    "outsideTemperature": 23.0, 
    "speed": 6.1845, 
    "yawRate": 0.1183104192210572
}