{
    "gpsHeading": 274, 
    "gpsLatitude": 47.666440700209414, 
    "gpsLongitude": 9.16341329352978, 
    "outsideTemperature": 19.5, 
    "speed": 8.495375000000001, 
    "yawRate": -0.11784658216534333
}