{
    "gpsHeading": 132, 
    "gpsLatitude": 47.66047848484299, 
    "gpsLongitude": 9.163505243007606, 
    "outsideTemperature": 19.0, 
    "speed": 13.133750000000001, 
    "yawRate": -0.0008713056759207091
}