{
    "gpsHeading": 136, 
    "gpsLatitude": 47.66163543893822, 
    "gpsLongitude": 9.161899102721215, 
    "outsideTemperature": 18.0, 
    "speed": 9.0356875, 
    "yawRate": 0.019510829966608176
}