{
    "gpsHeading": 290, 
    "gpsLatitude": 47.68056764363961, 
    "gpsLongitude": 9.183933617425726, 
    "outsideTemperature": 18.0, 
    "speed": 2.876125, 
    "yawRate": 0.2656598117130661
}