{
    "gpsHeading": 291, 
    "gpsLatitude": 47.65839767737979, 
    "gpsLongitude": 9.171610794834924, 
    "outsideTemperature": 19.5, 
    "speed": 6.0099375, 
    "yawRate": 0.004119217074611168
}