{
    "gpsHeading": 279, 
    "gpsLatitude": 47.662287886281376, 
    "gpsLongitude": 9.166674105321931, 
    "outsideTemperature": 18.5, 
    "speed": 3.9650625, 
    "yawRate": -0.3196066436958845
}