{
    "gpsHeading": 180, 
    "gpsLatitude": 47.66256373471487, 
    "gpsLongitude": 9.177666384602718, 
    "outsideTemperature": 19.5, 
    "speed": 9.14375, 
    "yawRate": -0.07390198337684985
}