{
    "gpsHeading": 80, 
    "gpsLatitude": 47.67368316746681, 
    "gpsLongitude": 9.186323046563796, 
    "outsideTemperature": 19.5, 
    "speed": 10.00825, 
    "yawRate": -0.010145813725723513
}