{
    "gpsHeading": 277, 
    "gpsLatitude": 47.65842927715477, 
    "gpsLongitude": 9.171310806520284, 
    "outsideTemperature": 19.5, 
    "speed": 2.6600000000000006, 
    "yawRate": 0.008657073129796189
}