{
    "gpsHeading": 135, 
    "gpsLatitude": 47.6613103887331, 
    "gpsLongitude": 9.162349965292977, 
    "outsideTemperature": 19.5, 
    "speed": 14.0231875, 
    "yawRate": 0.015534789292825672
}