{
    "gpsHeading": 224, 
    "gpsLatitude": 47.668199894047795, 
    "gpsLongitude": 9.180212471511165, 
    "outsideTemperature": 19.0, 
    "speed": 8.14625, 
    "yawRate": 0.011742579963721383
}