{
    "gpsHeading": 100, 
    "gpsLatitude": 47.682625987602286, 
    "gpsLongitude": 9.206738345212969, 
    "outsideTemperature": 19.5, 
    "speed": 12.1113125, 
    "yawRate": -0.00519416669160544
}