{
    "gpsHeading": 92, 
    "gpsLatitude": 47.67377595513496, 
    "gpsLongitude": 9.192353322984014, 
    "outsideTemperature": 19.0, 
    "speed": 8.844500000000002, 
    "yawRate": -0.0024663650169486325
}