{
    "gpsHeading": 203, 
    "gpsLatitude": 47.675687364335, 
    "gpsLongitude": 9.183948285756276, 
    "outsideTemperature": 18.5, 
    "speed": 4.8461875, 
    "yawRate": -0.14972855026157753
}