{
    "gpsHeading": 208, 
    "gpsLatitude": 47.66640264636901, 
    "gpsLongitude": 9.175890007862845, 
    "outsideTemperature": 21.0, 
    "speed": 2.7015625, 
    "yawRate": 0.043711226263038735
}