{
    "gpsHeading": 93, 
    "gpsLatitude": 47.673805962348325, 
    "gpsLongitude": 9.19178553286294, 
    "outsideTemperature": 18.5, 
    "speed": 11.180312500000001, 
    "yawRate": -0.007178753997332925
}