{
    "gpsHeading": 32, 
    "gpsLatitude": 47.65987037776763, 
    "gpsLongitude": 9.171137720219724, 
    "outsideTemperature": 24.5, 
    "speed": 8.5868125, 
    "yawRate": -0.006500021853725722
}