{
    "gpsHeading": 183, 
    "gpsLatitude": 47.660517125416625, 
    "gpsLongitude": 9.17751659999301, 
    "outsideTemperature": 25.5, 
    "speed": 8.3706875, 
    "yawRate": 0.04310941634336425
}