{
    "gpsHeading": 339, 
    "gpsLatitude": 47.655653777556424, 
    "gpsLongitude": 9.172972183548609, 
    "outsideTemperature": 22.5, 
    "speed": 4.671625000000001, 
    "yawRate": 0.006915826793577427
}