{
    "gpsHeading": 307, 
    "gpsLatitude": 47.677094015325814, 
    "gpsLongitude": 9.195369718479613, 
    "outsideTemperature": 19.5, 
    "speed": 11.7289375, 
    "yawRate": -0.015687263708415156
}