{
    "gpsHeading": 201, 
    "gpsLatitude": 47.660135162088935, 
    "gpsLongitude": 9.177169673020574, 
    "outsideTemperature": 20.5, 
    "speed": 2.2111250000000005, 
    "yawRate": 0.081781385901041
}