{
    "gpsHeading": 185, 
    "gpsLatitude": 47.6650076462236, 
    "gpsLongitude": 9.161915279794336, 
    "outsideTemperature": 18.5, 
    "speed": 13.433, 
    "yawRate": 0.002755669147463251
}