{
    "gpsHeading": 318, 
    "gpsLatitude": 47.683531233145196, 
    "gpsLongitude": 9.157324427606364, 
    "outsideTemperature": 18.5, 
    "speed": 10.7148125, 
    "yawRate": 0.02191194372925276
}