{
    "gpsHeading": 244, 
    "gpsLatitude": 47.679647897404216, 
    "gpsLongitude": 9.199394959841337, 
    "outsideTemperature": 19.0, 
    "speed": 7.714, 
    "yawRate": 0.009686033540648323
}