{
    "gpsHeading": 99, 
    "gpsLatitude": 47.66483875087461, 
    "gpsLongitude": 9.16557029249284, 
    "outsideTemperature": 21.0, 
    "speed": 5.910187500000001, 
    "yawRate": -0.008183682079060709
}