{
    "gpsHeading": 203, 
    "gpsLatitude": 47.674849006379425, 
    "gpsLongitude": 9.152436353131797, 
    "outsideTemperature": 22.0, 
    "speed": 9.2518125, 
    "yawRate": 0.022696507191117994
}