{
    "gpsHeading": 294, 
    "gpsLatitude": 47.67885899267738, 
    "gpsLongitude": 9.171431338287954, 
    "outsideTemperature": 25.0, 
    "speed": 13.349875, 
    "yawRate": 0.008123842638497428
}