{
    "gpsHeading": 317, 
    "gpsLatitude": 47.67778954565128, 
    "gpsLongitude": 9.194429688038527, 
    "outsideTemperature": 19.5, 
    "speed": 11.230187500000001, 
    "yawRate": -0.010102210102033516
}