{
    "gpsHeading": 108, 
    "gpsLatitude": 47.6646140320505, 
    "gpsLongitude": 9.166934698691666, 
    "outsideTemperature": 20.5, 
    "speed": 2.3358125000000003, 
    "yawRate": -0.0856763008676076
}