{
    "gpsHeading": 197, 
    "gpsLatitude": 47.68037569805689, 
    "gpsLongitude": 9.200803873946038, 
    "outsideTemperature": 19.0, 
    "speed": 7.1071875, 
    "yawRate": -0.0611743340903203
}