{
    "gpsHeading": 211, 
    "gpsLatitude": 47.668463504902654, 
    "gpsLongitude": 9.180549424018793, 
    "outsideTemperature": 19.0, 
    "speed": 7.522812500000001, 
    "yawRate": -0.05161287188367163
}