{
    "gpsHeading": 201, 
    "gpsLatitude": 47.66128038151974, 
    "gpsLongitude": 9.17173057223128, 
    "outsideTemperature": 21.0, 
    "speed": 7.88025, 
    "yawRate": -0.0010253011194628853
}