{
    "gpsHeading": 99, 
    "gpsLatitude": 47.68950711101381, 
    "gpsLongitude": 9.151713581621017, 
    "outsideTemperature": 18.5, 
    "speed": 10.689875, 
    "yawRate": -0.014177838882166454
}