{
    "gpsHeading": 173, 
    "gpsLatitude": 47.686873768493314, 
    "gpsLongitude": 9.148342715440162, 
    "outsideTemperature": 17.5, 
    "speed": 10.756375, 
    "yawRate": -0.008767318200984085
}