{
    "gpsHeading": 286, 
    "gpsLatitude": 47.67569406985752, 
    "gpsLongitude": 9.198172710720366, 
    "outsideTemperature": 21.0, 
    "speed": 0.0, 
    "yawRate": 6.218989072609123e-05
}