{
    "gpsHeading": 30, 
    "gpsLatitude": 47.66063899828879, 
    "gpsLongitude": 9.17168078372644, 
    "outsideTemperature": 22.5, 
    "speed": 9.7339375, 
    "yawRate": -0.007372686479722078
}