{
    "gpsHeading": 282, 
    "gpsLatitude": 47.661729064796695, 
    "gpsLongitude": 9.170966394118832, 
    "outsideTemperature": 19.5, 
    "speed": 5.436375, 
    "yawRate": 0.16576942128373046
}