{
    "gpsHeading": 280, 
    "gpsLatitude": 47.658068436223076, 
    "gpsLongitude": 9.174496097364857, 
    "outsideTemperature": 20.5, 
    "speed": 4.0980625, 
    "yawRate": 0.006388145102203678
}