{
    "gpsHeading": 288, 
    "gpsLatitude": 47.67935679390693, 
    "gpsLongitude": 9.18896410043521, 
    "outsideTemperature": 19.0, 
    "speed": 12.103000000000002, 
    "yawRate": 0.018521189630672764
}