{
    "gpsHeading": 271, 
    "gpsLatitude": 47.66647372490793, 
    "gpsLongitude": 9.163191089276605, 
    "outsideTemperature": 19.5, 
    "speed": 9.642500000000002, 
    "yawRate": -0.0347689097704138
}