{
    "gpsHeading": 316, 
    "gpsLatitude": 47.656938220398956, 
    "gpsLongitude": 9.169031934685078, 
    "outsideTemperature": 25.0, 
    "speed": 0.016625, 
    "yawRate": 0.00043759254109993276
}