{
    "gpsHeading": 28, 
    "gpsLatitude": 47.67754906884918, 
    "gpsLongitude": 9.173124147453175, 
    "outsideTemperature": 28.0, 
    "speed": 8.694875, 
    "yawRate": -0.022221911666565373
}