{
    "gpsHeading": 78, 
    "gpsLatitude": 47.674988229791154, 
    "gpsLongitude": 9.15270331674791, 
    "outsideTemperature": 19.0, 
    "speed": 3.458, 
    "yawRate": -0.20646522359573352
}