{
    "gpsHeading": 102, 
    "gpsLatitude": 47.682579551858694, 
    "gpsLongitude": 9.207053337134289, 
    "outsideTemperature": 19.5, 
    "speed": 11.388125, 
    "yawRate": 0.0009144856903750068
}