{
    "gpsHeading": 23, 
    "gpsLatitude": 47.65974238610615, 
    "gpsLongitude": 9.17103856230517, 
    "outsideTemperature": 20.0, 
    "speed": 7.88025, 
    "yawRate": 0.0025811362222639797
}