{
    "gpsHeading": 135, 
    "gpsLatitude": 47.659450947332765, 
    "gpsLongitude": 9.164936117698616, 
    "outsideTemperature": 19.5, 
    "speed": 4.962562500000001, 
    "yawRate": 0.007991656903446349
}