{
    "gpsHeading": 342, 
    "gpsLatitude": 47.67715905889446, 
    "gpsLongitude": 9.19839332241194, 
    "outsideTemperature": 20.5, 
    "speed": 12.5269375, 
    "yawRate": 0.0036625043949521383
}