{
    "gpsHeading": 251, 
    "gpsLatitude": 47.68093954868348, 
    "gpsLongitude": 9.201591353749334, 
    "outsideTemperature": 19.5, 
    "speed": 6.068125, 
    "yawRate": -0.05698554388553382
}