{
    "gpsHeading": 115, 
    "gpsLatitude": 47.67667927875672, 
    "gpsLongitude": 9.15358215929581, 
    "outsideTemperature": 17.5, 
    "speed": 4.2476875000000005, 
    "yawRate": -0.21960309184189528
}