{
    "gpsHeading": 215, 
    "gpsLatitude": 47.65722127726917, 
    "gpsLongitude": 9.17054302418947, 
    "outsideTemperature": 19.0, 
    "speed": 7.664125, 
    "yawRate": 0.011802748699160991
}