{
    "gpsHeading": 132, 
    "gpsLatitude": 47.66097712426286, 
    "gpsLongitude": 9.162811640519864, 
    "outsideTemperature": 18.0, 
    "speed": 9.21025, 
    "yawRate": -3.685765572806511e-05
}