{
    "gpsHeading": 181, 
    "gpsLatitude": 47.663119622533436, 
    "gpsLongitude": 9.17763914341741, 
    "outsideTemperature": 19.0, 
    "speed": 10.390625, 
    "yawRate": -0.019498813646976944
}