{
    "gpsHeading": 194, 
    "gpsLatitude": 47.67432320959326, 
    "gpsLongitude": 9.152083894103267, 
    "outsideTemperature": 21.0, 
    "speed": 6.242687500000001, 
    "yawRate": -0.007497688868382722
}