{
    "gpsHeading": 91, 
    "gpsLatitude": 47.681809590233044, 
    "gpsLongitude": 9.209431953617267, 
    "outsideTemperature": 19.0, 
    "speed": 6.0598125000000005, 
    "yawRate": -0.0010053764868189613
}