{
    "gpsHeading": 13, 
    "gpsLatitude": 47.68104566357768, 
    "gpsLongitude": 9.20196049276514, 
    "outsideTemperature": 19.5, 
    "speed": 9.268437500000001, 
    "yawRate": 0.009771156776931593
}