{
    "gpsHeading": 277, 
    "gpsLatitude": 47.65780348426371, 
    "gpsLongitude": 9.176188571253949, 
    "outsideTemperature": 27.0, 
    "speed": 6.849500000000001, 
    "yawRate": -0.002570841579768099
}