{
    "gpsHeading": 62, 
    "gpsLatitude": 47.66563461258108, 
    "gpsLongitude": 9.177952207500999, 
    "outsideTemperature": 30.0, 
    "speed": 7.780500000000001, 
    "yawRate": 0.027553298117353804
}