{
    "gpsHeading": 297, 
    "gpsLatitude": 47.68201100736634, 
    "gpsLongitude": 9.159195771309204, 
    "outsideTemperature": 18.5, 
    "speed": 13.8901875, 
    "yawRate": -0.0330659277085673
}