{
    "gpsHeading": 12, 
    "gpsLatitude": 47.665884560933755, 
    "gpsLongitude": 9.164627496023707, 
    "outsideTemperature": 18.5, 
    "speed": 7.065625, 
    "yawRate": -0.014348557522081208
}