{
    "gpsHeading": 194, 
    "gpsLatitude": 47.6855276348434, 
    "gpsLongitude": 9.147894115982222, 
    "outsideTemperature": 17.5, 
    "speed": 12.510312500000001, 
    "yawRate": -0.012257976704972485
}