{
    "gpsHeading": 299, 
    "gpsLatitude": 47.664300381233694, 
    "gpsLongitude": 9.165508014952243, 
    "outsideTemperature": 18.5, 
    "speed": 8.063125000000001, 
    "yawRate": -0.011730563644089162
}