{
    "gpsHeading": 199, 
    "gpsLatitude": 47.67317790634342, 
    "gpsLongitude": 9.151358021288315, 
    "outsideTemperature": 19.5, 
    "speed": 8.645000000000001, 
    "yawRate": -0.45290571397732876
}