{
    "gpsHeading": 38, 
    "gpsLatitude": 47.674418763289445, 
    "gpsLongitude": 9.149503273753755, 
    "outsideTemperature": 18.5, 
    "speed": 11.379812500000002, 
    "yawRate": 0.026187165695106398
}