{
    "gpsHeading": 27, 
    "gpsLatitude": 47.67960875391639, 
    "gpsLongitude": 9.201259430383608, 
    "outsideTemperature": 18.5, 
    "speed": 12.061437500000002, 
    "yawRate": 0.0225120603164903
}