{
    "gpsHeading": 302, 
    "gpsLatitude": 47.68698264941557, 
    "gpsLongitude": 9.15061446265767, 
    "outsideTemperature": 18.0, 
    "speed": 11.662437500000001, 
    "yawRate": -0.10602069044192916
}