{
    "gpsHeading": 82, 
    "gpsLatitude": 47.682924886269504, 
    "gpsLongitude": 9.204056052377918, 
    "outsideTemperature": 21.0, 
    "speed": 10.8810625, 
    "yawRate": -0.039053554180294825
}