{
    "gpsHeading": 114, 
    "gpsLatitude": 47.674058173814856, 
    "gpsLongitude": 9.155433302612005, 
    "outsideTemperature": 19.0, 
    "speed": 17.5310625, 
    "yawRate": 0.010479202427158092
}