{
    "gpsHeading": 186, 
    "gpsLatitude": 47.66825236476168, 
    "gpsLongitude": 9.162430850658616, 
    "outsideTemperature": 17.0, 
    "speed": 13.53275, 
    "yawRate": 0.03351754855348273
}