{
    "gpsHeading": 186, 
    "gpsLatitude": 47.665893781027265, 
    "gpsLongitude": 9.162094401065177, 
    "outsideTemperature": 19.0, 
    "speed": 14.181125000000002, 
    "yawRate": 0.002057537446665174
}