{
    "gpsHeading": 158, 
    "gpsLatitude": 47.67248095109442, 
    "gpsLongitude": 9.163259988520707, 
    "outsideTemperature": 18.0, 
    "speed": 15.610875, 
    "yawRate": -0.13473219133876754
}