{
    "gpsHeading": 142, 
    "gpsLatitude": 47.66002628116668, 
    "gpsLongitude": 9.16413556212637, 
    "outsideTemperature": 18.5, 
    "speed": 8.470437500000001, 
    "yawRate": 0.011831381257833293
}