{
    "gpsHeading": 207, 
    "gpsLatitude": 47.66232317409374, 
    "gpsLongitude": 9.166356934105785, 
    "outsideTemperature": 22.0, 
    "speed": 4.970875, 
    "yawRate": -0.33812002966362864
}