{
    "gpsHeading": 107, 
    "gpsLatitude": 47.68880596481321, 
    "gpsLongitude": 9.155108000949786, 
    "outsideTemperature": 17.5, 
    "speed": 13.657437500000002, 
    "yawRate": -0.0035313304450009858
}