{
    "gpsHeading": 93, 
    "gpsLatitude": 47.66457849278103, 
    "gpsLongitude": 9.16715941751576, 
    "outsideTemperature": 21.0, 
    "speed": 4.771375000000001, 
    "yawRate": -0.06665221202087016
}