{
    "gpsHeading": 325, 
    "gpsLatitude": 47.65616037978431, 
    "gpsLongitude": 9.172699436419276, 
    "outsideTemperature": 21.0, 
    "speed": 6.0099375, 
    "yawRate": 0.04077521428226681
}