{
    "gpsHeading": 278, 
    "gpsLatitude": 47.662590137709856, 
    "gpsLongitude": 9.164486931507454, 
    "outsideTemperature": 20.0, 
    "speed": 5.893562500000001, 
    "yawRate": 0.007280629306043699
}