{
    "gpsHeading": 45, 
    "gpsLatitude": 47.67457734889753, 
    "gpsLongitude": 9.149701086668703, 
    "outsideTemperature": 18.5, 
    "speed": 9.991625, 
    "yawRate": 0.024790902293511236
}