{
    "gpsHeading": 183, 
    "gpsLatitude": 47.667332367069186, 
    "gpsLongitude": 9.162291124332713, 
    "outsideTemperature": 17.5, 
    "speed": 11.2385, 
    "yawRate": -0.008893952269978876
}