{
    "gpsHeading": 23, 
    "gpsLatitude": 47.659217092234165, 
    "gpsLongitude": 9.170630782715712, 
    "outsideTemperature": 28.0, 
    "speed": 8.1545625, 
    "yawRate": 0.006066348760633715
}