{
    "gpsHeading": 35, 
    "gpsLatitude": 47.65887376948014, 
    "gpsLongitude": 9.17038049908691, 
    "outsideTemperature": 30.0, 
    "speed": 7.531125, 
    "yawRate": -0.006500021853725722
}