{
    "gpsHeading": 182, 
    "gpsLatitude": 47.68172820195321, 
    "gpsLongitude": 9.14730495200806, 
    "outsideTemperature": 17.0, 
    "speed": 14.172812500000001, 
    "yawRate": 0.046908684937634046
}