{
    "gpsHeading": 191, 
    "gpsLatitude": 47.6842770548897, 
    "gpsLongitude": 9.147286930916243, 
    "outsideTemperature": 17.5, 
    "speed": 11.828687500000001, 
    "yawRate": 0.052319205618816415
}