{
    "gpsHeading": 131, 
    "gpsLatitude": 47.65750123283522, 
    "gpsLongitude": 9.167754113546048, 
    "outsideTemperature": 18.0, 
    "speed": 8.927625, 
    "yawRate": 0.03804953664355151
}