{
    "gpsHeading": 296, 
    "gpsLatitude": 47.66632787979269, 
    "gpsLongitude": 9.16417805837545, 
    "outsideTemperature": 19.0, 
    "speed": 3.1338125, 
    "yawRate": 0.1367969557006256
}