{
    "gpsHeading": 179, 
    "gpsLatitude": 47.677944024126795, 
    "gpsLongitude": 9.185230214027861, 
    "outsideTemperature": 18.5, 
    "speed": 11.820375000000002, 
    "yawRate": -0.07799551800461155
}