{
    "gpsHeading": 107, 
    "gpsLatitude": 47.68868375666492, 
    "gpsLongitude": 9.155631618441143, 
    "outsideTemperature": 17.5, 
    "speed": 14.0896875, 
    "yawRate": -0.006323857248192302
}