{
    "gpsHeading": 19, 
    "gpsLatitude": 47.665367062231745, 
    "gpsLongitude": 9.17394775325914, 
    "outsideTemperature": 24.0, 
    "speed": 9.9334375, 
    "yawRate": -0.0035871964660064365
}