{
    "gpsHeading": 115, 
    "gpsLatitude": 47.67454348600869, 
    "gpsLongitude": 9.153986334666907, 
    "outsideTemperature": 19.0, 
    "speed": 16.5169375, 
    "yawRate": -0.002610766962799158
}