{
    "gpsHeading": 94, 
    "gpsLatitude": 47.673320147240304, 
    "gpsLongitude": 9.158293878527582, 
    "outsideTemperature": 18.5, 
    "speed": 15.710625, 
    "yawRate": 0.026187165695106398
}