{
    "gpsHeading": 91, 
    "gpsLatitude": 47.666811012691696, 
    "gpsLongitude": 9.17539472120424, 
    "outsideTemperature": 21.0, 
    "speed": 8.985812500000002, 
    "yawRate": -0.029745153301394527
}