{
    "gpsHeading": 87, 
    "gpsLatitude": 47.67385072171128, 
    "gpsLongitude": 9.190103284895716, 
    "outsideTemperature": 19.0, 
    "speed": 12.9924375, 
    "yawRate": -0.0010701016153534702
}