{
    "gpsHeading": 124, 
    "gpsLatitude": 47.67353765762768, 
    "gpsLongitude": 9.193549672024183, 
    "outsideTemperature": 25.0, 
    "speed": 5.469625, 
    "yawRate": 0.36824986540480903
}