{
    "gpsHeading": 89, 
    "gpsLatitude": 47.673845441112285, 
    "gpsLongitude": 9.190453313172325, 
    "outsideTemperature": 18.5, 
    "speed": 13.000750000000002, 
    "yawRate": -0.0050843588949396855
}