{
    "gpsHeading": 140, 
    "gpsLatitude": 47.65888458213523, 
    "gpsLongitude": 9.176833558703262, 
    "outsideTemperature": 22.0, 
    "speed": 0.0, 
    "yawRate": -0.00034928203129397893
}