{
    "gpsHeading": 41, 
    "gpsLatitude": 47.67856378204757, 
    "gpsLongitude": 9.198361890275015, 
    "outsideTemperature": 19.0, 
    "speed": 12.169500000000001, 
    "yawRate": -0.163190972095703
}