{
    "gpsHeading": 132, 
    "gpsLatitude": 47.65719127005582, 
    "gpsLongitude": 9.171570561699669, 
    "outsideTemperature": 21.0, 
    "speed": 4.638375, 
    "yawRate": 0.03309576557349193
}