{
    "gpsHeading": 186, 
    "gpsLatitude": 47.66473263598043, 
    "gpsLongitude": 9.16185861812886, 
    "outsideTemperature": 18.0, 
    "speed": 12.859437500000002, 
    "yawRate": 0.004894148820776451
}