{
    "gpsHeading": 130, 
    "gpsLatitude": 47.66357543042809, 
    "gpsLongitude": 9.173355236523715, 
    "outsideTemperature": 19.5, 
    "speed": 3.2335625, 
    "yawRate": 0.007352279290110072
}