{
    "gpsHeading": 135, 
    "gpsLatitude": 47.65730962252864, 
    "gpsLongitude": 9.171358834825488, 
    "outsideTemperature": 21.5, 
    "speed": 4.2310625, 
    "yawRate": -0.0007636219151974535
}