{
    "gpsHeading": 300, 
    "gpsLatitude": 47.657752606111444, 
    "gpsLongitude": 9.176450254271064, 
    "outsideTemperature": 28.5, 
    "speed": 6.9741875, 
    "yawRate": -0.027878115733685253
}