{
    "gpsHeading": 308, 
    "gpsLatitude": 47.68717987559725, 
    "gpsLongitude": 9.15020441995435, 
    "outsideTemperature": 18.0, 
    "speed": 12.1611875, 
    "yawRate": 0.06833770183230158
}