{
    "gpsHeading": 80, 
    "gpsLatitude": 47.6737617897186, 
    "gpsLongitude": 9.18715662683457, 
    "outsideTemperature": 19.5, 
    "speed": 11.088875, 
    "yawRate": 0.0059112153926243255
}