{
    "gpsHeading": 191, 
    "gpsLatitude": 47.68598738223256, 
    "gpsLongitude": 9.148151356590654, 
    "outsideTemperature": 17.5, 
    "speed": 10.290875, 
    "yawRate": 0.011129435271750698
}