{
    "gpsHeading": 288, 
    "gpsLatitude": 47.68050821594609, 
    "gpsLongitude": 9.184257997078596, 
    "outsideTemperature": 18.0, 
    "speed": 7.6475, 
    "yawRate": 0.022884512760658518
}