{
    "gpsHeading": 152, 
    "gpsLatitude": 47.66183794571895, 
    "gpsLongitude": 9.161615542936788, 
    "outsideTemperature": 20.0, 
    "speed": 12.892687500000001, 
    "yawRate": 0.010124268611643302
}