{
    "gpsHeading": 33, 
    "gpsLatitude": 47.67478262170628, 
    "gpsLongitude": 9.197291102144419, 
    "outsideTemperature": 20.0, 
    "speed": 10.20775, 
    "yawRate": 0.01621695527755841
}