{
    "gpsHeading": 293, 
    "gpsLatitude": 47.67993573195924, 
    "gpsLongitude": 9.186589171989626, 
    "outsideTemperature": 18.5, 
    "speed": 9.850312500000001, 
    "yawRate": 0.016601327453478802
}