{
    "gpsHeading": 278, 
    "gpsLatitude": 47.662112117771784, 
    "gpsLongitude": 9.168132472655374, 
    "outsideTemperature": 18.5, 
    "speed": 8.262625000000002, 
    "yawRate": -0.02045720990406066
}