{
    "gpsHeading": 109, 
    "gpsLatitude": 47.6735907150748, 
    "gpsLongitude": 9.156863590569793, 
    "outsideTemperature": 18.5, 
    "speed": 15.8519375, 
    "yawRate": 0.028805159573098444
}