{
    "gpsHeading": 282, 
    "gpsLatitude": 47.658368508356745, 
    "gpsLongitude": 9.171863341577582, 
    "outsideTemperature": 19.5, 
    "speed": 6.5918125000000005, 
    "yawRate": 0.011449599932987505
}