{
    "gpsHeading": 125, 
    "gpsLatitude": 47.67469293534231, 
    "gpsLongitude": 9.1506525164981, 
    "outsideTemperature": 18.5, 
    "speed": 12.452125, 
    "yawRate": 0.015191591407542384
}