{
    "gpsHeading": 343, 
    "gpsLatitude": 47.66447455718166, 
    "gpsLongitude": 9.16531246515115, 
    "outsideTemperature": 18.5, 
    "speed": 8.1379375, 
    "yawRate": 0.004151932549058414
}