{
    "gpsHeading": 26, 
    "gpsLatitude": 47.67577487140414, 
    "gpsLongitude": 9.19823917921255, 
    "outsideTemperature": 23.0, 
    "speed": 12.73475, 
    "yawRate": 0.035602029706447554
}