{
    "gpsHeading": 278, 
    "gpsLatitude": 47.658292903590095, 
    "gpsLongitude": 9.172442782544062, 
    "outsideTemperature": 20.0, 
    "speed": 7.6475, 
    "yawRate": 0.004293749999810439
}