{
    "gpsHeading": 139, 
    "gpsLatitude": 47.66175320467784, 
    "gpsLongitude": 9.161735823247366, 
    "outsideTemperature": 18.0, 
    "speed": 8.894375, 
    "yawRate": 0.01252951295863137
}