{
    "gpsHeading": 200, 
    "gpsLatitude": 47.67645875088417, 
    "gpsLongitude": 9.18441188882086, 
    "outsideTemperature": 18.5, 
    "speed": 12.2775625, 
    "yawRate": 0.010318142146300073
}