{
    "gpsHeading": 43, 
    "gpsLatitude": 47.65722094199305, 
    "gpsLongitude": 9.169132182247042, 
    "outsideTemperature": 19.0, 
    "speed": 2.809625, 
    "yawRate": 0.2335264128669129
}