{
    "gpsHeading": 188, 
    "gpsLatitude": 47.6623998685078, 
    "gpsLongitude": 9.177612991879515, 
    "outsideTemperature": 19.5, 
    "speed": 9.659125, 
    "yawRate": -0.01735331561223436
}