{
    "gpsHeading": 16, 
    "gpsLatitude": 47.66365958473596, 
    "gpsLongitude": 9.173112161331641, 
    "outsideTemperature": 21.0, 
    "speed": 10.523625000000001, 
    "yawRate": -0.0027950039680078847
}