{
    "gpsHeading": 358, 
    "gpsLatitude": 47.66495148747232, 
    "gpsLongitude": 9.164866380264195, 
    "outsideTemperature": 18.0, 
    "speed": 3.2917500000000004, 
    "yawRate": 0.3601990999558962
}