{
    "gpsHeading": 34, 
    "gpsLatitude": 47.65726762919375, 
    "gpsLongitude": 9.170591052494645, 
    "outsideTemperature": 24.0, 
    "speed": 4.921, 
    "yawRate": -0.007046807222377172
}