{
    "gpsHeading": 77, 
    "gpsLatitude": 47.67382926403916, 
    "gpsLongitude": 9.188406117140849, 
    "outsideTemperature": 19.0, 
    "speed": 12.344062500000001, 
    "yawRate": -0.014509136855709263
}