{
    "gpsHeading": 1, 
    "gpsLatitude": 47.658244288551685, 
    "gpsLongitude": 9.169619673735697, 
    "outsideTemperature": 26.0, 
    "speed": 5.453, 
    "yawRate": -0.06958999912744841
}