{
    "gpsHeading": 99, 
    "gpsLatitude": 47.67328150666667, 
    "gpsLongitude": 9.158717499914035, 
    "outsideTemperature": 18.5, 
    "speed": 16.6166875, 
    "yawRate": 0.03648460828187332
}