{
    "gpsHeading": 300, 
    "gpsLatitude": 47.681417400983484, 
    "gpsLongitude": 9.160663274917074, 
    "outsideTemperature": 19.0, 
    "speed": 14.3556875, 
    "yawRate": 0.018246752300065085
}