{
    "gpsHeading": 180, 
    "gpsLatitude": 47.664391827797324, 
    "gpsLongitude": 9.177455244461761, 
    "outsideTemperature": 19.5, 
    "speed": 7.581, 
    "yawRate": 0.03954441800277966
}