{
    "gpsHeading": 116, 
    "gpsLatitude": 47.66494679360654, 
    "gpsLongitude": 9.173923613378008, 
    "outsideTemperature": 21.0, 
    "speed": 1.9534375000000002, 
    "yawRate": -0.002079122833349518
}