{
    "gpsHeading": 316, 
    "gpsLatitude": 47.65691542162232, 
    "gpsLongitude": 9.17197834128913, 
    "outsideTemperature": 20.5, 
    "speed": 5.719, 
    "yawRate": 0.011453682848762449
}