{
    "gpsHeading": 136, 
    "gpsLatitude": 47.6567981587969, 
    "gpsLongitude": 9.172106332950625, 
    "outsideTemperature": 21.5, 
    "speed": 6.0598125000000005, 
    "yawRate": -0.02764169239591003
}