{
    "gpsHeading": 136, 
    "gpsLatitude": 47.66150677672449, 
    "gpsLongitude": 9.177396068225336, 
    "outsideTemperature": 32.0, 
    "speed": 0.0, 
    "yawRate": -0.00010116205149407779
}