{
    "gpsHeading": 107, 
    "gpsLatitude": 47.6774123600084, 
    "gpsLongitude": 9.151356680183808, 
    "outsideTemperature": 17.5, 
    "speed": 12.8095625, 
    "yawRate": 0.0020537231613806553
}