{
    "gpsHeading": 271, 
    "gpsLatitude": 47.65848568736313, 
    "gpsLongitude": 9.171035796277126, 
    "outsideTemperature": 19.0, 
    "speed": 1.9866875, 
    "yawRate": -0.008970752315346083
}