{
    "gpsHeading": 290, 
    "gpsLatitude": 47.68920150682404, 
    "gpsLongitude": 9.14864940927734, 
    "outsideTemperature": 17.5, 
    "speed": 8.428875, 
    "yawRate": 0.07169236031595339
}