{
    "gpsHeading": 13, 
    "gpsLatitude": 47.66454094185481, 
    "gpsLongitude": 9.173475265377164, 
    "outsideTemperature": 21.5, 
    "speed": 8.8029375, 
    "yawRate": 0.005949391725824897
}