{
    "gpsHeading": 20, 
    "gpsLatitude": 47.66778566039289, 
    "gpsLongitude": 9.179556336130632, 
    "outsideTemperature": 22.5, 
    "speed": 9.085562500000002, 
    "yawRate": -0.10840785061300252
}