{
    "gpsHeading": 311, 
    "gpsLatitude": 47.67724514104007, 
    "gpsLongitude": 9.195143574731944, 
    "outsideTemperature": 19.5, 
    "speed": 11.4629375, 
    "yawRate": -0.041518136637931115
}