{
    "gpsHeading": 195, 
    "gpsLatitude": 47.68115789726118, 
    "gpsLongitude": 9.202002234642968, 
    "outsideTemperature": 20.0, 
    "speed": 8.8528125, 
    "yawRate": -0.0009604748965171453
}