{
    "gpsHeading": 123, 
    "gpsLatitude": 47.66069121754556, 
    "gpsLongitude": 9.163207517806821, 
    "outsideTemperature": 18.0, 
    "speed": 7.090562500000001, 
    "yawRate": -0.006669108813306327
}