{
    "gpsHeading": 279, 
    "gpsLatitude": 47.65819818808423, 
    "gpsLongitude": 9.17331165062719, 
    "outsideTemperature": 21.0, 
    "speed": 4.2975625, 
    "yawRate": 0.0036974650456990323
}