{
    "gpsHeading": 181, 
    "gpsLatitude": 47.67307455747728, 
    "gpsLongitude": 9.183624409017595, 
    "outsideTemperature": 20.5, 
    "speed": 8.927625, 
    "yawRate": 0.0012830070501200562
}