{
    "gpsHeading": 286, 
    "gpsLatitude": 47.680202360299226, 
    "gpsLongitude": 9.164895549287232, 
    "outsideTemperature": 20.0, 
    "speed": 10.8311875, 
    "yawRate": 0.031336721690022336
}