{
    "gpsHeading": 257, 
    "gpsLatitude": 47.678811215829285, 
    "gpsLongitude": 9.19894300762216, 
    "outsideTemperature": 20.5, 
    "speed": 13.100500000000002, 
    "yawRate": 0.08517539481481243
}