{
    "gpsHeading": 173, 
    "gpsLatitude": 47.68776484861984, 
    "gpsLongitude": 9.148314384607408, 
    "outsideTemperature": 18.0, 
    "speed": 10.390625, 
    "yawRate": -0.02133368881534253
}