{
    "gpsHeading": 151, 
    "gpsLatitude": 47.6790464958514, 
    "gpsLongitude": 9.184848585976294, 
    "outsideTemperature": 18.5, 
    "speed": 9.67575, 
    "yawRate": -0.013941934456421452
}