{
    "gpsHeading": 183, 
    "gpsLatitude": 47.662908230935344, 
    "gpsLongitude": 9.161455783862273, 
    "outsideTemperature": 18.0, 
    "speed": 10.490375, 
    "yawRate": 0.004196017119978374
}