{
    "gpsHeading": 285, 
    "gpsLatitude": 47.67993372030248, 
    "gpsLongitude": 9.166181919967498, 
    "outsideTemperature": 20.5, 
    "speed": 12.7929375, 
    "yawRate": 0.014057962095278603
}