{
    "gpsHeading": 299, 
    "gpsLatitude": 47.68754767350859, 
    "gpsLongitude": 9.149289116127656, 
    "outsideTemperature": 17.5, 
    "speed": 12.1778125, 
    "yawRate": -0.0006028036214740715
}