{
    "gpsHeading": 195, 
    "gpsLatitude": 47.68133182175207, 
    "gpsLongitude": 9.20206526655485, 
    "outsideTemperature": 20.0, 
    "speed": 9.958375, 
    "yawRate": 0.02766292483619013
}