{
    "gpsHeading": 50, 
    "gpsLatitude": 47.682788512704846, 
    "gpsLongitude": 9.203070005288422, 
    "outsideTemperature": 22.0, 
    "speed": 9.6341875, 
    "yawRate": -0.14220251297315742
}