{
    "gpsHeading": 198, 
    "gpsLatitude": 47.67730792149484, 
    "gpsLongitude": 9.184927208228077, 
    "outsideTemperature": 18.5, 
    "speed": 12.684875000000002, 
    "yawRate": -0.016734461259611776
}