{
    "gpsHeading": 28, 
    "gpsLatitude": 47.65955538584633, 
    "gpsLongitude": 9.17089414211346, 
    "outsideTemperature": 26.0, 
    "speed": 8.262625000000002, 
    "yawRate": -0.0077217523301216125
}