{
    "gpsHeading": 115, 
    "gpsLatitude": 47.673789030903926, 
    "gpsLongitude": 9.183521395427551, 
    "outsideTemperature": 21.5, 
    "speed": 7.8553125, 
    "yawRate": -0.1147813882075005
}