{
    "gpsHeading": 185, 
    "gpsLatitude": 47.66248653738663, 
    "gpsLongitude": 9.161353273186451, 
    "outsideTemperature": 18.0, 
    "speed": 2.8262500000000004, 
    "yawRate": -0.0006909047856051901
}