{
    "gpsHeading": 202, 
    "gpsLatitude": 47.6758368136686, 
    "gpsLongitude": 9.153176391363111, 
    "outsideTemperature": 17.5, 
    "speed": 6.0847500000000005, 
    "yawRate": 0.0053698487401697866
}