{
    "gpsHeading": 90, 
    "gpsLatitude": 47.66481402426026, 
    "gpsLongitude": 9.175221886360777, 
    "outsideTemperature": 27.0, 
    "speed": 1.5544375, 
    "yawRate": 0.24756568289597308
}