{
    "gpsHeading": 101, 
    "gpsLatitude": 47.68268734313352, 
    "gpsLongitude": 9.206321094072925, 
    "outsideTemperature": 19.5, 
    "speed": 12.768, 
    "yawRate": -0.004670567916006634
}