{
    "gpsHeading": 101, 
    "gpsLatitude": 47.68092848457129, 
    "gpsLongitude": 9.201656397317945, 
    "outsideTemperature": 26.0, 
    "speed": 4.081437500000001, 
    "yawRate": -0.10454189487696806
}