{
    "gpsHeading": 33, 
    "gpsLatitude": 47.666154290577936, 
    "gpsLongitude": 9.178449421997335, 
    "outsideTemperature": 27.5, 
    "speed": 9.243500000000001, 
    "yawRate": -0.004386227194142601
}