{
    "gpsHeading": 0, 
    "gpsLatitude": 47.65830874538711, 
    "gpsLongitude": 9.166593303775324, 
    "outsideTemperature": 18.0, 
    "speed": 12.892687500000001, 
    "yawRate": 0.0020957540524688865
}