{
    "gpsHeading": 277, 
    "gpsLatitude": 47.662540935938225, 
    "gpsLongitude": 9.164807204027772, 
    "outsideTemperature": 20.5, 
    "speed": 6.4920625, 
    "yawRate": 0.007280629306043699
}