{
    "gpsHeading": 121, 
    "gpsLatitude": 47.65723678379006, 
    "gpsLongitude": 9.16817278960963, 
    "outsideTemperature": 18.0, 
    "speed": 6.0265625, 
    "yawRate": 0.06614933760065998
}