{
    "gpsHeading": 325, 
    "gpsLatitude": 47.65809601268452, 
    "gpsLongitude": 9.174269953617188, 
    "outsideTemperature": 20.5, 
    "speed": 4.962562500000001, 
    "yawRate": -0.005480093811357681
}