{
    "gpsHeading": 176, 
    "gpsLatitude": 47.68352955676454, 
    "gpsLongitude": 9.147276956451433, 
    "outsideTemperature": 17.0, 
    "speed": 11.97, 
    "yawRate": -0.06967930909558531
}