{
    "gpsHeading": 16, 
    "gpsLatitude": 47.66398429966495, 
    "gpsLongitude": 9.17324442776372, 
    "outsideTemperature": 20.5, 
    "speed": 10.440500000000002, 
    "yawRate": -0.0024459381176093423
}