{
    "gpsHeading": 133, 
    "gpsLatitude": 47.674352043340186, 
    "gpsLongitude": 9.183003561449414, 
    "outsideTemperature": 18.5, 
    "speed": 7.930125, 
    "yawRate": -0.022668580716392953
}