{
    "gpsHeading": 135, 
    "gpsLatitude": 47.65922094790963, 
    "gpsLongitude": 9.165273573120434, 
    "outsideTemperature": 18.5, 
    "speed": 11.753875, 
    "yawRate": 0.0006994906508737244
}