{
    "gpsHeading": 325, 
    "gpsLatitude": 47.68290066256934, 
    "gpsLongitude": 9.157970839979217, 
    "outsideTemperature": 18.5, 
    "speed": 10.640000000000002, 
    "yawRate": -0.014914503487827213
}