{
    "gpsHeading": 269, 
    "gpsLatitude": 47.67320816501389, 
    "gpsLongitude": 9.150866674124202, 
    "outsideTemperature": 19.0, 
    "speed": 10.374, 
    "yawRate": -0.01709699975435157
}