{
    "gpsHeading": 171, 
    "gpsLatitude": 47.66331793836254, 
    "gpsLongitude": 9.177605280528597, 
    "outsideTemperature": 19.0, 
    "speed": 11.0306875, 
    "yawRate": -0.006583377182218964
}