{
    "gpsHeading": 184, 
    "gpsLatitude": 47.666920145071025, 
    "gpsLongitude": 9.162255249787105, 
    "outsideTemperature": 17.5, 
    "speed": 11.986625, 
    "yawRate": -0.002261701112400616
}