{
    "gpsHeading": 100, 
    "gpsLatitude": 47.689730656371474, 
    "gpsLongitude": 9.149632187424599, 
    "outsideTemperature": 19.5, 
    "speed": 9.725625, 
    "yawRate": 0.017412620578930418
}