{
    "gpsHeading": 132, 
    "gpsLatitude": 47.6742454255318, 
    "gpsLongitude": 9.183143623051478, 
    "outsideTemperature": 18.5, 
    "speed": 7.08225, 
    "yawRate": -0.0212723173147968
}