{
    "gpsHeading": 311, 
    "gpsLatitude": 47.67371879055531, 
    "gpsLongitude": 9.149725813283057, 
    "outsideTemperature": 18.5, 
    "speed": 11.762187500000001, 
    "yawRate": -0.02023859240794143
}