{
    "gpsHeading": 207, 
    "gpsLatitude": 47.68242071479354, 
    "gpsLongitude": 9.20256608526955, 
    "outsideTemperature": 20.5, 
    "speed": 9.609250000000001, 
    "yawRate": 0.03813490034815534
}