{
    "gpsHeading": 16, 
    "gpsLatitude": 47.663107887868975, 
    "gpsLongitude": 9.16344304928604, 
    "outsideTemperature": 19.5, 
    "speed": 6.733125, 
    "yawRate": 0.008851425632838134
}