{
    "gpsHeading": 336, 
    "gpsLatitude": 47.657115665289176, 
    "gpsLongitude": 9.169088344893423, 
    "outsideTemperature": 26.0, 
    "speed": 3.7821875, 
    "yawRate": -0.21001284139586168
}