{
    "gpsHeading": 279, 
    "gpsLatitude": 47.662054031182784, 
    "gpsLongitude": 9.168636392674246, 
    "outsideTemperature": 18.5, 
    "speed": 7.896875, 
    "yawRate": -0.00614551003770752
}