{
    "gpsHeading": 205, 
    "gpsLatitude": 47.66987434684506, 
    "gpsLongitude": 9.181827999529109, 
    "outsideTemperature": 18.5, 
    "speed": 11.388125, 
    "yawRate": 0.04160011277118843
}