{
    "gpsHeading": 189, 
    "gpsLatitude": 47.65856573453845, 
    "gpsLongitude": 9.176700537899864, 
    "outsideTemperature": 20.5, 
    "speed": 5.41975, 
    "yawRate": 0.003259845181582043
}