{
    "gpsHeading": 14, 
    "gpsLatitude": 47.66572262256442, 
    "gpsLongitude": 9.17420968773335, 
    "outsideTemperature": 23.5, 
    "speed": 10.781312500000002, 
    "yawRate": -0.00845213642706359
}