{
    "gpsHeading": 198, 
    "gpsLatitude": 47.661625380654414, 
    "gpsLongitude": 9.17193777287778, 
    "outsideTemperature": 21.5, 
    "speed": 7.9550625, 
    "yawRate": 0.013286398746891248
}