{
    "gpsHeading": 124, 
    "gpsLatitude": 47.67455622650152, 
    "gpsLongitude": 9.150928281112543, 
    "outsideTemperature": 18.5, 
    "speed": 12.053125, 
    "yawRate": 0.023918237667513886
}