{
    "gpsHeading": 333, 
    "gpsLatitude": 47.65597706756187, 
    "gpsLongitude": 9.172840839125843, 
    "outsideTemperature": 21.5, 
    "speed": 5.61925, 
    "yawRate": 0.0844084455821243
}