{
    "gpsHeading": 115, 
    "gpsLatitude": 47.67391760929862, 
    "gpsLongitude": 9.155858013645874, 
    "outsideTemperature": 18.5, 
    "speed": 17.05725, 
    "yawRate": -0.0008654377108044612
}