{
    "gpsHeading": 35, 
    "gpsLatitude": 47.65688432476154, 
    "gpsLongitude": 9.17019584575994, 
    "outsideTemperature": 20.0, 
    "speed": 6.034875, 
    "yawRate": -0.00041947596894024953
}