{
    "gpsHeading": 312, 
    "gpsLatitude": 47.68273260541067, 
    "gpsLongitude": 9.158137220757238, 
    "outsideTemperature": 18.5, 
    "speed": 11.080562500000001, 
    "yawRate": -0.008282252330248952
}