{
    "gpsHeading": 294, 
    "gpsLatitude": 47.67877400017919, 
    "gpsLongitude": 9.171726632736789, 
    "outsideTemperature": 25.5, 
    "speed": 12.119625000000001, 
    "yawRate": 0.023657272981247455
}