{
    "gpsHeading": 280, 
    "gpsLatitude": 47.679532394778455, 
    "gpsLongitude": 9.168316958344246, 
    "outsideTemperature": 21.5, 
    "speed": 10.7148125, 
    "yawRate": -0.03393859233456464
}