{
    "gpsHeading": 21, 
    "gpsLatitude": 47.660892634678866, 
    "gpsLongitude": 9.171809110664029, 
    "outsideTemperature": 21.0, 
    "speed": 6.4089374999999995, 
    "yawRate": 0.1228930757721328
}