{
    "gpsHeading": 94, 
    "gpsLatitude": 47.67492318622253, 
    "gpsLongitude": 9.152868859335614, 
    "outsideTemperature": 19.5, 
    "speed": 10.4488125, 
    "yawRate": -0.0050542279155909395
}