{
    "gpsHeading": 316, 
    "gpsLatitude": 47.68816684469611, 
    "gpsLongitude": 9.148293848944636, 
    "outsideTemperature": 17.5, 
    "speed": 11.055625000000001, 
    "yawRate": -0.10043563683554751
}