{
    "gpsHeading": 189, 
    "gpsLatitude": 47.66426433905003, 
    "gpsLongitude": 9.161762226242356, 
    "outsideTemperature": 18.0, 
    "speed": 13.000750000000002, 
    "yawRate": -0.00837035349438007
}