{
    "gpsHeading": 354, 
    "gpsLatitude": 47.65875902122567, 
    "gpsLongitude": 9.17036356764247, 
    "outsideTemperature": 21.5, 
    "speed": 4.8794375, 
    "yawRate": -0.11435592366135393
}