{
    "gpsHeading": 193, 
    "gpsLatitude": 47.685108455865624, 
    "gpsLongitude": 9.14765414209432, 
    "outsideTemperature": 17.5, 
    "speed": 12.585125000000001, 
    "yawRate": 0.007987842618160839
}