{
    "gpsHeading": 349, 
    "gpsLatitude": 47.68929597087282, 
    "gpsLongitude": 9.147894954172537, 
    "outsideTemperature": 17.5, 
    "speed": 10.681562500000002, 
    "yawRate": -0.007584120629450875
}