{
    "gpsHeading": 84, 
    "gpsLatitude": 47.68179374843604, 
    "gpsLongitude": 9.20967444207612, 
    "outsideTemperature": 19.0, 
    "speed": 5.935125, 
    "yawRate": -0.03521382982590689
}