{
    "gpsHeading": 26, 
    "gpsLatitude": 47.65969016684937, 
    "gpsLongitude": 9.170998832084106, 
    "outsideTemperature": 25.5, 
    "speed": 9.060625, 
    "yawRate": -0.006150956003326187
}