{
    "gpsHeading": 76, 
    "gpsLatitude": 47.67878372318686, 
    "gpsLongitude": 9.19902883831067, 
    "outsideTemperature": 19.0, 
    "speed": 13.1254375, 
    "yawRate": -0.011521860097398352
}