{
    "gpsHeading": 188, 
    "gpsLatitude": 47.65928121379347, 
    "gpsLongitude": 9.176946630577081, 
    "outsideTemperature": 21.5, 
    "speed": 6.691562500000001, 
    "yawRate": -0.02344369237393027
}