{
    "gpsHeading": 191, 
    "gpsLatitude": 47.67610989607403, 
    "gpsLongitude": 9.198480494204958, 
    "outsideTemperature": 19.0, 
    "speed": 9.8170625, 
    "yawRate": -0.09616431446739511
}