{
    "gpsHeading": 8, 
    "gpsLatitude": 47.667428758955694, 
    "gpsLongitude": 9.179387189324563, 
    "outsideTemperature": 22.5, 
    "speed": 7.9051875, 
    "yawRate": -0.04662319509240395
}