{
    "gpsHeading": 281, 
    "gpsLatitude": 47.679548152756425, 
    "gpsLongitude": 9.197761075455446, 
    "outsideTemperature": 20.0, 
    "speed": 4.2476875000000005, 
    "yawRate": -0.08403814729144567
}