{
    "gpsHeading": 187, 
    "gpsLatitude": 47.6715748673612, 
    "gpsLongitude": 9.163176337127023, 
    "outsideTemperature": 17.5, 
    "speed": 19.102125, 
    "yawRate": 0.0022761549427844055
}