{
    "gpsHeading": 111, 
    "gpsLatitude": 47.65805988668183, 
    "gpsLongitude": 9.17457639599727, 
    "outsideTemperature": 22.5, 
    "speed": 0.0, 
    "yawRate": -0.0010121277530437069
}