{
    "gpsHeading": 138, 
    "gpsLatitude": 47.6604426102974, 
    "gpsLongitude": 9.163554444779223, 
    "outsideTemperature": 18.0, 
    "speed": 9.093875, 
    "yawRate": -0.003003917384117661
}