{
    "gpsHeading": 353, 
    "gpsLatitude": 47.68962571494372, 
    "gpsLongitude": 9.147838292507066, 
    "outsideTemperature": 17.5, 
    "speed": 9.700687499999999, 
    "yawRate": 0.011963566992885364
}