{
    "gpsHeading": 85, 
    "gpsLatitude": 47.66349848455693, 
    "gpsLongitude": 9.173784725242388, 
    "outsideTemperature": 20.0, 
    "speed": 3.7239999999999998, 
    "yawRate": 0.06721707263351469
}