{
    "gpsHeading": 138, 
    "gpsLatitude": 47.66138540676651, 
    "gpsLongitude": 9.176960293079281, 
    "outsideTemperature": 22.5, 
    "speed": 0.0, 
    "yawRate": 0.000295632966070315
}