{
    "gpsHeading": 89, 
    "gpsLatitude": 47.673856253767376, 
    "gpsLongitude": 9.189748562753365, 
    "outsideTemperature": 19.0, 
    "speed": 12.984125, 
    "yawRate": -0.01084394542652159
}