{
    "gpsHeading": 186, 
    "gpsLatitude": 47.68284148633291, 
    "gpsLongitude": 9.203195817655093, 
    "outsideTemperature": 20.0, 
    "speed": 0.0, 
    "yawRate": -0.0004424898236975632
}