{
    "gpsHeading": 302, 
    "gpsLatitude": 47.666285132086486, 
    "gpsLongitude": 9.164470502977238, 
    "outsideTemperature": 19.0, 
    "speed": 4.8129375, 
    "yawRate": 0.01985989581700771
}