{
    "gpsHeading": 281, 
    "gpsLatitude": 47.6621770775214, 
    "gpsLongitude": 9.167522773018412, 
    "outsideTemperature": 18.5, 
    "speed": 6.5751875, 
    "yawRate": 0.005199130100255033
}