{
    "gpsHeading": 148, 
    "gpsLatitude": 47.66621212570985, 
    "gpsLongitude": 9.175792442509895, 
    "outsideTemperature": 21.5, 
    "speed": 2.5685625, 
    "yawRate": 0.10217975620484819
}