{
    "gpsHeading": 210, 
    "gpsLatitude": 47.658255436482904, 
    "gpsLongitude": 9.172781076156198, 
    "outsideTemperature": 22.5, 
    "speed": 1.1055625000000002, 
    "yawRate": 0.013845473585363885
}