{
    "gpsHeading": 323, 
    "gpsLatitude": 47.67816983259833, 
    "gpsLongitude": 9.173220539339681, 
    "outsideTemperature": 31.0, 
    "speed": 7.94675, 
    "yawRate": 0.03378018264281412
}