{
    "gpsHeading": 98, 
    "gpsLatitude": 47.6827609362434, 
    "gpsLongitude": 9.20582111354851, 
    "outsideTemperature": 20.0, 
    "speed": 12.66825, 
    "yawRate": 0.0003908869147771928
}