{
    "gpsHeading": 303, 
    "gpsLatitude": 47.68551682218831, 
    "gpsLongitude": 9.153812158718937, 
    "outsideTemperature": 18.0, 
    "speed": 9.6341875, 
    "yawRate": 0.013185297469281257
}