{
    "gpsHeading": 19, 
    "gpsLatitude": 47.66130041426832, 
    "gpsLongitude": 9.172057466455103, 
    "outsideTemperature": 19.5, 
    "speed": 5.3449375, 
    "yawRate": -0.0021312527581213046
}