{
    "gpsHeading": 30, 
    "gpsLatitude": 47.668898190401315, 
    "gpsLongitude": 9.18095024662862, 
    "outsideTemperature": 21.5, 
    "speed": 8.6200625, 
    "yawRate": -0.012414741753316024
}