{
    "gpsHeading": 280, 
    "gpsLatitude": 47.66661236158645, 
    "gpsLongitude": 9.162331106010841, 
    "outsideTemperature": 19.5, 
    "speed": 5.719, 
    "yawRate": 0.28689527137213483
}