{
    "gpsHeading": 168, 
    "gpsLatitude": 47.66313596724462, 
    "gpsLongitude": 9.177636377389366, 
    "outsideTemperature": 19.5, 
    "speed": 11.354875, 
    "yawRate": 0.0007981086085057242
}