{
    "gpsHeading": 36, 
    "gpsLatitude": 47.68267041168912, 
    "gpsLongitude": 9.20280161674877, 
    "outsideTemperature": 22.5, 
    "speed": 7.9550625, 
    "yawRate": -0.15546701528831394
}