{
    "gpsHeading": 250, 
    "gpsLatitude": 47.6754218256424, 
    "gpsLongitude": 9.18268496530973, 
    "outsideTemperature": 18.0, 
    "speed": 8.14625, 
    "yawRate": 0.1462792908766554
}