{
    "gpsHeading": 288, 
    "gpsLatitude": 47.68030822373633, 
    "gpsLongitude": 9.185021672276854, 
    "outsideTemperature": 18.5, 
    "speed": 10.5319375, 
    "yawRate": 0.001591495886328573
}