{
    "gpsHeading": 13, 
    "gpsLatitude": 47.68093795612187, 
    "gpsLongitude": 9.201922187467648, 
    "outsideTemperature": 19.5, 
    "speed": 8.6865625, 
    "yawRate": -0.008729333294208028
}