{
    "gpsHeading": 289, 
    "gpsLatitude": 47.68898156568472, 
    "gpsLongitude": 9.14965079524964, 
    "outsideTemperature": 17.5, 
    "speed": 10.889375000000001, 
    "yawRate": -0.014701437657764268
}