{
    "gpsHeading": 281, 
    "gpsLatitude": 47.67949040144356, 
    "gpsLongitude": 9.168561374640829, 
    "outsideTemperature": 22.0, 
    "speed": 9.7671875, 
    "yawRate": 0.045648421556375475
}