{
    "gpsHeading": 135, 
    "gpsLatitude": 47.658906291264444, 
    "gpsLongitude": 9.165735248347321, 
    "outsideTemperature": 18.0, 
    "speed": 13.316625, 
    "yawRate": -0.008201688534297048
}