{
    "gpsHeading": 255, 
    "gpsLatitude": 47.67952485106561, 
    "gpsLongitude": 9.198826918263169, 
    "outsideTemperature": 19.0, 
    "speed": 8.0465, 
    "yawRate": -0.013352312585676318
}