{
    "gpsHeading": 283, 
    "gpsLatitude": 47.67941345557241, 
    "gpsLongitude": 9.169011901936463, 
    "outsideTemperature": 22.0, 
    "speed": 6.8079375, 
    "yawRate": -0.004093462125462473
}