{
    "gpsHeading": 286, 
    "gpsLatitude": 47.679050686802995, 
    "gpsLongitude": 9.190266061455375, 
    "outsideTemperature": 19.0, 
    "speed": 12.7929375, 
    "yawRate": 0.011016273847097158
}