{
    "gpsHeading": 285, 
    "gpsLatitude": 47.65786710290882, 
    "gpsLongitude": 9.175928313160373, 
    "outsideTemperature": 26.0, 
    "speed": 6.4920625, 
    "yawRate": -0.00030191355217558825
}