{
    "gpsHeading": 268, 
    "gpsLatitude": 47.67547957695528, 
    "gpsLongitude": 9.182906079915497, 
    "outsideTemperature": 18.0, 
    "speed": 8.786312500000001, 
    "yawRate": 0.16809590652658415
}