{
    "gpsHeading": 112, 
    "gpsLatitude": 47.666740101790836, 
    "gpsLongitude": 9.175604687878787, 
    "outsideTemperature": 21.0, 
    "speed": 10.2991875, 
    "yawRate": -0.04126432636455635
}