{
    "gpsHeading": 104, 
    "gpsLatitude": 47.680247957852515, 
    "gpsLongitude": 9.14702943885068, 
    "outsideTemperature": 17.5, 
    "speed": 8.1213125, 
    "yawRate": 0.35373756743823176
}