{
    "gpsHeading": 186, 
    "gpsLatitude": 47.66438101514224, 
    "gpsLongitude": 9.161786114666395, 
    "outsideTemperature": 18.0, 
    "speed": 12.8428125, 
    "yawRate": -0.006275958391986831
}