{
    "gpsHeading": 285, 
    "gpsLatitude": 47.66198429374837, 
    "gpsLongitude": 9.169146934396624, 
    "outsideTemperature": 19.0, 
    "speed": 7.5061875, 
    "yawRate": 0.0015339386710673604
}