{
    "gpsHeading": 77, 
    "gpsLatitude": 47.673925655925665, 
    "gpsLongitude": 9.196237748372422, 
    "outsideTemperature": 21.5, 
    "speed": 11.60425, 
    "yawRate": 0.08637919120772895
}