{
    "gpsHeading": 200, 
    "gpsLatitude": 47.67625121496157, 
    "gpsLongitude": 9.184287752834855, 
    "outsideTemperature": 18.5, 
    "speed": 12.003250000000001, 
    "yawRate": -0.012196605204426754
}