{
    "gpsHeading": 200, 
    "gpsLatitude": 47.684795140324944, 
    "gpsLongitude": 9.147474685547351, 
    "outsideTemperature": 17.0, 
    "speed": 11.587625000000001, 
    "yawRate": 0.04708321786283332
}