{
    "gpsHeading": 165, 
    "gpsLatitude": 47.67233904547366, 
    "gpsLongitude": 9.163302736226882, 
    "outsideTemperature": 18.0, 
    "speed": 15.935062500000003, 
    "yawRate": -0.0914480258893086
}