{
    "gpsHeading": 296, 
    "gpsLatitude": 47.67872982754945, 
    "gpsLongitude": 9.171867197253041, 
    "outsideTemperature": 26.0, 
    "speed": 11.4629375, 
    "yawRate": 0.011265435292087287
}