{
    "gpsHeading": 290, 
    "gpsLatitude": 47.67836957335099, 
    "gpsLongitude": 9.193176090599696, 
    "outsideTemperature": 19.0, 
    "speed": 12.485375000000001, 
    "yawRate": 0.010318142146300073
}