{
    "gpsHeading": 186, 
    "gpsLatitude": 47.68046211547863, 
    "gpsLongitude": 9.14669441418078, 
    "outsideTemperature": 17.5, 
    "speed": 7.2900625, 
    "yawRate": 0.33558614321749164
}