{
    "gpsHeading": 192, 
    "gpsLatitude": 47.67807905658695, 
    "gpsLongitude": 9.14984827288846, 
    "outsideTemperature": 17.5, 
    "speed": 7.3066875, 
    "yawRate": 0.21603108945588168
}