{
    "gpsHeading": 49, 
    "gpsLatitude": 47.66687873846934, 
    "gpsLongitude": 9.175223311284316, 
    "outsideTemperature": 21.0, 
    "speed": 7.0573125, 
    "yawRate": -0.29608239715572454
}