{
    "gpsHeading": 286, 
    "gpsLatitude": 47.68011376358267, 
    "gpsLongitude": 9.185835555075142, 
    "outsideTemperature": 18.5, 
    "speed": 10.606750000000002, 
    "yawRate": 0.04016327235540224
}