{
    "gpsHeading": 177, 
    "gpsLatitude": 47.6866871035096, 
    "gpsLongitude": 9.148339697955018, 
    "outsideTemperature": 17.5, 
    "speed": 10.3989375, 
    "yawRate": -0.03669258623289328
}