{
    "gpsHeading": 16, 
    "gpsLatitude": 47.67114261261448, 
    "gpsLongitude": 9.182662501809233, 
    "outsideTemperature": 19.5, 
    "speed": 9.343250000000001, 
    "yawRate": -0.009098616174526893
}