{
    "gpsHeading": 285, 
    "gpsLatitude": 47.679565419476965, 
    "gpsLongitude": 9.188105290635924, 
    "outsideTemperature": 19.0, 
    "speed": 10.7979375, 
    "yawRate": 0.028295033441840887
}