{
    "gpsHeading": 0, 
    "gpsLatitude": 47.66544819905448, 
    "gpsLongitude": 9.174006929495567, 
    "outsideTemperature": 24.5, 
    "speed": 11.446312500000001, 
    "yawRate": 0.0037651683368963122
}