{
    "gpsHeading": 178, 
    "gpsLatitude": 47.680962096003014, 
    "gpsLongitude": 9.201460260783666, 
    "outsideTemperature": 26.0, 
    "speed": 0.0, 
    "yawRate": -0.0009422457549221445
}