{
    "gpsHeading": 213, 
    "gpsLatitude": 47.657291517617786, 
    "gpsLongitude": 9.168729180342387, 
    "outsideTemperature": 19.5, 
    "speed": 4.28925, 
    "yawRate": 0.37751607615644267
}