{
    "gpsHeading": 290, 
    "gpsLatitude": 47.673376808905765, 
    "gpsLongitude": 9.150364179028868, 
    "outsideTemperature": 19.0, 
    "speed": 11.853625000000001, 
    "yawRate": -0.07486739799536295
}