{
    "gpsHeading": 118, 
    "gpsLatitude": 47.674246515179206, 
    "gpsLongitude": 9.151690279930166, 
    "outsideTemperature": 18.5, 
    "speed": 7.3565625, 
    "yawRate": -0.04624399826265666
}