{
    "gpsHeading": 312, 
    "gpsLatitude": 47.675764058749046, 
    "gpsLongitude": 9.197552785161534, 
    "outsideTemperature": 21.0, 
    "speed": 7.3233125, 
    "yawRate": -0.022843113641592222
}