{
    "gpsHeading": 29, 
    "gpsLatitude": 47.666766504785826, 
    "gpsLongitude": 9.179034143562813, 
    "outsideTemperature": 24.0, 
    "speed": 5.511187500000001, 
    "yawRate": 0.0017224251878378465
}