{
    "gpsHeading": 312, 
    "gpsLatitude": 47.677472374435126, 
    "gpsLongitude": 9.194827996077404, 
    "outsideTemperature": 19.5, 
    "speed": 11.4130625, 
    "yawRate": -0.02790456847237506
}