{
    "gpsHeading": 179, 
    "gpsLatitude": 47.66349873601403, 
    "gpsLongitude": 9.174394173422256, 
    "outsideTemperature": 27.0, 
    "speed": 0.058187499999999996, 
    "yawRate": 0.0031568649226335808
}