{
    "gpsHeading": 17, 
    "gpsLatitude": 47.661361015428284, 
    "gpsLongitude": 9.172093592457802, 
    "outsideTemperature": 21.5, 
    "speed": 8.528625, 
    "yawRate": 0.0027502231818445837
}