{
    "gpsHeading": 194, 
    "gpsLatitude": 47.66574097893238, 
    "gpsLongitude": 9.176230564588838, 
    "outsideTemperature": 21.5, 
    "speed": 1.4713125, 
    "yawRate": -0.19121009105539372
}