{
    "gpsHeading": 15, 
    "gpsLatitude": 47.66356294139236, 
    "gpsLongitude": 9.173073604577018, 
    "outsideTemperature": 21.0, 
    "speed": 11.0473125, 
    "yawRate": -0.004714866145201853
}