{
    "gpsHeading": 195, 
    "gpsLatitude": 47.687770967409165, 
    "gpsLongitude": 9.156903907524049, 
    "outsideTemperature": 17.5, 
    "speed": 10.80625, 
    "yawRate": 0.07291409079234928
}