{
    "gpsHeading": 285, 
    "gpsLatitude": 47.68024376690093, 
    "gpsLongitude": 9.185291904835204, 
    "outsideTemperature": 18.5, 
    "speed": 10.739749999999999, 
    "yawRate": 0.001591495886328573
}