{
    "gpsHeading": 95, 
    "gpsLatitude": 49.60190830928156, 
    "gpsLongitude": 11.004123738665614, 
    "outsideTemperature": 14.5, 
    "speed": 9.218562499999999, 
    "yawRate": 0.014916180744598136
}