{
    "gpsHeading": 94, 
    "gpsLatitude": 49.6017988416261, 
    "gpsLongitude": 11.004610391963984, 
    "outsideTemperature": 14.5, 
    "speed": 9.5178125, 
    "yawRate": -0.015627081165302113
}