{
    "gpsHeading": 107, 
    "gpsLatitude": 49.60073274736128, 
    "gpsLongitude": 11.009650933257275, 
    "outsideTemperature": 16.0, 
    "speed": 9.4513125, 
    "yawRate": -0.007974982455005507
}