{
    "gpsHeading": 264, 
    "gpsLatitude": 49.59415555175889, 
    "gpsLongitude": 11.011729812882741, 
    "outsideTemperature": 14.0, 
    "speed": 11.1138125, 
    "yawRate": 0.014252415096839558
}