{
    "gpsHeading": 264, 
    "gpsLatitude": 49.59402915265899, 
    "gpsLongitude": 11.009687562174168, 
    "outsideTemperature": 13.5, 
    "speed": 11.296687499999999, 
    "yawRate": 0.0029077749588760126
}