{
    "gpsHeading": 337, 
    "gpsLatitude": 49.59659636196343, 
    "gpsLongitude": 11.002413998055987, 
    "outsideTemperature": 16.0, 
    "speed": 8.254312500000001, 
    "yawRate": 0.016249415031214423
}