{
    "gpsHeading": 263, 
    "gpsLatitude": 49.59391691897549, 
    "gpsLongitude": 11.0075345027056, 
    "outsideTemperature": 13.0, 
    "speed": 10.7065, 
    "yawRate": 0.0013369786320815793
}