{
    "gpsHeading": 255, 
    "gpsLatitude": 49.596814375265026, 
    "gpsLongitude": 11.005772626658214, 
    "outsideTemperature": 15.0, 
    "speed": 7.5145, 
    "yawRate": 0.021334383270849848
}