{
    "gpsHeading": 334, 
    "gpsLatitude": 49.596913616998606, 
    "gpsLongitude": 11.00231123592307, 
    "outsideTemperature": 16.0, 
    "speed": 8.778, 
    "yawRate": 0.0061265053696477586
}