{
    "gpsHeading": 259, 
    "gpsLatitude": 49.59638522182246, 
    "gpsLongitude": 11.003032833967406, 
    "outsideTemperature": 14.5, 
    "speed": 7.032375, 
    "yawRate": -0.007289016461857426
}