{
    "gpsHeading": 190, 
    "gpsLatitude": 49.59666467447431, 
    "gpsLongitude": 11.003521163646381, 
    "outsideTemperature": 17.0, 
    "speed": 3.607625, 
    "yawRate": -0.012825319117339907
}