{
    "gpsHeading": 0, 
    "gpsLatitude": 49.60057164718225, 
    "gpsLongitude": 11.00275648261971, 
    "outsideTemperature": 18.0, 
    "speed": 7.298375000000001, 
    "yawRate": 0.0011280796538428095
}