{
    "gpsHeading": 336, 
    "gpsLatitude": 49.599942752987026, 
    "gpsLongitude": 11.002924791235491, 
    "outsideTemperature": 15.0, 
    "speed": 8.1878125, 
    "yawRate": -0.0033095957682950246
}