{
    "gpsHeading": 339, 
    "gpsLatitude": 49.595354163912894, 
    "gpsLongitude": 11.00292370158808, 
    "outsideTemperature": 15.0, 
    "speed": 6.118, 
    "yawRate": 0.001926391987688074
}