{
    "gpsHeading": 164, 
    "gpsLatitude": 49.59921771836239, 
    "gpsLongitude": 11.012273714579772, 
    "outsideTemperature": 14.5, 
    "speed": 5.7771875, 
    "yawRate": 0.008431112513740872
}