{
    "gpsHeading": 336, 
    "gpsLatitude": 49.594998016847, 
    "gpsLongitude": 11.00298924807088, 
    "outsideTemperature": 15.0, 
    "speed": 3.8403750000000003, 
    "yawRate": 0.022172211310821397
}