{
    "gpsHeading": 345, 
    "gpsLatitude": 49.59990277130888, 
    "gpsLongitude": 11.002939543385075, 
    "outsideTemperature": 14.0, 
    "speed": 7.040687500000001, 
    "yawRate": 0.02776858809437724
}