{
    "gpsHeading": 342, 
    "gpsLatitude": 49.59832437512201, 
    "gpsLongitude": 11.001816452178655, 
    "outsideTemperature": 14.5, 
    "speed": 8.453812500000002, 
    "yawRate": 0.008744499247638812
}