{
    "gpsHeading": 168, 
    "gpsLatitude": 49.59869913001295, 
    "gpsLongitude": 11.012461217753787, 
    "outsideTemperature": 14.5, 
    "speed": 9.3515625, 
    "yawRate": 0.004940454009752471
}