{
    "gpsHeading": 153, 
    "gpsLatitude": 49.60054381926371, 
    "gpsLongitude": 11.006021233906381, 
    "outsideTemperature": 19.5, 
    "speed": 4.131312500000001, 
    "yawRate": 0.15346797335446724
}