{
    "gpsHeading": 338, 
    "gpsLatitude": 49.59479718644693, 
    "gpsLongitude": 11.003052866715986, 
    "outsideTemperature": 15.5, 
    "speed": 5.0789375, 
    "yawRate": -0.0012152006659017851
}