{
    "gpsHeading": 339, 
    "gpsLatitude": 49.59854020912876, 
    "gpsLongitude": 11.001753671723868, 
    "outsideTemperature": 14.5, 
    "speed": 5.5527500000000005, 
    "yawRate": -0.13297623601429845
}