{
    "gpsHeading": 262, 
    "gpsLatitude": 49.59719860170656, 
    "gpsLongitude": 11.008446789047154, 
    "outsideTemperature": 16.0, 
    "speed": 8.744750000000002, 
    "yawRate": -0.011826872517042447
}