{
    "gpsHeading": 98, 
    "gpsLatitude": 49.59602941003268, 
    "gpsLongitude": 11.003479002673393, 
    "outsideTemperature": 17.0, 
    "speed": 3.7905, 
    "yawRate": -0.07277369999766849
}