{
    "gpsHeading": 326, 
    "gpsLatitude": 49.594438273352985, 
    "gpsLongitude": 11.003166441504028, 
    "outsideTemperature": 16.0, 
    "speed": 4.721500000000001, 
    "yawRate": -0.0441503002649622
}