{
    "gpsHeading": 337, 
    "gpsLatitude": 49.59919106391028, 
    "gpsLongitude": 11.003201729316379, 
    "outsideTemperature": 14.5, 
    "speed": 8.570187500000001, 
    "yawRate": -0.0008548116383300371
}