{
    "gpsHeading": 263, 
    "gpsLatitude": 49.59395413462559, 
    "gpsLongitude": 11.00829289730486, 
    "outsideTemperature": 13.5, 
    "speed": 11.0140625, 
    "yawRate": 0.003082307884076276
}