{
    "gpsHeading": 107, 
    "gpsLatitude": 49.60153690715188, 
    "gpsLongitude": 11.005727615838149, 
    "outsideTemperature": 14.0, 
    "speed": 5.9268125000000005, 
    "yawRate": 0.005142336933430016
}