{
    "gpsHeading": 262, 
    "gpsLatitude": 49.59392471414544, 
    "gpsLongitude": 11.007687304800484, 
    "outsideTemperature": 13.0, 
    "speed": 11.0306875, 
    "yawRate": 0.0025587091084774702
}