{
    "gpsHeading": 357, 
    "gpsLatitude": 49.596257481618075, 
    "gpsLongitude": 11.00195676523778, 
    "outsideTemperature": 15.0, 
    "speed": 0.0, 
    "yawRate": 2.3572609319303262e-05
}