{
    "gpsHeading": 165, 
    "gpsLatitude": 49.598161095648145, 
    "gpsLongitude": 11.012653666250706, 
    "outsideTemperature": 14.5, 
    "speed": 6.81625, 
    "yawRate": -0.008673114155803584
}