{
    "gpsHeading": 10, 
    "gpsLatitude": 49.60059218284503, 
    "gpsLongitude": 11.007377844935258, 
    "outsideTemperature": 17.0, 
    "speed": 6.65, 
    "yawRate": 0.004242322308954394
}