{
    "gpsHeading": 257, 
    "gpsLatitude": 49.59758215759585, 
    "gpsLongitude": 11.010989774651428, 
    "outsideTemperature": 15.0, 
    "speed": 7.988312500000001, 
    "yawRate": -0.011640173884194173
}