{
    "gpsHeading": 260, 
    "gpsLatitude": 49.59405052651209, 
    "gpsLongitude": 11.010001212990979, 
    "outsideTemperature": 13.5, 
    "speed": 11.3631875, 
    "yawRate": 0.0006388469312835023
}