{
    "gpsHeading": 341, 
    "gpsLatitude": 49.60091999907819, 
    "gpsLongitude": 11.002748435992665, 
    "outsideTemperature": 15.0, 
    "speed": 8.8195625, 
    "yawRate": -0.0019027202997416574
}