{
    "gpsHeading": 287, 
    "gpsLatitude": 49.60254583683706, 
    "gpsLongitude": 11.00132845777581, 
    "outsideTemperature": 16.0, 
    "speed": 11.263437500000002, 
    "yawRate": -0.03537635729123518
}