{
    "gpsHeading": 1, 
    "gpsLatitude": 49.600760491460775, 
    "gpsLongitude": 11.002752040211028, 
    "outsideTemperature": 15.5, 
    "speed": 8.8361875, 
    "yawRate": 0.00211153697984555
}