{
    "gpsHeading": 350, 
    "gpsLatitude": 49.60076719698331, 
    "gpsLongitude": 11.002752040211028, 
    "outsideTemperature": 17.5, 
    "speed": 7.54775, 
    "yawRate": -0.008645764157325311
}