{
    "gpsHeading": 135, 
    "gpsLatitude": 49.60134110589372, 
    "gpsLongitude": 11.006080913056996, 
    "outsideTemperature": 20.0, 
    "speed": 4.28925, 
    "yawRate": -0.0999538340351058
}