{
    "gpsHeading": 349, 
    "gpsLatitude": 49.59461580206221, 
    "gpsLongitude": 11.003110366571777, 
    "outsideTemperature": 16.0, 
    "speed": 5.303375000000001, 
    "yawRate": -0.0061021225714863415
}