{
    "gpsHeading": 258, 
    "gpsLatitude": 49.59384081129466, 
    "gpsLongitude": 11.005212296430964, 
    "outsideTemperature": 13.5, 
    "speed": 5.893562500000001, 
    "yawRate": -0.035314935659799124
}