{
    "gpsHeading": 76, 
    "gpsLatitude": 49.5988977811182, 
    "gpsLongitude": 11.003098464269273, 
    "outsideTemperature": 14.5, 
    "speed": 5.303375000000001, 
    "yawRate": 6.529810494105767e-06
}