{
    "gpsHeading": 82, 
    "gpsLatitude": 49.60037802521891, 
    "gpsLongitude": 11.011637276671692, 
    "outsideTemperature": 15.0, 
    "speed": 7.140437500000001, 
    "yawRate": 0.052064343813598375
}