{
    "gpsHeading": 341, 
    "gpsLatitude": 49.60029831331971, 
    "gpsLongitude": 11.002800906706552, 
    "outsideTemperature": 18.0, 
    "speed": 1.7123750000000002, 
    "yawRate": 0.04895010115848679
}