{
    "gpsHeading": 256, 
    "gpsLatitude": 49.597206899790706, 
    "gpsLongitude": 11.008493979162042, 
    "outsideTemperature": 16.5, 
    "speed": 8.994125, 
    "yawRate": -0.002925693331871676
}