{
    "gpsHeading": 343, 
    "gpsLatitude": 49.59939105612005, 
    "gpsLongitude": 11.003127549473279, 
    "outsideTemperature": 14.5, 
    "speed": 7.664125, 
    "yawRate": 0.005079307818451138
}