{
    "gpsHeading": 265, 
    "gpsLatitude": 49.59413912322866, 
    "gpsLongitude": 11.011419514827198, 
    "outsideTemperature": 14.0, 
    "speed": 11.055625000000001, 
    "yawRate": 0.0015115115572808505
}