{
    "gpsHeading": 174, 
    "gpsLatitude": 49.59650273610497, 
    "gpsLongitude": 11.003580926616028, 
    "outsideTemperature": 18.0, 
    "speed": 1.4048125, 
    "yawRate": 0.17716877206508935
}