{
    "gpsHeading": 114, 
    "gpsLatitude": 49.60099166435034, 
    "gpsLongitude": 11.008322066327928, 
    "outsideTemperature": 16.5, 
    "speed": 7.730625000000001, 
    "yawRate": 0.010525507616134112
}