{
    "gpsHeading": 263, 
    "gpsLatitude": 49.593940807399534, 
    "gpsLongitude": 11.007990394419298, 
    "outsideTemperature": 13.5, 
    "speed": 10.87275, 
    "yawRate": -0.0047716737498988675
}