{
    "gpsHeading": 277, 
    "gpsLatitude": 49.60212246690768, 
    "gpsLongitude": 11.0031437265464, 
    "outsideTemperature": 18.5, 
    "speed": 7.0573125, 
    "yawRate": 0.12676473021903467
}