{
    "gpsHeading": 35, 
    "gpsLatitude": 49.60184527736968, 
    "gpsLongitude": 11.003134003538719, 
    "outsideTemperature": 14.5, 
    "speed": 0.133, 
    "yawRate": 0.0005407406530511167
}