{
    "gpsHeading": 263, 
    "gpsLatitude": 49.594181116563554, 
    "gpsLongitude": 11.012195092327993, 
    "outsideTemperature": 14.5, 
    "speed": 11.263437500000002, 
    "yawRate": -0.016639912663459235
}