{
    "gpsHeading": 346, 
    "gpsLatitude": 49.595681058136734, 
    "gpsLongitude": 11.002741227555937, 
    "outsideTemperature": 14.5, 
    "speed": 3.857, 
    "yawRate": -0.0036586616186935674
}