{
    "gpsHeading": 110, 
    "gpsLatitude": 49.59609856073387, 
    "gpsLongitude": 11.00385233264082, 
    "outsideTemperature": 18.0, 
    "speed": 3.2668125000000003, 
    "yawRate": 0.3548432899181092
}