{
    "gpsHeading": 336, 
    "gpsLatitude": 49.59785415035389, 
    "gpsLongitude": 11.001966236788398, 
    "outsideTemperature": 15.0, 
    "speed": 7.5061875, 
    "yawRate": 0.010653038247659573
}