{
    "gpsHeading": 354, 
    "gpsLatitude": 49.60107858468627, 
    "gpsLongitude": 11.0027448317743, 
    "outsideTemperature": 15.0, 
    "speed": 8.47875, 
    "yawRate": -0.009407636083316274
}