{
    "gpsHeading": 252, 
    "gpsLatitude": 49.59749221977478, 
    "gpsLongitude": 11.010413686446215, 
    "outsideTemperature": 18.5, 
    "speed": 7.847, 
    "yawRate": -0.008859812788651859
}