{
    "gpsHeading": 255, 
    "gpsLatitude": 49.5972533355343, 
    "gpsLongitude": 11.008804528674682, 
    "outsideTemperature": 16.5, 
    "speed": 9.260125, 
    "yawRate": -0.0041474238082675665
}