{
    "gpsHeading": 54, 
    "gpsLatitude": 49.59717161197834, 
    "gpsLongitude": 11.002340656403202, 
    "outsideTemperature": 17.5, 
    "speed": 4.5303125, 
    "yawRate": -0.024344492180501734
}