{
    "gpsHeading": 171, 
    "gpsLatitude": 49.59999748681475, 
    "gpsLongitude": 11.006255089004968, 
    "outsideTemperature": 18.0, 
    "speed": 1.6209375000000001, 
    "yawRate": 0.2609802552773156
}