{
    "gpsHeading": 0, 
    "gpsLatitude": 49.5966904907361, 
    "gpsLongitude": 11.004917337258226, 
    "outsideTemperature": 14.5, 
    "speed": 6.6749375, 
    "yawRate": -0.02055351877701395
}