{
    "gpsHeading": 14, 
    "gpsLatitude": 49.599046643718594, 
    "gpsLongitude": 11.00325537349671, 
    "outsideTemperature": 15.0, 
    "speed": 8.1711875, 
    "yawRate": 0.04016042578353641
}