{
    "gpsHeading": 264, 
    "gpsLatitude": 49.5942638459479, 
    "gpsLongitude": 11.014253184833592, 
    "outsideTemperature": 16.5, 
    "speed": 8.295875, 
    "yawRate": -0.012276589533473485
}