{
    "gpsHeading": 336, 
    "gpsLatitude": 49.59977109161001, 
    "gpsLongitude": 11.00298815842347, 
    "outsideTemperature": 14.0, 
    "speed": 1.8703125, 
    "yawRate": -0.005392667693515058
}