{
    "gpsHeading": 353, 
    "gpsLatitude": 49.60021885287762, 
    "gpsLongitude": 11.007257313167617, 
    "outsideTemperature": 17.5, 
    "speed": 7.572687500000001, 
    "yawRate": -0.022810281096957454
}