{
    "gpsHeading": 342, 
    "gpsLatitude": 49.59785415035389, 
    "gpsLongitude": 11.001966236788398, 
    "outsideTemperature": 15.0, 
    "speed": 7.988312500000001, 
    "yawRate": 0.015016361377645324
}