{
    "gpsHeading": 260, 
    "gpsLatitude": 49.5938916056279, 
    "gpsLongitude": 11.007014824708767, 
    "outsideTemperature": 13.5, 
    "speed": 10.27425, 
    "yawRate": 0.00046431400608423073
}