{
    "gpsHeading": 255, 
    "gpsLatitude": 49.59686609160761, 
    "gpsLongitude": 11.006133132313787, 
    "outsideTemperature": 15.5, 
    "speed": 7.622562500000001, 
    "yawRate": -0.0027511604066714126
}