{
    "gpsHeading": 263, 
    "gpsLatitude": 49.59390166391171, 
    "gpsLongitude": 11.007236190771591, 
    "outsideTemperature": 13.0, 
    "speed": 10.6150625, 
    "yawRate": -5.9284769513583005e-05
}