{
    "gpsHeading": 162, 
    "gpsLatitude": 49.60037274461991, 
    "gpsLongitude": 11.006100945805574, 
    "outsideTemperature": 19.0, 
    "speed": 6.9575625, 
    "yawRate": 0.003369657682957046
}