{
    "gpsHeading": 340, 
    "gpsLatitude": 49.597672765969165, 
    "gpsLongitude": 11.002035387489563, 
    "outsideTemperature": 15.0, 
    "speed": 7.464625, 
    "yawRate": 0.020961804011598716
}