{
    "gpsHeading": 252, 
    "gpsLatitude": 49.597723308845325, 
    "gpsLongitude": 11.01188395608213, 
    "outsideTemperature": 15.5, 
    "speed": 10.1495625, 
    "yawRate": -0.010942042183396096
}