{
    "gpsHeading": 263, 
    "gpsLatitude": 49.59421355452885, 
    "gpsLongitude": 11.013103439175056, 
    "outsideTemperature": 15.0, 
    "speed": 10.689875, 
    "yawRate": -0.0115784578326764
}