{
    "gpsHeading": 252, 
    "gpsLatitude": 49.59776580509442, 
    "gpsLongitude": 11.012152847536006, 
    "outsideTemperature": 15.5, 
    "speed": 10.058125, 
    "yawRate": -0.037296513888509866
}