{
    "gpsHeading": 349, 
    "gpsLatitude": 49.5972002780872, 
    "gpsLongitude": 11.002213419113025, 
    "outsideTemperature": 15.0, 
    "speed": 5.935125, 
    "yawRate": 0.023917540562816093
}