{
    "gpsHeading": 343, 
    "gpsLatitude": 49.60045438435684, 
    "gpsLongitude": 11.00275899719066, 
    "outsideTemperature": 18.5, 
    "speed": 6.350750000000001, 
    "yawRate": -0.04966100157919176
}