{
    "gpsHeading": 261, 
    "gpsLatitude": 49.596301318971676, 
    "gpsLongitude": 11.002441742155519, 
    "outsideTemperature": 16.0, 
    "speed": 2.1529375, 
    "yawRate": -0.31956325622966225
}