{
    "gpsHeading": 72, 
    "gpsLatitude": 49.597254173724615, 
    "gpsLongitude": 11.002871230874195, 
    "outsideTemperature": 17.0, 
    "speed": 5.802125, 
    "yawRate": 0.009340362382988378
}