{
    "gpsHeading": 245, 
    "gpsLatitude": 49.59652360704388, 
    "gpsLongitude": 11.003882004578049, 
    "outsideTemperature": 14.5, 
    "speed": 6.633375, 
    "yawRate": 0.016796527215663836
}