{
    "gpsHeading": 350, 
    "gpsLatitude": 49.59863634955816, 
    "gpsLongitude": 11.001742607611684, 
    "outsideTemperature": 14.5, 
    "speed": 3.9068750000000003, 
    "yawRate": -0.40944771270736835
}