{
    "gpsHeading": 79, 
    "gpsLatitude": 49.59882687021734, 
    "gpsLongitude": 11.00265120591584, 
    "outsideTemperature": 14.5, 
    "speed": 4.854500000000001, 
    "yawRate": 0.023579797889590758
}