{
    "gpsHeading": 263, 
    "gpsLatitude": 49.59385137249266, 
    "gpsLongitude": 11.005995333825581, 
    "outsideTemperature": 13.5, 
    "speed": 5.75225, 
    "yawRate": -0.0011064823207102025
}