{
    "gpsHeading": 283, 
    "gpsLatitude": 49.59397165280322, 
    "gpsLongitude": 11.004668394733931, 
    "outsideTemperature": 14.0, 
    "speed": 8.14625, 
    "yawRate": 0.011983487069247047
}