{
    "gpsHeading": 25, 
    "gpsLatitude": 49.60162550386844, 
    "gpsLongitude": 11.002926467616126, 
    "outsideTemperature": 15.0, 
    "speed": 8.096375, 
    "yawRate": -0.026686395678060002
}