{
    "gpsHeading": 254, 
    "gpsLatitude": 49.596771879015925, 
    "gpsLongitude": 11.005475655828713, 
    "outsideTemperature": 15.0, 
    "speed": 6.9575625, 
    "yawRate": -0.019331788300618057
}