{
    "gpsHeading": 285, 
    "gpsLatitude": 49.60223193456315, 
    "gpsLongitude": 11.002673417959246, 
    "outsideTemperature": 18.0, 
    "speed": 11.180312500000001, 
    "yawRate": -0.0008188381017487166
}