{
    "gpsHeading": 340, 
    "gpsLatitude": 49.599568333372204, 
    "gpsLongitude": 11.003062002990443, 
    "outsideTemperature": 15.0, 
    "speed": 8.3706875, 
    "yawRate": 0.005591583416875747
}