{
    "gpsHeading": 342, 
    "gpsLatitude": 49.600151043280924, 
    "gpsLongitude": 11.002852287773024, 
    "outsideTemperature": 15.0, 
    "speed": 5.502875, 
    "yawRate": 0.006464248042873095
}