{
    "gpsHeading": 0, 
    "gpsLatitude": 49.5950457936951, 
    "gpsLongitude": 11.002971729893254, 
    "outsideTemperature": 15.0, 
    "speed": 5.901875, 
    "yawRate": -0.0012152006659017851
}