{
    "gpsHeading": 13, 
    "gpsLatitude": 49.60097917531461, 
    "gpsLongitude": 11.007500639816787, 
    "outsideTemperature": 16.5, 
    "speed": 2.7680625, 
    "yawRate": -0.08319867321595988
}