{
    "gpsHeading": 266, 
    "gpsLatitude": 49.59642855626187, 
    "gpsLongitude": 11.003329553339812, 
    "outsideTemperature": 14.5, 
    "speed": 7.464625, 
    "yawRate": -0.003100226257070947
}