{
    "gpsHeading": 81, 
    "gpsLatitude": 49.596519416092306, 
    "gpsLongitude": 11.003858702887229, 
    "outsideTemperature": 19.0, 
    "speed": 3.2003125000000003, 
    "yawRate": -0.39599735428983934
}