{
    "gpsHeading": 255, 
    "gpsLatitude": 49.597804697125156, 
    "gpsLongitude": 11.012400365136761, 
    "outsideTemperature": 15.5, 
    "speed": 9.3183125, 
    "yawRate": -0.0006445995966301622
}