{
    "gpsHeading": 157, 
    "gpsLatitude": 49.59715250123909, 
    "gpsLongitude": 11.003340114537808, 
    "outsideTemperature": 17.5, 
    "speed": 4.9875, 
    "yawRate": 0.005849703878999976
}