{
    "gpsHeading": 256, 
    "gpsLatitude": 49.596333840755996, 
    "gpsLongitude": 11.002680961672102, 
    "outsideTemperature": 16.0, 
    "speed": 4.339125, 
    "yawRate": -0.04920043191857183
}