{
    "gpsHeading": 7, 
    "gpsLatitude": 49.597358612238175, 
    "gpsLongitude": 11.002153739962411, 
    "outsideTemperature": 15.0, 
    "speed": 6.899375000000001, 
    "yawRate": -0.00016800311470516562
}