{
    "gpsHeading": 22, 
    "gpsLatitude": 49.60198525515271, 
    "gpsLongitude": 11.003265934694706, 
    "outsideTemperature": 19.0, 
    "speed": 3.9816875, 
    "yawRate": 0.3520867366514992
}