{
    "gpsHeading": 164, 
    "gpsLatitude": 49.599852228432745, 
    "gpsLongitude": 11.01203893747184, 
    "outsideTemperature": 14.5, 
    "speed": 9.625875, 
    "yawRate": -0.008324048305405042
}