{
    "gpsHeading": 3, 
    "gpsLatitude": 49.60134856578754, 
    "gpsLongitude": 11.002749777097172, 
    "outsideTemperature": 16.5, 
    "speed": 7.21525, 
    "yawRate": -0.0697322879771258
}