{
    "gpsHeading": 104, 
    "gpsLatitude": 49.600636355474755, 
    "gpsLongitude": 11.010169270149635, 
    "outsideTemperature": 15.5, 
    "speed": 10.191125000000001, 
    "yawRate": -0.0091967129314014
}