{
    "gpsHeading": 104, 
    "gpsLatitude": 49.601042710140675, 
    "gpsLongitude": 11.008056443816324, 
    "outsideTemperature": 17.0, 
    "speed": 8.7530625, 
    "yawRate": -0.03659838218771278
}