{
    "gpsHeading": 254, 
    "gpsLatitude": 49.59634691652495, 
    "gpsLongitude": 11.002769809845786, 
    "outsideTemperature": 14.5, 
    "speed": 4.3557500000000005, 
    "yawRate": 0.01295680286127689
}