{
    "gpsHeading": 74, 
    "gpsLatitude": 49.59873357963501, 
    "gpsLongitude": 11.002045948687593, 
    "outsideTemperature": 14.5, 
    "speed": 7.281750000000001, 
    "yawRate": -0.008010661571506112
}