{
    "gpsHeading": 2, 
    "gpsLatitude": 49.601447472245, 
    "gpsLongitude": 11.002795626107552, 
    "outsideTemperature": 15.0, 
    "speed": 8.827875, 
    "yawRate": -0.13367507882531052
}