{
    "gpsHeading": 263, 
    "gpsLatitude": 49.5938794518683, 
    "gpsLongitude": 11.006650631015797, 
    "outsideTemperature": 13.5, 
    "speed": 9.783812500000002, 
    "yawRate": 0.0016860444824801217
}