{
    "gpsHeading": 262, 
    "gpsLatitude": 49.59399939690273, 
    "gpsLongitude": 11.009216499215729, 
    "outsideTemperature": 13.5, 
    "speed": 11.172, 
    "yawRate": -0.003200877423103442
}