{
    "gpsHeading": 157, 
    "gpsLatitude": 49.597981387644076, 
    "gpsLongitude": 11.01271787162903, 
    "outsideTemperature": 14.0, 
    "speed": 5.303375000000001, 
    "yawRate": -0.006753251978609617
}