{
    "gpsHeading": 261, 
    "gpsLatitude": 49.59407273855551, 
    "gpsLongitude": 11.010325341186755, 
    "outsideTemperature": 13.5, 
    "speed": 11.7705, 
    "yawRate": -0.0033754103483027136
}