{
    "gpsHeading": 256, 
    "gpsLatitude": 49.59753723059484, 
    "gpsLongitude": 11.010703951753177, 
    "outsideTemperature": 15.0, 
    "speed": 3.0756250000000005, 
    "yawRate": 0.02780426721087784
}