{
    "gpsHeading": 22, 
    "gpsLatitude": 49.595889432249656, 
    "gpsLongitude": 11.002698144573635, 
    "outsideTemperature": 15.5, 
    "speed": 1.6458750000000002, 
    "yawRate": -0.29216158697335187
}