{
    "gpsHeading": 344, 
    "gpsLatitude": 49.598405763401836, 
    "gpsLongitude": 11.001792563754583, 
    "outsideTemperature": 14.5, 
    "speed": 6.8328750000000005, 
    "yawRate": 0.0850040643826166
}