{
    "gpsHeading": 345, 
    "gpsLatitude": 49.600088598102275, 
    "gpsLongitude": 11.002874248359335, 
    "outsideTemperature": 14.0, 
    "speed": 7.090562500000001, 
    "yawRate": -0.012723050551890405
}