{
    "gpsHeading": 252, 
    "gpsLatitude": 49.59688746546071, 
    "gpsLongitude": 11.006286185865733, 
    "outsideTemperature": 15.5, 
    "speed": 7.597625, 
    "yawRate": -0.002925693331871676
}