{
    "gpsHeading": 343, 
    "gpsLatitude": 49.60039328028268, 
    "gpsLongitude": 11.002767630550961, 
    "outsideTemperature": 16.0, 
    "speed": 7.6890625, 
    "yawRate": -0.06368737582033925
}