{
    "gpsHeading": 91, 
    "gpsLatitude": 49.6016024536347, 
    "gpsLongitude": 11.005448414643405, 
    "outsideTemperature": 14.5, 
    "speed": 7.655812500000001, 
    "yawRate": -0.00096631544855043
}