{
    "gpsHeading": 128, 
    "gpsLatitude": 49.50136662632615, 
    "gpsLongitude": 8.466427785858047, 
    "outsideTemperature": 20.0, 
    "speed": 4.206125, 
    "yawRate": -0.029272119512815248
}