{
    "gpsHeading": 324, 
    "gpsLatitude": 49.47575966066943, 
    "gpsLongitude": 8.480767797266939, 
    "outsideTemperature": 16.0, 
    "speed": 9.625875, 
    "yawRate": 0.00975466641464608
}