{
    "gpsHeading": 299, 
    "gpsLatitude": 49.48358416728329, 
    "gpsLongitude": 8.481987531816959, 
    "outsideTemperature": 16.5, 
    "speed": 8.4371875, 
    "yawRate": 0.008636173829378892
}