{
    "gpsHeading": 130, 
    "gpsLatitude": 49.48791777886283, 
    "gpsLongitude": 8.470808084638284, 
    "outsideTemperature": 18.5, 
    "speed": 1.346625, 
    "yawRate": 0.00925946553131229
}