{
    "gpsHeading": 152, 
    "gpsLatitude": 49.475500240766166, 
    "gpsLongitude": 8.481027552446324, 
    "outsideTemperature": 18.5, 
    "speed": 8.3706875, 
    "yawRate": -0.012389812252424255
}