{
    "gpsHeading": 62, 
    "gpsLatitude": 49.4806263612909, 
    "gpsLongitude": 8.476973644975756, 
    "outsideTemperature": 19.0, 
    "speed": 5.6441875, 
    "yawRate": -2.6189434372941942e-05
}