{
    "gpsHeading": 112, 
    "gpsLatitude": 49.49626389131126, 
    "gpsLongitude": 8.474791667941245, 
    "outsideTemperature": 17.5, 
    "speed": 10.265937500000001, 
    "yawRate": 0.007660491539435549
}