{
    "gpsHeading": 227, 
    "gpsLatitude": 49.475731665112825, 
    "gpsLongitude": 8.484520878232585, 
    "outsideTemperature": 15.5, 
    "speed": 4.206125, 
    "yawRate": -0.00647689562890103
}