{
    "gpsHeading": 300, 
    "gpsLatitude": 49.481741405870274, 
    "gpsLongitude": 8.481909747755493, 
    "outsideTemperature": 15.5, 
    "speed": 9.2351875, 
    "yawRate": -0.011835833115092478
}