{
    "gpsHeading": 202, 
    "gpsLatitude": 49.48766414247275, 
    "gpsLongitude": 8.470568613664573, 
    "outsideTemperature": 21.0, 
    "speed": 6.733125, 
    "yawRate": 0.006292405802921703
}