{
    "gpsHeading": 212, 
    "gpsLatitude": 49.48165691628626, 
    "gpsLongitude": 8.473500016661982, 
    "outsideTemperature": 19.0, 
    "speed": 2.9841875, 
    "yawRate": 0.0434823342804254
}