{
    "gpsHeading": 139, 
    "gpsLatitude": 49.480018002758456, 
    "gpsLongitude": 8.473154179336957, 
    "outsideTemperature": 19.0, 
    "speed": 11.305000000000001, 
    "yawRate": 0.003289936144416189
}