{
    "gpsHeading": 220, 
    "gpsLatitude": 49.48600611820572, 
    "gpsLongitude": 8.464699521242412, 
    "outsideTemperature": 25.0, 
    "speed": 4.455500000000001, 
    "yawRate": 0.3690909861267007
}