{
    "gpsHeading": 0, 
    "gpsLatitude": 49.477388599732464, 
    "gpsLongitude": 8.478774245415792, 
    "outsideTemperature": 20.0, 
    "speed": 6.533625000000001, 
    "yawRate": 0.005587079043117551
}