{
    "gpsHeading": 127, 
    "gpsLatitude": 49.483924724009306, 
    "gpsLongitude": 8.473309747459888, 
    "outsideTemperature": 17.0, 
    "speed": 3.8320625, 
    "yawRate": -0.011124105169565164
}