{
    "gpsHeading": 289, 
    "gpsLatitude": 49.48799858040943, 
    "gpsLongitude": 8.467683394953674, 
    "outsideTemperature": 20.5, 
    "speed": 5.7273125, 
    "yawRate": 0.09481979941770768
}