{
    "gpsHeading": 293, 
    "gpsLatitude": 49.49052748441636, 
    "gpsLongitude": 8.461210051131612, 
    "outsideTemperature": 23.0, 
    "speed": 8.844500000000002, 
    "yawRate": 0.005206564372372901
}