{
    "gpsHeading": 238, 
    "gpsLatitude": 49.47519748642349, 
    "gpsLongitude": 8.483418406507969, 
    "outsideTemperature": 15.5, 
    "speed": 5.910187500000001, 
    "yawRate": -0.017821535766863586
}