{
    "gpsHeading": 318, 
    "gpsLatitude": 49.4887152331309, 
    "gpsLongitude": 8.46579528744446, 
    "outsideTemperature": 25.5, 
    "speed": 6.118, 
    "yawRate": -0.003456046714198116
}