{
    "gpsHeading": 291, 
    "gpsLatitude": 49.495398878903615, 
    "gpsLongitude": 8.477732793946299, 
    "outsideTemperature": 17.5, 
    "speed": 9.260125, 
    "yawRate": -0.044237272505837755
}