{
    "gpsHeading": 309, 
    "gpsLatitude": 49.48780529372223, 
    "gpsLongitude": 8.468185554772878, 
    "outsideTemperature": 21.5, 
    "speed": 4.3640625, 
    "yawRate": 0.00894960021958884
}