{
    "gpsHeading": 345, 
    "gpsLatitude": 49.47778196244847, 
    "gpsLongitude": 8.487762830742597, 
    "outsideTemperature": 18.5, 
    "speed": 10.382312500000001, 
    "yawRate": 0.014206867157213986
}