{
    "gpsHeading": 0, 
    "gpsLatitude": 49.481241341526854, 
    "gpsLongitude": 8.470856699676713, 
    "outsideTemperature": 19.5, 
    "speed": 11.180312500000001, 
    "yawRate": -0.006483907666751932
}