{
    "gpsHeading": 188, 
    "gpsLatitude": 49.481631602938684, 
    "gpsLongitude": 8.47866142499907, 
    "outsideTemperature": 17.0, 
    "speed": 7.788812500000001, 
    "yawRate": 0.001195541042022949
}