{
    "gpsHeading": 221, 
    "gpsLatitude": 49.476866910078854, 
    "gpsLongitude": 8.478433940146896, 
    "outsideTemperature": 15.5, 
    "speed": 8.1379375, 
    "yawRate": -0.014505410188074453
}