{
    "gpsHeading": 128, 
    "gpsLatitude": 49.47699414736904, 
    "gpsLongitude": 8.484472011737061, 
    "outsideTemperature": 15.0, 
    "speed": 7.921812500000001, 
    "yawRate": 0.012126832333367294
}