{
    "gpsHeading": 266, 
    "gpsLatitude": 49.49288942091205, 
    "gpsLongitude": 8.460116715681487, 
    "outsideTemperature": 19.5, 
    "speed": 0.0, 
    "yawRate": -6.184950091656137e-05
}