{
    "gpsHeading": 305, 
    "gpsLatitude": 49.480730296890265, 
    "gpsLongitude": 8.472498127775458, 
    "outsideTemperature": 33.0, 
    "speed": 5.735625000000001, 
    "yawRate": 0.025757732082850874
}