{
    "gpsHeading": 306, 
    "gpsLatitude": 49.483988845568575, 
    "gpsLongitude": 8.477961452264918, 
    "outsideTemperature": 20.0, 
    "speed": 3.5660625, 
    "yawRate": 0.03858144503072827
}