{
    "gpsHeading": 353, 
    "gpsLatitude": 49.48048328220371, 
    "gpsLongitude": 8.472891155215336, 
    "outsideTemperature": 36.5, 
    "speed": 5.7771875, 
    "yawRate": 0.03238998324042913
}