{
    "gpsHeading": 192, 
    "gpsLatitude": 49.47498751974895, 
    "gpsLongitude": 8.482908619156875, 
    "outsideTemperature": 15.5, 
    "speed": 6.5086875, 
    "yawRate": -0.007349560254898378
}