{
    "gpsHeading": 171, 
    "gpsLatitude": 49.501571647677814, 
    "gpsLongitude": 8.470724181787503, 
    "outsideTemperature": 18.5, 
    "speed": 8.6200625, 
    "yawRate": -0.0032908488766249283
}