{
    "gpsHeading": 113, 
    "gpsLatitude": 49.48039636186778, 
    "gpsLongitude": 8.479057805200217, 
    "outsideTemperature": 16.5, 
    "speed": 10.390625, 
    "yawRate": -0.02749214168690399
}