{
    "gpsHeading": 32, 
    "gpsLatitude": 49.48410275563273, 
    "gpsLongitude": 8.477809236903255, 
    "outsideTemperature": 25.0, 
    "speed": 0.0, 
    "yawRate": 0.00012720859157983435
}