{
    "gpsHeading": 237, 
    "gpsLatitude": 49.47473053059762, 
    "gpsLongitude": 8.482162294498183, 
    "outsideTemperature": 15.5, 
    "speed": 6.1761875, 
    "yawRate": 0.002947882331868547
}