{
    "gpsHeading": 131, 
    "gpsLatitude": 49.48015052064766, 
    "gpsLongitude": 8.4797908864519, 
    "outsideTemperature": 15.5, 
    "speed": 9.6341875, 
    "yawRate": -0.013878573521347935
}