{
    "gpsHeading": 140, 
    "gpsLatitude": 49.480127218956824, 
    "gpsLongitude": 8.47302006888618, 
    "outsideTemperature": 23.0, 
    "speed": 11.4629375, 
    "yawRate": 0.008280239217061102
}