{
    "gpsHeading": 290, 
    "gpsLatitude": 49.490836609005456, 
    "gpsLongitude": 8.465672241105867, 
    "outsideTemperature": 32.0, 
    "speed": 0.7564375000000001, 
    "yawRate": 0.1613146688081717
}