{
    "gpsHeading": 343, 
    "gpsLatitude": 49.478364169443, 
    "gpsLongitude": 8.487639197670784, 
    "outsideTemperature": 18.0, 
    "speed": 8.8195625, 
    "yawRate": -0.10534818660439597
}