{
    "gpsHeading": 296, 
    "gpsLatitude": 49.48165389880112, 
    "gpsLongitude": 8.470275582329563, 
    "outsideTemperature": 19.0, 
    "speed": 9.958375, 
    "yawRate": 0.007789272516385094
}