{
    "gpsHeading": 175, 
    "gpsLatitude": 49.5001291221414, 
    "gpsLongitude": 8.471264479266173, 
    "outsideTemperature": 17.0, 
    "speed": 7.015750000000001, 
    "yawRate": 0.13773175468451423
}