{
    "gpsHeading": 19, 
    "gpsLatitude": 49.48995106093503, 
    "gpsLongitude": 8.465897546663218, 
    "outsideTemperature": 21.5, 
    "speed": 1.995, 
    "yawRate": 0.006492330022169275
}