{
    "gpsHeading": 32, 
    "gpsLatitude": 49.4956749787942, 
    "gpsLongitude": 8.473707804041672, 
    "outsideTemperature": 18.0, 
    "speed": 10.2326875, 
    "yawRate": 0.01638713779940705
}