{
    "gpsHeading": 162, 
    "gpsLatitude": 49.495907492788284, 
    "gpsLongitude": 8.471695895822576, 
    "outsideTemperature": 21.0, 
    "speed": 6.666625, 
    "yawRate": 0.1614555002345415
}