{
    "gpsHeading": 207, 
    "gpsLatitude": 49.482707504030216, 
    "gpsLongitude": 8.472629472198221, 
    "outsideTemperature": 18.0, 
    "speed": 11.180312500000001, 
    "yawRate": -0.0033608680481032266
}