{
    "gpsHeading": 231, 
    "gpsLatitude": 49.47507552973229, 
    "gpsLongitude": 8.483133337981005, 
    "outsideTemperature": 15.5, 
    "speed": 4.3141875, 
    "yawRate": -0.00647689562890103
}