{
    "gpsHeading": 292, 
    "gpsLatitude": 49.49547029271867, 
    "gpsLongitude": 8.477498938847713, 
    "outsideTemperature": 17.5, 
    "speed": 9.534437500000001, 
    "yawRate": -0.02311878855670708
}