{
    "gpsHeading": 0, 
    "gpsLatitude": 49.48201608083731, 
    "gpsLongitude": 8.468865075663295, 
    "outsideTemperature": 21.0, 
    "speed": 11.837, 
    "yawRate": 0.02056869573915992
}