{
    "gpsHeading": 337, 
    "gpsLatitude": 49.49330105617698, 
    "gpsLongitude": 8.464687535120877, 
    "outsideTemperature": 18.0, 
    "speed": 0.881125, 
    "yawRate": -0.10193391849109444
}