{
    "gpsHeading": 328, 
    "gpsLatitude": 49.48513917796032, 
    "gpsLongitude": 8.475010016518931, 
    "outsideTemperature": 20.0, 
    "speed": 5.1537500000000005, 
    "yawRate": 0.18972766517394907
}