{
    "gpsHeading": 27, 
    "gpsLatitude": 49.47454855947967, 
    "gpsLongitude": 8.486945008449819, 
    "outsideTemperature": 21.0, 
    "speed": 11.0473125, 
    "yawRate": 0.003734891645247789
}