{
    "gpsHeading": 56, 
    "gpsLatitude": 49.48539834640649, 
    "gpsLongitude": 8.47443694579886, 
    "outsideTemperature": 24.0, 
    "speed": 0.0, 
    "yawRate": -0.00039854934699997064
}