{
    "gpsHeading": 48, 
    "gpsLatitude": 49.502586109419084, 
    "gpsLongitude": 8.469476954595049, 
    "outsideTemperature": 17.0, 
    "speed": 7.015750000000001, 
    "yawRate": 0.013313914235845634
}