{
    "gpsHeading": 204, 
    "gpsLatitude": 49.482889726605244, 
    "gpsLongitude": 8.479819720198808, 
    "outsideTemperature": 17.0, 
    "speed": 3.4746250000000005, 
    "yawRate": 0.011079634782170675
}