{
    "gpsHeading": 303, 
    "gpsLatitude": 49.48548417709501, 
    "gpsLongitude": 8.474222536715665, 
    "outsideTemperature": 28.5, 
    "speed": 1.7206875000000001, 
    "yawRate": -0.0013870429058531774
}