{
    "gpsHeading": 165, 
    "gpsLatitude": 49.501419935230345, 
    "gpsLongitude": 8.47077807742493, 
    "outsideTemperature": 18.0, 
    "speed": 8.886062500000001, 
    "yawRate": -0.01620628534138291
}