{
    "gpsHeading": 195, 
    "gpsLatitude": 49.4847143831074, 
    "gpsLongitude": 8.474632830876079, 
    "outsideTemperature": 19.0, 
    "speed": 8.1046875, 
    "yawRate": -0.005280730225297195
}