{
    "gpsHeading": 120, 
    "gpsLatitude": 49.492346944138575, 
    "gpsLongitude": 8.472735587092405, 
    "outsideTemperature": 18.5, 
    "speed": 11.354875, 
    "yawRate": -0.004249948545671946
}