{
    "gpsHeading": 306, 
    "gpsLatitude": 49.48007608934746, 
    "gpsLongitude": 8.486197510324683, 
    "outsideTemperature": 19.5, 
    "speed": 6.949250000000001, 
    "yawRate": -0.08025522180456038
}