{
    "gpsHeading": 310, 
    "gpsLatitude": 49.48371165603057, 
    "gpsLongitude": 8.481686956769128, 
    "outsideTemperature": 16.5, 
    "speed": 8.827875, 
    "yawRate": 0.0013057909710025557
}