{
    "gpsHeading": 206, 
    "gpsLatitude": 49.484842458587934, 
    "gpsLongitude": 8.463309214962754, 
    "outsideTemperature": 21.5, 
    "speed": 3.458, 
    "yawRate": -0.0028386774732837177
}