{
    "gpsHeading": 206, 
    "gpsLatitude": 49.49647000231035, 
    "gpsLongitude": 8.471842243852018, 
    "outsideTemperature": 22.5, 
    "speed": 9.0190625, 
    "yawRate": 0.02671608198058205
}