{
    "gpsHeading": 115, 
    "gpsLatitude": 49.49546886779514, 
    "gpsLongitude": 8.47703089337445, 
    "outsideTemperature": 16.5, 
    "speed": 10.93925, 
    "yawRate": -0.017821315539680874
}