{
    "gpsHeading": 28, 
    "gpsLatitude": 49.47547333485697, 
    "gpsLongitude": 8.487627546825374, 
    "outsideTemperature": 20.5, 
    "speed": 7.4479999999999995, 
    "yawRate": -0.026110238563854384
}