{
    "gpsHeading": 314, 
    "gpsLatitude": 49.49819080703218, 
    "gpsLongitude": 8.469509727836481, 
    "outsideTemperature": 18.0, 
    "speed": 8.428875, 
    "yawRate": 0.007870260936527455
}