{
    "gpsHeading": 318, 
    "gpsLatitude": 49.48146999984547, 
    "gpsLongitude": 8.47071864973141, 
    "outsideTemperature": 19.5, 
    "speed": 9.368187500000001, 
    "yawRate": -0.0009373737435864054
}