{
    "gpsHeading": 209, 
    "gpsLatitude": 49.485580820438614, 
    "gpsLongitude": 8.484301942921643, 
    "outsideTemperature": 17.0, 
    "speed": 8.3374375, 
    "yawRate": -0.007647042910305999
}