{
    "gpsHeading": 222, 
    "gpsLatitude": 49.47991054675976, 
    "gpsLongitude": 8.473772512334186, 
    "outsideTemperature": 30.0, 
    "speed": 4.3308124999999995, 
    "yawRate": -0.19126984660782045
}