{
    "gpsHeading": 295, 
    "gpsLatitude": 49.47982220150028, 
    "gpsLongitude": 8.48685532208585, 
    "outsideTemperature": 20.0, 
    "speed": 11.1470625, 
    "yawRate": -0.00101727376401979
}