{
    "gpsHeading": 26, 
    "gpsLatitude": 49.47526328436341, 
    "gpsLongitude": 8.48745948966672, 
    "outsideTemperature": 20.5, 
    "speed": 9.002437500000001, 
    "yawRate": -0.039200207953811635
}