{
    "gpsHeading": 211, 
    "gpsLatitude": 49.48020693085603, 
    "gpsLongitude": 8.470196960077782, 
    "outsideTemperature": 27.5, 
    "speed": 2.2277500000000003, 
    "yawRate": -0.00619742230991413
}