{
    "gpsHeading": 304, 
    "gpsLatitude": 49.492910543308064, 
    "gpsLongitude": 8.465654220014049, 
    "outsideTemperature": 18.5, 
    "speed": 5.270125000000001, 
    "yawRate": 0.013257812140529755
}