{
    "gpsHeading": 209, 
    "gpsLatitude": 49.49479135856149, 
    "gpsLongitude": 8.472614217134415, 
    "outsideTemperature": 18.5, 
    "speed": 9.8170625, 
    "yawRate": 0.003080310625167684
}