{
    "gpsHeading": 314, 
    "gpsLatitude": 49.481316359560275, 
    "gpsLongitude": 8.471087788747218, 
    "outsideTemperature": 26.0, 
    "speed": 8.428875, 
    "yawRate": 0.040243964874403286
}