{
    "gpsHeading": 285, 
    "gpsLatitude": 49.47961994617667, 
    "gpsLongitude": 8.487388075851664, 
    "outsideTemperature": 20.5, 
    "speed": 11.105500000000001, 
    "yawRate": -0.009045788323193214
}