{
    "gpsHeading": 193, 
    "gpsLatitude": 49.48450751773705, 
    "gpsLongitude": 8.463056668220096, 
    "outsideTemperature": 32.5, 
    "speed": 6.0764375, 
    "yawRate": 0.14937399453633918
}