{
    "gpsHeading": 99, 
    "gpsLatitude": 49.49356022462315, 
    "gpsLongitude": 8.469381149441764, 
    "outsideTemperature": 19.5, 
    "speed": 9.01075, 
    "yawRate": -0.017565784107740262
}