{
    "gpsHeading": 26, 
    "gpsLatitude": 49.48171466759915, 
    "gpsLongitude": 8.487042825259865, 
    "outsideTemperature": 17.5, 
    "speed": 8.470437500000001, 
    "yawRate": -0.006078728594802625
}