{
    "gpsHeading": 209, 
    "gpsLatitude": 49.4844521971761, 
    "gpsLongitude": 8.474413644108044, 
    "outsideTemperature": 24.0, 
    "speed": 10.93925, 
    "yawRate": 0.004540185471907715
}