{
    "gpsHeading": 212, 
    "gpsLatitude": 49.48366077787831, 
    "gpsLongitude": 8.473591127949488, 
    "outsideTemperature": 21.5, 
    "speed": 8.8694375, 
    "yawRate": -0.0027901973864686235
}