{
    "gpsHeading": 337, 
    "gpsLatitude": 49.47479691527075, 
    "gpsLongitude": 8.481610849088296, 
    "outsideTemperature": 16.0, 
    "speed": 9.027375000000001, 
    "yawRate": 0.014117989544631828
}