{
    "gpsHeading": 147, 
    "gpsLatitude": 49.484776660647995, 
    "gpsLongitude": 8.475038095894586, 
    "outsideTemperature": 19.5, 
    "speed": 0.0, 
    "yawRate": -4.5733040968992146e-05
}