{
    "gpsHeading": 183, 
    "gpsLatitude": 49.490287761985556, 
    "gpsLongitude": 8.466205581604903, 
    "outsideTemperature": 33.0, 
    "speed": 0.0, 
    "yawRate": 1.960894360265907e-05
}