{
    "gpsHeading": 34, 
    "gpsLatitude": 49.49505966328211, 
    "gpsLongitude": 8.473025349485178, 
    "outsideTemperature": 18.0, 
    "speed": 7.4729375000000005, 
    "yawRate": 0.04186894487852447
}