{
    "gpsHeading": 65, 
    "gpsLatitude": 49.4935189018405, 
    "gpsLongitude": 8.461700895381536, 
    "outsideTemperature": 19.5, 
    "speed": 10.0830625, 
    "yawRate": -0.02758289235613742
}