{
    "gpsHeading": 115, 
    "gpsLatitude": 49.480882763709026, 
    "gpsLongitude": 8.471751467840638, 
    "outsideTemperature": 27.0, 
    "speed": 10.166187500000001, 
    "yawRate": 0.005487712413870777
}