{
    "gpsHeading": 163, 
    "gpsLatitude": 49.49941112831542, 
    "gpsLongitude": 8.471527838663922, 
    "outsideTemperature": 17.0, 
    "speed": 7.938437500000001, 
    "yawRate": 0.001596073028959628
}