{
    "gpsHeading": 309, 
    "gpsLatitude": 49.48413888163542, 
    "gpsLongitude": 8.488271947541469, 
    "outsideTemperature": 17.0, 
    "speed": 6.068125, 
    "yawRate": -0.01515444070517366
}