{
    "gpsHeading": 29, 
    "gpsLatitude": 49.49456663973737, 
    "gpsLongitude": 8.472542551862299, 
    "outsideTemperature": 18.0, 
    "speed": 9.94175, 
    "yawRate": 0.001028240381857289
}