{
    "gpsHeading": 61, 
    "gpsLatitude": 49.50203248471437, 
    "gpsLongitude": 8.46847866992692, 
    "outsideTemperature": 18.0, 
    "speed": 4.123, 
    "yawRate": 0.08557054526840942
}