{
    "gpsHeading": 104, 
    "gpsLatitude": 49.496012182758925, 
    "gpsLongitude": 8.475245883274276, 
    "outsideTemperature": 17.5, 
    "speed": 11.7954375, 
    "yawRate": -0.023231836220863243
}