{
    "gpsHeading": 28, 
    "gpsLatitude": 49.48151140644716, 
    "gpsLongitude": 8.486865296550626, 
    "outsideTemperature": 17.5, 
    "speed": 8.545250000000001, 
    "yawRate": -0.016725237031968095
}