{
    "gpsHeading": 65, 
    "gpsLatitude": 49.48289693504198, 
    "gpsLongitude": 8.477817786444492, 
    "outsideTemperature": 18.0, 
    "speed": 7.896875, 
    "yawRate": -0.28643471968663703
}