{
    "gpsHeading": 117, 
    "gpsLatitude": 49.495281616078195, 
    "gpsLongitude": 8.477563395683136, 
    "outsideTemperature": 16.5, 
    "speed": 9.87525, 
    "yawRate": 0.0034717013346500635
}