{
    "gpsHeading": 286, 
    "gpsLatitude": 49.48188440113844, 
    "gpsLongitude": 8.477766740654177, 
    "outsideTemperature": 18.0, 
    "speed": 6.6250625, 
    "yawRate": 0.0614094002358261
}