{
    "gpsHeading": 42, 
    "gpsLatitude": 49.50140442870948, 
    "gpsLongitude": 8.464850311680534, 
    "outsideTemperature": 17.5, 
    "speed": 7.148750000000001, 
    "yawRate": -0.008153635563684572
}