{
    "gpsHeading": 321, 
    "gpsLatitude": 49.48311972602838, 
    "gpsLongitude": 8.472146423118247, 
    "outsideTemperature": 19.5, 
    "speed": 4.455500000000001, 
    "yawRate": -0.01413483752443217
}