{
    "gpsHeading": 289, 
    "gpsLatitude": 49.48851331308341, 
    "gpsLongitude": 8.47140001464049, 
    "outsideTemperature": 19.5, 
    "speed": 3.408125, 
    "yawRate": 0.2796109666652295
}