{
    "gpsHeading": 25, 
    "gpsLatitude": 49.480578332985694, 
    "gpsLongitude": 8.486207568608489, 
    "outsideTemperature": 18.5, 
    "speed": 5.985, 
    "yawRate": -0.0032862017916123008
}