{
    "gpsHeading": 319, 
    "gpsLatitude": 49.47899549439014, 
    "gpsLongitude": 8.47472419362068, 
    "outsideTemperature": 18.5, 
    "speed": 7.94675, 
    "yawRate": -0.0024198250470246077
}