{
    "gpsHeading": 324, 
    "gpsLatitude": 49.50044579044335, 
    "gpsLongitude": 8.464885012759666, 
    "outsideTemperature": 17.5, 
    "speed": 6.691562500000001, 
    "yawRate": -0.038871430398784095
}