{
    "gpsHeading": 132, 
    "gpsLatitude": 49.48357251643788, 
    "gpsLongitude": 8.464872775181034, 
    "outsideTemperature": 24.0, 
    "speed": 5.220250000000001, 
    "yawRate": -0.0084037698439459
}