{
    "gpsHeading": 33, 
    "gpsLatitude": 49.47900555267395, 
    "gpsLongitude": 8.488277814873687, 
    "outsideTemperature": 23.5, 
    "speed": 5.0456875000000005, 
    "yawRate": 0.04244142461063844
}