{
    "gpsHeading": 296, 
    "gpsLatitude": 49.49755193837218, 
    "gpsLongitude": 8.471470590265229, 
    "outsideTemperature": 19.5, 
    "speed": 8.8694375, 
    "yawRate": 0.002459740255345085
}