{
    "gpsHeading": 208, 
    "gpsLatitude": 49.484055565517856, 
    "gpsLongitude": 8.474011983307896, 
    "outsideTemperature": 19.0, 
    "speed": 9.426375, 
    "yawRate": -0.006327927776493814
}