{
    "gpsHeading": 214, 
    "gpsLatitude": 49.48998609729029, 
    "gpsLongitude": 8.464811419649786, 
    "outsideTemperature": 27.0, 
    "speed": 5.7688749999999995, 
    "yawRate": 0.0010934434750948293
}