{
    "gpsHeading": 302, 
    "gpsLatitude": 49.481455499152965, 
    "gpsLongitude": 8.476444998342494, 
    "outsideTemperature": 17.0, 
    "speed": 5.6608125000000005, 
    "yawRate": 0.0020682056680202975
}