{
    "gpsHeading": 78, 
    "gpsLatitude": 49.48098024524295, 
    "gpsLongitude": 8.471503614963755, 
    "outsideTemperature": 28.0, 
    "speed": 10.556875, 
    "yawRate": 0.01124729894545169
}