{
    "gpsHeading": 30, 
    "gpsLatitude": 49.495986366497156, 
    "gpsLongitude": 8.473997566434441, 
    "outsideTemperature": 18.0, 
    "speed": 9.526125, 
    "yawRate": 0.018306999976601016
}