{
    "gpsHeading": 297, 
    "gpsLatitude": 49.48031354866441, 
    "gpsLongitude": 8.485959212817418, 
    "outsideTemperature": 19.5, 
    "speed": 4.6217500000000005, 
    "yawRate": -0.07868442547776594
}