{
    "gpsHeading": 96, 
    "gpsLatitude": 49.484668617916064, 
    "gpsLongitude": 8.471365900294582, 
    "outsideTemperature": 17.5, 
    "speed": 4.8295625, 
    "yawRate": -0.0013502613583970449
}