{
    "gpsHeading": 312, 
    "gpsLatitude": 49.49952772058859, 
    "gpsLongitude": 8.466340278788904, 
    "outsideTemperature": 19.0, 
    "speed": 9.260125, 
    "yawRate": -0.003092180732900745
}