{
    "gpsHeading": 31, 
    "gpsLatitude": 49.47915525346466, 
    "gpsLongitude": 8.488437573948202, 
    "outsideTemperature": 23.0, 
    "speed": 5.3449375, 
    "yawRate": 0.5258976274130593
}