{
    "gpsHeading": 203, 
    "gpsLatitude": 49.480699702943674, 
    "gpsLongitude": 8.470725355253949, 
    "outsideTemperature": 29.0, 
    "speed": 5.311687500000001, 
    "yawRate": 0.001831092249260285
}