{
    "gpsHeading": 35, 
    "gpsLatitude": 49.474449150108015, 
    "gpsLongitude": 8.48688222799503, 
    "outsideTemperature": 21.0, 
    "speed": 11.820375000000002, 
    "yawRate": 0.025027908519578725
}