{
    "gpsHeading": 120, 
    "gpsLatitude": 49.48312056421869, 
    "gpsLongitude": 8.475420310679342, 
    "outsideTemperature": 16.5, 
    "speed": 7.9550625, 
    "yawRate": 0.013129409100009436
}