{
    "gpsHeading": 90, 
    "gpsLatitude": 49.49385694399553, 
    "gpsLongitude": 8.465662015183998, 
    "outsideTemperature": 25.5, 
    "speed": 6.633375, 
    "yawRate": 0.002896439098547824
}