{
    "gpsHeading": 319, 
    "gpsLatitude": 49.479438310334885, 
    "gpsLongitude": 8.474180627199775, 
    "outsideTemperature": 18.0, 
    "speed": 10.3158125, 
    "yawRate": -0.0001508970194320971
}