{
    "gpsHeading": 25, 
    "gpsLatitude": 49.484700804424264, 
    "gpsLongitude": 8.469003628522753, 
    "outsideTemperature": 19.5, 
    "speed": 4.6965625, 
    "yawRate": -0.07120710406464546
}