{
    "gpsHeading": 209, 
    "gpsLatitude": 49.484053050946905, 
    "gpsLongitude": 8.482940302750865, 
    "outsideTemperature": 16.0, 
    "speed": 6.101375000000001, 
    "yawRate": -0.005552647807912759
}