{
    "gpsHeading": 299, 
    "gpsLatitude": 49.47997609324258, 
    "gpsLongitude": 8.486448380686706, 
    "outsideTemperature": 19.5, 
    "speed": 10.498687499999999, 
    "yawRate": -0.007998590771996593
}