{
    "gpsHeading": 210, 
    "gpsLatitude": 49.48114168069809, 
    "gpsLongitude": 8.478194469173188, 
    "outsideTemperature": 16.5, 
    "speed": 6.7081875, 
    "yawRate": -0.001422452835968104
}