{
    "gpsHeading": 0, 
    "gpsLatitude": 49.4760971999103, 
    "gpsLongitude": 8.480367226114208, 
    "outsideTemperature": 18.5, 
    "speed": 9.1853125, 
    "yawRate": -0.00872462082323559
}