{
    "gpsHeading": 44, 
    "gpsLatitude": 49.502658026148325, 
    "gpsLongitude": 8.469700583771765, 
    "outsideTemperature": 17.0, 
    "speed": 6.384, 
    "yawRate": -0.01094616236687589
}