{
    "gpsHeading": 20, 
    "gpsLatitude": 49.50168882668421, 
    "gpsLongitude": 8.465252223937776, 
    "outsideTemperature": 17.0, 
    "speed": 4.95425, 
    "yawRate": 0.00737979477906446
}