{
    "gpsHeading": 136, 
    "gpsLatitude": 49.479701082999405, 
    "gpsLongitude": 8.473544189291696, 
    "outsideTemperature": 19.0, 
    "speed": 10.789625000000001, 
    "yawRate": -2.6189434372941942e-05
}