{
    "gpsHeading": 69, 
    "gpsLatitude": 49.47985690257943, 
    "gpsLongitude": 8.475486695352494, 
    "outsideTemperature": 21.0, 
    "speed": 2.1861875000000004, 
    "yawRate": -0.008927368619543713
}