{
    "gpsHeading": 310, 
    "gpsLatitude": 49.49915053494571, 
    "gpsLongitude": 8.466952241539722, 
    "outsideTemperature": 20.0, 
    "speed": 8.3125, 
    "yawRate": -0.0023940490321036597
}