{
    "gpsHeading": 312, 
    "gpsLatitude": 49.47696414015568, 
    "gpsLongitude": 8.477222252223921, 
    "outsideTemperature": 22.0, 
    "speed": 14.1229375, 
    "yawRate": -0.01894627691841265
}