{
    "gpsHeading": 121, 
    "gpsLatitude": 49.48386445812546, 
    "gpsLongitude": 8.464153943164746, 
    "outsideTemperature": 27.0, 
    "speed": 7.1570625, 
    "yawRate": -0.0022951174619654526
}