{
    "gpsHeading": 51, 
    "gpsLatitude": 49.479611648092536, 
    "gpsLongitude": 8.475011944356659, 
    "outsideTemperature": 18.5, 
    "speed": 5.536125, 
    "yawRate": -0.0036913808635606147
}