{
    "gpsHeading": 120, 
    "gpsLatitude": 49.48115140370579, 
    "gpsLongitude": 8.471070857302811, 
    "outsideTemperature": 25.5, 
    "speed": 2.8428750000000003, 
    "yawRate": -0.40029276741022685
}