{
    "gpsHeading": 355, 
    "gpsLatitude": 49.47657278909643, 
    "gpsLongitude": 8.48831947293245, 
    "outsideTemperature": 19.0, 
    "speed": 9.3515625, 
    "yawRate": 0.015079531783211336
}