{
    "gpsHeading": 206, 
    "gpsLatitude": 49.483318628590716, 
    "gpsLongitude": 8.473253085794415, 
    "outsideTemperature": 18.5, 
    "speed": 10.340750000000002, 
    "yawRate": -0.01906883131605153
}