{
    "gpsHeading": 235, 
    "gpsLatitude": 49.48293834164366, 
    "gpsLongitude": 8.472601392822563, 
    "outsideTemperature": 20.0, 
    "speed": 5.203625000000001, 
    "yawRate": -0.10035410257295055
}