{
    "gpsHeading": 130, 
    "gpsLatitude": 49.48006468995915, 
    "gpsLongitude": 8.480023065169851, 
    "outsideTemperature": 15.5, 
    "speed": 9.293375000000001, 
    "yawRate": -0.025048680734111217
}