{
    "gpsHeading": 318, 
    "gpsLatitude": 49.484791664254686, 
    "gpsLongitude": 8.467823959469927, 
    "outsideTemperature": 26.0, 
    "speed": 3.4912500000000004, 
    "yawRate": 0.01985060280264139
}