{
    "gpsHeading": 144, 
    "gpsLatitude": 49.479357508788276, 
    "gpsLongitude": 8.481393338700897, 
    "outsideTemperature": 15.5, 
    "speed": 3.5743750000000003, 
    "yawRate": 0.003923784848993609
}