{
    "gpsHeading": 321, 
    "gpsLatitude": 49.48085082865792, 
    "gpsLongitude": 8.472201743679179, 
    "outsideTemperature": 31.5, 
    "speed": 5.3283125, 
    "yawRate": 0.02645586378364796
}