{
    "gpsHeading": 287, 
    "gpsLatitude": 49.48190334423961, 
    "gpsLongitude": 8.47751084115025, 
    "outsideTemperature": 18.0, 
    "speed": 5.004125, 
    "yawRate": 0.038371054109501465
}