{
    "gpsHeading": 35, 
    "gpsLatitude": 49.48410275563273, 
    "gpsLongitude": 8.477809236903255, 
    "outsideTemperature": 22.5, 
    "speed": 0.0, 
    "yawRate": 0.00044777885268430274
}