{
    "gpsHeading": 289, 
    "gpsLatitude": 49.49645525016075, 
    "gpsLongitude": 8.474965843889215, 
    "outsideTemperature": 26.0, 
    "speed": 8.204437500000001, 
    "yawRate": 0.03928618747242406
}