{
    "gpsHeading": 120, 
    "gpsLatitude": 49.48430107146185, 
    "gpsLongitude": 8.472327220769722, 
    "outsideTemperature": 17.0, 
    "speed": 4.6217500000000005, 
    "yawRate": 0.006154654425178565
}