{
    "gpsHeading": 295, 
    "gpsLatitude": 49.4813871866421, 
    "gpsLongitude": 8.470917552293738, 
    "outsideTemperature": 19.5, 
    "speed": 8.47875, 
    "yawRate": 0.042870390481471364
}