{
    "gpsHeading": 305, 
    "gpsLatitude": 49.48321662082906, 
    "gpsLongitude": 8.471894211651682, 
    "outsideTemperature": 19.5, 
    "speed": 4.4638125, 
    "yawRate": 0.035083447381807964
}