{
    "gpsHeading": 299, 
    "gpsLatitude": 49.496175546051816, 
    "gpsLongitude": 8.475860863510237, 
    "outsideTemperature": 18.0, 
    "speed": 9.659125, 
    "yawRate": 0.004806479475202116
}