{
    "gpsHeading": 0, 
    "gpsLatitude": 49.48120890356156, 
    "gpsLongitude": 8.47825750108507, 
    "outsideTemperature": 15.5, 
    "speed": 6.65, 
    "yawRate": -0.008642585765364835
}