{
    "gpsHeading": 141, 
    "gpsLatitude": 49.47864412500905, 
    "gpsLongitude": 8.482280060237779, 
    "outsideTemperature": 15.5, 
    "speed": 6.9908125000000005, 
    "yawRate": 0.023471472471329847
}