{
    "gpsHeading": 58, 
    "gpsLatitude": 49.473879180692116, 
    "gpsLongitude": 8.483959458357923, 
    "outsideTemperature": 35.0, 
    "speed": 9.085562500000002, 
    "yawRate": -0.009205674080134717
}