{
    "gpsHeading": 297, 
    "gpsLatitude": 49.49829247951769, 
    "gpsLongitude": 8.46918476145039, 
    "outsideTemperature": 18.0, 
    "speed": 7.98, 
    "yawRate": -0.0012054511738435797
}