{
    "gpsHeading": 148, 
    "gpsLatitude": 49.49085496537342, 
    "gpsLongitude": 8.474805330443415, 
    "outsideTemperature": 18.0, 
    "speed": 11.886875000000002, 
    "yawRate": -0.007740607049660347
}