{
    "gpsHeading": 50, 
    "gpsLatitude": 49.480164183149824, 
    "gpsLongitude": 8.476066136319007, 
    "outsideTemperature": 21.0, 
    "speed": 5.453, 
    "yawRate": -2.6189434372941942e-05
}