{
    "gpsHeading": 140, 
    "gpsLatitude": 49.49290249668101, 
    "gpsLongitude": 8.470735832632911, 
    "outsideTemperature": 20.5, 
    "speed": 6.5253125, 
    "yawRate": 0.18372201189411486
}