{
    "gpsHeading": 143, 
    "gpsLatitude": 49.47673967278866, 
    "gpsLongitude": 8.479590894242127, 
    "outsideTemperature": 19.5, 
    "speed": 11.00575, 
    "yawRate": -0.005583028169645731
}