{
    "gpsHeading": 92, 
    "gpsLatitude": 49.502758273710285, 
    "gpsLongitude": 8.47025194536262, 
    "outsideTemperature": 20.5, 
    "speed": 4.821250000000001, 
    "yawRate": -0.42426426445765014
}