{
    "gpsHeading": 320, 
    "gpsLatitude": 49.47910663842625, 
    "gpsLongitude": 8.474588658246331, 
    "outsideTemperature": 18.5, 
    "speed": 9.060625, 
    "yawRate": 0.0017689651577618712
}