{
    "gpsHeading": 179, 
    "gpsLatitude": 49.48579246349378, 
    "gpsLongitude": 8.484495313427912, 
    "outsideTemperature": 17.0, 
    "speed": 6.1263125, 
    "yawRate": -0.012533964815889562
}