{
    "gpsHeading": 323, 
    "gpsLatitude": 49.47634052655947, 
    "gpsLongitude": 8.480078385730815, 
    "outsideTemperature": 16.0, 
    "speed": 10.748062500000001, 
    "yawRate": 0.0008534872294753081
}