{
    "gpsHeading": 140, 
    "gpsLatitude": 49.479218285376525, 
    "gpsLongitude": 8.474126396286222, 
    "outsideTemperature": 18.5, 
    "speed": 4.1396250000000006, 
    "yawRate": 0.33612422449972906
}