{
    "gpsHeading": 90, 
    "gpsLatitude": 49.4975902436697, 
    "gpsLongitude": 8.472191685395373, 
    "outsideTemperature": 25.0, 
    "speed": 0.0, 
    "yawRate": -0.0012153456565470347
}