{
    "gpsHeading": 269, 
    "gpsLatitude": 49.48173612527127, 
    "gpsLongitude": 8.47847501147247, 
    "outsideTemperature": 18.5, 
    "speed": 6.1263125, 
    "yawRate": 0.04552690404267853
}