{
    "gpsHeading": 322, 
    "gpsLatitude": 49.487628351746196, 
    "gpsLongitude": 8.468640356839167, 
    "outsideTemperature": 21.5, 
    "speed": 2.3191875, 
    "yawRate": 0.0010956185856136956
}