{
    "gpsHeading": 29, 
    "gpsLatitude": 49.48949466630715, 
    "gpsLongitude": 8.465457580565545, 
    "outsideTemperature": 23.0, 
    "speed": 4.0481875, 
    "yawRate": -0.00834296861978168
}