{
    "gpsHeading": 38, 
    "gpsLatitude": 49.49346693404082, 
    "gpsLongitude": 8.464730869560276, 
    "outsideTemperature": 17.5, 
    "speed": 5.103875, 
    "yawRate": -0.013969324190581365
}