{
    "gpsHeading": 210, 
    "gpsLatitude": 49.4882405659541, 
    "gpsLongitude": 8.471133889214695, 
    "outsideTemperature": 19.0, 
    "speed": 5.070625000000001, 
    "yawRate": -0.002434240457049797
}