{
    "gpsHeading": 118, 
    "gpsLatitude": 49.484868274849696, 
    "gpsLongitude": 8.484491457752451, 
    "outsideTemperature": 16.5, 
    "speed": 9.052312500000001, 
    "yawRate": 0.0068391898812474065
}