{
    "gpsHeading": 240, 
    "gpsLatitude": 49.49341605588854, 
    "gpsLongitude": 8.471172529788314, 
    "outsideTemperature": 21.0, 
    "speed": 5.6857500000000005, 
    "yawRate": -0.1377677600107722
}