{
    "gpsHeading": 303, 
    "gpsLatitude": 49.484030252170264, 
    "gpsLongitude": 8.48094976838486, 
    "outsideTemperature": 16.0, 
    "speed": 1.379875, 
    "yawRate": 0.005843647026187578
}