{
    "gpsHeading": 65, 
    "gpsLatitude": 49.484276093390406, 
    "gpsLongitude": 8.469195322648385, 
    "outsideTemperature": 24.0, 
    "speed": 0.581875, 
    "yawRate": -0.0014226028106999566
}