{
    "gpsHeading": 19, 
    "gpsLatitude": 49.480632480080224, 
    "gpsLongitude": 8.473126183780364, 
    "outsideTemperature": 17.5, 
    "speed": 4.7464375, 
    "yawRate": -0.1404753688797742
}