{
    "gpsHeading": 53, 
    "gpsLatitude": 49.49294138871175, 
    "gpsLongitude": 8.460215622138943, 
    "outsideTemperature": 22.0, 
    "speed": 8.1046875, 
    "yawRate": -0.017459982694570757
}