{
    "gpsHeading": 323, 
    "gpsLatitude": 49.48432135566755, 
    "gpsLongitude": 8.488014790752034, 
    "outsideTemperature": 18.0, 
    "speed": 3.8653125000000004, 
    "yawRate": -0.00677437828430865
}