{
    "gpsHeading": 57, 
    "gpsLatitude": 49.49303384110376, 
    "gpsLongitude": 8.466515879660413, 
    "outsideTemperature": 18.5, 
    "speed": 5.9933125, 
    "yawRate": 0.007672758534147122
}