{
    "gpsHeading": 151, 
    "gpsLatitude": 49.4758424738728, 
    "gpsLongitude": 8.4806697289998, 
    "outsideTemperature": 18.5, 
    "speed": 9.293375000000001, 
    "yawRate": -0.03403189497715274
}