{
    "gpsHeading": 193, 
    "gpsLatitude": 49.48502216659199, 
    "gpsLongitude": 8.470442801297903, 
    "outsideTemperature": 18.0, 
    "speed": 0.0, 
    "yawRate": 0.0004110753657019417
}