{
    "gpsHeading": 32, 
    "gpsLatitude": 49.47608051992297, 
    "gpsLongitude": 8.488185613938768, 
    "outsideTemperature": 19.5, 
    "speed": 8.445500000000001, 
    "yawRate": 0.02014098661399417
}