{
    "gpsHeading": 56, 
    "gpsLatitude": 49.501962998737056, 
    "gpsLongitude": 8.465638964950243, 
    "outsideTemperature": 17.0, 
    "speed": 1.5876875000000001, 
    "yawRate": -0.41324455495156126
}