{
    "gpsHeading": 118, 
    "gpsLatitude": 49.48078494689896, 
    "gpsLongitude": 8.471992279918855, 
    "outsideTemperature": 26.0, 
    "speed": 9.459624999999999, 
    "yawRate": 0.011770897721050496
}