{
    "gpsHeading": 30, 
    "gpsLatitude": 49.484681945142135, 
    "gpsLongitude": 8.474968107003072, 
    "outsideTemperature": 17.0, 
    "speed": 3.5078750000000003, 
    "yawRate": 0.016975695787543304
}