{
    "gpsHeading": 90, 
    "gpsLatitude": 49.47387800722568, 
    "gpsLongitude": 8.483711186385884, 
    "outsideTemperature": 37.0, 
    "speed": 8.9775, 
    "yawRate": 0.01767239640057786
}