{
    "gpsHeading": 121, 
    "gpsLatitude": 49.492449706271486, 
    "gpsLongitude": 8.472487231301333, 
    "outsideTemperature": 19.0, 
    "speed": 10.423875, 
    "yawRate": -0.011929397254446826
}