{
    "gpsHeading": 120, 
    "gpsLatitude": 49.48411884888683, 
    "gpsLongitude": 8.472803396689097, 
    "outsideTemperature": 17.0, 
    "speed": 5.669125, 
    "yawRate": 0.030938329803497904
}