{
    "gpsHeading": 210, 
    "gpsLatitude": 49.48246526702846, 
    "gpsLongitude": 8.485300059951742, 
    "outsideTemperature": 15.5, 
    "speed": 10.6316875, 
    "yawRate": 0.00038147164886841666
}