{
    "gpsHeading": 134, 
    "gpsLatitude": 49.47714275851234, 
    "gpsLongitude": 8.479073646997213, 
    "outsideTemperature": 19.5, 
    "speed": 8.9193125, 
    "yawRate": 0.0015728217635303434
}