{
    "gpsHeading": 77, 
    "gpsLatitude": 49.49388083241959, 
    "gpsLongitude": 8.46410641777373, 
    "outsideTemperature": 18.5, 
    "speed": 10.955875, 
    "yawRate": -0.04102192759649321
}