{
    "gpsHeading": 209, 
    "gpsLatitude": 49.48137888855794, 
    "gpsLongitude": 8.478419187997314, 
    "outsideTemperature": 16.0, 
    "speed": 7.48125, 
    "yawRate": -0.0018358016825873035
}