{
    "gpsHeading": 0, 
    "gpsLatitude": 49.481521632369024, 
    "gpsLongitude": 8.470139460222025, 
    "outsideTemperature": 20.0, 
    "speed": 11.953375, 
    "yawRate": -0.019224811206310637
}