{
    "gpsHeading": 209, 
    "gpsLatitude": 49.48213946245205, 
    "gpsLongitude": 8.48500199947483, 
    "outsideTemperature": 15.0, 
    "speed": 9.659125, 
    "yawRate": 0.005617459404850523
}