{
    "gpsHeading": 210, 
    "gpsLatitude": 49.48406553998262, 
    "gpsLongitude": 8.474022544505893, 
    "outsideTemperature": 22.5, 
    "speed": 8.5868125, 
    "yawRate": -0.0027901973864686235
}