{
    "gpsHeading": 60, 
    "gpsLatitude": 49.48517496868688, 
    "gpsLongitude": 8.469437811107237, 
    "outsideTemperature": 18.5, 
    "speed": 2.9925, 
    "yawRate": 0.0061109817987021475
}