{
    "gpsHeading": 312, 
    "gpsLatitude": 49.5003421901201, 
    "gpsLongitude": 8.46504921424286, 
    "outsideTemperature": 17.5, 
    "speed": 8.445500000000001, 
    "yawRate": 0.013662980086244177
}