{
    "gpsHeading": 156, 
    "gpsLatitude": 49.47664386763536, 
    "gpsLongitude": 8.478000595752762, 
    "outsideTemperature": 20.0, 
    "speed": 0.0, 
    "yawRate": -0.00016086452770385168
}