{
    "gpsHeading": 32, 
    "gpsLatitude": 49.47589335202508, 
    "gpsLongitude": 8.48800976161013, 
    "outsideTemperature": 20.0, 
    "speed": 7.921812500000001, 
    "yawRate": -0.08004091245047783
}