{
    "gpsHeading": 312, 
    "gpsLatitude": 49.477162204527694, 
    "gpsLongitude": 8.476975572813483, 
    "outsideTemperature": 21.0, 
    "speed": 13.216875, 
    "yawRate": -0.023833198823997204
}