{
    "gpsHeading": 0, 
    "gpsLatitude": 49.48228606193858, 
    "gpsLongitude": 8.468155882835653, 
    "outsideTemperature": 21.5, 
    "speed": 11.720625000000002, 
    "yawRate": 0.0022427385932195687
}