{
    "gpsHeading": 216, 
    "gpsLatitude": 49.480907993237594, 
    "gpsLongitude": 8.47562893624938, 
    "outsideTemperature": 19.5, 
    "speed": 5.835375, 
    "yawRate": -0.044008486584628984
}