{
    "gpsHeading": 135, 
    "gpsLatitude": 49.47919246911475, 
    "gpsLongitude": 8.481602551004157, 
    "outsideTemperature": 16.0, 
    "speed": 0.847875, 
    "yawRate": -0.0018358016825873035
}