{
    "gpsHeading": 320, 
    "gpsLatitude": 49.47951274163507, 
    "gpsLongitude": 8.474092281940313, 
    "outsideTemperature": 18.0, 
    "speed": 10.6316875, 
    "yawRate": -0.04308599661849152
}