{
    "gpsHeading": 33, 
    "gpsLatitude": 49.48284915819388, 
    "gpsLongitude": 8.481791982015901, 
    "outsideTemperature": 17.5, 
    "speed": 8.5535625, 
    "yawRate": -0.003930196784980543
}