{
    "gpsHeading": 196, 
    "gpsLatitude": 49.48751276530142, 
    "gpsLongitude": 8.470431737185717, 
    "outsideTemperature": 20.5, 
    "speed": 6.7248125000000005, 
    "yawRate": 0.026014626350457214
}