{
    "gpsHeading": 308, 
    "gpsLatitude": 49.49994078077705, 
    "gpsLongitude": 8.465696129529906, 
    "outsideTemperature": 18.0, 
    "speed": 9.0689375, 
    "yawRate": -0.0006487197801089627
}