{
    "gpsHeading": 307, 
    "gpsLatitude": 49.48498168199966, 
    "gpsLongitude": 8.467331941753558, 
    "outsideTemperature": 25.0, 
    "speed": 2.4355625000000005, 
    "yawRate": -0.004584006725278414
}