{
    "gpsHeading": 302, 
    "gpsLatitude": 49.49072328567453, 
    "gpsLongitude": 8.460713088092373, 
    "outsideTemperature": 22.0, 
    "speed": 8.1878125, 
    "yawRate": 0.0010177741675864217
}