{
    "gpsHeading": 328, 
    "gpsLatitude": 49.48832689955681, 
    "gpsLongitude": 8.47212035539935, 
    "outsideTemperature": 19.0, 
    "speed": 4.48875, 
    "yawRate": 0.11310655602497294
}