{
    "gpsHeading": 31, 
    "gpsLatitude": 49.48798248715534, 
    "gpsLongitude": 8.472021951856082, 
    "outsideTemperature": 18.5, 
    "speed": 5.536125, 
    "yawRate": -0.04100601692612347
}