{
    "gpsHeading": 319, 
    "gpsLatitude": 49.49770021423934, 
    "gpsLongitude": 8.471033893109825, 
    "outsideTemperature": 19.0, 
    "speed": 8.246, 
    "yawRate": 0.01851676937369193
}