{
    "gpsHeading": 297, 
    "gpsLatitude": 49.48732417247999, 
    "gpsLongitude": 8.469418616548973, 
    "outsideTemperature": 20.5, 
    "speed": 5.710687500000001, 
    "yawRate": 0.013448255736098771
}