{
    "gpsHeading": 124, 
    "gpsLatitude": 49.47965691036967, 
    "gpsLongitude": 8.480992851367196, 
    "outsideTemperature": 15.5, 
    "speed": 9.160375, 
    "yawRate": -0.014227639371746478
}