{
    "gpsHeading": 302, 
    "gpsLatitude": 49.48542273774473, 
    "gpsLongitude": 8.485856450684501, 
    "outsideTemperature": 17.0, 
    "speed": 11.205250000000001, 
    "yawRate": -0.0010147917527277377
}