{
    "gpsHeading": 14, 
    "gpsLatitude": 49.47642216629639, 
    "gpsLongitude": 8.488370853998925, 
    "outsideTemperature": 19.0, 
    "speed": 8.445500000000001, 
    "yawRate": 0.15470587194275534
}