{
    "gpsHeading": 167, 
    "gpsLatitude": 49.4888957793253, 
    "gpsLongitude": 8.475812499928905, 
    "outsideTemperature": 17.0, 
    "speed": 12.344062500000001, 
    "yawRate": -0.05277010175111301
}