{
    "gpsHeading": 112, 
    "gpsLatitude": 49.495966920481784, 
    "gpsLongitude": 8.475393907684351, 
    "outsideTemperature": 17.0, 
    "speed": 11.9783125, 
    "yawRate": 0.0019009050078546376
}