{
    "gpsHeading": 88, 
    "gpsLatitude": 49.49363884687493, 
    "gpsLongitude": 8.46221839408358, 
    "outsideTemperature": 19.0, 
    "speed": 8.645000000000001, 
    "yawRate": -0.017634515619770027
}