{
    "gpsHeading": 322, 
    "gpsLatitude": 49.479663867349316, 
    "gpsLongitude": 8.47391257393625, 
    "outsideTemperature": 18.0, 
    "speed": 9.526125, 
    "yawRate": -0.005037818925016653
}