{
    "gpsHeading": 200, 
    "gpsLatitude": 49.48112910784333, 
    "gpsLongitude": 8.484070853851104, 
    "outsideTemperature": 15.0, 
    "speed": 5.0290625, 
    "yawRate": -0.2841071964262027
}