{
    "gpsHeading": 90, 
    "gpsLatitude": 49.48154862209726, 
    "gpsLongitude": 8.470066453845368, 
    "outsideTemperature": 33.0, 
    "speed": 0.0, 
    "yawRate": 0.0008415656235242134
}