{
    "gpsHeading": 319, 
    "gpsLatitude": 49.47649190373079, 
    "gpsLongitude": 8.479893061851595, 
    "outsideTemperature": 15.5, 
    "speed": 10.4155625, 
    "yawRate": -0.004557033451707062
}