{
    "gpsHeading": 147, 
    "gpsLatitude": 49.47472139432314, 
    "gpsLongitude": 8.481666421106326, 
    "outsideTemperature": 18.5, 
    "speed": 7.7555625, 
    "yawRate": -0.0703347434186349
}