{
    "gpsHeading": 137, 
    "gpsLatitude": 49.49164001442479, 
    "gpsLongitude": 8.474014749335945, 
    "outsideTemperature": 18.5, 
    "speed": 11.7455625, 
    "yawRate": -0.0667327357670676
}