{
    "gpsHeading": 163, 
    "gpsLatitude": 49.49834469877447, 
    "gpsLongitude": 8.471921704294118, 
    "outsideTemperature": 16.5, 
    "speed": 8.811250000000001, 
    "yawRate": 0.009799120513332323
}