{
    "gpsHeading": 136, 
    "gpsLatitude": 49.479545263419396, 
    "gpsLongitude": 8.473731943922804, 
    "outsideTemperature": 19.0, 
    "speed": 9.80875, 
    "yawRate": -0.02620612821428744
}