{
    "gpsHeading": 296, 
    "gpsLatitude": 49.49147832751254, 
    "gpsLongitude": 8.45877477298316, 
    "outsideTemperature": 20.5, 
    "speed": 4.9293125, 
    "yawRate": -0.4297294852246069
}