{
    "gpsHeading": 81, 
    "gpsLatitude": 49.49378913439887, 
    "gpsLongitude": 8.463017524732283, 
    "outsideTemperature": 19.0, 
    "speed": 9.94175, 
    "yawRate": -0.0090824022849978
}