{
    "gpsHeading": 147, 
    "gpsLatitude": 49.478783013144664, 
    "gpsLongitude": 8.48211535584039, 
    "outsideTemperature": 15.5, 
    "speed": 5.7273125, 
    "yawRate": -0.014576705222146012
}