{
    "gpsHeading": 60, 
    "gpsLatitude": 49.47412778794028, 
    "gpsLongitude": 8.486477549709742, 
    "outsideTemperature": 21.5, 
    "speed": 11.3631875, 
    "yawRate": 0.10391679070972076
}