{
    "gpsHeading": 145, 
    "gpsLatitude": 49.49104414492807, 
    "gpsLongitude": 8.47466417919394, 
    "outsideTemperature": 18.5, 
    "speed": 11.421375000000001, 
    "yawRate": -0.03618947385716736
}