{
    "gpsHeading": 340, 
    "gpsLatitude": 49.48640132494042, 
    "gpsLongitude": 8.471894463108777, 
    "outsideTemperature": 22.0, 
    "speed": 5.1537500000000005, 
    "yawRate": -0.005924898961038198
}