{
    "gpsHeading": 182, 
    "gpsLatitude": 49.49024803176451, 
    "gpsLongitude": 8.466168952688012, 
    "outsideTemperature": 30.0, 
    "speed": 0.0, 
    "yawRate": -2.178990442767417e-05
}