{
    "gpsHeading": 263, 
    "gpsLatitude": 49.482122447188615, 
    "gpsLongitude": 8.479104240943789, 
    "outsideTemperature": 17.0, 
    "speed": 9.326625000000002, 
    "yawRate": -0.0008988540603702903
}