{
    "gpsHeading": 112, 
    "gpsLatitude": 49.49537834324083, 
    "gpsLongitude": 8.477304478694068, 
    "outsideTemperature": 16.5, 
    "speed": 10.7646875, 
    "yawRate": -0.015028788736489558
}