{
    "gpsHeading": 101, 
    "gpsLatitude": 49.493661394194476, 
    "gpsLongitude": 8.468840013772779, 
    "outsideTemperature": 19.5, 
    "speed": 8.844500000000002, 
    "yawRate": -0.016169520706144108
}