{
    "gpsHeading": 228, 
    "gpsLatitude": 49.4933391100174, 
    "gpsLongitude": 8.470670286150076, 
    "outsideTemperature": 20.5, 
    "speed": 4.95425, 
    "yawRate": 0.22177006590005402
}