{
    "gpsHeading": 120, 
    "gpsLatitude": 49.48113723828941, 
    "gpsLongitude": 8.471103127630053, 
    "outsideTemperature": 29.5, 
    "speed": 7.6475, 
    "yawRate": -0.008649454527283093
}