{
    "gpsHeading": 293, 
    "gpsLatitude": 49.490244427546145, 
    "gpsLongitude": 8.461918908683126, 
    "outsideTemperature": 23.0, 
    "speed": 5.2119375, 
    "yawRate": 0.0139332106323444
}