{
    "gpsHeading": 101, 
    "gpsLatitude": 49.48812665588996, 
    "gpsLongitude": 8.475889781076178, 
    "outsideTemperature": 20.0, 
    "speed": 0.0, 
    "yawRate": 0.0003014050931518025
}