{
    "gpsHeading": 300, 
    "gpsLatitude": 49.48117856107206, 
    "gpsLongitude": 8.48340281616807, 
    "outsideTemperature": 15.5, 
    "speed": 9.3349375, 
    "yawRate": 0.0035230643024572834
}