{
    "gpsHeading": 153, 
    "gpsLatitude": 49.48056911289222, 
    "gpsLongitude": 8.478543407802348, 
    "outsideTemperature": 16.5, 
    "speed": 10.1329375, 
    "yawRate": 0.0051455153253895
}