{
    "gpsHeading": 312, 
    "gpsLatitude": 49.48836973108203, 
    "gpsLongitude": 8.466721403926279, 
    "outsideTemperature": 26.0, 
    "speed": 3.2585, 
    "yawRate": -0.0025833820882007674
}