{
    "gpsHeading": 12, 
    "gpsLatitude": 49.483409153145, 
    "gpsLongitude": 8.47034171554562, 
    "outsideTemperature": 20.0, 
    "speed": 4.2643125, 
    "yawRate": 0.025766163811926902
}