{
    "gpsHeading": 149, 
    "gpsLatitude": 49.479859668607475, 
    "gpsLongitude": 8.480582221930655, 
    "outsideTemperature": 15.5, 
    "speed": 9.3349375, 
    "yawRate": 0.0063672458017863835
}