{
    "gpsHeading": 335, 
    "gpsLatitude": 49.47561775504869, 
    "gpsLongitude": 8.48091892298119, 
    "outsideTemperature": 15.5, 
    "speed": 9.567687500000002, 
    "yawRate": 0.046406580706525785
}