{
    "gpsHeading": 116, 
    "gpsLatitude": 49.48339054531994, 
    "gpsLongitude": 8.4653217099151, 
    "outsideTemperature": 24.0, 
    "speed": 6.3008750000000004, 
    "yawRate": 0.002591804443618111
}