{
    "gpsHeading": 320, 
    "gpsLatitude": 49.4782527739498, 
    "gpsLongitude": 8.475630025896793, 
    "outsideTemperature": 20.5, 
    "speed": 11.571, 
    "yawRate": 0.0008963005317645227
}