{
    "gpsHeading": 153, 
    "gpsLatitude": 49.49289025910237, 
    "gpsLongitude": 8.47075477573408, 
    "outsideTemperature": 22.0, 
    "speed": 7.049, 
    "yawRate": 0.07590286529241311
}