{
    "gpsHeading": 81, 
    "gpsLatitude": 49.493652760834195, 
    "gpsLongitude": 8.464890880091884, 
    "outsideTemperature": 28.0, 
    "speed": 0.0, 
    "yawRate": -0.0007568129125887408
}