{
    "gpsHeading": 258, 
    "gpsLatitude": 49.48425832375566, 
    "gpsLongitude": 8.483259234166674, 
    "outsideTemperature": 16.0, 
    "speed": 2.3108750000000002, 
    "yawRate": 0.2878371994523291
}