{
    "gpsHeading": 17, 
    "gpsLatitude": 49.481434125299884, 
    "gpsLongitude": 8.478755302314626, 
    "outsideTemperature": 19.0, 
    "speed": 4.305875, 
    "yawRate": 0.003988067845214266
}