{
    "gpsHeading": 140, 
    "gpsLatitude": 49.47824355385631, 
    "gpsLongitude": 8.482771155944798, 
    "outsideTemperature": 15.5, 
    "speed": 8.329125, 
    "yawRate": -0.0070717894385704015
}