{
    "gpsHeading": 151, 
    "gpsLatitude": 49.49066025376266, 
    "gpsLongitude": 8.474950588825445, 
    "outsideTemperature": 18.0, 
    "speed": 12.252625, 
    "yawRate": -0.02624109712079997
}