{
    "gpsHeading": 33, 
    "gpsLatitude": 49.502433307324196, 
    "gpsLongitude": 8.469017542482051, 
    "outsideTemperature": 17.5, 
    "speed": 7.348250000000001, 
    "yawRate": 0.01610644103903596
}