{
    "gpsHeading": 79, 
    "gpsLatitude": 49.479332195440676, 
    "gpsLongitude": 8.474450859758125, 
    "outsideTemperature": 18.5, 
    "speed": 5.968375, 
    "yawRate": 0.10486809861048434
}