{
    "gpsHeading": 27, 
    "gpsLatitude": 49.48103330269005, 
    "gpsLongitude": 8.486463132836288, 
    "outsideTemperature": 18.0, 
    "speed": 7.0739375, 
    "yawRate": -0.0013663396144183325
}