{
    "gpsHeading": 61, 
    "gpsLatitude": 49.49337221853493, 
    "gpsLongitude": 8.461177780804402, 
    "outsideTemperature": 20.0, 
    "speed": 10.1745, 
    "yawRate": -0.0021010852770209964
}