{
    "gpsHeading": 213, 
    "gpsLatitude": 49.48275913655379, 
    "gpsLongitude": 8.479701451545026, 
    "outsideTemperature": 17.0, 
    "speed": 6.666625, 
    "yawRate": 0.0006076592702044783
}