{
    "gpsHeading": 299, 
    "gpsLatitude": 49.49878860436662, 
    "gpsLongitude": 8.467679790735309, 
    "outsideTemperature": 17.0, 
    "speed": 5.2784375, 
    "yawRate": -0.023022066823772332
}