{
    "gpsHeading": 350, 
    "gpsLatitude": 49.480578332985694, 
    "gpsLongitude": 8.469266401187312, 
    "outsideTemperature": 31.0, 
    "speed": 5.9185, 
    "yawRate": 0.09876563321576029
}