{
    "gpsHeading": 144, 
    "gpsLatitude": 49.476885014989705, 
    "gpsLongitude": 8.479404480715525, 
    "outsideTemperature": 19.5, 
    "speed": 10.5319375, 
    "yawRate": 0.006285210743915628
}