{
    "gpsHeading": 90, 
    "gpsLatitude": 49.493824422211226, 
    "gpsLongitude": 8.466628364801043, 
    "outsideTemperature": 18.5, 
    "speed": 7.98, 
    "yawRate": -0.17227068734646525
}