{
    "gpsHeading": 103, 
    "gpsLatitude": 49.493608839661555, 
    "gpsLongitude": 8.46913949917323, 
    "outsideTemperature": 19.5, 
    "speed": 9.027375000000001, 
    "yawRate": 0.009486819298171585
}