{
    "gpsHeading": 112, 
    "gpsLatitude": 49.48375800795515, 
    "gpsLongitude": 8.473763962792953, 
    "outsideTemperature": 17.5, 
    "speed": 4.904375, 
    "yawRate": 0.03739604803587689
}