{
    "gpsHeading": 71, 
    "gpsLatitude": 49.50220414609141, 
    "gpsLongitude": 8.467693956151669, 
    "outsideTemperature": 18.0, 
    "speed": 2.676625, 
    "yawRate": -0.2785051366976018
}