{
    "gpsHeading": 288, 
    "gpsLatitude": 49.484016673487126, 
    "gpsLongitude": 8.480830074807537, 
    "outsideTemperature": 16.5, 
    "speed": 7.655812500000001, 
    "yawRate": 0.14215386160694246
}