{
    "gpsHeading": 300, 
    "gpsLatitude": 49.4814452732311, 
    "gpsLongitude": 8.48269278515011, 
    "outsideTemperature": 15.5, 
    "speed": 11.180312500000001, 
    "yawRate": 0.01521677029081937
}