{
    "gpsHeading": 0, 
    "gpsLatitude": 49.476290821873626, 
    "gpsLongitude": 8.480137561967208, 
    "outsideTemperature": 19.0, 
    "speed": 8.911000000000001, 
    "yawRate": 0.015535455779484942
}