{
    "gpsHeading": 30, 
    "gpsLatitude": 49.48074136100245, 
    "gpsLongitude": 8.486360622160468, 
    "outsideTemperature": 18.5, 
    "speed": 3.740625, 
    "yawRate": -0.0003191420632217128
}