{
    "gpsHeading": 278, 
    "gpsLatitude": 49.49747549541523, 
    "gpsLongitude": 8.472233091997074, 
    "outsideTemperature": 27.5, 
    "speed": 5.669125, 
    "yawRate": 0.11921853233628016
}