{
    "gpsHeading": 297, 
    "gpsLatitude": 49.484772469696416, 
    "gpsLongitude": 8.47613419737276, 
    "outsideTemperature": 25.5, 
    "speed": 7.0739375, 
    "yawRate": 0.004989667510939415
}