{
    "gpsHeading": 19, 
    "gpsLatitude": 49.48297941296922, 
    "gpsLongitude": 8.488121995293664, 
    "outsideTemperature": 17.5, 
    "speed": 6.5918125000000005, 
    "yawRate": -0.006951393220799974
}