{
    "gpsHeading": 120, 
    "gpsLatitude": 49.48505720294727, 
    "gpsLongitude": 8.48399893712186, 
    "outsideTemperature": 16.5, 
    "speed": 7.54775, 
    "yawRate": -0.0844415299980548
}