{
    "gpsHeading": 136, 
    "gpsLatitude": 49.47985690257943, 
    "gpsLongitude": 8.473353081899317, 
    "outsideTemperature": 19.0, 
    "speed": 10.856125, 
    "yawRate": 0.03138973710152466
}