{
    "gpsHeading": 130, 
    "gpsLatitude": 49.491883592531046, 
    "gpsLongitude": 8.473668912010954, 
    "outsideTemperature": 18.5, 
    "speed": 12.460437500000001, 
    "yawRate": -0.022575905691611303
}