{
    "gpsHeading": 299, 
    "gpsLatitude": 49.488831406308904, 
    "gpsLongitude": 8.463337545795506, 
    "outsideTemperature": 26.0, 
    "speed": 5.103875, 
    "yawRate": -0.020275242706743524
}