{
    "gpsHeading": 210, 
    "gpsLatitude": 49.48101360521758, 
    "gpsLongitude": 8.478072009567818, 
    "outsideTemperature": 15.5, 
    "speed": 4.2643125, 
    "yawRate": -0.0327281294428861
}