{
    "gpsHeading": 15, 
    "gpsLatitude": 49.48379388250074, 
    "gpsLongitude": 8.488865302467213, 
    "outsideTemperature": 17.0, 
    "speed": 5.2451875, 
    "yawRate": 0.46166951093966896
}