{
    "gpsHeading": 310, 
    "gpsLatitude": 49.49930383995478, 
    "gpsLongitude": 8.466694749474193, 
    "outsideTemperature": 19.5, 
    "speed": 8.894375, 
    "yawRate": -0.012167892843271778
}