{
    "gpsHeading": 291, 
    "gpsLatitude": 49.49660277165663, 
    "gpsLongitude": 8.473971163439419, 
    "outsideTemperature": 23.0, 
    "speed": 7.8553125, 
    "yawRate": 0.0021106744049455505
}