{
    "gpsHeading": 308, 
    "gpsLatitude": 49.48387107982897, 
    "gpsLongitude": 8.470201402486461, 
    "outsideTemperature": 20.0, 
    "speed": 2.6350625000000005, 
    "yawRate": -0.0037299005467767298
}