{
    "gpsHeading": 142, 
    "gpsLatitude": 49.49708556927952, 
    "gpsLongitude": 8.47227340895133, 
    "outsideTemperature": 25.0, 
    "speed": 6.500375000000001, 
    "yawRate": -0.1544490943764262
}