{
    "gpsHeading": 255, 
    "gpsLatitude": 49.48442772201882, 
    "gpsLongitude": 8.484790607876745, 
    "outsideTemperature": 16.0, 
    "speed": 7.21525, 
    "yawRate": -0.004854516107114681
}