{
    "gpsHeading": 314, 
    "gpsLatitude": 49.48572800665837, 
    "gpsLongitude": 8.473613339992893, 
    "outsideTemperature": 27.5, 
    "speed": 6.342437500000001, 
    "yawRate": 0.0038489448501299213
}