{
    "gpsHeading": 326, 
    "gpsLatitude": 49.48604693807418, 
    "gpsLongitude": 8.47280892874519, 
    "outsideTemperature": 24.5, 
    "speed": 4.6217500000000005, 
    "yawRate": -0.0013870429058531774
}