{
    "gpsHeading": 212, 
    "gpsLatitude": 49.48372389360922, 
    "gpsLongitude": 8.480564787572058, 
    "outsideTemperature": 16.5, 
    "speed": 9.268437500000001, 
    "yawRate": -0.014227639371746478
}