{
    "gpsHeading": 300, 
    "gpsLatitude": 49.49891718276133, 
    "gpsLongitude": 8.467336132705146, 
    "outsideTemperature": 20.5, 
    "speed": 7.3399375000000004, 
    "yawRate": -0.028923053662416705
}