{
    "gpsHeading": 338, 
    "gpsLatitude": 49.48846302166436, 
    "gpsLongitude": 8.466470282107162, 
    "outsideTemperature": 26.0, 
    "speed": 3.7489375, 
    "yawRate": 0.006492330022169275
}