{
    "gpsHeading": 158, 
    "gpsLatitude": 49.502637239028445, 
    "gpsLongitude": 8.470347247601714, 
    "outsideTemperature": 20.0, 
    "speed": 7.522812500000001, 
    "yawRate": 0.011020850989728213
}