{
    "gpsHeading": 336, 
    "gpsLatitude": 49.487729940412684, 
    "gpsLongitude": 8.468381188393002, 
    "outsideTemperature": 21.5, 
    "speed": 0.96425, 
    "yawRate": 0.0009210856604144244
}