{
    "gpsHeading": 291, 
    "gpsLatitude": 49.485659694147486, 
    "gpsLongitude": 8.473783073532182, 
    "outsideTemperature": 28.5, 
    "speed": 5.669125, 
    "yawRate": -0.009590090390225871
}