{
    "gpsHeading": 279, 
    "gpsLatitude": 49.485855830681786, 
    "gpsLongitude": 8.473293067472577, 
    "outsideTemperature": 26.5, 
    "speed": 4.8794375, 
    "yawRate": -0.011160886717021298
}