{
    "gpsHeading": 15, 
    "gpsLatitude": 49.48447692379047, 
    "gpsLongitude": 8.476924443204105, 
    "outsideTemperature": 28.5, 
    "speed": 0.0, 
    "yawRate": -0.0006304645057474097
}