{
    "gpsHeading": 204, 
    "gpsLatitude": 49.48564083486535, 
    "gpsLongitude": 8.475297012883656, 
    "outsideTemperature": 19.0, 
    "speed": 7.838687500000001, 
    "yawRate": 0.028404124338192914
}