{
    "gpsHeading": 38, 
    "gpsLatitude": 49.501821931306615, 
    "gpsLongitude": 8.465440313845011, 
    "outsideTemperature": 17.0, 
    "speed": 4.704875, 
    "yawRate": 0.002318339948280633
}