{
    "gpsHeading": 231, 
    "gpsLatitude": 49.48064999825786, 
    "gpsLongitude": 8.475161393690275, 
    "outsideTemperature": 19.0, 
    "speed": 3.2501875000000005, 
    "yawRate": -0.01294162589913092
}