{
    "gpsHeading": 15, 
    "gpsLatitude": 49.48123773730849, 
    "gpsLongitude": 8.469823965386517, 
    "outsideTemperature": 26.0, 
    "speed": 6.201125, 
    "yawRate": -0.004034259726703737
}