{
    "gpsHeading": 149, 
    "gpsLatitude": 49.48508695870355, 
    "gpsLongitude": 8.470283628956608, 
    "outsideTemperature": 19.0, 
    "speed": 3.541125, 
    "yawRate": -0.009596981469246155
}