{
    "gpsHeading": 287, 
    "gpsLatitude": 49.4843035860328, 
    "gpsLongitude": 8.477374216128489, 
    "outsideTemperature": 24.0, 
    "speed": 4.123, 
    "yawRate": 0.00011571999827135167
}