{
    "gpsHeading": 184, 
    "gpsLatitude": 49.48315082288914, 
    "gpsLongitude": 8.478091455583174, 
    "outsideTemperature": 19.5, 
    "speed": 0.0, 
    "yawRate": 0.0008527897551167656
}