{
    "gpsHeading": 294, 
    "gpsLatitude": 49.49627084829092, 
    "gpsLongitude": 8.475633630115157, 
    "outsideTemperature": 18.0, 
    "speed": 7.9550625, 
    "yawRate": 0.028019358526726032
}