{
    "gpsHeading": 0, 
    "gpsLatitude": 49.48073163799478, 
    "gpsLongitude": 8.478021718148755, 
    "outsideTemperature": 19.5, 
    "speed": 2.8179375, 
    "yawRate": 0.39022943131155274
}