{
    "gpsHeading": 25, 
    "gpsLatitude": 49.47831941008004, 
    "gpsLongitude": 8.477441690449051, 
    "outsideTemperature": 23.5, 
    "speed": 1.3715625, 
    "yawRate": -0.17837062411708204
}