{
    "gpsHeading": 32, 
    "gpsLatitude": 49.487837731687506, 
    "gpsLongitude": 8.471885913567542, 
    "outsideTemperature": 18.5, 
    "speed": 6.267625, 
    "yawRate": -0.0027833063074483395
}