{
    "gpsHeading": 27, 
    "gpsLatitude": 49.483137495663094, 
    "gpsLongitude": 8.47350144158552, 
    "outsideTemperature": 19.0, 
    "speed": 8.3208125, 
    "yawRate": -0.0031837862648980302
}