{
    "gpsHeading": 297, 
    "gpsLatitude": 49.49072915300676, 
    "gpsLongitude": 8.465933085932665, 
    "outsideTemperature": 31.0, 
    "speed": 2.2028125000000003, 
    "yawRate": 0.000744377624696287
}