{
    "gpsHeading": 23, 
    "gpsLatitude": 49.47472860275987, 
    "gpsLongitude": 8.487065037303301, 
    "outsideTemperature": 20.5, 
    "speed": 11.1969375, 
    "yawRate": -0.007435215567515493
}