{
    "gpsHeading": 313, 
    "gpsLatitude": 49.48841549627337, 
    "gpsLongitude": 8.471898402603301, 
    "outsideTemperature": 19.0, 
    "speed": 5.103875, 
    "yawRate": -0.004179569709043502
}