{
    "gpsHeading": 299, 
    "gpsLatitude": 49.488829143195055, 
    "gpsLongitude": 8.465499741538531, 
    "outsideTemperature": 25.0, 
    "speed": 6.68325, 
    "yawRate": 0.0009072764157876342
}