{
    "gpsHeading": 277, 
    "gpsLatitude": 49.48019553146771, 
    "gpsLongitude": 8.469936450527111, 
    "outsideTemperature": 28.5, 
    "speed": 4.9958125, 
    "yawRate": -0.1332573918550987
}