{
    "gpsHeading": 179, 
    "gpsLatitude": 49.48151216081844, 
    "gpsLongitude": 8.478547263477807, 
    "outsideTemperature": 17.0, 
    "speed": 8.212750000000002, 
    "yawRate": 0.00241727151841884
}