{
    "gpsHeading": 318, 
    "gpsLatitude": 49.48023383676522, 
    "gpsLongitude": 8.473206985326971, 
    "outsideTemperature": 26.5, 
    "speed": 4.505375, 
    "yawRate": -0.009755604400413648
}