{
    "gpsHeading": 112, 
    "gpsLatitude": 49.48048495858434, 
    "gpsLongitude": 8.478793942888279, 
    "outsideTemperature": 16.5, 
    "speed": 10.623375000000001, 
    "yawRate": 0.01579202376255497
}