{
    "gpsHeading": 159, 
    "gpsLatitude": 49.47664386763536, 
    "gpsLongitude": 8.478000595752762, 
    "outsideTemperature": 23.0, 
    "speed": 0.0, 
    "yawRate": -0.00014676540624915073
}