{
    "gpsHeading": 20, 
    "gpsLatitude": 49.489636069013706, 
    "gpsLongitude": 8.465588086797991, 
    "outsideTemperature": 22.5, 
    "speed": 4.2227500000000004, 
    "yawRate": 0.0038743361441782222
}