{
    "gpsHeading": 147, 
    "gpsLatitude": 49.48983522303314, 
    "gpsLongitude": 8.475444785836636, 
    "outsideTemperature": 17.5, 
    "speed": 12.601750000000001, 
    "yawRate": -0.040029198211554304
}