{
    "gpsHeading": 121, 
    "gpsLatitude": 49.49590162545604, 
    "gpsLongitude": 8.47197199571315, 
    "outsideTemperature": 20.5, 
    "speed": 6.999125000000001, 
    "yawRate": -0.04222442347319261
}