{
    "gpsHeading": 291, 
    "gpsLatitude": 49.495557464511684, 
    "gpsLongitude": 8.477270615805255, 
    "outsideTemperature": 17.5, 
    "speed": 9.6674375, 
    "yawRate": -0.008458022839954405
}