{
    "gpsHeading": 286, 
    "gpsLatitude": 49.47661612353586, 
    "gpsLongitude": 8.477656183351277, 
    "outsideTemperature": 22.5, 
    "speed": 9.4346875, 
    "yawRate": 0.07791949656727021
}