{
    "gpsHeading": 103, 
    "gpsLatitude": 49.49260887861278, 
    "gpsLongitude": 8.471991693185634, 
    "outsideTemperature": 19.5, 
    "speed": 9.4346875, 
    "yawRate": -0.11071503291732365
}