{
    "gpsHeading": 296, 
    "gpsLatitude": 49.48650383561625, 
    "gpsLongitude": 8.471605874182481, 
    "outsideTemperature": 21.5, 
    "speed": 5.9766875, 
    "yawRate": 0.005594274102124618
}