{
    "gpsHeading": 306, 
    "gpsLatitude": 49.48623192667724, 
    "gpsLongitude": 8.472338620158036, 
    "outsideTemperature": 23.0, 
    "speed": 4.056500000000001, 
    "yawRate": -0.006448497736637004
}