{
    "gpsHeading": 320, 
    "gpsLatitude": 49.47791917420344, 
    "gpsLongitude": 8.476036715838843, 
    "outsideTemperature": 21.5, 
    "speed": 11.579312500000002, 
    "yawRate": 0.005259623661750272
}