{
    "gpsHeading": 120, 
    "gpsLatitude": 49.483308067392706, 
    "gpsLongitude": 8.474948660987714, 
    "outsideTemperature": 16.5, 
    "speed": 7.439687500000001, 
    "yawRate": 0.016620067603997837
}