{
    "gpsHeading": 298, 
    "gpsLatitude": 49.48000417261822, 
    "gpsLongitude": 8.473951130690839, 
    "outsideTemperature": 29.0, 
    "speed": 0.0, 
    "yawRate": 0.0005356331170851196
}