{
    "gpsHeading": 109, 
    "gpsLatitude": 49.494904430435334, 
    "gpsLongitude": 8.478640051145982, 
    "outsideTemperature": 17.5, 
    "speed": 5.7855, 
    "yawRate": 0.3599809822560416
}