{
    "gpsHeading": 89, 
    "gpsLatitude": 49.49388359844764, 
    "gpsLongitude": 8.464712848468455, 
    "outsideTemperature": 18.5, 
    "speed": 10.523625000000001, 
    "yawRate": -0.003497348678616159
}