{
    "gpsHeading": 316, 
    "gpsLatitude": 49.48207081466506, 
    "gpsLongitude": 8.469188617125848, 
    "outsideTemperature": 19.5, 
    "speed": 4.3806875, 
    "yawRate": -0.17075790996263113
}