{
    "gpsHeading": 212, 
    "gpsLatitude": 49.483935285207295, 
    "gpsLongitude": 8.473884746017688, 
    "outsideTemperature": 22.0, 
    "speed": 9.0356875, 
    "yawRate": 0.0007004611175197781
}