{
    "gpsHeading": 317, 
    "gpsLatitude": 49.499821673932935, 
    "gpsLongitude": 8.46587533461978, 
    "outsideTemperature": 18.5, 
    "speed": 9.260125, 
    "yawRate": -0.004488444134496899
}