{
    "gpsHeading": 267, 
    "gpsLatitude": 49.4983563496199, 
    "gpsLongitude": 8.468986697078346, 
    "outsideTemperature": 18.0, 
    "speed": 7.896875, 
    "yawRate": 0.0008889439285496596
}