{
    "gpsHeading": 20, 
    "gpsLatitude": 49.48314160279565, 
    "gpsLongitude": 8.488270019703739, 
    "outsideTemperature": 17.0, 
    "speed": 8.9691875, 
    "yawRate": 0.005614977393558471
}