{
    "gpsHeading": 55, 
    "gpsLatitude": 49.48005999609336, 
    "gpsLongitude": 8.475871424708235, 
    "outsideTemperature": 21.5, 
    "speed": 6.167875, 
    "yawRate": -0.004913111339956506
}