{
    "gpsHeading": 140, 
    "gpsLatitude": 49.47911024264461, 
    "gpsLongitude": 8.47425841126124, 
    "outsideTemperature": 21.0, 
    "speed": 14.696500000000002, 
    "yawRate": -0.008998520377681635
}