{
    "gpsHeading": 182, 
    "gpsLatitude": 49.48714052498142, 
    "gpsLongitude": 8.475853403616414, 
    "outsideTemperature": 20.5, 
    "speed": 10.4488125, 
    "yawRate": -0.004582598524499118
}