{
    "gpsHeading": 287, 
    "gpsLatitude": 49.48547001167863, 
    "gpsLongitude": 8.466126959353122, 
    "outsideTemperature": 24.0, 
    "speed": 4.8628125, 
    "yawRate": -0.008598264004865623
}