{
    "gpsHeading": 73, 
    "gpsLatitude": 49.47776528246115, 
    "gpsLongitude": 8.476371405232614, 
    "outsideTemperature": 26.0, 
    "speed": 6.4920625, 
    "yawRate": 0.03735207142941369
}