{
    "gpsHeading": 344, 
    "gpsLatitude": 49.47759915314021, 
    "gpsLongitude": 8.487837848776014, 
    "outsideTemperature": 18.5, 
    "speed": 10.365687500000002, 
    "yawRate": 0.002513161168851898
}