{
    "gpsHeading": 184, 
    "gpsLatitude": 49.49012439869268, 
    "gpsLongitude": 8.46605613227129, 
    "outsideTemperature": 22.5, 
    "speed": 0.714875, 
    "yawRate": -0.002408849163001496
}