{
    "gpsHeading": 111, 
    "gpsLatitude": 49.484800549072055, 
    "gpsLongitude": 8.47470365795791, 
    "outsideTemperature": 25.5, 
    "speed": 1.3549375, 
    "yawRate": 0.004714718397106986
}