{
    "gpsHeading": 284, 
    "gpsLatitude": 49.48438195682749, 
    "gpsLongitude": 8.484446111656261, 
    "outsideTemperature": 15.5, 
    "speed": 7.173687500000001, 
    "yawRate": 0.003697597227657547
}