{
    "gpsHeading": 355, 
    "gpsLatitude": 49.49351219631796, 
    "gpsLongitude": 8.471573687674269, 
    "outsideTemperature": 19.0, 
    "speed": 9.3515625, 
    "yawRate": -0.08431836004066375
}