{
    "gpsHeading": 358, 
    "gpsLatitude": 49.482930797930806, 
    "gpsLongitude": 8.469925889329115, 
    "outsideTemperature": 20.5, 
    "speed": 4.8628125, 
    "yawRate": -0.022055857692717076
}