{
    "gpsHeading": 27, 
    "gpsLatitude": 49.48267188094174, 
    "gpsLongitude": 8.48163255821751, 
    "outsideTemperature": 18.0, 
    "speed": 7.572687500000001, 
    "yawRate": -0.012133244269353237
}