{
    "gpsHeading": 353, 
    "gpsLatitude": 49.483718277734106, 
    "gpsLongitude": 8.470568362207478, 
    "outsideTemperature": 20.5, 
    "speed": 4.031562500000001, 
    "yawRate": 0.35284086563565886
}