{
    "gpsHeading": 275, 
    "gpsLatitude": 49.495323609413106, 
    "gpsLongitude": 8.478244509135154, 
    "outsideTemperature": 17.5, 
    "speed": 9.3183125, 
    "yawRate": 0.00044315634521636645
}