{
    "gpsHeading": 205, 
    "gpsLatitude": 49.4964157713968, 
    "gpsLongitude": 8.475178073677586, 
    "outsideTemperature": 26.0, 
    "speed": 2.1778750000000002, 
    "yawRate": 0.033003002165245335
}