{
    "gpsHeading": 327, 
    "gpsLatitude": 49.48227692566413, 
    "gpsLongitude": 8.477082525897986, 
    "outsideTemperature": 18.5, 
    "speed": 6.7165, 
    "yawRate": -0.009800033245541061
}