{
    "gpsHeading": 25, 
    "gpsLatitude": 49.48914882898214, 
    "gpsLongitude": 8.465140325530369, 
    "outsideTemperature": 24.0, 
    "speed": 5.203625000000001, 
    "yawRate": 0.0499510283968275
}