{
    "gpsHeading": 242, 
    "gpsLatitude": 49.481300517763266, 
    "gpsLongitude": 8.484231451115939, 
    "outsideTemperature": 15.5, 
    "speed": 5.536125, 
    "yawRate": 3.240579846888205e-05
}