{
    "gpsHeading": 314, 
    "gpsLatitude": 49.475472496666654, 
    "gpsLongitude": 8.48105060268008, 
    "outsideTemperature": 15.5, 
    "speed": 9.243500000000001, 
    "yawRate": 0.01568878587142626
}