{
    "gpsHeading": 277, 
    "gpsLatitude": 49.48330496608853, 
    "gpsLongitude": 8.471662284390861, 
    "outsideTemperature": 19.5, 
    "speed": 5.6774375, 
    "yawRate": -0.006978987591255103
}