{
    "gpsHeading": 214, 
    "gpsLatitude": 49.483657760393164, 
    "gpsLongitude": 8.473588110464346, 
    "outsideTemperature": 19.0, 
    "speed": 8.445500000000001, 
    "yawRate": 0.09088691155958958
}