{
    "gpsHeading": 121, 
    "gpsLatitude": 49.481055011819265, 
    "gpsLongitude": 8.471307226972348, 
    "outsideTemperature": 19.5, 
    "speed": 10.748062500000001, 
    "yawRate": 0.02283762376675243
}