{
    "gpsHeading": 137, 
    "gpsLatitude": 49.49147220872322, 
    "gpsLongitude": 8.474215831193096, 
    "outsideTemperature": 18.5, 
    "speed": 11.521125000000001, 
    "yawRate": 0.013028811049071784
}