{
    "gpsHeading": 325, 
    "gpsLatitude": 49.49328605257029, 
    "gpsLongitude": 8.471454245554042, 
    "outsideTemperature": 19.0, 
    "speed": 7.497875, 
    "yawRate": -0.3770100756001075
}