{
    "gpsHeading": 18, 
    "gpsLatitude": 49.477622203373954, 
    "gpsLongitude": 8.47640283736954, 
    "outsideTemperature": 23.0, 
    "speed": 0.0, 
    "yawRate": -0.00032977810996900393
}