{
    "gpsHeading": 175, 
    "gpsLatitude": 49.4879979936762, 
    "gpsLongitude": 8.475893385294542, 
    "outsideTemperature": 23.0, 
    "speed": 6.0930625, 
    "yawRate": -0.023955753221636088
}