{
    "gpsHeading": 164, 
    "gpsLatitude": 49.501722186658846, 
    "gpsLongitude": 8.470670621426205, 
    "outsideTemperature": 18.5, 
    "speed": 8.4371875, 
    "yawRate": -0.009224968333405113
}