{
    "gpsHeading": 21, 
    "gpsLatitude": 49.48282661087433, 
    "gpsLongitude": 8.487982855700949, 
    "outsideTemperature": 16.5, 
    "speed": 4.8295625, 
    "yawRate": -0.01183831512638453
}