{
    "gpsHeading": 33, 
    "gpsLatitude": 49.482466105218776, 
    "gpsLongitude": 8.472854442479411, 
    "outsideTemperature": 19.0, 
    "speed": 6.81625, 
    "yawRate": -0.0064340823266118155
}