{
    "gpsHeading": 310, 
    "gpsLatitude": 49.49309167623566, 
    "gpsLongitude": 8.465213667183153, 
    "outsideTemperature": 18.0, 
    "speed": 5.8769375, 
    "yawRate": -0.0014029535762229194
}