{
    "gpsHeading": 216, 
    "gpsLatitude": 49.48920414954309, 
    "gpsLongitude": 8.464076997293597, 
    "outsideTemperature": 25.0, 
    "speed": 5.835375, 
    "yawRate": -0.022643034352026897
}