{
    "gpsHeading": 31, 
    "gpsLatitude": 49.48355164549897, 
    "gpsLongitude": 8.474035871731937, 
    "outsideTemperature": 18.0, 
    "speed": 5.669125, 
    "yawRate": -0.12396057050290388
}