{
    "gpsHeading": 254, 
    "gpsLatitude": 49.48427106424848, 
    "gpsLongitude": 8.483607502243617, 
    "outsideTemperature": 15.5, 
    "speed": 5.81875, 
    "yawRate": -0.13994300021147366
}