{
    "gpsHeading": 89, 
    "gpsLatitude": 49.49382165618318, 
    "gpsLongitude": 8.466698102235464, 
    "outsideTemperature": 22.0, 
    "speed": 3.0506875000000004, 
    "yawRate": -0.0022068866901905028
}