{
    "gpsHeading": 233, 
    "gpsLatitude": 49.485021915134894, 
    "gpsLongitude": 8.474888646560974, 
    "outsideTemperature": 23.0, 
    "speed": 5.004125, 
    "yawRate": 0.034485731869643044
}