{
    "gpsHeading": 339, 
    "gpsLatitude": 49.47762639432554, 
    "gpsLongitude": 8.476106704730357, 
    "outsideTemperature": 21.0, 
    "speed": 0.0, 
    "yawRate": -5.493389594031137e-05
}