{
    "gpsHeading": 53, 
    "gpsLatitude": 49.47819250806598, 
    "gpsLongitude": 8.477207835350466, 
    "outsideTemperature": 23.0, 
    "speed": 2.0864375, 
    "yawRate": 0.10297645130439921
}