{
    "gpsHeading": 304, 
    "gpsLatitude": 49.48416444644011, 
    "gpsLongitude": 8.469451725066502, 
    "outsideTemperature": 19.5, 
    "speed": 1.1388125, 
    "yawRate": -0.011060283405153068
}