{
    "gpsHeading": 99, 
    "gpsLatitude": 49.49263829909293, 
    "gpsLongitude": 8.471728333787851, 
    "outsideTemperature": 19.5, 
    "speed": 9.526125, 
    "yawRate": -0.07353951984984514
}