{
    "gpsHeading": 208, 
    "gpsLatitude": 49.48342465966587, 
    "gpsLongitude": 8.473358362498317, 
    "outsideTemperature": 18.5, 
    "speed": 9.07725, 
    "yawRate": -0.03879105186358704
}