{
    "gpsHeading": 320, 
    "gpsLatitude": 49.47929246521963, 
    "gpsLongitude": 8.474353629681302, 
    "outsideTemperature": 18.0, 
    "speed": 10.1163125, 
    "yawRate": 0.003165228559357033
}