{
    "gpsHeading": 162, 
    "gpsLatitude": 49.49782166801634, 
    "gpsLongitude": 8.472108956011038, 
    "outsideTemperature": 16.5, 
    "speed": 6.0764375, 
    "yawRate": -0.01969694384537131
}