{
    "gpsHeading": 297, 
    "gpsLatitude": 49.485580820438614, 
    "gpsLongitude": 8.485450012199546, 
    "outsideTemperature": 16.5, 
    "speed": 10.739749999999999, 
    "yawRate": -0.0020619893039243572
}