{
    "gpsHeading": 318, 
    "gpsLatitude": 49.47987224146225, 
    "gpsLongitude": 8.473665056335495, 
    "outsideTemperature": 18.0, 
    "speed": 9.14375, 
    "yawRate": 0.020793054004499305
}