{
    "gpsHeading": 140, 
    "gpsLatitude": 49.479406626740875, 
    "gpsLongitude": 8.473899246710173, 
    "outsideTemperature": 21.5, 
    "speed": 13.657437500000002, 
    "yawRate": -0.0037625326216995285
}