{
    "gpsHeading": 138, 
    "gpsLatitude": 49.4802538695138, 
    "gpsLongitude": 8.472863914030027, 
    "outsideTemperature": 19.5, 
    "speed": 11.088875, 
    "yawRate": -0.012418027123532115
}