{
    "gpsHeading": 299, 
    "gpsLatitude": 49.48431247085016, 
    "gpsLongitude": 8.469111419797606, 
    "outsideTemperature": 27.0, 
    "speed": 0.11637499999999999, 
    "yawRate": -0.0015579655539124464
}