{
    "gpsHeading": 209, 
    "gpsLatitude": 49.484379106980406, 
    "gpsLongitude": 8.474341727378798, 
    "outsideTemperature": 19.0, 
    "speed": 9.576, 
    "yawRate": -0.004757131449698389
}