{
    "gpsHeading": 136, 
    "gpsLatitude": 49.50206022881389, 
    "gpsLongitude": 8.468226123184262, 
    "outsideTemperature": 18.0, 
    "speed": 4.1978125, 
    "yawRate": 0.2306074061091358
}