{
    "gpsHeading": 4, 
    "gpsLatitude": 49.483475286361056, 
    "gpsLongitude": 8.478192289878361, 
    "outsideTemperature": 22.0, 
    "speed": 3.2834375000000002, 
    "yawRate": 0.03927957673152536
}