{
    "gpsHeading": 117, 
    "gpsLatitude": 49.483502779003466, 
    "gpsLongitude": 8.4744608342229, 
    "outsideTemperature": 17.5, 
    "speed": 5.037375, 
    "yawRate": -0.002485654564099953
}