{
    "gpsHeading": 177, 
    "gpsLatitude": 49.488568549825345, 
    "gpsLongitude": 8.475868658680186, 
    "outsideTemperature": 17.0, 
    "speed": 10.091375000000001, 
    "yawRate": 0.0069201586670923285
}