{
    "gpsHeading": 36, 
    "gpsLatitude": 49.48250415905919, 
    "gpsLongitude": 8.481483360340992, 
    "outsideTemperature": 18.5, 
    "speed": 7.198625000000001, 
    "yawRate": 0.003400186073395795
}