{
    "gpsHeading": 212, 
    "gpsLatitude": 49.483913827535176, 
    "gpsLongitude": 8.47385892975592, 
    "outsideTemperature": 19.0, 
    "speed": 9.80875, 
    "yawRate": 0.010776298893050644
}