{
    "gpsHeading": 292, 
    "gpsLatitude": 49.49527776040274, 
    "gpsLongitude": 8.478584479127923, 
    "outsideTemperature": 17.5, 
    "speed": 8.362375, 
    "yawRate": 0.0018394197468115285
}