{
    "gpsHeading": 209, 
    "gpsLatitude": 49.49429607190288, 
    "gpsLongitude": 8.472164779486192, 
    "outsideTemperature": 18.5, 
    "speed": 5.893562500000001, 
    "yawRate": 0.002207645999170335
}