{
    "gpsHeading": 291, 
    "gpsLatitude": 49.481115780617294, 
    "gpsLongitude": 8.471547787593469, 
    "outsideTemperature": 28.0, 
    "speed": 7.6724375, 
    "yawRate": -0.0016439371734605092
}