{
    "gpsHeading": 298, 
    "gpsLatitude": 49.481414176370315, 
    "gpsLongitude": 8.47085141907768, 
    "outsideTemperature": 25.5, 
    "speed": 5.843687500000001, 
    "yawRate": 0.05577739521715232
}