{
    "gpsHeading": 110, 
    "gpsLatitude": 49.49380690403359, 
    "gpsLongitude": 8.467121975079014, 
    "outsideTemperature": 21.5, 
    "speed": 8.1046875, 
    "yawRate": -0.0406041302340649
}