{
    "gpsHeading": 8, 
    "gpsLatitude": 49.48074580341116, 
    "gpsLongitude": 8.469396991238758, 
    "outsideTemperature": 29.0, 
    "speed": 5.5278125000000005, 
    "yawRate": -0.019218624219054226
}