{
    "gpsHeading": 81, 
    "gpsLatitude": 49.493850825206216, 
    "gpsLongitude": 8.463552290154826, 
    "outsideTemperature": 18.5, 
    "speed": 9.725625, 
    "yawRate": -0.052017501884057224
}