{
    "gpsHeading": 30, 
    "gpsLatitude": 49.49493192307773, 
    "gpsLongitude": 8.472888053911163, 
    "outsideTemperature": 18.0, 
    "speed": 8.628375, 
    "yawRate": -0.05569496030795746
}