{
    "gpsHeading": 299, 
    "gpsLatitude": 49.49639272116308, 
    "gpsLongitude": 8.47528645168566, 
    "outsideTemperature": 18.0, 
    "speed": 3.6159375000000002, 
    "yawRate": 0.01266046110917627
}