{
    "gpsHeading": 143, 
    "gpsLatitude": 49.474361894495964, 
    "gpsLongitude": 8.481926427742838, 
    "outsideTemperature": 19.0, 
    "speed": 3.9816875, 
    "yawRate": 0.005063480267518745
}