{
    "gpsHeading": 2, 
    "gpsLatitude": 49.48124720885907, 
    "gpsLongitude": 8.47858338948051, 
    "outsideTemperature": 19.0, 
    "speed": 6.309187500000001, 
    "yawRate": 0.008700456825598559
}