{
    "gpsHeading": 160, 
    "gpsLatitude": 49.50028108604596, 
    "gpsLongitude": 8.47120639267716, 
    "outsideTemperature": 17.0, 
    "speed": 5.652500000000001, 
    "yawRate": -0.13488867447699454
}