{
    "gpsHeading": 325, 
    "gpsLatitude": 49.483504120107966, 
    "gpsLongitude": 8.482175621724227, 
    "outsideTemperature": 16.5, 
    "speed": 8.329125, 
    "yawRate": 0.04162289669207093
}