{
    "gpsHeading": 213, 
    "gpsLatitude": 49.48132415473022, 
    "gpsLongitude": 8.478368058387936, 
    "outsideTemperature": 17.0, 
    "speed": 8.395625, 
    "yawRate": -0.019748409981908452
}