{
    "gpsHeading": 136, 
    "gpsLatitude": 49.47727779097249, 
    "gpsLongitude": 8.483995584360592, 
    "outsideTemperature": 15.0, 
    "speed": 9.825375000000001, 
    "yawRate": 0.036910507711686635
}