{
    "gpsHeading": 210, 
    "gpsLatitude": 49.48511663064079, 
    "gpsLongitude": 8.48387924354454, 
    "outsideTemperature": 16.5, 
    "speed": 3.7156875000000005, 
    "yawRate": 0.11731853153248632
}