{
    "gpsHeading": 109, 
    "gpsLatitude": 49.49511305600535, 
    "gpsLongitude": 8.478072847758133, 
    "outsideTemperature": 16.5, 
    "speed": 2.9010625, 
    "yawRate": -0.02829329105164707
}