{
    "gpsHeading": 231, 
    "gpsLatitude": 49.47701577267923, 
    "gpsLongitude": 8.478721187968716, 
    "outsideTemperature": 15.5, 
    "speed": 7.248500000000001, 
    "yawRate": 0.010103732265044622
}