{
    "gpsHeading": 312, 
    "gpsLatitude": 49.4841393845496, 
    "gpsLongitude": 8.46950863818907, 
    "outsideTemperature": 20.0, 
    "speed": 4.95425, 
    "yawRate": -0.006804454666055832
}