{
    "gpsHeading": 111, 
    "gpsLatitude": 49.483104973878774, 
    "gpsLongitude": 8.466017826973763, 
    "outsideTemperature": 23.0, 
    "speed": 8.0465, 
    "yawRate": -0.04226315733263528
}