{
    "gpsHeading": 210, 
    "gpsLatitude": 49.49349551633063, 
    "gpsLongitude": 8.47143840375705, 
    "outsideTemperature": 21.5, 
    "speed": 5.3449375, 
    "yawRate": -0.1365460295343763
}