{
    "gpsHeading": 45, 
    "gpsLatitude": 49.48041999883472, 
    "gpsLongitude": 8.476562512625025, 
    "outsideTemperature": 20.0, 
    "speed": 3.5328125, 
    "yawRate": -0.018177613655114017
}