{
    "gpsHeading": 22, 
    "gpsLatitude": 49.48267942465459, 
    "gpsLongitude": 8.487848912888204, 
    "outsideTemperature": 16.5, 
    "speed": 6.774687500000001, 
    "yawRate": -0.0038098005672101147
}