{
    "gpsHeading": 0, 
    "gpsLatitude": 49.48223417795794, 
    "gpsLongitude": 8.481242799719869, 
    "outsideTemperature": 19.5, 
    "speed": 7.639187500000001, 
    "yawRate": -0.0023594004581851172
}