{
    "gpsHeading": 141, 
    "gpsLatitude": 49.47930855847373, 
    "gpsLongitude": 8.474017263906896, 
    "outsideTemperature": 21.5, 
    "speed": 14.039812500000002, 
    "yawRate": 0.0063603770398681266
}