{
    "gpsHeading": 124, 
    "gpsLatitude": 49.48238832115731, 
    "gpsLongitude": 8.47941588010384, 
    "outsideTemperature": 17.0, 
    "speed": 4.5469375, 
    "yawRate": -0.49412890067395937
}