{
    "gpsHeading": 34, 
    "gpsLatitude": 49.47621722876376, 
    "gpsLongitude": 8.488291393556826, 
    "outsideTemperature": 19.5, 
    "speed": 7.780500000000001, 
    "yawRate": 0.20392415684899448
}