{
    "gpsHeading": 320, 
    "gpsLatitude": 49.493195528015995, 
    "gpsLongitude": 8.464952235623134, 
    "outsideTemperature": 18.0, 
    "speed": 4.5968125, 
    "yawRate": 0.012734213364930951
}