{
    "gpsHeading": 182, 
    "gpsLatitude": 49.48728444225894, 
    "gpsLongitude": 8.47587226289855, 
    "outsideTemperature": 21.0, 
    "speed": 10.6316875, 
    "yawRate": -0.016276304512861207
}