{
    "gpsHeading": 306, 
    "gpsLatitude": 49.49282638900018, 
    "gpsLongitude": 8.46585479895701, 
    "outsideTemperature": 18.5, 
    "speed": 5.2451875, 
    "yawRate": -0.007686138883402638
}