{
    "gpsHeading": 194, 
    "gpsLatitude": 49.4940846803048, 
    "gpsLongitude": 8.47197199571315, 
    "outsideTemperature": 19.5, 
    "speed": 1.7206875000000001, 
    "yawRate": -0.07231791306098596
}