{
    "gpsHeading": 309, 
    "gpsLatitude": 49.4808504933818, 
    "gpsLongitude": 8.478217854683034, 
    "outsideTemperature": 19.0, 
    "speed": 4.0648125, 
    "yawRate": 0.0013700739672222201
}