{
    "gpsHeading": 32, 
    "gpsLatitude": 49.48333556003512, 
    "gpsLongitude": 8.488446961679756, 
    "outsideTemperature": 17.0, 
    "speed": 7.049, 
    "yawRate": -0.027895344244731377
}