{
    "gpsHeading": 321, 
    "gpsLatitude": 49.4803769158524, 
    "gpsLongitude": 8.473025852399367, 
    "outsideTemperature": 37.0, 
    "speed": 2.3108750000000002, 
    "yawRate": -0.016130169965012923
}