{
    "gpsHeading": 95, 
    "gpsLatitude": 49.493855519072, 
    "gpsLongitude": 8.465761424555645, 
    "outsideTemperature": 18.5, 
    "speed": 10.5984375, 
    "yawRate": -0.0019265523518207331
}