{
    "gpsHeading": 276, 
    "gpsLatitude": 49.49535805903516, 
    "gpsLongitude": 8.477988944907318, 
    "outsideTemperature": 17.5, 
    "speed": 9.5510625, 
    "yawRate": -0.042666476179043324
}