{
    "gpsHeading": 137, 
    "gpsLatitude": 49.48013660668838, 
    "gpsLongitude": 8.473007831307516, 
    "outsideTemperature": 19.0, 
    "speed": 11.1138125, 
    "yawRate": -0.0036913808635606147
}