{
    "gpsHeading": 293, 
    "gpsLatitude": 49.48547495700151, 
    "gpsLongitude": 8.485722004957562, 
    "outsideTemperature": 16.5, 
    "speed": 11.438, 
    "yawRate": -0.0015383905283255514
}