{
    "gpsHeading": 290, 
    "gpsLatitude": 49.48511243968918, 
    "gpsLongitude": 8.486656168066428, 
    "outsideTemperature": 17.0, 
    "speed": 10.93925, 
    "yawRate": -0.0111377014142944
}