{
    "gpsHeading": 140, 
    "gpsLatitude": 49.479599159056804, 
    "gpsLongitude": 8.473667570906448, 
    "outsideTemperature": 22.0, 
    "speed": 13.6075625, 
    "yawRate": 0.0023461197602809183
}