{
    "gpsHeading": 0, 
    "gpsLatitude": 49.48735300622689, 
    "gpsLongitude": 8.471444522546363, 
    "outsideTemperature": 19.0, 
    "speed": 4.522, 
    "yawRate": -0.05688851311927204
}