{
    "gpsHeading": 302, 
    "gpsLatitude": 49.48659494690375, 
    "gpsLongitude": 8.471350896687905, 
    "outsideTemperature": 21.0, 
    "speed": 5.062312500000001, 
    "yawRate": 9.220495741985111e-06
}