{
    "gpsHeading": 206, 
    "gpsLatitude": 49.49680494316122, 
    "gpsLongitude": 8.47210618998299, 
    "outsideTemperature": 23.5, 
    "speed": 7.98, 
    "yawRate": 0.01746583694501174
}