{
    "gpsHeading": 321, 
    "gpsLatitude": 49.49525328524546, 
    "gpsLongitude": 8.478766953160035, 
    "outsideTemperature": 17.5, 
    "speed": 6.5918125000000005, 
    "yawRate": 0.19155670943859202
}