{
    "gpsHeading": 119, 
    "gpsLatitude": 49.48106439955082, 
    "gpsLongitude": 8.471283338548307, 
    "outsideTemperature": 28.5, 
    "speed": 9.559375, 
    "yawRate": 0.030271387792190116
}