{
    "gpsHeading": 125, 
    "gpsLatitude": 49.48054606265849, 
    "gpsLongitude": 8.472478095026876, 
    "outsideTemperature": 19.5, 
    "speed": 10.2493125, 
    "yawRate": -0.07367908386853189
}