{
    "gpsHeading": 35, 
    "gpsLatitude": 49.49198023587467, 
    "gpsLongitude": 8.459021452393598, 
    "outsideTemperature": 20.5, 
    "speed": 7.6475, 
    "yawRate": -0.040695594955077116
}