{
    "gpsHeading": 141, 
    "gpsLatitude": 49.47859165429517, 
    "gpsLongitude": 8.47489920775897, 
    "outsideTemperature": 20.5, 
    "speed": 14.846125, 
    "yawRate": 0.001647988059482841
}