{
    "gpsHeading": 298, 
    "gpsLatitude": 49.481986660357165, 
    "gpsLongitude": 8.46940730097966, 
    "outsideTemperature": 19.0, 
    "speed": 5.0456875000000005, 
    "yawRate": -0.045094203819041716
}