{
    "gpsHeading": 129, 
    "gpsLatitude": 49.49330306783374, 
    "gpsLongitude": 8.470214478255443, 
    "outsideTemperature": 25.0, 
    "speed": 5.411437500000001, 
    "yawRate": -0.0467937811227857
}