{
    "gpsHeading": 331, 
    "gpsLatitude": 49.49786550536995, 
    "gpsLongitude": 8.4705361756993, 
    "outsideTemperature": 19.0, 
    "speed": 7.414750000000001, 
    "yawRate": 0.006648530460130572
}