{
    "gpsHeading": 292, 
    "gpsLatitude": 49.487891124410744, 
    "gpsLongitude": 8.467962512329388, 
    "outsideTemperature": 21.0, 
    "speed": 5.0290625, 
    "yawRate": 0.005284408790400175
}