{
    "gpsHeading": 151, 
    "gpsLatitude": 49.475368561067285, 
    "gpsLongitude": 8.481138109749224, 
    "outsideTemperature": 18.5, 
    "speed": 8.1711875, 
    "yawRate": 0.008554138771508138
}