{
    "gpsHeading": 284, 
    "gpsLatitude": 49.48023216038458, 
    "gpsLongitude": 8.469713408083619, 
    "outsideTemperature": 28.0, 
    "speed": 7.531125, 
    "yawRate": -0.007244619861110749
}