{
    "gpsHeading": 335, 
    "gpsLatitude": 49.49057945221606, 
    "gpsLongitude": 8.466297279625634, 
    "outsideTemperature": 29.5, 
    "speed": 1.8453750000000002, 
    "yawRate": 0.188018206363685
}