{
    "gpsHeading": 300, 
    "gpsLatitude": 49.481825560178144, 
    "gpsLongitude": 8.481686956769128, 
    "outsideTemperature": 16.0, 
    "speed": 6.766375, 
    "yawRate": -0.04534615475338233
}