{
    "gpsHeading": 28, 
    "gpsLatitude": 49.492724381238524, 
    "gpsLongitude": 8.459844220009247, 
    "outsideTemperature": 19.5, 
    "speed": 7.2734375, 
    "yawRate": -0.15466559511030442
}