{
    "gpsHeading": 347, 
    "gpsLatitude": 49.48558191008602, 
    "gpsLongitude": 8.473977282228734, 
    "outsideTemperature": 29.0, 
    "speed": 2.3025625, 
    "yawRate": -0.07940326046999788
}