{
    "gpsHeading": 89, 
    "gpsLatitude": 49.493844957873996, 
    "gpsLongitude": 8.466057221918701, 
    "outsideTemperature": 18.5, 
    "speed": 10.457125, 
    "yawRate": 0.01570127309332154
}