{
    "gpsHeading": 222, 
    "gpsLatitude": 49.48101360521758, 
    "gpsLongitude": 8.47582004364176, 
    "outsideTemperature": 19.5, 
    "speed": 5.75225, 
    "yawRate": -0.018875745355911102
}