{
    "gpsHeading": 30, 
    "gpsLatitude": 49.48298695668207, 
    "gpsLongitude": 8.477944520820511, 
    "outsideTemperature": 15.5, 
    "speed": 5.3283125, 
    "yawRate": -0.028758492947853372
}