{
    "gpsHeading": 298, 
    "gpsLatitude": 49.49870553970615, 
    "gpsLongitude": 8.467938372448252, 
    "outsideTemperature": 17.5, 
    "speed": 7.389812500000001, 
    "yawRate": -0.007663169406222569
}