{
    "gpsHeading": 30, 
    "gpsLatitude": 49.48244665920341, 
    "gpsLongitude": 8.469515008435481, 
    "outsideTemperature": 20.0, 
    "speed": 5.361562500000001, 
    "yawRate": 0.018610313878749833
}