{
    "gpsHeading": 120, 
    "gpsLatitude": 49.48260968722017, 
    "gpsLongitude": 8.478836690594454, 
    "outsideTemperature": 17.0, 
    "speed": 8.811250000000001, 
    "yawRate": -0.0010733869855695617
}