{
    "gpsHeading": 29, 
    "gpsLatitude": 49.49407889679161, 
    "gpsLongitude": 8.472095628784993, 
    "outsideTemperature": 18.0, 
    "speed": 10.7065, 
    "yawRate": 0.004344365960646419
}