{
    "gpsHeading": 200, 
    "gpsLatitude": 49.49632499538542, 
    "gpsLongitude": 8.471727579416566, 
    "outsideTemperature": 21.5, 
    "speed": 8.7364375, 
    "yawRate": -0.006445173807310249
}