{
    "gpsHeading": 204, 
    "gpsLatitude": 49.49379751630203, 
    "gpsLongitude": 8.471712827266984, 
    "outsideTemperature": 22.0, 
    "speed": 7.3233125, 
    "yawRate": 0.005174705727560923
}