{
    "gpsHeading": 249, 
    "gpsLatitude": 49.47489967740368, 
    "gpsLongitude": 8.4826536416623, 
    "outsideTemperature": 15.5, 
    "speed": 6.9575625, 
    "yawRate": -0.007873159030496193
}