{
    "gpsHeading": 225, 
    "gpsLatitude": 49.48100304401959, 
    "gpsLongitude": 8.478062286560105, 
    "outsideTemperature": 16.5, 
    "speed": 3.7239999999999998, 
    "yawRate": 0.012714714105185765
}