{
    "gpsHeading": 126, 
    "gpsLatitude": 49.49223471045505, 
    "gpsLongitude": 8.472997856842742, 
    "outsideTemperature": 18.5, 
    "speed": 11.7705, 
    "yawRate": -0.023972169093207457
}