{
    "gpsHeading": 139, 
    "gpsLatitude": 49.47869885883677, 
    "gpsLongitude": 8.474765851679443, 
    "outsideTemperature": 20.5, 
    "speed": 15.012375, 
    "yawRate": 0.00793117336666256
}