{
    "gpsHeading": 318, 
    "gpsLatitude": 49.500703031051785, 
    "gpsLongitude": 8.464484190149838, 
    "outsideTemperature": 17.5, 
    "speed": 6.749750000000001, 
    "yawRate": -0.009898964815679269
}