{
    "gpsHeading": 285, 
    "gpsLatitude": 49.48425580918471, 
    "gpsLongitude": 8.469241171658734, 
    "outsideTemperature": 20.0, 
    "speed": 3.99, 
    "yawRate": 0.019200951188659398
}