{
    "gpsHeading": 301, 
    "gpsLatitude": 49.495645809771155, 
    "gpsLongitude": 8.477039442915684, 
    "outsideTemperature": 17.5, 
    "speed": 9.842, 
    "yawRate": -0.01212321426914307
}