{
    "gpsHeading": 300, 
    "gpsLatitude": 49.48891748845451, 
    "gpsLongitude": 8.46527058030572, 
    "outsideTemperature": 24.5, 
    "speed": 5.453, 
    "yawRate": -0.03365024277369883
}