{
    "gpsHeading": 187, 
    "gpsLatitude": 49.486566364613935, 
    "gpsLongitude": 8.475741169932881, 
    "outsideTemperature": 19.5, 
    "speed": 9.9001875, 
    "yawRate": -0.014530975260866509
}