{
    "gpsHeading": 295, 
    "gpsLatitude": 49.489014383255224, 
    "gpsLongitude": 8.465020045219825, 
    "outsideTemperature": 24.0, 
    "speed": 3.6325625, 
    "yawRate": -0.3657863994282146
}