{
    "gpsHeading": 349, 
    "gpsLatitude": 49.48367133907631, 
    "gpsLongitude": 8.478180890490048, 
    "outsideTemperature": 21.0, 
    "speed": 3.4496875000000005, 
    "yawRate": 0.04783169006629759
}