{
    "gpsHeading": 147, 
    "gpsLatitude": 49.47676582432655, 
    "gpsLongitude": 8.484958078302176, 
    "outsideTemperature": 15.0, 
    "speed": 0.881125, 
    "yawRate": 0.0063672458017863835
}