{
    "gpsHeading": 292, 
    "gpsLatitude": 49.4849622359843, 
    "gpsLongitude": 8.47561611193753, 
    "outsideTemperature": 24.0, 
    "speed": 7.2568125, 
    "yawRate": 0.07654816684270513
}