{
    "gpsHeading": 22, 
    "gpsLatitude": 49.484514977630866, 
    "gpsLongitude": 8.47483835514191, 
    "outsideTemperature": 17.0, 
    "speed": 7.6059375000000005, 
    "yawRate": -0.0819844728005338
}