{
    "gpsHeading": 298, 
    "gpsLatitude": 49.48135055772523, 
    "gpsLongitude": 8.482944493702451, 
    "outsideTemperature": 15.5, 
    "speed": 10.756375, 
    "yawRate": 0.008235453282842569
}