{
    "gpsHeading": 39, 
    "gpsLatitude": 49.50192326851601, 
    "gpsLongitude": 8.4673194527178, 
    "outsideTemperature": 18.5, 
    "speed": 7.015750000000001, 
    "yawRate": 0.003365537499477253
}