{
    "gpsHeading": 93, 
    "gpsLatitude": 49.493834145218905, 
    "gpsLongitude": 8.466347822501758, 
    "outsideTemperature": 18.5, 
    "speed": 10.108, 
    "yawRate": 0.009069021935743278
}