{
    "gpsHeading": 0, 
    "gpsLatitude": 49.48217860593987, 
    "gpsLongitude": 8.468437850058443, 
    "outsideTemperature": 21.5, 
    "speed": 11.820375000000002, 
    "yawRate": 0.005558864172008699
}