{
    "gpsHeading": 291, 
    "gpsLatitude": 49.49044609613654, 
    "gpsLongitude": 8.461417000321017, 
    "outsideTemperature": 23.0, 
    "speed": 8.7198125, 
    "yawRate": 0.018994665463128228
}