{
    "gpsHeading": 148, 
    "gpsLatitude": 49.4795355404117, 
    "gpsLongitude": 8.481159232145217, 
    "outsideTemperature": 15.5, 
    "speed": 7.1238125000000005, 
    "yawRate": -0.010387915017359533
}