{
    "gpsHeading": 53, 
    "gpsLatitude": 49.47943194008847, 
    "gpsLongitude": 8.474657222214308, 
    "outsideTemperature": 18.5, 
    "speed": 7.539437500000001, 
    "yawRate": 0.02946987492433069
}