{
    "gpsHeading": 215, 
    "gpsLatitude": 49.48776723988182, 
    "gpsLongitude": 8.470661401332716, 
    "outsideTemperature": 21.5, 
    "speed": 1.579375, 
    "yawRate": 0.006816004578520509
}