{
    "gpsHeading": 265, 
    "gpsLatitude": 49.48434583082479, 
    "gpsLongitude": 8.469017542482051, 
    "outsideTemperature": 30.0, 
    "speed": 1.479625, 
    "yawRate": 0.001699178581901304
}