{
    "gpsHeading": 122, 
    "gpsLatitude": 49.48293104938791, 
    "gpsLongitude": 8.46645896653788, 
    "outsideTemperature": 22.5, 
    "speed": 8.927625, 
    "yawRate": 0.013063779955584309
}