{
    "gpsHeading": 214, 
    "gpsLatitude": 49.48888806797438, 
    "gpsLongitude": 8.463787234900824, 
    "outsideTemperature": 24.0, 
    "speed": 3.0257500000000004, 
    "yawRate": 0.01819767014463929
}