{
    "gpsHeading": 258, 
    "gpsLatitude": 49.48304110377659, 
    "gpsLongitude": 8.472352282660205, 
    "outsideTemperature": 20.0, 
    "speed": 5.403125, 
    "yawRate": -0.011167777796041582
}