{
    "gpsHeading": 296, 
    "gpsLatitude": 49.49845634572476, 
    "gpsLongitude": 8.468690061525006, 
    "outsideTemperature": 18.0, 
    "speed": 8.2376875, 
    "yawRate": -0.008884899882618461
}