{
    "gpsHeading": 299, 
    "gpsLatitude": 49.481643002327004, 
    "gpsLongitude": 8.470301398591365, 
    "outsideTemperature": 27.5, 
    "speed": 3.0008125000000003, 
    "yawRate": 0.5819941646934345
}