{
    "gpsHeading": 118, 
    "gpsLatitude": 49.48051639072125, 
    "gpsLongitude": 8.472519753085638, 
    "outsideTemperature": 24.5, 
    "speed": 10.490375, 
    "yawRate": -0.07130677467387903
}