{
    "gpsHeading": 335, 
    "gpsLatitude": 49.47925969197821, 
    "gpsLongitude": 8.488331459053986, 
    "outsideTemperature": 22.0, 
    "speed": 8.786312500000001, 
    "yawRate": 0.036507305153858256
}