{
    "gpsHeading": 318, 
    "gpsLatitude": 49.480066953073006, 
    "gpsLongitude": 8.473417790191803, 
    "outsideTemperature": 28.0, 
    "speed": 6.5751875, 
    "yawRate": -0.06316267951143927
}