{
    "gpsHeading": 91, 
    "gpsLatitude": 49.49502194471784, 
    "gpsLongitude": 8.478352551867067, 
    "outsideTemperature": 17.5, 
    "speed": 5.9268125000000005, 
    "yawRate": 0.08544069091733886
}