{
    "gpsHeading": 318, 
    "gpsLatitude": 49.48154862209726, 
    "gpsLongitude": 8.470528967262538, 
    "outsideTemperature": 25.5, 
    "speed": 1.5128750000000002, 
    "yawRate": -0.0016439371734605092
}