{
    "gpsHeading": 140, 
    "gpsLatitude": 49.4783805141542, 
    "gpsLongitude": 8.475161980423495, 
    "outsideTemperature": 20.0, 
    "speed": 14.081375000000001, 
    "yawRate": 0.005836778264269321
}