{
    "gpsHeading": 30, 
    "gpsLatitude": 49.49328412473256, 
    "gpsLongitude": 8.460925904613998, 
    "outsideTemperature": 20.5, 
    "speed": 10.290875, 
    "yawRate": -0.039800197120097316
}