{
    "gpsHeading": 0, 
    "gpsLatitude": 49.48163411750964, 
    "gpsLongitude": 8.469856151894694, 
    "outsideTemperature": 20.5, 
    "speed": 11.7705, 
    "yawRate": 0.006431528798006047
}