{
    "gpsHeading": 98, 
    "gpsLatitude": 49.49381444774644, 
    "gpsLongitude": 8.466910080566736, 
    "outsideTemperature": 21.5, 
    "speed": 5.9517500000000005, 
    "yawRate": -0.0008106232885943486
}