{
    "gpsHeading": 25, 
    "gpsLatitude": 49.48236946187517, 
    "gpsLongitude": 8.487570633702807, 
    "outsideTemperature": 17.0, 
    "speed": 8.0215625, 
    "yawRate": 0.014167090728330702
}