{
    "gpsHeading": 210, 
    "gpsLatitude": 49.48181189767597, 
    "gpsLongitude": 8.478823614825506, 
    "outsideTemperature": 16.0, 
    "speed": 3.8653125000000004, 
    "yawRate": 0.047382483223651836
}