{
    "gpsHeading": 218, 
    "gpsLatitude": 49.4763857888366, 
    "gpsLongitude": 8.48546920675781, 
    "outsideTemperature": 15.0, 
    "speed": 6.5419375, 
    "yawRate": 0.037505401521355015
}