{
    "gpsHeading": 3, 
    "gpsLatitude": 49.485023591515535, 
    "gpsLongitude": 8.469298671514524, 
    "outsideTemperature": 19.0, 
    "speed": 2.9675625, 
    "yawRate": 0.005063784247505528
}