{
    "gpsHeading": 321, 
    "gpsLatitude": 49.477586328828366, 
    "gpsLongitude": 8.476447009999253, 
    "outsideTemperature": 20.0, 
    "speed": 1.6043125, 
    "yawRate": -0.0028892478000658037
}