{
    "gpsHeading": 209, 
    "gpsLatitude": 49.485580820438614, 
    "gpsLongitude": 8.464161151601473, 
    "outsideTemperature": 24.0, 
    "speed": 7.4230625, 
    "yawRate": -0.03565086741077747
}