{
    "gpsHeading": 193, 
    "gpsLatitude": 49.48621943764151, 
    "gpsLongitude": 8.475588619295126, 
    "outsideTemperature": 19.0, 
    "speed": 9.542750000000002, 
    "yawRate": -0.006676993626892357
}