{
    "gpsHeading": 81, 
    "gpsLatitude": 49.497580017747815, 
    "gpsLongitude": 8.472195289613737, 
    "outsideTemperature": 28.0, 
    "speed": 0.0, 
    "yawRate": 0.0004694463214382819
}