{
    "gpsHeading": 215, 
    "gpsLatitude": 49.48145440950556, 
    "gpsLongitude": 8.48437587130765, 
    "outsideTemperature": 15.0, 
    "speed": 6.8578125, 
    "yawRate": 0.016787566617614796
}