{
    "gpsHeading": 137, 
    "gpsLatitude": 49.48449025101652, 
    "gpsLongitude": 8.471833610491752, 
    "outsideTemperature": 17.0, 
    "speed": 3.1753750000000003, 
    "yawRate": -0.007982512515975305
}