{
    "gpsHeading": 55, 
    "gpsLatitude": 49.48275637052574, 
    "gpsLongitude": 8.469797562391493, 
    "outsideTemperature": 20.0, 
    "speed": 2.4272500000000004, 
    "yawRate": 0.02122830775674188
}