{
    "gpsHeading": 53, 
    "gpsLatitude": 49.49318940922668, 
    "gpsLongitude": 8.460687858563826, 
    "outsideTemperature": 21.0, 
    "speed": 9.94175, 
    "yawRate": -0.03613500569090965
}