{
    "gpsHeading": 22, 
    "gpsLatitude": 49.4875119271111, 
    "gpsLongitude": 8.471588942738075, 
    "outsideTemperature": 19.0, 
    "speed": 4.671625000000001, 
    "yawRate": 0.026538225126056022
}