{
    "gpsHeading": 300, 
    "gpsLatitude": 49.48179220020352, 
    "gpsLongitude": 8.469925889329115, 
    "outsideTemperature": 19.0, 
    "speed": 8.94425, 
    "yawRate": -0.013678277283144122
}