{
    "gpsHeading": 208, 
    "gpsLatitude": 49.49269856497676, 
    "gpsLongitude": 8.466208096175855, 
    "outsideTemperature": 18.5, 
    "speed": 4.8295625, 
    "yawRate": -0.27925937049371574
}