{
    "gpsHeading": 355, 
    "gpsLatitude": 49.48266777380916, 
    "gpsLongitude": 8.47703977819181, 
    "outsideTemperature": 18.5, 
    "speed": 4.7131875, 
    "yawRate": -0.39394700160948637
}