{
    "gpsHeading": 25, 
    "gpsLatitude": 49.481329435329215, 
    "gpsLongitude": 8.47063139411936, 
    "outsideTemperature": 26.0, 
    "speed": 0.0, 
    "yawRate": 0.0006906303391984803
}