{
    "gpsHeading": 137, 
    "gpsLatitude": 49.49276914060148, 
    "gpsLongitude": 8.470990055756204, 
    "outsideTemperature": 21.5, 
    "speed": 7.813750000000001, 
    "yawRate": 0.20069390681000518
}