{
    "gpsHeading": 280, 
    "gpsLatitude": 49.49649271726795, 
    "gpsLongitude": 8.474740873607992, 
    "outsideTemperature": 25.0, 
    "speed": 9.4513125, 
    "yawRate": 0.0031578719561421707
}