{
    "gpsHeading": 0, 
    "gpsLatitude": 49.48135357521037, 
    "gpsLongitude": 8.470570038588113, 
    "outsideTemperature": 20.0, 
    "speed": 11.7705, 
    "yawRate": -0.0042149796391594205
}