{
    "gpsHeading": 358, 
    "gpsLatitude": 49.48123580947076, 
    "gpsLongitude": 8.47403754811257, 
    "outsideTemperature": 18.0, 
    "speed": 4.272625000000001, 
    "yawRate": 0.1756037586563938
}