{
    "gpsHeading": 158, 
    "gpsLatitude": 49.48082358747261, 
    "gpsLongitude": 8.477901437838177, 
    "outsideTemperature": 17.0, 
    "speed": 2.909375, 
    "yawRate": -0.46096764488606706
}