{
    "gpsHeading": 83, 
    "gpsLatitude": 49.47388446129112, 
    "gpsLongitude": 8.485478343032266, 
    "outsideTemperature": 23.5, 
    "speed": 8.985812500000002, 
    "yawRate": 0.04073587178752703
}