{
    "gpsHeading": 117, 
    "gpsLatitude": 49.49564941398952, 
    "gpsLongitude": 8.476458074111441, 
    "outsideTemperature": 16.5, 
    "speed": 11.4961875, 
    "yawRate": 0.009754886641828789
}