{
    "gpsHeading": 31, 
    "gpsLatitude": 49.48326666079102, 
    "gpsLongitude": 8.473620296972525, 
    "outsideTemperature": 18.5, 
    "speed": 8.2709375, 
    "yawRate": 0.007462722172267438
}