{
    "gpsHeading": 113, 
    "gpsLatitude": 49.48275167665996, 
    "gpsLongitude": 8.47846201952252, 
    "outsideTemperature": 17.5, 
    "speed": 8.8528125, 
    "yawRate": 0.04029091628669543
}