{
    "gpsHeading": 209, 
    "gpsLatitude": 49.481961095552485, 
    "gpsLongitude": 8.478958060552443, 
    "outsideTemperature": 16.0, 
    "speed": 7.148750000000001, 
    "yawRate": 0.006541778726985655
}