{
    "gpsHeading": 50, 
    "gpsLatitude": 49.48053550146047, 
    "gpsLongitude": 8.476794775162007, 
    "outsideTemperature": 19.5, 
    "speed": 5.270125000000001, 
    "yawRate": 0.011842049479188417
}