{
    "gpsHeading": 295, 
    "gpsLatitude": 49.491392999738224, 
    "gpsLongitude": 8.458998653616971, 
    "outsideTemperature": 20.5, 
    "speed": 6.375687500000001, 
    "yawRate": -0.02341683536033338
}