{
    "gpsHeading": 48, 
    "gpsLatitude": 49.48092358357749, 
    "gpsLongitude": 8.473717275592254, 
    "outsideTemperature": 17.0, 
    "speed": 6.8079375, 
    "yawRate": 0.005608689512148816
}