{
    "gpsHeading": 210, 
    "gpsLatitude": 49.483461120944675, 
    "gpsLongitude": 8.47339423704389, 
    "outsideTemperature": 21.0, 
    "speed": 6.201125, 
    "yawRate": -0.095467180667366
}