{
    "gpsHeading": 144, 
    "gpsLatitude": 49.491216057762195, 
    "gpsLongitude": 8.47448614757051, 
    "outsideTemperature": 18.5, 
    "speed": 11.562687500000001, 
    "yawRate": 0.005349362340296903
}