{
    "gpsHeading": 24, 
    "gpsLatitude": 49.47491577065777, 
    "gpsLongitude": 8.487189760022526, 
    "outsideTemperature": 20.5, 
    "speed": 11.221875, 
    "yawRate": -0.0015010961107343175
}