{
    "gpsHeading": 290, 
    "gpsLatitude": 49.498618032637, 
    "gpsLongitude": 8.468210616663395, 
    "outsideTemperature": 17.5, 
    "speed": 7.21525, 
    "yawRate": 0.013455314542909097
}