{
    "gpsHeading": 313, 
    "gpsLatitude": 49.48457750662856, 
    "gpsLongitude": 8.487665013932553, 
    "outsideTemperature": 17.5, 
    "speed": 7.94675, 
    "yawRate": -0.01305756359148837
}