{
    "gpsHeading": 30, 
    "gpsLatitude": 49.475594704814945, 
    "gpsLongitude": 8.4877247769022, 
    "outsideTemperature": 20.0, 
    "speed": 8.1213125, 
    "yawRate": -0.005340820465122254
}