{
    "gpsHeading": 106, 
    "gpsLatitude": 49.49379634283559, 
    "gpsLongitude": 8.467520869851112, 
    "outsideTemperature": 21.0, 
    "speed": 8.5868125, 
    "yawRate": -0.0015087549893924258
}