{
    "gpsHeading": 312, 
    "gpsLatitude": 49.49970499784074, 
    "gpsLongitude": 8.466062837793826, 
    "outsideTemperature": 18.5, 
    "speed": 9.359875, 
    "yawRate": -0.0023940490321036597
}