{
    "gpsHeading": 294, 
    "gpsLatitude": 49.48517329230624, 
    "gpsLongitude": 8.466857274576757, 
    "outsideTemperature": 24.0, 
    "speed": 5.8769375, 
    "yawRate": 0.02089780035383801
}