{
    "gpsHeading": 169, 
    "gpsLatitude": 49.488784719108224, 
    "gpsLongitude": 8.475834209058153, 
    "outsideTemperature": 17.0, 
    "speed": 12.06975, 
    "yawRate": -0.01018406800245213
}