{
    "gpsHeading": 173, 
    "gpsLatitude": 49.484542721730385, 
    "gpsLongitude": 8.48521171469228, 
    "outsideTemperature": 16.0, 
    "speed": 3.591, 
    "yawRate": -0.40017159168382427
}