{
    "gpsHeading": 206, 
    "gpsLatitude": 49.48982139289291, 
    "gpsLongitude": 8.464656438260077, 
    "outsideTemperature": 26.0, 
    "speed": 3.9318125000000004, 
    "yawRate": 0.12780434716988184
}