{
    "gpsHeading": 156, 
    "gpsLatitude": 49.49005080558281, 
    "gpsLongitude": 8.475334731447928, 
    "outsideTemperature": 17.5, 
    "speed": 12.518625000000002, 
    "yawRate": -0.01995791181362025
}