{
    "gpsHeading": 53, 
    "gpsLatitude": 49.49320022188178, 
    "gpsLongitude": 8.466667843564979, 
    "outsideTemperature": 18.5, 
    "speed": 7.265125, 
    "yawRate": 0.003658501254560908
}