{
    "gpsHeading": 306, 
    "gpsLatitude": 49.481214687074754, 
    "gpsLongitude": 8.47132449369288, 
    "outsideTemperature": 27.0, 
    "speed": 8.038187500000001, 
    "yawRate": 0.05158860501236584
}