{
    "gpsHeading": 210, 
    "gpsLatitude": 49.49463805355243, 
    "gpsLongitude": 8.4724734011611, 
    "outsideTemperature": 18.5, 
    "speed": 9.67575, 
    "yawRate": 0.000985915522774444
}