{
    "gpsHeading": 0, 
    "gpsLatitude": 49.48173998094673, 
    "gpsLongitude": 8.46958617079344, 
    "outsideTemperature": 20.5, 
    "speed": 11.753875, 
    "yawRate": 0.008176858050000744
}