{
    "gpsHeading": 0, 
    "gpsLatitude": 49.491809664145045, 
    "gpsLongitude": 8.458867560651301, 
    "outsideTemperature": 20.5, 
    "speed": 7.2318750000000005, 
    "yawRate": 0.0064282948487687916
}