{
    "gpsHeading": 301, 
    "gpsLatitude": 49.481559686209444, 
    "gpsLongitude": 8.470502564267548, 
    "outsideTemperature": 19.0, 
    "speed": 9.750562500000001, 
    "yawRate": -0.005126163948371893
}