{
    "gpsHeading": 105, 
    "gpsLatitude": 49.48287883013113, 
    "gpsLongitude": 8.48520199168457, 
    "outsideTemperature": 15.5, 
    "speed": 6.7580625, 
    "yawRate": 0.0019522679756628501
}