{
    "gpsHeading": 0, 
    "gpsLatitude": 49.47643079965666, 
    "gpsLongitude": 8.479968666618234, 
    "outsideTemperature": 19.0, 
    "speed": 9.792125, 
    "yawRate": 0.008554138771508138
}