{
    "gpsHeading": 316, 
    "gpsLatitude": 49.48480080052915, 
    "gpsLongitude": 8.487367288731765, 
    "outsideTemperature": 17.0, 
    "speed": 9.609250000000001, 
    "yawRate": 0.12587064486725857
}