{
    "gpsHeading": 132, 
    "gpsLatitude": 49.491801617518, 
    "gpsLongitude": 8.47379313181599, 
    "outsideTemperature": 18.5, 
    "speed": 11.7289375, 
    "yawRate": -0.040029198211554304
}