{
    "gpsHeading": 165, 
    "gpsLatitude": 49.499270228523045, 
    "gpsLongitude": 8.47157838154008, 
    "outsideTemperature": 17.0, 
    "speed": 8.1046875, 
    "yawRate": -0.010272165884601732
}