{
    "gpsHeading": 166, 
    "gpsLatitude": 49.50118775651239, 
    "gpsLongitude": 8.470860890628298, 
    "outsideTemperature": 18.0, 
    "speed": 8.61175, 
    "yawRate": 0.027077880108076054
}