{
    "gpsHeading": 293, 
    "gpsLatitude": 49.48583445682868, 
    "gpsLongitude": 8.465169997467632, 
    "outsideTemperature": 22.0, 
    "speed": 4.771375000000001, 
    "yawRate": 0.008156896814280293
}