{
    "gpsHeading": 142, 
    "gpsLatitude": 49.47987743824222, 
    "gpsLongitude": 8.473327517094612, 
    "outsideTemperature": 22.5, 
    "speed": 12.967500000000001, 
    "yawRate": -0.004111598472098072
}