{
    "gpsHeading": 296, 
    "gpsLatitude": 49.49683888986908, 
    "gpsLongitude": 8.473186701121296, 
    "outsideTemperature": 21.5, 
    "speed": 9.2518125, 
    "yawRate": -0.008361301107019655
}