{
    "gpsHeading": 17, 
    "gpsLatitude": 49.48816973887228, 
    "gpsLongitude": 8.47219839091791, 
    "outsideTemperature": 18.0, 
    "speed": 3.1255, 
    "yawRate": -0.02896324508736284
}