{
    "gpsHeading": 211, 
    "gpsLatitude": 49.48156890630293, 
    "gpsLongitude": 8.47153504710065, 
    "outsideTemperature": 17.5, 
    "speed": 4.3806875, 
    "yawRate": -0.006851526552091628
}