{
    "gpsHeading": 113, 
    "gpsLatitude": 49.49341303840339, 
    "gpsLongitude": 8.469996716410947, 
    "outsideTemperature": 19.5, 
    "speed": 1.5045625, 
    "yawRate": -0.018089382883338077
}