{
    "gpsHeading": 0, 
    "gpsLatitude": 49.48179555296478, 
    "gpsLongitude": 8.46944476808687, 
    "outsideTemperature": 20.5, 
    "speed": 11.837, 
    "yawRate": 0.008525923900399286
}