{
    "gpsHeading": 157, 
    "gpsLatitude": 49.48378080673178, 
    "gpsLongitude": 8.48288305435217, 
    "outsideTemperature": 16.5, 
    "speed": 8.570187500000001, 
    "yawRate": 0.03825511641714401
}