{
    "gpsHeading": 299, 
    "gpsLatitude": 49.47987274437644, 
    "gpsLongitude": 8.486721463092135, 
    "outsideTemperature": 20.0, 
    "speed": 11.446312500000001, 
    "yawRate": 0.0017752530391715268
}