{
    "gpsHeading": 210, 
    "gpsLatitude": 49.4822177494277, 
    "gpsLongitude": 8.472144746737612, 
    "outsideTemperature": 18.0, 
    "speed": 10.27425, 
    "yawRate": -0.01034218505608003
}