{
    "gpsHeading": 295, 
    "gpsLatitude": 49.48177359237847, 
    "gpsLongitude": 8.47316557872527, 
    "outsideTemperature": 19.0, 
    "speed": 4.95425, 
    "yawRate": -0.020222183417366153
}