{
    "gpsHeading": 32, 
    "gpsLatitude": 49.48417743839002, 
    "gpsLongitude": 8.474535014066001, 
    "outsideTemperature": 17.5, 
    "speed": 9.027375000000001, 
    "yawRate": 0.0047583910235834016
}