{
    "gpsHeading": 49, 
    "gpsLatitude": 49.48689552195161, 
    "gpsLongitude": 8.471028612510825, 
    "outsideTemperature": 20.0, 
    "speed": 3.4413750000000003, 
    "yawRate": -0.01360434766981308
}