{
    "gpsHeading": 144, 
    "gpsLatitude": 49.484776660647995, 
    "gpsLongitude": 8.475038095894586, 
    "outsideTemperature": 20.5, 
    "speed": 0.0, 
    "yawRate": 0.0007043095343954274
}