{
    "gpsHeading": 208, 
    "gpsLatitude": 49.48259744964154, 
    "gpsLongitude": 8.47955585788687, 
    "outsideTemperature": 17.0, 
    "speed": 7.714, 
    "yawRate": 0.010032437230974056
}