{
    "gpsHeading": 127, 
    "gpsLatitude": 49.483253333564974, 
    "gpsLongitude": 8.484228685087892, 
    "outsideTemperature": 16.0, 
    "speed": 7.61425, 
    "yawRate": -0.0018874563787240942
}