{
    "gpsHeading": 220, 
    "gpsLatitude": 49.4803972000581, 
    "gpsLongitude": 8.470404244543312, 
    "outsideTemperature": 28.0, 
    "speed": 5.868625, 
    "yawRate": -0.023127116054258323
}