{
    "gpsHeading": 209, 
    "gpsLatitude": 49.48214331812751, 
    "gpsLongitude": 8.479122513492737, 
    "outsideTemperature": 16.5, 
    "speed": 7.8220625, 
    "yawRate": -0.0030575321589831946
}