{
    "gpsHeading": 212, 
    "gpsLatitude": 49.489032991080265, 
    "gpsLongitude": 8.463920004247127, 
    "outsideTemperature": 24.5, 
    "speed": 5.1288124999999996, 
    "yawRate": 0.00982008973506633
}