{
    "gpsHeading": 208, 
    "gpsLatitude": 49.49013328351006, 
    "gpsLongitude": 8.464949218137992, 
    "outsideTemperature": 28.5, 
    "speed": 4.3474375, 
    "yawRate": -0.016708914895246712
}