{
    "gpsHeading": 120, 
    "gpsLatitude": 49.48245135306919, 
    "gpsLongitude": 8.46773527893434, 
    "outsideTemperature": 22.0, 
    "speed": 11.687375000000001, 
    "yawRate": 0.007653259274401938
}