{
    "gpsHeading": 208, 
    "gpsLatitude": 49.48387107982897, 
    "gpsLongitude": 8.480695629080598, 
    "outsideTemperature": 16.5, 
    "speed": 9.368187500000001, 
    "yawRate": 0.010730568931772133
}