{
    "gpsHeading": 89, 
    "gpsLatitude": 50.038875445800336, 
    "gpsLongitude": 10.242488779443203, 
    "outsideTemperature": 26.0, 
    "speed": 12.369, 
    "yawRate": -0.03352884435264869
}