{
    "gpsHeading": 109, 
    "gpsLatitude": 50.044072393406886, 
    "gpsLongitude": 10.20780262008637, 
    "outsideTemperature": 22.5, 
    "speed": 10.2160625, 
    "yawRate": 0.012350006098348928
}