{
    "gpsHeading": 284, 
    "gpsLatitude": 50.045496562575366, 
    "gpsLongitude": 10.211380686913694, 
    "outsideTemperature": 24.5, 
    "speed": 10.864437500000001, 
    "yawRate": 0.012873604873947734
}