{
    "gpsHeading": 317, 
    "gpsLatitude": 50.04916934490858, 
    "gpsLongitude": 10.226890141453577, 
    "outsideTemperature": 24.5, 
    "speed": 5.187, 
    "yawRate": -0.006642184645118284
}