{
    "gpsHeading": 0, 
    "gpsLatitude": 50.03749796383255, 
    "gpsLongitude": 10.221681794458693, 
    "outsideTemperature": 22.5, 
    "speed": 9.5510625, 
    "yawRate": 0.057635207429734214
}