{
    "gpsHeading": 262, 
    "gpsLatitude": 50.03287073418479, 
    "gpsLongitude": 10.231060473559266, 
    "outsideTemperature": 23.0, 
    "speed": 9.891875, 
    "yawRate": -0.19910272553862796
}