{
    "gpsHeading": 178, 
    "gpsLatitude": 50.04444941141172, 
    "gpsLongitude": 10.225978777121338, 
    "outsideTemperature": 23.5, 
    "speed": 8.3873125, 
    "yawRate": -0.0010685907406653037
}