{
    "gpsHeading": 280, 
    "gpsLatitude": 50.04402159907365, 
    "gpsLongitude": 10.235505396812954, 
    "outsideTemperature": 33.0, 
    "speed": 3.0340625, 
    "yawRate": -0.0079238537610485
}