{
    "gpsHeading": 39, 
    "gpsLatitude": 50.039430495428576, 
    "gpsLongitude": 10.255760684930516, 
    "outsideTemperature": 25.0, 
    "speed": 9.659125, 
    "yawRate": -0.007196213250190546
}