{
    "gpsHeading": 45, 
    "gpsLatitude": 50.041816571805406, 
    "gpsLongitude": 10.259772096152005, 
    "outsideTemperature": 24.0, 
    "speed": 8.329125, 
    "yawRate": -0.05449463597923572
}