{
    "gpsHeading": 273, 
    "gpsLatitude": 50.04783771195117, 
    "gpsLongitude": 10.216899583421217, 
    "outsideTemperature": 23.0, 
    "speed": 12.302500000000002, 
    "yawRate": 0.006374717945163784
}