{
    "gpsHeading": 216, 
    "gpsLatitude": 50.042662389654794, 
    "gpsLongitude": 10.23129575358139, 
    "outsideTemperature": 31.0, 
    "speed": 5.943437500000001, 
    "yawRate": -0.008536588407024356
}