{
    "gpsHeading": 59, 
    "gpsLatitude": 50.03775327660327, 
    "gpsLongitude": 10.222067362004717, 
    "outsideTemperature": 22.5, 
    "speed": 6.1429375, 
    "yawRate": -0.00606931026805833
}