{
    "gpsHeading": 66, 
    "gpsLatitude": 50.04388991937478, 
    "gpsLongitude": 10.215458231351242, 
    "outsideTemperature": 22.0, 
    "speed": 9.1188125, 
    "yawRate": -0.0777089833045564
}