{
    "gpsHeading": 179, 
    "gpsLatitude": 50.04846216373772, 
    "gpsLongitude": 10.225923791836532, 
    "outsideTemperature": 24.0, 
    "speed": 5.586, 
    "yawRate": -0.018510423558679642
}