{
    "gpsHeading": 160, 
    "gpsLatitude": 50.048647990531094, 
    "gpsLongitude": 10.225918762694596, 
    "outsideTemperature": 24.0, 
    "speed": 4.921, 
    "yawRate": -0.0019297956647339911
}