{
    "gpsHeading": 263, 
    "gpsLatitude": 50.0480474271686, 
    "gpsLongitude": 10.224730963195693, 
    "outsideTemperature": 26.5, 
    "speed": 10.6150625, 
    "yawRate": 0.042153967611046145
}