{
    "gpsHeading": 106, 
    "gpsLatitude": 50.04401128933276, 
    "gpsLongitude": 10.20805768139998, 
    "outsideTemperature": 22.5, 
    "speed": 10.3490625, 
    "yawRate": 0.020378520657522353
}