{
    "gpsHeading": 147, 
    "gpsLatitude": 50.04195135280846, 
    "gpsLongitude": 10.238627907202739, 
    "outsideTemperature": 26.0, 
    "speed": 11.088875, 
    "yawRate": 0.002476014848735988
}