{
    "gpsHeading": 144, 
    "gpsLatitude": 50.042940501202146, 
    "gpsLongitude": 10.22737319053355, 
    "outsideTemperature": 29.5, 
    "speed": 4.871125000000001, 
    "yawRate": -0.024281469792189217
}