{
    "gpsHeading": 48, 
    "gpsLatitude": 50.0387185365729, 
    "gpsLongitude": 10.25452125290801, 
    "outsideTemperature": 25.5, 
    "speed": 9.160375, 
    "yawRate": -0.014875661958965426
}