{
    "gpsHeading": 76, 
    "gpsLatitude": 50.043365212236026, 
    "gpsLongitude": 10.235817622706229, 
    "outsideTemperature": 30.0, 
    "speed": 6.774687500000001, 
    "yawRate": 0.035612254672466905
}