{
    "gpsHeading": 109, 
    "gpsLatitude": 50.03823238618875, 
    "gpsLongitude": 10.246569006089766, 
    "outsideTemperature": 25.0, 
    "speed": 11.579312500000002, 
    "yawRate": 0.007311860144018486
}