{
    "gpsHeading": 169, 
    "gpsLatitude": 50.04032635323993, 
    "gpsLongitude": 10.23996180327402, 
    "outsideTemperature": 26.0, 
    "speed": 11.0473125, 
    "yawRate": -0.023871668638399873
}