{
    "gpsHeading": 315, 
    "gpsLatitude": 50.04571382150565, 
    "gpsLongitude": 10.227793794434865, 
    "outsideTemperature": 24.0, 
    "speed": 8.3208125, 
    "yawRate": -0.0012431236658645751
}