{
    "gpsHeading": 121, 
    "gpsLatitude": 50.047984395256734, 
    "gpsLongitude": 10.226506585564282, 
    "outsideTemperature": 24.0, 
    "speed": 3.3665625, 
    "yawRate": -0.02264471282693535
}