{
    "gpsHeading": 309, 
    "gpsLatitude": 50.04610802241198, 
    "gpsLongitude": 10.22718158022695, 
    "outsideTemperature": 24.0, 
    "speed": 6.384, 
    "yawRate": -0.00822444067384237
}