{
    "gpsHeading": 144, 
    "gpsLatitude": 50.04111408450031, 
    "gpsLongitude": 10.239464588777654, 
    "outsideTemperature": 26.5, 
    "speed": 10.573500000000001, 
    "yawRate": 0.021681424838651597
}