{
    "gpsHeading": 250, 
    "gpsLatitude": 50.04792773359126, 
    "gpsLongitude": 10.224167112569113, 
    "outsideTemperature": 26.0, 
    "speed": 10.573500000000001, 
    "yawRate": 0.0487862187686254
}