{
    "gpsHeading": 83, 
    "gpsLatitude": 50.03888189986578, 
    "gpsLongitude": 10.24214629487948, 
    "outsideTemperature": 26.0, 
    "speed": 12.169500000000001, 
    "yawRate": -0.043302688163816806
}