{
    "gpsHeading": 23, 
    "gpsLatitude": 50.03730878427788, 
    "gpsLongitude": 10.221576517754793, 
    "outsideTemperature": 23.0, 
    "speed": 11.4296875, 
    "yawRate": 0.007195192047098191
}