{
    "gpsHeading": 119, 
    "gpsLatitude": 50.03883378774157, 
    "gpsLongitude": 10.24046463364548, 
    "outsideTemperature": 28.5, 
    "speed": 10.822875000000002, 
    "yawRate": 0.1347208955396016
}