{
    "gpsHeading": 326, 
    "gpsLatitude": 50.042595502067456, 
    "gpsLongitude": 10.23034574867553, 
    "outsideTemperature": 28.5, 
    "speed": 6.666625, 
    "yawRate": 0.011360165065710427
}