{
    "gpsHeading": 300, 
    "gpsLatitude": 50.04339354306874, 
    "gpsLongitude": 10.22637540877958, 
    "outsideTemperature": 25.0, 
    "speed": 7.7223125, 
    "yawRate": -0.07483005746156508
}