{
    "gpsHeading": 238, 
    "gpsLatitude": 50.03878961511181, 
    "gpsLongitude": 10.239495434181359, 
    "outsideTemperature": 25.0, 
    "speed": 10.847812500000002, 
    "yawRate": -0.06715583408785883
}