{
    "gpsHeading": 136, 
    "gpsLatitude": 50.0438532904579, 
    "gpsLongitude": 10.226014064933723, 
    "outsideTemperature": 23.5, 
    "speed": 8.886062500000001, 
    "yawRate": 0.148654657967985
}