{
    "gpsHeading": 89, 
    "gpsLatitude": 50.04435687520065, 
    "gpsLongitude": 10.221973233232067, 
    "outsideTemperature": 23.0, 
    "speed": 9.2351875, 
    "yawRate": 0.021071089647201634
}