{
    "gpsHeading": 280, 
    "gpsLatitude": 50.03489689163927, 
    "gpsLongitude": 10.222258217940032, 
    "outsideTemperature": 22.5, 
    "speed": 15.120437500000001, 
    "yawRate": 0.00824238959829481
}