{
    "gpsHeading": 40, 
    "gpsLatitude": 50.04207993120316, 
    "gpsLongitude": 10.230167381775942, 
    "outsideTemperature": 28.5, 
    "speed": 8.985812500000002, 
    "yawRate": -0.0059426527822470255
}