{
    "gpsHeading": 315, 
    "gpsLatitude": 50.0426198934057, 
    "gpsLongitude": 10.227823801648219, 
    "outsideTemperature": 26.5, 
    "speed": 6.2759375, 
    "yawRate": 0.0054550881301731165
}