{
    "gpsHeading": 268, 
    "gpsLatitude": 50.04552355230358, 
    "gpsLongitude": 10.21092680685679, 
    "outsideTemperature": 24.0, 
    "speed": 10.440500000000002, 
    "yawRate": -0.00807034614998466
}