{
    "gpsHeading": 168, 
    "gpsLatitude": 50.034528842270866, 
    "gpsLongitude": 10.237498781026039, 
    "outsideTemperature": 23.5, 
    "speed": 7.0573125, 
    "yawRate": 0.051701087972953044
}