{
    "gpsHeading": 164, 
    "gpsLatitude": 50.03474853195309, 
    "gpsLongitude": 10.237412112147211, 
    "outsideTemperature": 23.5, 
    "speed": 8.645000000000001, 
    "yawRate": 0.014176509055075986
}