{
    "gpsHeading": 174, 
    "gpsLatitude": 50.039365200402855, 
    "gpsLongitude": 10.239986529888379, 
    "outsideTemperature": 25.0, 
    "speed": 7.3648750000000005, 
    "yawRate": 0.0037279208225680475
}