{
    "gpsHeading": 149, 
    "gpsLatitude": 50.04336739153085, 
    "gpsLongitude": 10.226427376579277, 
    "outsideTemperature": 23.5, 
    "speed": 8.9525625, 
    "yawRate": 0.08093588299060625
}