{
    "gpsHeading": 145, 
    "gpsLatitude": 50.0412827283922, 
    "gpsLongitude": 10.239300471113488, 
    "outsideTemperature": 26.5, 
    "speed": 10.9974375, 
    "yawRate": -0.0062438431932576016
}