{
    "gpsHeading": 317, 
    "gpsLatitude": 50.042039949525005, 
    "gpsLongitude": 10.228478763562306, 
    "outsideTemperature": 24.5, 
    "speed": 2.809625, 
    "yawRate": 0.014700107830673801
}