{
    "gpsHeading": 274, 
    "gpsLatitude": 50.047637971198505, 
    "gpsLongitude": 10.220515452631878, 
    "outsideTemperature": 24.0, 
    "speed": 10.9309375, 
    "yawRate": 0.00724738257116014
}