{
    "gpsHeading": 164, 
    "gpsLatitude": 50.044014893551115, 
    "gpsLongitude": 10.225992691080602, 
    "outsideTemperature": 24.0, 
    "speed": 8.8528125, 
    "yawRate": 0.003443264202059362
}