{
    "gpsHeading": 290, 
    "gpsLatitude": 50.03524633318265, 
    "gpsLongitude": 10.220565408774814, 
    "outsideTemperature": 22.5, 
    "speed": 9.625875, 
    "yawRate": -0.1017133532773453
}