{
    "gpsHeading": 104, 
    "gpsLatitude": 50.04392244115908, 
    "gpsLongitude": 10.217145676098431, 
    "outsideTemperature": 22.0, 
    "speed": 8.6533125, 
    "yawRate": -0.04018440438667934
}