{
    "gpsHeading": 358, 
    "gpsLatitude": 50.04408546917584, 
    "gpsLongitude": 10.225983219530018, 
    "outsideTemperature": 24.5, 
    "speed": 8.34575, 
    "yawRate": 0.011738273437352835
}