{
    "gpsHeading": 38, 
    "gpsLatitude": 50.03664996668834, 
    "gpsLongitude": 10.220995735683806, 
    "outsideTemperature": 22.5, 
    "speed": 11.837, 
    "yawRate": 0.03721485518140062
}