{
    "gpsHeading": 280, 
    "gpsLatitude": 50.047603521576455, 
    "gpsLongitude": 10.221617421442303, 
    "outsideTemperature": 24.0, 
    "speed": 10.20775, 
    "yawRate": -0.017187226956759664
}