{
    "gpsHeading": 62, 
    "gpsLatitude": 50.03804857105212, 
    "gpsLongitude": 10.223018205100892, 
    "outsideTemperature": 22.5, 
    "speed": 9.950062500000001, 
    "yawRate": 0.026742879669434432
}