{
    "gpsHeading": 262, 
    "gpsLatitude": 50.04936908566123, 
    "gpsLongitude": 10.226251272793577, 
    "outsideTemperature": 24.5, 
    "speed": 7.1238125000000005, 
    "yawRate": -0.002976993215930611
}