{
    "gpsHeading": 75, 
    "gpsLatitude": 50.044377410863426, 
    "gpsLongitude": 10.222358214044903, 
    "outsideTemperature": 23.0, 
    "speed": 9.40975, 
    "yawRate": 0.004490461753255982
}