{
    "gpsHeading": 344, 
    "gpsLatitude": 50.043361021284426, 
    "gpsLongitude": 10.236777350619768, 
    "outsideTemperature": 29.0, 
    "speed": 0.0, 
    "yawRate": -0.00020011468136911167
}