{
    "gpsHeading": 192, 
    "gpsLatitude": 50.03896546744043, 
    "gpsLongitude": 10.240063727216619, 
    "outsideTemperature": 25.0, 
    "speed": 7.040687500000001, 
    "yawRate": -0.24989180677166153
}