{
    "gpsHeading": 357, 
    "gpsLatitude": 50.04872267328838, 
    "gpsLongitude": 10.226882933016816, 
    "outsideTemperature": 25.0, 
    "speed": 8.985812500000002, 
    "yawRate": 0.002258994540052488
}