{
    "gpsHeading": 207, 
    "gpsLatitude": 50.04481494620918, 
    "gpsLongitude": 10.20799766697324, 
    "outsideTemperature": 23.0, 
    "speed": 9.775500000000001, 
    "yawRate": -0.08591203078893009
}