{
    "gpsHeading": 145, 
    "gpsLatitude": 50.042641602534914, 
    "gpsLongitude": 10.237975459859603, 
    "outsideTemperature": 27.5, 
    "speed": 10.07475, 
    "yawRate": 0.002476014848735988
}