{
    "gpsHeading": 39, 
    "gpsLatitude": 50.04341407873153, 
    "gpsLongitude": 10.228749331396816, 
    "outsideTemperature": 26.0, 
    "speed": 0.9226875000000001, 
    "yawRate": -0.01258776380382812
}