{
    "gpsHeading": 179, 
    "gpsLatitude": 50.03996383592761, 
    "gpsLongitude": 10.239974627585875, 
    "outsideTemperature": 26.0, 
    "speed": 11.6956875, 
    "yawRate": -0.006220455913799344
}