{
    "gpsHeading": 39, 
    "gpsLatitude": 50.04329296023065, 
    "gpsLongitude": 10.22849879631092, 
    "outsideTemperature": 27.5, 
    "speed": 5.311687500000001, 
    "yawRate": 0.0355833235512144
}