{
    "gpsHeading": 178, 
    "gpsLatitude": 50.04614657916658, 
    "gpsLongitude": 10.212225415115686, 
    "outsideTemperature": 24.0, 
    "speed": 8.063125000000001, 
    "yawRate": -0.026047237445525475
}