{
    "gpsHeading": 235, 
    "gpsLatitude": 50.03277719214535, 
    "gpsLongitude": 10.231476802689961, 
    "outsideTemperature": 23.0, 
    "speed": 9.01075, 
    "yawRate": -0.21673055098377023
}