{
    "gpsHeading": 297, 
    "gpsLatitude": 50.043122975234255, 
    "gpsLongitude": 10.23231901632097, 
    "outsideTemperature": 28.0, 
    "speed": 5.187, 
    "yawRate": -0.03707085226935359
}