{
    "gpsHeading": 272, 
    "gpsLatitude": 50.047969056373915, 
    "gpsLongitude": 10.214843251115282, 
    "outsideTemperature": 22.5, 
    "speed": 12.053125, 
    "yawRate": 0.004105789917571273
}