{
    "gpsHeading": 259, 
    "gpsLatitude": 50.03395325697985, 
    "gpsLongitude": 10.236087100893291, 
    "outsideTemperature": 23.0, 
    "speed": 10.4155625, 
    "yawRate": -0.016715818705222804
}