{
    "gpsHeading": 213, 
    "gpsLatitude": 50.04437104061702, 
    "gpsLongitude": 10.207337927374343, 
    "outsideTemperature": 23.0, 
    "speed": 3.3499375000000002, 
    "yawRate": 0.005892287865969939
}