{
    "gpsHeading": 178, 
    "gpsLatitude": 50.04484771945058, 
    "gpsLongitude": 10.225989086862239, 
    "outsideTemperature": 23.5, 
    "speed": 9.085562500000002, 
    "yawRate": 0.03296532967322335
}