{
    "gpsHeading": 214, 
    "gpsLatitude": 50.0333221834898, 
    "gpsLongitude": 10.232215751273865, 
    "outsideTemperature": 23.0, 
    "speed": 11.2385, 
    "yawRate": 0.008591455448694345
}