{
    "gpsHeading": 188, 
    "gpsLatitude": 50.04918828800976, 
    "gpsLongitude": 10.225927898969088, 
    "outsideTemperature": 25.0, 
    "speed": 6.41725, 
    "yawRate": 0.00016459943765924833
}