{
    "gpsHeading": 285, 
    "gpsLatitude": 50.03297601088867, 
    "gpsLongitude": 10.230842124981548, 
    "outsideTemperature": 23.0, 
    "speed": 11.4296875, 
    "yawRate": 0.0391347173585946
}