{
    "gpsHeading": 222, 
    "gpsLatitude": 50.038630778046645, 
    "gpsLongitude": 10.238122897536455, 
    "outsideTemperature": 24.0, 
    "speed": 8.1379375, 
    "yawRate": 0.2353097252827541
}