{
    "gpsHeading": 84, 
    "gpsLatitude": 50.04394322827897, 
    "gpsLongitude": 10.216593224860164, 
    "outsideTemperature": 22.0, 
    "speed": 9.950062500000001, 
    "yawRate": -0.02360377649273369
}