{
    "gpsHeading": 87, 
    "gpsLatitude": 50.04359185889787, 
    "gpsLongitude": 10.21230018169201, 
    "outsideTemperature": 22.5, 
    "speed": 11.9783125, 
    "yawRate": 0.008510281743961984
}