{
    "gpsHeading": 78, 
    "gpsLatitude": 50.04465242110661, 
    "gpsLongitude": 10.219167391144234, 
    "outsideTemperature": 23.0, 
    "speed": 9.692375, 
    "yawRate": 0.09454945115616131
}