{
    "gpsHeading": 295, 
    "gpsLatitude": 50.045541070481214, 
    "gpsLongitude": 10.210632350598242, 
    "outsideTemperature": 24.0, 
    "speed": 10.0165625, 
    "yawRate": -0.0031834242444001033
}