{
    "gpsHeading": 266, 
    "gpsLatitude": 50.045514667486216, 
    "gpsLongitude": 10.211076842923594, 
    "outsideTemperature": 24.0, 
    "speed": 10.7148125, 
    "yawRate": -0.00807034614998466
}