{
    "gpsHeading": 209, 
    "gpsLatitude": 50.033480769097864, 
    "gpsLongitude": 10.232428483976456, 
    "outsideTemperature": 22.5, 
    "speed": 11.60425, 
    "yawRate": -0.04272122455993804
}