{
    "gpsHeading": 265, 
    "gpsLatitude": 50.04760050409132, 
    "gpsLongitude": 10.221326820859215, 
    "outsideTemperature": 24.0, 
    "speed": 11.2468125, 
    "yawRate": -0.025739340291531895
}