{
    "gpsHeading": 279, 
    "gpsLatitude": 50.04779379077853, 
    "gpsLongitude": 10.218281843073798, 
    "outsideTemperature": 23.0, 
    "speed": 12.144562500000001, 
    "yawRate": -0.0023519283148077164
}