{
    "gpsHeading": 356, 
    "gpsLatitude": 50.047561025327354, 
    "gpsLongitude": 10.225944578956398, 
    "outsideTemperature": 23.0, 
    "speed": 8.113000000000001, 
    "yawRate": -0.009903809287376645
}