{
    "gpsHeading": 116, 
    "gpsLatitude": 50.03786467209645, 
    "gpsLongitude": 10.248201297914054, 
    "outsideTemperature": 27.0, 
    "speed": 13.5410625, 
    "yawRate": 0.00345971983783791
}