{
    "gpsHeading": 36, 
    "gpsLatitude": 50.03633522622411, 
    "gpsLongitude": 10.220572701030571, 
    "outsideTemperature": 23.0, 
    "speed": 11.4629375, 
    "yawRate": 0.00702065912189892
}