{
    "gpsHeading": 355, 
    "gpsLatitude": 50.043361021284426, 
    "gpsLongitude": 10.236777350619768, 
    "outsideTemperature": 30.5, 
    "speed": 0.0, 
    "yawRate": -0.0005074985649679592
}