{
    "gpsHeading": 356, 
    "gpsLatitude": 50.04640993856434, 
    "gpsLongitude": 10.225966539542709, 
    "outsideTemperature": 23.5, 
    "speed": 8.786312500000001, 
    "yawRate": -0.005016887381793081
}