{
    "gpsHeading": 275, 
    "gpsLatitude": 50.04798464671382, 
    "gpsLongitude": 10.214504035493796, 
    "outsideTemperature": 22.5, 
    "speed": 12.119625000000001, 
    "yawRate": -0.004271790492001685
}