{
    "gpsHeading": 147, 
    "gpsLatitude": 50.04145187519827, 
    "gpsLongitude": 10.23914012530575, 
    "outsideTemperature": 26.5, 
    "speed": 10.955875, 
    "yawRate": 0.002831868917112441
}