{
    "gpsHeading": 43, 
    "gpsLatitude": 50.041952442455866, 
    "gpsLongitude": 10.229987087038655, 
    "outsideTemperature": 29.0, 
    "speed": 9.534437500000001, 
    "yawRate": 0.0008641313005314985
}