{
    "gpsHeading": 38, 
    "gpsLatitude": 50.03812073923846, 
    "gpsLongitude": 10.253321299649476, 
    "outsideTemperature": 27.0, 
    "speed": 8.3208125, 
    "yawRate": -0.04157919951447774
}