{
    "gpsHeading": 245, 
    "gpsLatitude": 50.04814440578835, 
    "gpsLongitude": 10.212363800337082, 
    "outsideTemperature": 26.5, 
    "speed": 5.120500000000001, 
    "yawRate": 0.39073738793071333
}