{
    "gpsHeading": 99, 
    "gpsLatitude": 50.043693782840485, 
    "gpsLongitude": 10.210075456951293, 
    "outsideTemperature": 23.0, 
    "speed": 12.13625, 
    "yawRate": 0.020902119433121157
}