{
    "gpsHeading": 271, 
    "gpsLatitude": 50.04782824040058, 
    "gpsLongitude": 10.217070155150823, 
    "outsideTemperature": 23.0, 
    "speed": 12.127937500000002, 
    "yawRate": -0.0053189880431983045
}