{
    "gpsHeading": 229, 
    "gpsLatitude": 50.0456368756345, 
    "gpsLongitude": 10.208443248946038, 
    "outsideTemperature": 23.0, 
    "speed": 7.464625, 
    "yawRate": 0.17117496802983065
}