{
    "gpsHeading": 68, 
    "gpsLatitude": 50.04208940275376, 
    "gpsLongitude": 10.232934331833057, 
    "outsideTemperature": 32.0, 
    "speed": 3.3499375000000002, 
    "yawRate": -0.006791259155029658
}