{
    "gpsHeading": 272, 
    "gpsLatitude": 50.03408074572714, 
    "gpsLongitude": 10.233282348452873, 
    "outsideTemperature": 22.5, 
    "speed": 8.9525625, 
    "yawRate": 0.30110863808293886
}