{
    "gpsHeading": 126, 
    "gpsLatitude": 50.043238813136135, 
    "gpsLongitude": 10.237359054700102, 
    "outsideTemperature": 30.0, 
    "speed": 6.3175, 
    "yawRate": 0.010685850551087585
}