{
    "gpsHeading": 228, 
    "gpsLatitude": 50.03748572625392, 
    "gpsLongitude": 10.237154284805555, 
    "outsideTemperature": 24.0, 
    "speed": 8.645000000000001, 
    "yawRate": -0.010607166323243352
}