{
    "gpsHeading": 249, 
    "gpsLatitude": 50.04388991937478, 
    "gpsLongitude": 10.235274643018542, 
    "outsideTemperature": 32.0, 
    "speed": 2.3856875000000004, 
    "yawRate": 0.30728260914912214
}