{
    "gpsHeading": 350, 
    "gpsLatitude": 50.04698518857925, 
    "gpsLongitude": 10.225954301964077, 
    "outsideTemperature": 23.0, 
    "speed": 8.47875, 
    "yawRate": -0.0027479593542005694
}