{
    "gpsHeading": 13, 
    "gpsLatitude": 50.03611520126578, 
    "gpsLongitude": 10.220292661645477, 
    "outsideTemperature": 23.0, 
    "speed": 10.282562500000001, 
    "yawRate": -0.11358159219090666
}