{
    "gpsHeading": 23, 
    "gpsLatitude": 50.04294938601951, 
    "gpsLongitude": 10.227792369511327, 
    "outsideTemperature": 29.5, 
    "speed": 4.904375, 
    "yawRate": -0.04609808544211797
}