{
    "gpsHeading": 0, 
    "gpsLatitude": 50.04714016996895, 
    "gpsLongitude": 10.22595103302184, 
    "outsideTemperature": 23.0, 
    "speed": 7.7056875, 
    "yawRate": 0.0253518416029079
}