{
    "gpsHeading": 61, 
    "gpsLatitude": 50.04382269651131, 
    "gpsLongitude": 10.214777956089575, 
    "outsideTemperature": 22.0, 
    "speed": 10.739749999999999, 
    "yawRate": -0.04123160193787596
}