{
    "gpsHeading": 152, 
    "gpsLatitude": 50.04273547985049, 
    "gpsLongitude": 10.227680722561015, 
    "outsideTemperature": 26.0, 
    "speed": 8.7530625, 
    "yawRate": 0.014066134961589724
}