{
    "gpsHeading": 279, 
    "gpsLatitude": 50.03501633375953, 
    "gpsLongitude": 10.221442407304016, 
    "outsideTemperature": 22.5, 
    "speed": 14.3058125, 
    "yawRate": -0.036438039252759305
}