{
    "gpsHeading": 49, 
    "gpsLatitude": 50.04168246135461, 
    "gpsLongitude": 10.229598502007457, 
    "outsideTemperature": 30.5, 
    "speed": 9.2351875, 
    "yawRate": -0.005069988156249677
}