{
    "gpsHeading": 272, 
    "gpsLatitude": 50.047617435535734, 
    "gpsLongitude": 10.220849303835331, 
    "outsideTemperature": 24.0, 
    "speed": 11.404750000000002, 
    "yawRate": -0.001828329539209903
}