{
    "gpsHeading": 226, 
    "gpsLatitude": 50.04789579854016, 
    "gpsLongitude": 10.223872907767658, 
    "outsideTemperature": 26.0, 
    "speed": 10.822875000000002, 
    "yawRate": -0.01247483797637537
}