{
    "gpsHeading": 273, 
    "gpsLatitude": 50.04809352763606, 
    "gpsLongitude": 10.213044075598782, 
    "outsideTemperature": 22.0, 
    "speed": 7.0988750000000005, 
    "yawRate": -0.007064317295193001
}