{
    "gpsHeading": 148, 
    "gpsLatitude": 50.04234438024834, 
    "gpsLongitude": 10.23823487976286, 
    "outsideTemperature": 28.0, 
    "speed": 9.625875, 
    "yawRate": -0.0031022505396677423
}