{
    "gpsHeading": 13, 
    "gpsLatitude": 50.04435075641133, 
    "gpsLongitude": 10.21758790530996, 
    "outsideTemperature": 21.5, 
    "speed": 9.226875000000001, 
    "yawRate": 0.004146958613976235
}