{
    "gpsHeading": 335, 
    "gpsLatitude": 50.04354768626814, 
    "gpsLongitude": 10.226160999696353, 
    "outsideTemperature": 24.5, 
    "speed": 7.4479999999999995, 
    "yawRate": -0.13853457515935666
}