{
    "gpsHeading": 169, 
    "gpsLatitude": 50.03828468926456, 
    "gpsLongitude": 10.238126585573852, 
    "outsideTemperature": 24.0, 
    "speed": 6.749750000000001, 
    "yawRate": -0.28497292473674685
}