{
    "gpsHeading": 46, 
    "gpsLatitude": 50.03955077573913, 
    "gpsLongitude": 10.255966544472473, 
    "outsideTemperature": 25.0, 
    "speed": 9.3765, 
    "yawRate": -0.002658357195004533
}