{
    "gpsHeading": 273, 
    "gpsLatitude": 50.04632578425645, 
    "gpsLongitude": 10.226119341637592, 
    "outsideTemperature": 23.5, 
    "speed": 3.6159375000000002, 
    "yawRate": 0.03087093457083011
}