{
    "gpsHeading": 36, 
    "gpsLatitude": 50.038466325106356, 
    "gpsLongitude": 10.254011549375951, 
    "outsideTemperature": 25.5, 
    "speed": 8.87775, 
    "yawRate": 0.0027521634861768446
}