{
    "gpsHeading": 136, 
    "gpsLatitude": 50.04528743409113, 
    "gpsLongitude": 10.220253182881539, 
    "outsideTemperature": 22.5, 
    "speed": 6.550250000000001, 
    "yawRate": -0.005981513758710215
}