{
    "gpsHeading": 244, 
    "gpsLatitude": 50.0429174509684, 
    "gpsLongitude": 10.23461850763801, 
    "outsideTemperature": 31.5, 
    "speed": 8.9193125, 
    "yawRate": -0.0131598415170316
}