{
    "gpsHeading": 46, 
    "gpsLatitude": 50.04136738561426, 
    "gpsLongitude": 10.229110675242676, 
    "outsideTemperature": 22.0, 
    "speed": 5.0290625, 
    "yawRate": -0.017413950406020885
}