{
    "gpsHeading": 179, 
    "gpsLatitude": 50.03954524368304, 
    "gpsLongitude": 10.239974627585875, 
    "outsideTemperature": 25.5, 
    "speed": 10.157875, 
    "yawRate": -0.001857132783813594
}