{
    "gpsHeading": 225, 
    "gpsLatitude": 50.042619641948605, 
    "gpsLongitude": 10.233805714487133, 
    "outsideTemperature": 30.0, 
    "speed": 5.1620625, 
    "yawRate": -0.10164803459314249
}