{
    "gpsHeading": 272, 
    "gpsLatitude": 50.0478171762884, 
    "gpsLongitude": 10.217943800918757, 
    "outsideTemperature": 23.0, 
    "speed": 12.40225, 
    "yawRate": -0.007064317295193001
}