{
    "gpsHeading": 356, 
    "gpsLatitude": 50.044408256267126, 
    "gpsLongitude": 10.225978777121338, 
    "outsideTemperature": 24.0, 
    "speed": 9.359875, 
    "yawRate": -0.013394467791365047
}