{
    "gpsHeading": 199, 
    "gpsLatitude": 50.042919127349045, 
    "gpsLongitude": 10.23170931668404, 
    "outsideTemperature": 32.5, 
    "speed": 5.710687500000001, 
    "yawRate": -0.16701248448810652
}