{
    "gpsHeading": 44, 
    "gpsLatitude": 50.041294379237605, 
    "gpsLongitude": 10.25894823888891, 
    "outsideTemperature": 23.5, 
    "speed": 5.120500000000001, 
    "yawRate": 0.004497492738171542
}