{
    "gpsHeading": 186, 
    "gpsLatitude": 50.045143516813624, 
    "gpsLongitude": 10.208166562322212, 
    "outsideTemperature": 23.0, 
    "speed": 9.600937499999999, 
    "yawRate": -0.0869592283401267
}