{
    "gpsHeading": 115, 
    "gpsLatitude": 50.04413601205199, 
    "gpsLongitude": 10.207550995353028, 
    "outsideTemperature": 22.5, 
    "speed": 9.534437500000001, 
    "yawRate": 0.011302808547152309
}