{
    "gpsHeading": 310, 
    "gpsLatitude": 50.04626878731488, 
    "gpsLongitude": 10.226965159486994, 
    "outsideTemperature": 23.5, 
    "speed": 2.942625, 
    "yawRate": 0.08899039866224003
}