{
    "gpsHeading": 33, 
    "gpsLatitude": 50.04242685817558, 
    "gpsLongitude": 10.230804574055307, 
    "outsideTemperature": 27.0, 
    "speed": 7.6724375, 
    "yawRate": 0.05182774545876435
}