{
    "gpsHeading": 71, 
    "gpsLatitude": 50.044597687278866, 
    "gpsLongitude": 10.224033756489588, 
    "outsideTemperature": 22.5, 
    "speed": 5.2867500000000005, 
    "yawRate": 0.0018724678752649287
}