{
    "gpsHeading": 109, 
    "gpsLatitude": 50.03857076361992, 
    "gpsLongitude": 10.244614346269369, 
    "outsideTemperature": 24.5, 
    "speed": 13.0589375, 
    "yawRate": 0.0041702674904286275
}