{
    "gpsHeading": 104, 
    "gpsLatitude": 50.04385211699147, 
    "gpsLongitude": 10.208938535604643, 
    "outsideTemperature": 22.5, 
    "speed": 11.662437500000001, 
    "yawRate": 0.02352011331111221
}