{
    "gpsHeading": 81, 
    "gpsLatitude": 50.03887100339164, 
    "gpsLongitude": 10.241805151420268, 
    "outsideTemperature": 26.5, 
    "speed": 12.053125, 
    "yawRate": -0.05482186122697864
}