{
    "gpsHeading": 276, 
    "gpsLatitude": 50.033999944180536, 
    "gpsLongitude": 10.233789034499823, 
    "outsideTemperature": 22.5, 
    "speed": 9.642500000000002, 
    "yawRate": 0.0321534003506168
}