{
    "gpsHeading": 105, 
    "gpsLatitude": 50.038746615948526, 
    "gpsLongitude": 10.243541295024887, 
    "outsideTemperature": 25.0, 
    "speed": 13.158687500000001, 
    "yawRate": -0.009094234824727893
}