{
    "gpsHeading": 300, 
    "gpsLatitude": 50.04309489585863, 
    "gpsLongitude": 10.227094911348123, 
    "outsideTemperature": 25.5, 
    "speed": 7.8719375000000005, 
    "yawRate": -0.014267132417362395
}