{
    "gpsHeading": 173, 
    "gpsLatitude": 50.04630130909919, 
    "gpsLongitude": 10.212242095102999, 
    "outsideTemperature": 24.0, 
    "speed": 8.67825, 
    "yawRate": -0.0031834242444001033
}