{
    "gpsHeading": 15, 
    "gpsLatitude": 50.04451160513326, 
    "gpsLongitude": 10.217653200335667, 
    "outsideTemperature": 21.5, 
    "speed": 8.354062500000001, 
    "yawRate": 0.010604676846355224
}