{
    "gpsHeading": 223, 
    "gpsLatitude": 50.0330254641174, 
    "gpsLongitude": 10.231815431578225, 
    "outsideTemperature": 22.5, 
    "speed": 9.700687499999999, 
    "yawRate": -0.017413950406020885
}