{
    "gpsHeading": 32, 
    "gpsLatitude": 50.04066825107043, 
    "gpsLongitude": 10.257929586196077, 
    "outsideTemperature": 24.0, 
    "speed": 8.503687500000002, 
    "yawRate": 0.0017049659349812171
}