{
    "gpsHeading": 341, 
    "gpsLatitude": 50.045640228395776, 
    "gpsLongitude": 10.239652091951701, 
    "outsideTemperature": 41.0, 
    "speed": 0.0, 
    "yawRate": 0.0010741330511823092
}