{
    "gpsHeading": 41, 
    "gpsLatitude": 50.03648241244387, 
    "gpsLongitude": 10.220793480360209, 
    "outsideTemperature": 22.5, 
    "speed": 11.73725, 
    "yawRate": 0.03442232837820931
}