{
    "gpsHeading": 89, 
    "gpsLatitude": 50.047981629228694, 
    "gpsLongitude": 10.226792659919624, 
    "outsideTemperature": 24.0, 
    "speed": 1.8370625000000003, 
    "yawRate": 0.0026625613269818
}