{
    "gpsHeading": 60, 
    "gpsLatitude": 50.03854184605396, 
    "gpsLongitude": 10.224128220538365, 
    "outsideTemperature": 23.0, 
    "speed": 11.9118125, 
    "yawRate": 0.00021387503912138808
}