{
    "gpsHeading": 42, 
    "gpsLatitude": 50.040039608332314, 
    "gpsLongitude": 10.25681630181637, 
    "outsideTemperature": 24.5, 
    "speed": 9.002437500000001, 
    "yawRate": 0.006068289064966968
}