{
    "gpsHeading": 49, 
    "gpsLatitude": 50.04111995183254, 
    "gpsLongitude": 10.228769867059588, 
    "outsideTemperature": 21.5, 
    "speed": 7.8553125, 
    "yawRate": -0.0031022505396677423
}