{
    "gpsHeading": 71, 
    "gpsLatitude": 50.04338189222333, 
    "gpsLongitude": 10.236891847417123, 
    "outsideTemperature": 30.5, 
    "speed": 1.9368125, 
    "yawRate": -0.011130765098841165
}