{
    "gpsHeading": 155, 
    "gpsLatitude": 50.04495794147732, 
    "gpsLongitude": 10.221568471127748, 
    "outsideTemperature": 22.0, 
    "speed": 5.6441875, 
    "yawRate": -0.07788907894087546
}