{
    "gpsHeading": 263, 
    "gpsLatitude": 50.04547217123712, 
    "gpsLongitude": 10.211871531163618, 
    "outsideTemperature": 24.5, 
    "speed": 7.74725, 
    "yawRate": -0.12710180113599578
}