{
    "gpsHeading": 293, 
    "gpsLatitude": 50.04331492081696, 
    "gpsLongitude": 10.226552099298504, 
    "outsideTemperature": 25.0, 
    "speed": 7.6308750000000005, 
    "yawRate": -0.04899918453204913
}