{
    "gpsHeading": 175, 
    "gpsLatitude": 50.039921842592705, 
    "gpsLongitude": 10.239974627585875, 
    "outsideTemperature": 25.5, 
    "speed": 11.620875000000002, 
    "yawRate": 0.0012610725903180078
}