{
    "gpsHeading": 143, 
    "gpsLatitude": 50.04217657454677, 
    "gpsLongitude": 10.228340462159943, 
    "outsideTemperature": 25.0, 
    "speed": 9.0689375, 
    "yawRate": -0.01752432449950715
}