{
    "gpsHeading": 271, 
    "gpsLatitude": 50.04794432975956, 
    "gpsLongitude": 10.215359576350881, 
    "outsideTemperature": 22.5, 
    "speed": 12.2941875, 
    "yawRate": -0.015267364779565695
}