{
    "gpsHeading": 153, 
    "gpsLatitude": 50.04061410397592, 
    "gpsLongitude": 10.239902375580503, 
    "outsideTemperature": 26.0, 
    "speed": 10.590125, 
    "yawRate": -0.08792525218659096
}