{
    "gpsHeading": 126, 
    "gpsLatitude": 50.040709406215015, 
    "gpsLongitude": 10.262872897412546, 
    "outsideTemperature": 23.5, 
    "speed": 8.096375, 
    "yawRate": 0.004672025663370813
}