{
    "gpsHeading": 49, 
    "gpsLatitude": 50.04524577603235, 
    "gpsLongitude": 10.221252641016113, 
    "outsideTemperature": 22.0, 
    "speed": 5.203625000000001, 
    "yawRate": -0.46221058023002
}