{
    "gpsHeading": 295, 
    "gpsLatitude": 50.04633517198802, 
    "gpsLongitude": 10.226732645492916, 
    "outsideTemperature": 23.5, 
    "speed": 6.109687500000001, 
    "yawRate": 0.006261792117711034
}