{
    "gpsHeading": 147, 
    "gpsLatitude": 50.04114023603821, 
    "gpsLongitude": 10.239437934325567, 
    "outsideTemperature": 28.5, 
    "speed": 10.07475, 
    "yawRate": -0.010583779043785095
}