{
    "gpsHeading": 271, 
    "gpsLatitude": 50.04557962723582, 
    "gpsLongitude": 10.209933216054406, 
    "outsideTemperature": 23.5, 
    "speed": 10.241000000000001, 
    "yawRate": 0.003448826913178157
}