{
    "gpsHeading": 267, 
    "gpsLatitude": 50.04422796152982, 
    "gpsLongitude": 10.23586657302078, 
    "outsideTemperature": 37.0, 
    "speed": 2.5768750000000002, 
    "yawRate": -0.007400254985450686
}