{
    "gpsHeading": 44, 
    "gpsLatitude": 50.042211275625924, 
    "gpsLongitude": 10.230392687333293, 
    "outsideTemperature": 28.0, 
    "speed": 8.2376875, 
    "yawRate": -0.013273035640622372
}