{
    "gpsHeading": 140, 
    "gpsLatitude": 50.043549949382, 
    "gpsLongitude": 10.23550908485035, 
    "outsideTemperature": 34.5, 
    "speed": 2.8678125000000003, 
    "yawRate": 0.008482241207697881
}