{
    "gpsHeading": 41, 
    "gpsLatitude": 50.04052961439192, 
    "gpsLongitude": 10.2576849184424, 
    "outsideTemperature": 24.0, 
    "speed": 7.48125, 
    "yawRate": -0.0010875608682100993
}