{
    "gpsHeading": 235, 
    "gpsLatitude": 50.04779412605466, 
    "gpsLongitude": 10.223300423780811, 
    "outsideTemperature": 25.0, 
    "speed": 10.382312500000001, 
    "yawRate": -0.022946813488340576
}