{
    "gpsHeading": 52, 
    "gpsLatitude": 50.03994656920706, 
    "gpsLongitude": 10.256645730086763, 
    "outsideTemperature": 24.5, 
    "speed": 7.597625, 
    "yawRate": -0.007894344950987632
}