{
    "gpsHeading": 42, 
    "gpsLatitude": 50.03792577617061, 
    "gpsLongitude": 10.252933217532469, 
    "outsideTemperature": 28.0, 
    "speed": 8.994125, 
    "yawRate": -0.0014366267186086419
}