{
    "gpsHeading": 0, 
    "gpsLatitude": 50.04535717152556, 
    "gpsLongitude": 10.225987410481604, 
    "outsideTemperature": 24.0, 
    "speed": 7.4230625, 
    "yawRate": -0.0022243605786017636
}