{
    "gpsHeading": 56, 
    "gpsLatitude": 50.04811213546112, 
    "gpsLongitude": 10.226874048199454, 
    "outsideTemperature": 26.0, 
    "speed": 6.3175, 
    "yawRate": 0.08708199618697571
}