{
    "gpsHeading": 114, 
    "gpsLatitude": 50.03828661710229, 
    "gpsLongitude": 10.246250745226211, 
    "outsideTemperature": 25.5, 
    "speed": 12.0365, 
    "yawRate": 0.01115158449840543
}