{
    "gpsHeading": 61, 
    "gpsLatitude": 50.04329631299193, 
    "gpsLongitude": 10.235641267463432, 
    "outsideTemperature": 25.0, 
    "speed": 9.293375000000001, 
    "yawRate": 0.0012131971509300413
}