{
    "gpsHeading": 272, 
    "gpsLatitude": 50.047995207911825, 
    "gpsLongitude": 10.214162975853615, 
    "outsideTemperature": 22.5, 
    "speed": 11.828687500000001, 
    "yawRate": 0.003931256992371009
}