{
    "gpsHeading": 100, 
    "gpsLatitude": 50.04510294840227, 
    "gpsLongitude": 10.220679905572169, 
    "outsideTemperature": 22.5, 
    "speed": 6.242687500000001, 
    "yawRate": 0.04288770529713039
}