{
    "gpsHeading": 117, 
    "gpsLatitude": 50.037930721493474, 
    "gpsLongitude": 10.247925198023484, 
    "outsideTemperature": 27.0, 
    "speed": 11.255125, 
    "yawRate": 0.026149000113764007
}