{
    "gpsHeading": 104, 
    "gpsLatitude": 50.03760022305129, 
    "gpsLongitude": 10.249304607828988, 
    "outsideTemperature": 26.0, 
    "speed": 13.5078125, 
    "yawRate": -0.0021253337685437313
}