{
    "gpsHeading": 165, 
    "gpsLatitude": 50.03492379754847, 
    "gpsLongitude": 10.237342961446013, 
    "outsideTemperature": 24.0, 
    "speed": 9.625875, 
    "yawRate": -0.0319001831975733
}