{
    "gpsHeading": 135, 
    "gpsLatitude": 50.03676546931408, 
    "gpsLongitude": 10.236840131074555, 
    "outsideTemperature": 24.0, 
    "speed": 10.066437500000001, 
    "yawRate": -0.01584315407922645
}