{
    "gpsHeading": 50, 
    "gpsLatitude": 50.04094267458037, 
    "gpsLongitude": 10.228525702220102, 
    "outsideTemperature": 21.5, 
    "speed": 8.462125, 
    "yawRate": -0.0038003822404658197
}