{
    "gpsHeading": 280, 
    "gpsLatitude": 50.03486906372075, 
    "gpsLongitude": 10.22247237556613, 
    "outsideTemperature": 22.5, 
    "speed": 15.4529375, 
    "yawRate": -0.006418376118456873
}