{
    "gpsHeading": 209, 
    "gpsLatitude": 50.04281602993999, 
    "gpsLongitude": 10.231571518195835, 
    "outsideTemperature": 27.0, 
    "speed": 7.797125, 
    "yawRate": -0.05164622093128305
}