{
    "gpsHeading": 215, 
    "gpsLatitude": 50.04589906156583, 
    "gpsLongitude": 10.240367655025752, 
    "outsideTemperature": 42.5, 
    "speed": 7.4230625, 
    "yawRate": -0.01570075153563813
}