{
    "gpsHeading": 280, 
    "gpsLatitude": 50.03498322524198, 
    "gpsLongitude": 10.22164072313312, 
    "outsideTemperature": 22.5, 
    "speed": 14.513625, 
    "yawRate": -0.013225160201234406
}