{
    "gpsHeading": 146, 
    "gpsLatitude": 50.04186795287186, 
    "gpsLongitude": 10.23871181005352, 
    "outsideTemperature": 27.5, 
    "speed": 10.8976875, 
    "yawRate": 3.93421139221169e-05
}