{
    "gpsHeading": 81, 
    "gpsLatitude": 50.04233599834516, 
    "gpsLongitude": 10.233375136121014, 
    "outsideTemperature": 31.0, 
    "speed": 3.8320625, 
    "yawRate": -0.011678181060614214
}