{
    "gpsHeading": 106, 
    "gpsLatitude": 50.038509072812545, 
    "gpsLongitude": 10.24496957132591, 
    "outsideTemperature": 24.0, 
    "speed": 12.801250000000001, 
    "yawRate": 0.0031230699392320073
}