{
    "gpsHeading": 254, 
    "gpsLatitude": 50.04769547105428, 
    "gpsLongitude": 10.222735148230692, 
    "outsideTemperature": 25.0, 
    "speed": 10.3490625, 
    "yawRate": -0.011951239200776564
}