{
    "gpsHeading": 46, 
    "gpsLatitude": 50.03856355518319, 
    "gpsLongitude": 10.254217660375005, 
    "outsideTemperature": 25.5, 
    "speed": 9.060625, 
    "yawRate": 0.002228564710579031
}