{
    "gpsHeading": 176, 
    "gpsLatitude": 50.03911659315469, 
    "gpsLongitude": 10.240004299523102, 
    "outsideTemperature": 25.0, 
    "speed": 5.760562500000001, 
    "yawRate": -0.10293508375374119
}