{
    "gpsHeading": 180, 
    "gpsLatitude": 50.04746798620212, 
    "gpsLongitude": 10.21237234987835, 
    "outsideTemperature": 25.0, 
    "speed": 11.105500000000001, 
    "yawRate": -0.01452806438236365
}