{
    "gpsHeading": 155, 
    "gpsLatitude": 50.04354131602173, 
    "gpsLongitude": 10.226168459590207, 
    "outsideTemperature": 23.5, 
    "speed": 8.9026875, 
    "yawRate": 0.08739360122298524
}