{
    "gpsHeading": 45, 
    "gpsLatitude": 50.04328323722296, 
    "gpsLongitude": 10.236405445575878, 
    "outsideTemperature": 25.0, 
    "speed": 7.714, 
    "yawRate": 0.008543580009306379
}