{
    "gpsHeading": 111, 
    "gpsLatitude": 50.0445249323593, 
    "gpsLongitude": 10.219046272643373, 
    "outsideTemperature": 23.0, 
    "speed": 4.871125000000001, 
    "yawRate": 0.425289344409082
}