{
    "gpsHeading": 356, 
    "gpsLatitude": 50.04569378875708, 
    "gpsLongitude": 10.225969305570755, 
    "outsideTemperature": 24.0, 
    "speed": 7.140437500000001, 
    "yawRate": 0.003186160102580606
}