{
    "gpsHeading": 202, 
    "gpsLatitude": 50.04615546398394, 
    "gpsLongitude": 10.225962935324345, 
    "outsideTemperature": 24.0, 
    "speed": 8.5785, 
    "yawRate": 0.005040061641314151
}