{
    "gpsHeading": 83, 
    "gpsLatitude": 50.04283413485084, 
    "gpsLongitude": 10.232695196135474, 
    "outsideTemperature": 25.5, 
    "speed": 4.0481875, 
    "yawRate": 0.02739313593084454
}