{
    "gpsHeading": 168, 
    "gpsLatitude": 50.03902908608553, 
    "gpsLongitude": 10.240022069157826, 
    "outsideTemperature": 29.5, 
    "speed": 8.113000000000001, 
    "yawRate": 0.25340328467521417
}