{
    "gpsHeading": 130, 
    "gpsLatitude": 50.04085273675932, 
    "gpsLongitude": 10.262837693419224, 
    "outsideTemperature": 23.5, 
    "speed": 7.963375, 
    "yawRate": -0.002832890120204796
}