{
    "gpsHeading": 93, 
    "gpsLatitude": 50.04363938428887, 
    "gpsLongitude": 10.210759587888418, 
    "outsideTemperature": 22.5, 
    "speed": 12.418875000000002, 
    "yawRate": 0.008684814669161255
}