{
    "gpsHeading": 51, 
    "gpsLatitude": 50.040579067620655, 
    "gpsLongitude": 10.228019016173183, 
    "outsideTemperature": 22.0, 
    "speed": 3.6658125000000004, 
    "yawRate": 0.12849557506070286
}