{
    "gpsHeading": 169, 
    "gpsLatitude": 50.03528572812757, 
    "gpsLongitude": 10.237233745247654, 
    "outsideTemperature": 23.5, 
    "speed": 10.2326875, 
    "yawRate": 0.016096371232269955
}