{
    "gpsHeading": 0, 
    "gpsLatitude": 50.04479047105189, 
    "gpsLongitude": 10.225989086862239, 
    "outsideTemperature": 24.0, 
    "speed": 9.127125000000001, 
    "yawRate": 0.034602086638478205
}