{
    "gpsHeading": 0, 
    "gpsLatitude": 50.04289381400146, 
    "gpsLongitude": 10.227453237708874, 
    "outsideTemperature": 26.0, 
    "speed": 7.730625000000001, 
    "yawRate": -0.006877816062342669
}