{
    "gpsHeading": 190, 
    "gpsLatitude": 50.038097186090525, 
    "gpsLongitude": 10.238124909193216, 
    "outsideTemperature": 24.0, 
    "speed": 8.495375000000001, 
    "yawRate": -0.06314157680827162
}