{
    "gpsHeading": 259, 
    "gpsLatitude": 50.03401218175915, 
    "gpsLongitude": 10.236659920156267, 
    "outsideTemperature": 23.0, 
    "speed": 10.241000000000001, 
    "yawRate": 0.005973461570702301
}