{
    "gpsHeading": 145, 
    "gpsLatitude": 50.042038776058575, 
    "gpsLongitude": 10.228481278133259, 
    "outsideTemperature": 25.0, 
    "speed": 8.362375, 
    "yawRate": -0.019269653751501845
}