{
    "gpsHeading": 46, 
    "gpsLatitude": 50.042456027198625, 
    "gpsLongitude": 10.233589629023273, 
    "outsideTemperature": 30.0, 
    "speed": 2.6849374999999998, 
    "yawRate": -0.013598043237808183
}