{
    "gpsHeading": 49, 
    "gpsLatitude": 50.04192075886186, 
    "gpsLongitude": 10.259936549092298, 
    "outsideTemperature": 23.5, 
    "speed": 7.2401875, 
    "yawRate": -0.004752752297397772
}