{
    "gpsHeading": 180, 
    "gpsLatitude": 50.047269083639776, 
    "gpsLongitude": 10.212349886377819, 
    "outsideTemperature": 25.0, 
    "speed": 10.789625000000001, 
    "yawRate": -4.183159081024425e-05
}