{
    "gpsHeading": 316, 
    "gpsLatitude": 50.04156855129046, 
    "gpsLongitude": 10.228976564791896, 
    "outsideTemperature": 25.5, 
    "speed": 7.830375000000001, 
    "yawRate": -0.029805788095180058
}