{
    "gpsHeading": 31, 
    "gpsLatitude": 50.0431932994019, 
    "gpsLongitude": 10.232064038826392, 
    "outsideTemperature": 32.5, 
    "speed": 0.0, 
    "yawRate": 0.0002617237781543558
}