{
    "gpsHeading": 47, 
    "gpsLatitude": 50.03802552081838, 
    "gpsLongitude": 10.253129605523876, 
    "outsideTemperature": 27.5, 
    "speed": 8.61175, 
    "yawRate": 0.013747737773741848
}