{
    "gpsHeading": 46, 
    "gpsLatitude": 50.04009769492131, 
    "gpsLongitude": 10.22729264044404, 
    "outsideTemperature": 22.0, 
    "speed": 10.590125, 
    "yawRate": -0.004323981016063633
}