{
    "gpsHeading": 65, 
    "gpsLatitude": 50.04385714613337, 
    "gpsLongitude": 10.215075681290326, 
    "outsideTemperature": 22.0, 
    "speed": 9.052312500000001, 
    "yawRate": -0.010513807102776442
}