{
    "gpsHeading": 215, 
    "gpsLatitude": 50.0341318753365, 
    "gpsLongitude": 10.237541277275117, 
    "outsideTemperature": 23.5, 
    "speed": 7.98, 
    "yawRate": -0.12457716647847067
}