{
    "gpsHeading": 182, 
    "gpsLatitude": 50.04501627952344, 
    "gpsLongitude": 10.225991852890285, 
    "outsideTemperature": 24.0, 
    "speed": 9.359875, 
    "yawRate": -0.010493368701434882
}