{
    "gpsHeading": 15, 
    "gpsLatitude": 50.042997414324695, 
    "gpsLongitude": 10.227275457542504, 
    "outsideTemperature": 27.0, 
    "speed": 0.0, 
    "yawRate": 0.0003303399999580361
}