{
    "gpsHeading": 259, 
    "gpsLatitude": 50.04243658118326, 
    "gpsLongitude": 10.230826031727458, 
    "outsideTemperature": 29.5, 
    "speed": 4.073125, 
    "yawRate": -0.23647658871747998
}