{
    "gpsHeading": 357, 
    "gpsLatitude": 50.044239360918134, 
    "gpsLongitude": 10.225978777121338, 
    "outsideTemperature": 24.0, 
    "speed": 9.3349375, 
    "yawRate": -0.0055404861573908944
}