{
    "gpsHeading": 81, 
    "gpsLatitude": 50.04444019131821, 
    "gpsLongitude": 10.223141586715645, 
    "outsideTemperature": 22.5, 
    "speed": 8.5868125, 
    "yawRate": 0.04777462720271494
}