{
    "gpsHeading": 170, 
    "gpsLatitude": 50.0361649059516, 
    "gpsLongitude": 10.237022102192473, 
    "outsideTemperature": 24.0, 
    "speed": 9.343250000000001, 
    "yawRate": -0.009734501697246004
}