{
    "gpsHeading": 280, 
    "gpsLatitude": 50.03475272290468, 
    "gpsLongitude": 10.223370412672327, 
    "outsideTemperature": 22.5, 
    "speed": 16.6499375, 
    "yawRate": -0.005894777342859059
}