{
    "gpsHeading": 170, 
    "gpsLatitude": 50.03583071947202, 
    "gpsLongitude": 10.237098461330401, 
    "outsideTemperature": 24.0, 
    "speed": 8.445500000000001, 
    "yawRate": -0.004847579791662439
}