{
    "gpsHeading": 158, 
    "gpsLatitude": 50.04356880866415, 
    "gpsLongitude": 10.226142978604534, 
    "outsideTemperature": 23.5, 
    "speed": 9.243500000000001, 
    "yawRate": 0.08864133281184149
}