{
    "gpsHeading": 87, 
    "gpsLatitude": 50.043624632139284, 
    "gpsLongitude": 10.21110735305117, 
    "outsideTemperature": 22.5, 
    "speed": 12.502, 
    "yawRate": 0.0177605267795313
}