{
    "gpsHeading": 16, 
    "gpsLatitude": 50.04419267371746, 
    "gpsLongitude": 10.217525711588396, 
    "outsideTemperature": 21.5, 
    "speed": 8.8694375, 
    "yawRate": -0.011037405878374255
}