{
    "gpsHeading": 175, 
    "gpsLatitude": 50.039712127375246, 
    "gpsLongitude": 10.239974627585875, 
    "outsideTemperature": 25.5, 
    "speed": 10.906, 
    "yawRate": 0.009813185925090237
}