{
    "gpsHeading": 53, 
    "gpsLatitude": 50.0445449651079, 
    "gpsLongitude": 10.22559706525074, 
    "outsideTemperature": 22.5, 
    "speed": 4.438875, 
    "yawRate": -0.17405672072576125
}