{
    "gpsHeading": 174, 
    "gpsLatitude": 50.04592328526599, 
    "gpsLongitude": 10.225961258943709, 
    "outsideTemperature": 24.0, 
    "speed": 8.603437500000002, 
    "yawRate": -0.007351776047845022
}