{
    "gpsHeading": 12, 
    "gpsLatitude": 50.04166016549216, 
    "gpsLongitude": 10.228871288087998, 
    "outsideTemperature": 32.5, 
    "speed": 0.0, 
    "yawRate": -7.578900731239195e-05
}