{
    "gpsHeading": 267, 
    "gpsLatitude": 50.04808657065643, 
    "gpsLongitude": 10.225329598720437, 
    "outsideTemperature": 27.0, 
    "speed": 10.7314375, 
    "yawRate": 0.028191333595092533
}