{
    "gpsHeading": 288, 
    "gpsLatitude": 50.045676605855554, 
    "gpsLongitude": 10.208782632205583, 
    "outsideTemperature": 23.0, 
    "speed": 6.500375000000001, 
    "yawRate": 0.02893063399229458
}