{
    "gpsHeading": 174, 
    "gpsLatitude": 50.04396912835979, 
    "gpsLongitude": 10.22599847459379, 
    "outsideTemperature": 23.5, 
    "speed": 9.002437500000001, 
    "yawRate": 0.07363150124469027
}