{
    "gpsHeading": 180, 
    "gpsLatitude": 50.04765465118582, 
    "gpsLongitude": 10.212396238302388, 
    "outsideTemperature": 25.5, 
    "speed": 10.590125, 
    "yawRate": -0.025000039894328856
}