{
    "gpsHeading": 66, 
    "gpsLatitude": 50.03795544810785, 
    "gpsLongitude": 10.222794911200337, 
    "outsideTemperature": 22.5, 
    "speed": 9.467937500000001, 
    "yawRate": 0.006322527421101835
}