{
    "gpsHeading": 147, 
    "gpsLatitude": 50.041852697808096, 
    "gpsLongitude": 10.228669870954718, 
    "outsideTemperature": 25.0, 
    "speed": 6.9575625, 
    "yawRate": 0.0001035009456351254
}