{
    "gpsHeading": 79, 
    "gpsLatitude": 50.03885440722336, 
    "gpsLongitude": 10.241280444281498, 
    "outsideTemperature": 27.5, 
    "speed": 12.352375, 
    "yawRate": -0.012235827478317753
}