{
    "gpsHeading": 124, 
    "gpsLatitude": 50.04369076535534, 
    "gpsLongitude": 10.23530708098385, 
    "outsideTemperature": 33.0, 
    "speed": 3.1005625, 
    "yawRate": -0.01333437444223087
}