{
    "gpsHeading": 67, 
    "gpsLatitude": 50.043760502789745, 
    "gpsLongitude": 10.214289877867664, 
    "outsideTemperature": 22.0, 
    "speed": 11.820375000000002, 
    "yawRate": 0.03870447780346271
}