{
    "gpsHeading": 55, 
    "gpsLatitude": 50.038288796397104, 
    "gpsLongitude": 10.223453728789885, 
    "outsideTemperature": 22.5, 
    "speed": 10.8976875, 
    "yawRate": -0.003451316390066285
}