{
    "gpsHeading": 25, 
    "gpsLatitude": 50.04255267054223, 
    "gpsLongitude": 10.231065167425042, 
    "outsideTemperature": 26.5, 
    "speed": 7.7721875, 
    "yawRate": -0.010305975912232776
}