{
    "gpsHeading": 188, 
    "gpsLatitude": 50.04531132251519, 
    "gpsLongitude": 10.20822741493927, 
    "outsideTemperature": 23.0, 
    "speed": 9.484562500000001, 
    "yawRate": -0.0026598254688022897
}