{
    "gpsHeading": 173, 
    "gpsLatitude": 50.035997686983265, 
    "gpsLongitude": 10.23706158095641, 
    "outsideTemperature": 24.0, 
    "speed": 9.40975, 
    "yawRate": 0.018365299259862466
}