{
    "gpsHeading": 52, 
    "gpsLatitude": 50.04262911349919, 
    "gpsLongitude": 10.233527351482675, 
    "outsideTemperature": 34.0, 
    "speed": 7.6308750000000005, 
    "yawRate": -0.011860700981778528
}