{
    "gpsHeading": 224, 
    "gpsLatitude": 50.045469656666164, 
    "gpsLongitude": 10.239243474171923, 
    "outsideTemperature": 42.0, 
    "speed": 8.3125, 
    "yawRate": 0.08376889920477217
}