{
    "gpsHeading": 64, 
    "gpsLatitude": 50.04308408320352, 
    "gpsLongitude": 10.235064592524997, 
    "outsideTemperature": 25.0, 
    "speed": 12.028187500000001, 
    "yawRate": -0.00664078448304411
}