{
    "gpsHeading": 62, 
    "gpsLatitude": 50.04278434634598, 
    "gpsLongitude": 10.234270407199162, 
    "outsideTemperature": 34.0, 
    "speed": 9.293375000000001, 
    "yawRate": -0.015874958261365736
}