{
    "gpsHeading": 272, 
    "gpsLatitude": 50.04760435976677, 
    "gpsLongitude": 10.22117016308887, 
    "outsideTemperature": 24.0, 
    "speed": 11.296687499999999, 
    "yawRate": -0.022423214712742764
}