{
    "gpsHeading": 231, 
    "gpsLatitude": 50.03387329362356, 
    "gpsLongitude": 10.232863504751224, 
    "outsideTemperature": 22.5, 
    "speed": 9.891875, 
    "yawRate": 0.022903155315047486
}