{
    "gpsHeading": 128, 
    "gpsLatitude": 50.04179435976198, 
    "gpsLongitude": 10.231659611998198, 
    "outsideTemperature": 28.0, 
    "speed": 2.7680625, 
    "yawRate": 0.019214146699685568
}