{
    "gpsHeading": 45, 
    "gpsLatitude": 50.04040690332944, 
    "gpsLongitude": 10.22775708169894, 
    "outsideTemperature": 22.0, 
    "speed": 6.666625, 
    "yawRate": 0.019412496811059086
}