{
    "gpsHeading": 257, 
    "gpsLatitude": 50.04773821876049, 
    "gpsLongitude": 10.22302097112894, 
    "outsideTemperature": 25.0, 
    "speed": 10.4321875, 
    "yawRate": -0.02853186709472222
}