{
    "gpsHeading": 78, 
    "gpsLatitude": 50.044854089697, 
    "gpsLongitude": 10.217807930268282, 
    "outsideTemperature": 22.0, 
    "speed": 6.791312500000001, 
    "yawRate": -0.1520600094395144
}