{
    "gpsHeading": 273, 
    "gpsLatitude": 50.04560829334467, 
    "gpsLongitude": 10.209360732067557, 
    "outsideTemperature": 23.0, 
    "speed": 9.443000000000001, 
    "yawRate": -0.008593944925582473
}