{
    "gpsHeading": 28, 
    "gpsLatitude": 50.04317544594814, 
    "gpsLongitude": 10.22825630785207, 
    "outsideTemperature": 28.0, 
    "speed": 5.2285625, 
    "yawRate": 0.040295712531599685
}