{
    "gpsHeading": 75, 
    "gpsLatitude": 50.04390961684724, 
    "gpsLongitude": 10.215718237987723, 
    "outsideTemperature": 22.0, 
    "speed": 9.883562500000002, 
    "yawRate": -0.07526552235176462
}