{
    "gpsHeading": 91, 
    "gpsLatitude": 50.03884074472119, 
    "gpsLongitude": 10.240768477635582, 
    "outsideTemperature": 28.0, 
    "speed": 11.762187500000001, 
    "yawRate": 0.02301982341196679
}