{
    "gpsHeading": 169, 
    "gpsLatitude": 50.03567800119617, 
    "gpsLongitude": 10.237131569847929, 
    "outsideTemperature": 23.5, 
    "speed": 8.254312500000001, 
    "yawRate": 0.014525574905474528
}