{
    "gpsHeading": 61, 
    "gpsLatitude": 50.04220968306432, 
    "gpsLongitude": 10.233149327649507, 
    "outsideTemperature": 31.5, 
    "speed": 3.4413750000000003, 
    "yawRate": -0.010980049359816137
}