{
    "gpsHeading": 324, 
    "gpsLatitude": 50.04519908883167, 
    "gpsLongitude": 10.228603486281566, 
    "outsideTemperature": 24.0, 
    "speed": 6.899375000000001, 
    "yawRate": 0.005214594566514415
}