{
    "gpsHeading": 358, 
    "gpsLatitude": 50.04442518771153, 
    "gpsLongitude": 10.225369915674724, 
    "outsideTemperature": 22.5, 
    "speed": 5.236875, 
    "yawRate": -0.06898789975570369
}