{
    "gpsHeading": 156, 
    "gpsLatitude": 50.04224438414347, 
    "gpsLongitude": 10.231196511847774, 
    "outsideTemperature": 27.0, 
    "speed": 4.339125, 
    "yawRate": -0.013598043237808183
}