{
    "gpsHeading": 64, 
    "gpsLatitude": 50.04347853556694, 
    "gpsLongitude": 10.236058183327351, 
    "outsideTemperature": 29.5, 
    "speed": 3.8154375000000003, 
    "yawRate": -0.2904152496000685
}