{
    "gpsHeading": 124, 
    "gpsLatitude": 50.043066565025896, 
    "gpsLongitude": 10.227152075927787, 
    "outsideTemperature": 23.0, 
    "speed": 3.973375, 
    "yawRate": -0.07038416315729984
}