{
    "gpsHeading": 146, 
    "gpsLatitude": 50.042565243397, 
    "gpsLongitude": 10.238050980807213, 
    "outsideTemperature": 27.0, 
    "speed": 10.656625, 
    "yawRate": -0.00712329603723286
}