{
    "gpsHeading": 246, 
    "gpsLatitude": 50.04299657613437, 
    "gpsLongitude": 10.234825456827416, 
    "outsideTemperature": 32.0, 
    "speed": 8.5785, 
    "yawRate": -0.016825032946220262
}