{
    "gpsHeading": 80, 
    "gpsLatitude": 50.043273011301096, 
    "gpsLongitude": 10.236249039262631, 
    "outsideTemperature": 29.0, 
    "speed": 4.9293125, 
    "yawRate": 0.26023612940413243
}