{
    "gpsHeading": 145, 
    "gpsLatitude": 50.04427909113918, 
    "gpsLongitude": 10.207191244068774, 
    "outsideTemperature": 22.5, 
    "speed": 6.550250000000001, 
    "yawRate": 0.2736257951218961
}