{
    "gpsHeading": 49, 
    "gpsLatitude": 50.04798246741901, 
    "gpsLongitude": 10.2261723990847, 
    "outsideTemperature": 24.0, 
    "speed": 5.320000000000001, 
    "yawRate": -0.06575434535119404
}