{
    "gpsHeading": 34, 
    "gpsLatitude": 50.04479885295506, 
    "gpsLongitude": 10.219289599292543, 
    "outsideTemperature": 23.0, 
    "speed": 10.191125000000001, 
    "yawRate": -0.004585250357114061
}