{
    "gpsHeading": 45, 
    "gpsLatitude": 50.037643557490696, 
    "gpsLongitude": 10.252397111005418, 
    "outsideTemperature": 29.0, 
    "speed": 10.0498125, 
    "yawRate": 0.00955894756895537
}