{
    "gpsHeading": 4, 
    "gpsLatitude": 50.04735105865283, 
    "gpsLongitude": 10.225947680260573, 
    "outsideTemperature": 23.0, 
    "speed": 7.6890625, 
    "yawRate": -0.0022243605786017636
}