{
    "gpsHeading": 344, 
    "gpsLatitude": 50.042756015513255, 
    "gpsLongitude": 10.233282096995778, 
    "outsideTemperature": 29.0, 
    "speed": 6.7165, 
    "yawRate": -0.05661853989168983
}