{
    "gpsHeading": 129, 
    "gpsLatitude": 50.037019608618344, 
    "gpsLongitude": 10.2366995665583, 
    "outsideTemperature": 24.0, 
    "speed": 8.1878125, 
    "yawRate": -0.04935347571751629
}