{
    "gpsHeading": 124, 
    "gpsLatitude": 50.04326077372246, 
    "gpsLongitude": 10.231050415275428, 
    "outsideTemperature": 26.5, 
    "speed": 4.8960625, 
    "yawRate": 0.014152691868901742
}