{
    "gpsHeading": 83, 
    "gpsLatitude": 50.04359655276364, 
    "gpsLongitude": 10.212806867738928, 
    "outsideTemperature": 22.5, 
    "speed": 12.053125, 
    "yawRate": 0.02875610106709531
}