{
    "gpsHeading": 245, 
    "gpsLatitude": 50.045713570048555, 
    "gpsLongitude": 10.239911511854958, 
    "outsideTemperature": 38.0, 
    "speed": 4.1978125, 
    "yawRate": -0.03140871480358643
}