{
    "gpsHeading": 149, 
    "gpsLatitude": 50.04066439539496, 
    "gpsLongitude": 10.239867339225214, 
    "outsideTemperature": 27.0, 
    "speed": 10.27425, 
    "yawRate": -0.07498642844237473
}