{
    "gpsHeading": 244, 
    "gpsLatitude": 50.04269633636265, 
    "gpsLongitude": 10.234032361148993, 
    "outsideTemperature": 30.5, 
    "speed": 6.251, 
    "yawRate": -0.010890913489439089
}