{
    "gpsHeading": 265, 
    "gpsLatitude": 50.03392274685228, 
    "gpsLongitude": 10.235494332700767, 
    "outsideTemperature": 23.0, 
    "speed": 10.906, 
    "yawRate": -0.0022295859136703938
}