{
    "gpsHeading": 74, 
    "gpsLatitude": 50.04294242903987, 
    "gpsLongitude": 10.234682964473432, 
    "outsideTemperature": 25.0, 
    "speed": 12.510312500000001, 
    "yawRate": 0.004703855654918443
}