{
    "gpsHeading": 151, 
    "gpsLatitude": 50.04017908320114, 
    "gpsLongitude": 10.239974627585875, 
    "outsideTemperature": 26.0, 
    "speed": 11.9118125, 
    "yawRate": -0.008314851016192584
}