{
    "gpsHeading": 210, 
    "gpsLatitude": 50.045629331921646, 
    "gpsLongitude": 10.239615965949, 
    "outsideTemperature": 46.0, 
    "speed": 4.1811875, 
    "yawRate": -0.050446920273589456
}