{
    "gpsHeading": 300, 
    "gpsLatitude": 50.04383518554704, 
    "gpsLongitude": 10.22601683096177, 
    "outsideTemperature": 24.5, 
    "speed": 7.664125, 
    "yawRate": -0.03503655051609453
}