{
    "gpsHeading": 147, 
    "gpsLatitude": 50.04082826160204, 
    "gpsLongitude": 10.23974378997243, 
    "outsideTemperature": 27.5, 
    "speed": 9.842, 
    "yawRate": -0.10605328912787279
}