{
    "gpsHeading": 106, 
    "gpsLatitude": 50.03755714006898, 
    "gpsLongitude": 10.249483729099829, 
    "outsideTemperature": 26.0, 
    "speed": 13.0256875, 
    "yawRate": 0.005903180790629692
}