{
    "gpsHeading": 350, 
    "gpsLatitude": 50.046815790316074, 
    "gpsLongitude": 10.22595790618244, 
    "outsideTemperature": 23.5, 
    "speed": 9.40975, 
    "yawRate": -0.006413150783388243
}