{
    "gpsHeading": 1, 
    "gpsLatitude": 50.045085765500744, 
    "gpsLongitude": 10.22874991813004, 
    "outsideTemperature": 24.0, 
    "speed": 5.137125, 
    "yawRate": 0.15740730534041686
}