{
    "gpsHeading": 37, 
    "gpsLatitude": 50.03730383895501, 
    "gpsLongitude": 10.251836277863978, 
    "outsideTemperature": 31.0, 
    "speed": 8.1795, 
    "yawRate": -0.0709007309479821
}