{
    "gpsHeading": 178, 
    "gpsLatitude": 50.04429266982234, 
    "gpsLongitude": 10.225978777121338, 
    "outsideTemperature": 23.5, 
    "speed": 9.0356875, 
    "yawRate": -0.004733782169853968
}