{
    "gpsHeading": 47, 
    "gpsLatitude": 50.04042660080189, 
    "gpsLongitude": 10.257502695867352, 
    "outsideTemperature": 24.0, 
    "speed": 8.761375, 
    "yawRate": -0.002832890120204796
}