{
    "gpsHeading": 165, 
    "gpsLatitude": 50.0429021120856, 
    "gpsLongitude": 10.232981270490852, 
    "outsideTemperature": 25.5, 
    "speed": 4.372375000000001, 
    "yawRate": -0.32586150467280195
}