{
    "gpsHeading": 328, 
    "gpsLatitude": 50.04411103398053, 
    "gpsLongitude": 10.2362937986256, 
    "outsideTemperature": 35.0, 
    "speed": 3.0673125000000003, 
    "yawRate": 0.0020245229753188916
}