{
    "gpsHeading": 15, 
    "gpsLatitude": 50.039136877360356, 
    "gpsLongitude": 10.240002623142466, 
    "outsideTemperature": 29.0, 
    "speed": 4.0066250000000005, 
    "yawRate": 0.04885069634148275
}