{
    "gpsHeading": 356, 
    "gpsLatitude": 50.048965748480455, 
    "gpsLongitude": 10.226886788692308, 
    "outsideTemperature": 24.5, 
    "speed": 7.988312500000001, 
    "yawRate": -0.00175526273953472
}