{
    "gpsHeading": 30, 
    "gpsLatitude": 50.04544660643243, 
    "gpsLongitude": 10.219971802391937, 
    "outsideTemperature": 22.5, 
    "speed": 4.7547500000000005, 
    "yawRate": -0.4068836429418004
}