{
    "gpsHeading": 83, 
    "gpsLatitude": 50.04439191155592, 
    "gpsLongitude": 10.222628195146157, 
    "outsideTemperature": 23.0, 
    "speed": 9.484562500000001, 
    "yawRate": 0.012518976312429405
}