{
    "gpsHeading": 48, 
    "gpsLatitude": 50.040030472057836, 
    "gpsLongitude": 10.227172360133462, 
    "outsideTemperature": 22.5, 
    "speed": 11.3133125, 
    "yawRate": -0.007465573669653492
}