{
    "gpsHeading": 250, 
    "gpsLatitude": 50.04785103917721, 
    "gpsLongitude": 10.223579038242331, 
    "outsideTemperature": 25.5, 
    "speed": 10.3490625, 
    "yawRate": -0.0060171197439963815
}