{
    "gpsHeading": 323, 
    "gpsLatitude": 50.04186770141477, 
    "gpsLongitude": 10.228653777700629, 
    "outsideTemperature": 25.0, 
    "speed": 6.849500000000001, 
    "yawRate": -0.005371178567260253
}