{
    "gpsHeading": 146, 
    "gpsLatitude": 50.04203072943153, 
    "gpsLongitude": 10.262115676279729, 
    "outsideTemperature": 24.0, 
    "speed": 5.6109375, 
    "yawRate": 0.012875073147744498
}