{
    "gpsHeading": 267, 
    "gpsLatitude": 50.043174943033954, 
    "gpsLongitude": 10.231965467645063, 
    "outsideTemperature": 34.5, 
    "speed": 5.1121875, 
    "yawRate": 0.2482013445613368
}