{
    "gpsHeading": 321, 
    "gpsLatitude": 50.045338815157606, 
    "gpsLongitude": 10.228399638396336, 
    "outsideTemperature": 24.0, 
    "speed": 7.996625, 
    "yawRate": 0.06298499280752579
}