{
    "gpsHeading": 336, 
    "gpsLatitude": 50.04292658724288, 
    "gpsLongitude": 10.230053806987934, 
    "outsideTemperature": 28.0, 
    "speed": 3.5660625, 
    "yawRate": -0.4438217038544027
}