{
    "gpsHeading": 168, 
    "gpsLatitude": 50.03545378528623, 
    "gpsLongitude": 10.237187393323083, 
    "outsideTemperature": 23.5, 
    "speed": 9.343250000000001, 
    "yawRate": -0.01462142360283056
}