{
    "gpsHeading": 136, 
    "gpsLatitude": 50.03996769160307, 
    "gpsLongitude": 10.263071799974904, 
    "outsideTemperature": 23.5, 
    "speed": 7.6475, 
    "yawRate": -0.06304674931400796
}