{
    "gpsHeading": 183, 
    "gpsLatitude": 50.046541869720315, 
    "gpsLongitude": 10.212267659907672, 
    "outsideTemperature": 24.0, 
    "speed": 8.911000000000001, 
    "yawRate": 0.02107665235832043
}