{
    "gpsHeading": 303, 
    "gpsLatitude": 50.035370217711574, 
    "gpsLongitude": 10.220370194249847, 
    "outsideTemperature": 22.5, 
    "speed": 9.368187500000001, 
    "yawRate": -0.14569565042760232
}