{
    "gpsHeading": 49, 
    "gpsLatitude": 50.039759652766264, 
    "gpsLongitude": 10.226692663814756, 
    "outsideTemperature": 22.5, 
    "speed": 11.3631875, 
    "yawRate": 0.024997550417440728
}