{
    "gpsHeading": 271, 
    "gpsLatitude": 50.04795354985305, 
    "gpsLongitude": 10.21518682532645, 
    "outsideTemperature": 22.5, 
    "speed": 12.219375000000001, 
    "yawRate": -0.014220167228369076
}