{
    "gpsHeading": 231, 
    "gpsLatitude": 50.04324878760093, 
    "gpsLongitude": 10.235518221124808, 
    "outsideTemperature": 35.0, 
    "speed": 7.040687500000001, 
    "yawRate": -0.0021642672294675874
}