{
    "gpsHeading": 80, 
    "gpsLatitude": 50.042224686671, 
    "gpsLongitude": 10.261364573936197, 
    "outsideTemperature": 24.0, 
    "speed": 6.159562500000001, 
    "yawRate": -0.00335648889580261
}