{
    "gpsHeading": 34, 
    "gpsLatitude": 50.03682799831176, 
    "gpsLongitude": 10.221178796449138, 
    "outsideTemperature": 22.5, 
    "speed": 11.7455625, 
    "yawRate": 0.029535406472625748
}