{
    "gpsHeading": 145, 
    "gpsLatitude": 50.04322271988204, 
    "gpsLongitude": 10.237375986144508, 
    "outsideTemperature": 30.0, 
    "speed": 7.21525, 
    "yawRate": -0.0034581046080441958
}