{
    "gpsHeading": 181, 
    "gpsLatitude": 50.04468351796738, 
    "gpsLongitude": 10.225989086862239, 
    "outsideTemperature": 23.5, 
    "speed": 8.661624999999999, 
    "yawRate": 0.01778096518087286
}