{
    "gpsHeading": 75, 
    "gpsLatitude": 50.04341961078763, 
    "gpsLongitude": 10.235940752863849, 
    "outsideTemperature": 25.0, 
    "speed": 5.187, 
    "yawRate": -0.2621569869750104
}