{
    "gpsHeading": 221, 
    "gpsLatitude": 50.044676309530644, 
    "gpsLongitude": 10.207825754139124, 
    "outsideTemperature": 23.0, 
    "speed": 9.2850625, 
    "yawRate": -0.002834358394001561
}