{
    "gpsHeading": 226, 
    "gpsLatitude": 50.03785964295455, 
    "gpsLongitude": 10.23776574464215, 
    "outsideTemperature": 24.0, 
    "speed": 9.983312500000002, 
    "yawRate": 0.023775819941044836
}