{
    "gpsHeading": 252, 
    "gpsLatitude": 50.03877243221031, 
    "gpsLongitude": 10.23920097792281, 
    "outsideTemperature": 24.5, 
    "speed": 11.379812500000002, 
    "yawRate": -0.02125367476040882
}