{
    "gpsHeading": 225, 
    "gpsLatitude": 50.04413802370876, 
    "gpsLongitude": 10.235708741783997, 
    "outsideTemperature": 35.0, 
    "speed": 2.543625, 
    "yawRate": -0.004084129406661556
}