{
    "gpsHeading": 17, 
    "gpsLatitude": 50.044773791064586, 
    "gpsLongitude": 10.22827206583003, 
    "outsideTemperature": 23.5, 
    "speed": 6.483750000000001, 
    "yawRate": 0.023016952936855958
}