{
    "gpsHeading": 221, 
    "gpsLatitude": 50.033168794661684, 
    "gpsLongitude": 10.23200989173187, 
    "outsideTemperature": 23.0, 
    "speed": 10.556875, 
    "yawRate": -0.0025786517640689365
}