{
    "gpsHeading": 124, 
    "gpsLatitude": 50.041734932068486, 
    "gpsLongitude": 10.262369312669799, 
    "outsideTemperature": 24.0, 
    "speed": 6.1263125, 
    "yawRate": -0.013479398557369272
}