{
    "gpsHeading": 82, 
    "gpsLatitude": 50.043364374045694, 
    "gpsLongitude": 10.231364569006429, 
    "outsideTemperature": 26.5, 
    "speed": 2.2693125, 
    "yawRate": -0.051122622155685235
}