{
    "gpsHeading": 119, 
    "gpsLatitude": 50.04341189943671, 
    "gpsLongitude": 10.235705472841724, 
    "outsideTemperature": 35.5, 
    "speed": 1.379875, 
    "yawRate": -0.11718146493589252
}