{
    "gpsHeading": 109, 
    "gpsLatitude": 50.038602447213925, 
    "gpsLongitude": 10.244432375151414, 
    "outsideTemperature": 24.5, 
    "speed": 13.183625000000001, 
    "yawRate": -0.0008911873403552001
}