{
    "gpsHeading": 273, 
    "gpsLatitude": 50.04768407166596, 
    "gpsLongitude": 10.219886809893746, 
    "outsideTemperature": 23.5, 
    "speed": 12.0115625, 
    "yawRate": -0.011776706275577293
}