{
    "gpsHeading": 45, 
    "gpsLatitude": 50.038262728678234, 
    "gpsLongitude": 10.253604859433901, 
    "outsideTemperature": 26.5, 
    "speed": 9.085562500000002, 
    "yawRate": -0.0017856925690081765
}