{
    "gpsHeading": 313, 
    "gpsLatitude": 50.045601336365046, 
    "gpsLongitude": 10.227968808573152, 
    "outsideTemperature": 24.0, 
    "speed": 8.87775, 
    "yawRate": 0.02127162368486126
}