{
    "gpsHeading": 265, 
    "gpsLatitude": 50.03392744071806, 
    "gpsLongitude": 10.234711295306152, 
    "outsideTemperature": 22.5, 
    "speed": 11.5128125, 
    "yawRate": -0.030678452721177404
}