{
    "gpsHeading": 319, 
    "gpsLatitude": 50.043989915479656, 
    "gpsLongitude": 10.228249853786625, 
    "outsideTemperature": 24.5, 
    "speed": 7.08225, 
    "yawRate": -0.044003690339725725
}