{
    "gpsHeading": 142, 
    "gpsLatitude": 50.04311492860721, 
    "gpsLongitude": 10.237486543447408, 
    "outsideTemperature": 29.5, 
    "speed": 8.4371875, 
    "yawRate": 0.029528618254647837
}