{
    "gpsHeading": 62, 
    "gpsLatitude": 50.04163828872487, 
    "gpsLongitude": 10.232049035219715, 
    "outsideTemperature": 30.5, 
    "speed": 3.5993125000000004, 
    "yawRate": 0.08501305949987037
}