{
    "gpsHeading": 98, 
    "gpsLatitude": 50.04377517112031, 
    "gpsLongitude": 10.209416304085616, 
    "outsideTemperature": 23.0, 
    "speed": 11.820375000000002, 
    "yawRate": 0.018982257255927188
}