{
    "gpsHeading": 113, 
    "gpsLatitude": 50.04468661927155, 
    "gpsLongitude": 10.218526846103602, 
    "outsideTemperature": 22.0, 
    "speed": 5.943437500000001, 
    "yawRate": 0.03137409494508736
}