{
    "gpsHeading": 346, 
    "gpsLatitude": 50.04433994375624, 
    "gpsLongitude": 10.227994038101698, 
    "outsideTemperature": 24.5, 
    "speed": 6.550250000000001, 
    "yawRate": -0.057791791430480056
}