{
    "gpsHeading": 62, 
    "gpsLatitude": 50.0430979971628, 
    "gpsLongitude": 10.230549848017825, 
    "outsideTemperature": 26.5, 
    "speed": 5.710687500000001, 
    "yawRate": 0.004553380982932895
}