{
    "gpsHeading": 162, 
    "gpsLatitude": 50.04048661522863, 
    "gpsLongitude": 10.239945458562802, 
    "outsideTemperature": 26.5, 
    "speed": 11.080562500000001, 
    "yawRate": -0.04182517265448243
}