{
    "gpsHeading": 147, 
    "gpsLatitude": 50.04203802168728, 
    "gpsLongitude": 10.238541573600038, 
    "outsideTemperature": 27.5, 
    "speed": 11.0971875, 
    "yawRate": -0.00711650781925495
}