{
    "gpsHeading": 99, 
    "gpsLatitude": 50.04373577617539, 
    "gpsLongitude": 10.209742946852346, 
    "outsideTemperature": 23.0, 
    "speed": 12.003250000000001, 
    "yawRate": -0.0009144962168075926
}