{
    "gpsHeading": 100, 
    "gpsLatitude": 50.0384215657434, 
    "gpsLongitude": 10.245471563507053, 
    "outsideTemperature": 24.0, 
    "speed": 8.2376875, 
    "yawRate": -0.011014097001921862
}