{
    "gpsHeading": 142, 
    "gpsLatitude": 50.04438964844207, 
    "gpsLongitude": 10.224912096123298, 
    "outsideTemperature": 22.5, 
    "speed": 6.741437500000001, 
    "yawRate": -0.033034117164621075
}