{
    "gpsHeading": 283, 
    "gpsLatitude": 50.03513996683136, 
    "gpsLongitude": 10.220855422624647, 
    "outsideTemperature": 22.5, 
    "speed": 11.6956875, 
    "yawRate": -0.11532692144290135
}