{
    "gpsHeading": 104, 
    "gpsLatitude": 50.0439024084105, 
    "gpsLongitude": 10.208625471521051, 
    "outsideTemperature": 22.5, 
    "speed": 11.3964375, 
    "yawRate": 0.0018780305863837238
}