{
    "gpsHeading": 46, 
    "gpsLatitude": 50.0409007650645, 
    "gpsLongitude": 10.25830878349569, 
    "outsideTemperature": 24.0, 
    "speed": 9.6175625, 
    "yawRate": -0.00562541692339512
}