{
    "gpsHeading": 280, 
    "gpsLatitude": 50.04776076608002, 
    "gpsLongitude": 10.218764640696678, 
    "outsideTemperature": 23.5, 
    "speed": 11.371500000000001, 
    "yawRate": 0.062225254008981185
}