{
    "gpsHeading": 76, 
    "gpsLatitude": 50.043708283532965, 
    "gpsLongitude": 10.213970192080568, 
    "outsideTemperature": 22.0, 
    "speed": 11.7705, 
    "yawRate": 0.08966809196169653
}