{
    "gpsHeading": 259, 
    "gpsLatitude": 50.04761408277445, 
    "gpsLongitude": 10.221892683142556, 
    "outsideTemperature": 24.5, 
    "speed": 9.775500000000001, 
    "yawRate": -0.032546124374309426
}