{
    "gpsHeading": 276, 
    "gpsLatitude": 50.03396105214979, 
    "gpsLongitude": 10.23407628232161, 
    "outsideTemperature": 22.5, 
    "speed": 10.4488125, 
    "yawRate": -0.005720244417658796
}