{
    "gpsHeading": 16, 
    "gpsLatitude": 50.04152437866074, 
    "gpsLongitude": 10.229346290540926, 
    "outsideTemperature": 25.5, 
    "speed": 3.6658125000000004, 
    "yawRate": 0.36690755088312366
}