{
    "gpsHeading": 103, 
    "gpsLatitude": 50.038113279344635, 
    "gpsLongitude": 10.247162361015512, 
    "outsideTemperature": 25.0, 
    "speed": 8.5868125, 
    "yawRate": -0.043302688163816806
}