{
    "gpsHeading": 0, 
    "gpsLatitude": 50.04319187447836, 
    "gpsLongitude": 10.230842124981548, 
    "outsideTemperature": 26.5, 
    "speed": 5.6774375, 
    "yawRate": -0.009583785958220976
}