{
    "gpsHeading": 44, 
    "gpsLatitude": 50.04182604335599, 
    "gpsLongitude": 10.229799583864642, 
    "outsideTemperature": 30.0, 
    "speed": 9.526125, 
    "yawRate": 0.004529322729719172
}