{
    "gpsHeading": 281, 
    "gpsLatitude": 50.03509906314386, 
    "gpsLongitude": 10.221039573037425, 
    "outsideTemperature": 22.5, 
    "speed": 13.856937499999999, 
    "yawRate": -0.07169369014304386
}