{
    "gpsHeading": 208, 
    "gpsLatitude": 50.044828273435215, 
    "gpsLongitude": 10.238962345139416, 
    "outsideTemperature": 37.0, 
    "speed": 11.0473125, 
    "yawRate": -0.08936776259306267
}