{
    "gpsHeading": 66, 
    "gpsLatitude": 50.04274411321075, 
    "gpsLongitude": 10.234165130495263, 
    "outsideTemperature": 25.0, 
    "speed": 11.9450625, 
    "yawRate": 0.004354789804519901
}