{
    "gpsHeading": 273, 
    "gpsLatitude": 50.04769572251137, 
    "gpsLongitude": 10.219719339468313, 
    "outsideTemperature": 23.5, 
    "speed": 11.704, 
    "yawRate": -0.0014792636888113601
}