{
    "gpsHeading": 172, 
    "gpsLatitude": 50.042347146276384, 
    "gpsLongitude": 10.228151031148169, 
    "outsideTemperature": 26.0, 
    "speed": 0.23274999999999998, 
    "yawRate": -0.0006535642518073301
}