{
    "gpsHeading": 163, 
    "gpsLatitude": 50.048129653638746, 
    "gpsLongitude": 10.212617688184281, 
    "outsideTemperature": 26.0, 
    "speed": 0.0, 
    "yawRate": -0.0005782689222674994
}