{
    "gpsHeading": 321, 
    "gpsLatitude": 50.04415797263831, 
    "gpsLongitude": 10.228104343947503, 
    "outsideTemperature": 24.5, 
    "speed": 7.398125000000001, 
    "yawRate": -0.03475344530415542
}