{
    "gpsHeading": 51, 
    "gpsLatitude": 50.03881409026909, 
    "gpsLongitude": 10.224859290133285, 
    "outsideTemperature": 23.0, 
    "speed": 12.1778125, 
    "yawRate": 0.011209449326685399
}