{
    "gpsHeading": 59, 
    "gpsLatitude": 50.644333504467156, 
    "gpsLongitude": 7.224647657015356, 
    "outsideTemperature": 29.0, 
    "speed": 7.7638750000000005, 
    "yawRate": 0.036106032718314265
}