{
    "gpsHeading": 348, 
    "gpsLatitude": 50.646436523973755, 
    "gpsLongitude": 7.22233374882486, 
    "outsideTemperature": 23.0, 
    "speed": 7.531125, 
    "yawRate": -0.0036874742271553024
}