{
    "gpsHeading": 124, 
    "gpsLatitude": 50.6438845697331, 
    "gpsLongitude": 7.226767105052206, 
    "outsideTemperature": 22.5, 
    "speed": 6.483750000000001, 
    "yawRate": 0.028601116934738654
}