{
    "gpsHeading": 20, 
    "gpsLatitude": 50.643726235582136, 
    "gpsLongitude": 7.22783546243088, 
    "outsideTemperature": 24.0, 
    "speed": 3.2003125000000003, 
    "yawRate": 0.029997380336334808
}