{
    "gpsHeading": 163, 
    "gpsLatitude": 50.646073503747246, 
    "gpsLongitude": 7.225115115755431, 
    "outsideTemperature": 21.5, 
    "speed": 9.093875, 
    "yawRate": -0.013461318038323422
}