{
    "gpsHeading": 214, 
    "gpsLatitude": 50.645064574062076, 
    "gpsLongitude": 7.225427928381926, 
    "outsideTemperature": 22.0, 
    "speed": 5.3698749999999995, 
    "yawRate": 0.014463949993584784
}