{
    "gpsHeading": 147, 
    "gpsLatitude": 50.642502645356636, 
    "gpsLongitude": 7.223003462888565, 
    "outsideTemperature": 43.5, 
    "speed": 1.8703125, 
    "yawRate": 0.04832333748227516
}