{
    "gpsHeading": 348, 
    "gpsLatitude": 50.64620040576132, 
    "gpsLongitude": 7.224959631451534, 
    "outsideTemperature": 24.0, 
    "speed": 6.533625000000001, 
    "yawRate": -0.00560733640434927
}