{
    "gpsHeading": 344, 
    "gpsLatitude": 50.646644898086684, 
    "gpsLongitude": 7.222270465455916, 
    "outsideTemperature": 22.5, 
    "speed": 7.622562500000001, 
    "yawRate": -0.0005458815735654432
}