{
    "gpsHeading": 337, 
    "gpsLatitude": 50.64891513656164, 
    "gpsLongitude": 7.221249046735002, 
    "outsideTemperature": 22.0, 
    "speed": 8.279250000000001, 
    "yawRate": 0.010100626863599032
}