{
    "gpsHeading": 143, 
    "gpsLatitude": 50.643786501465954, 
    "gpsLongitude": 7.226990734228889, 
    "outsideTemperature": 24.0, 
    "speed": 2.1113750000000002, 
    "yawRate": -0.0050837376287504645
}