{
    "gpsHeading": 77, 
    "gpsLatitude": 50.64540823209226, 
    "gpsLongitude": 7.225801258349352, 
    "outsideTemperature": 21.5, 
    "speed": 2.261, 
    "yawRate": -0.1899141054149474
}