{
    "gpsHeading": 136, 
    "gpsLatitude": 50.64420844647179, 
    "gpsLongitude": 7.226129577496714, 
    "outsideTemperature": 22.0, 
    "speed": 8.34575, 
    "yawRate": -0.012588653412326074
}