{
    "gpsHeading": 139, 
    "gpsLatitude": 50.64682653392849, 
    "gpsLongitude": 7.22421322297381, 
    "outsideTemperature": 22.0, 
    "speed": 10.4321875, 
    "yawRate": -0.009097994908337672
}