{
    "gpsHeading": 342, 
    "gpsLatitude": 50.64678127165135, 
    "gpsLongitude": 7.222229058854215, 
    "outsideTemperature": 23.0, 
    "speed": 7.988312500000001, 
    "yawRate": -0.005432803479149999
}