{
    "gpsHeading": 347, 
    "gpsLatitude": 50.64821985769328, 
    "gpsLongitude": 7.221782638691133, 
    "outsideTemperature": 22.0, 
    "speed": 8.212750000000002, 
    "yawRate": 0.11098065762887009
}