{
    "gpsHeading": 117, 
    "gpsLatitude": 50.643897394044956, 
    "gpsLongitude": 7.226736846381724, 
    "outsideTemperature": 22.5, 
    "speed": 5.536125, 
    "yawRate": 0.015511147544781403
}