{
    "gpsHeading": 231, 
    "gpsLatitude": 50.64616738106282, 
    "gpsLongitude": 7.22391767706785, 
    "outsideTemperature": 23.5, 
    "speed": 7.173687500000001, 
    "yawRate": -0.006480001030346619
}