{
    "gpsHeading": 19, 
    "gpsLatitude": 50.64382790806763, 
    "gpsLongitude": 7.223645432852739, 
    "outsideTemperature": 31.0, 
    "speed": 5.935125, 
    "yawRate": -0.14191755098510414
}