{
    "gpsHeading": 148, 
    "gpsLatitude": 50.646208787664506, 
    "gpsLongitude": 7.224949908443854, 
    "outsideTemperature": 22.0, 
    "speed": 9.426375, 
    "yawRate": -0.0015930791247620632
}