{
    "gpsHeading": 141, 
    "gpsLatitude": 50.644654279901665, 
    "gpsLongitude": 7.225563463756275, 
    "outsideTemperature": 22.5, 
    "speed": 7.4729375000000005, 
    "yawRate": -0.0014185461995627918
}