{
    "gpsHeading": 34, 
    "gpsLatitude": 50.644004850043665, 
    "gpsLongitude": 7.2239737520000995, 
    "outsideTemperature": 30.0, 
    "speed": 5.2950625, 
    "yawRate": -0.05657095056258311
}