{
    "gpsHeading": 142, 
    "gpsLatitude": 50.64647793057544, 
    "gpsLongitude": 7.224621254020366, 
    "outsideTemperature": 22.0, 
    "speed": 9.193625, 
    "yawRate": -0.007178132731143704
}