{
    "gpsHeading": 338, 
    "gpsLatitude": 50.6460657085773, 
    "gpsLongitude": 7.222480683587524, 
    "outsideTemperature": 23.0, 
    "speed": 8.7364375, 
    "yawRate": -0.05238216035779663
}