{
    "gpsHeading": 137, 
    "gpsLatitude": 50.648977414102234, 
    "gpsLongitude": 7.221586837432947, 
    "outsideTemperature": 22.5, 
    "speed": 9.193625, 
    "yawRate": -0.17734773480058796
}