{
    "gpsHeading": 349, 
    "gpsLatitude": 50.64765902455184, 
    "gpsLongitude": 7.221960670314564, 
    "outsideTemperature": 22.0, 
    "speed": 9.534437500000001, 
    "yawRate": -0.00333840837675676
}