{
    "gpsHeading": 140, 
    "gpsLatitude": 50.64769875477289, 
    "gpsLongitude": 7.223188786767754, 
    "outsideTemperature": 22.0, 
    "speed": 13.5743125, 
    "yawRate": -0.0007204144987647148
}