{
    "gpsHeading": 24, 
    "gpsLatitude": 50.64265511217539, 
    "gpsLongitude": 7.223077642731667, 
    "outsideTemperature": 42.5, 
    "speed": 3.607625, 
    "yawRate": 0.030520979111932623
}