{
    "gpsHeading": 16, 
    "gpsLatitude": 50.64297789926666, 
    "gpsLongitude": 7.223290710710353, 
    "outsideTemperature": 38.5, 
    "speed": 7.1155, 
    "yawRate": 0.0038174415564203065
}