{
    "gpsHeading": 337, 
    "gpsLatitude": 50.64594291369579, 
    "gpsLongitude": 7.222550421021945, 
    "outsideTemperature": 23.0, 
    "speed": 8.5535625, 
    "yawRate": 0.029473781560736
}