{
    "gpsHeading": 346, 
    "gpsLatitude": 50.64806906725515, 
    "gpsLongitude": 7.221832091919846, 
    "outsideTemperature": 22.0, 
    "speed": 8.545250000000001, 
    "yawRate": -0.00438560592795338
}