{
    "gpsHeading": 332, 
    "gpsLatitude": 50.648751270354566, 
    "gpsLongitude": 7.221375110558734, 
    "outsideTemperature": 22.0, 
    "speed": 10.265937500000001, 
    "yawRate": 0.021270734076363308
}