{
    "gpsHeading": 139, 
    "gpsLatitude": 50.64885344575428, 
    "gpsLongitude": 7.221780962310466, 
    "outsideTemperature": 22.5, 
    "speed": 11.961687500000002, 
    "yawRate": -0.030216478857468348
}