{
    "gpsHeading": 126, 
    "gpsLatitude": 50.64400317366304, 
    "gpsLongitude": 7.2265034941973285, 
    "outsideTemperature": 22.0, 
    "speed": 7.6724375, 
    "yawRate": 0.020921668225963773
}