{
    "gpsHeading": 339, 
    "gpsLatitude": 50.64621540936801, 
    "gpsLongitude": 7.222398457117378, 
    "outsideTemperature": 23.0, 
    "speed": 8.1795, 
    "yawRate": -0.0036874742271553024
}