{
    "gpsHeading": 229, 
    "gpsLatitude": 50.646055398836396, 
    "gpsLongitude": 7.223664292134874, 
    "outsideTemperature": 23.5, 
    "speed": 7.622562500000001, 
    "yawRate": 0.0031193098556222295
}