{
    "gpsHeading": 143, 
    "gpsLatitude": 50.64858539249073, 
    "gpsLongitude": 7.222129314206441, 
    "outsideTemperature": 22.0, 
    "speed": 13.7073125, 
    "yawRate": 0.006435435434411359
}