{
    "gpsHeading": 93, 
    "gpsLatitude": 50.649083193720294, 
    "gpsLongitude": 7.221346276811825, 
    "outsideTemperature": 22.5, 
    "speed": 7.497875, 
    "yawRate": 0.07415421041179011
}