{
    "gpsHeading": 328, 
    "gpsLatitude": 50.642822414962765, 
    "gpsLongitude": 7.223183170892629, 
    "outsideTemperature": 40.0, 
    "speed": 5.935125, 
    "yawRate": -0.01311225218792488
}