{
    "gpsHeading": 231, 
    "gpsLatitude": 49.149443033792224, 
    "gpsLongitude": 9.220948856217793, 
    "outsideTemperature": 28.5, 
    "speed": 11.837, 
    "yawRate": -0.02041533898515676
}