{
    "gpsHeading": 177, 
    "gpsLatitude": 49.14142222300601, 
    "gpsLongitude": 9.20943161834114, 
    "outsideTemperature": 26.5, 
    "speed": 6.61675, 
    "yawRate": -0.021681278383981942
}