{
    "gpsHeading": 167, 
    "gpsLatitude": 49.14136581279763, 
    "gpsLongitude": 9.216986898225048, 
    "outsideTemperature": 26.5, 
    "speed": 6.467125, 
    "yawRate": -0.04889745663059502
}