{
    "gpsHeading": 118, 
    "gpsLatitude": 49.14119582780124, 
    "gpsLongitude": 9.213524669299554, 
    "outsideTemperature": 29.5, 
    "speed": 4.7630625, 
    "yawRate": -0.017667021104394734
}