{
    "gpsHeading": 259, 
    "gpsLatitude": 49.13908643804823, 
    "gpsLongitude": 9.216720269885029, 
    "outsideTemperature": 26.5, 
    "speed": 6.6583125, 
    "yawRate": 0.029200510182205243
}