{
    "gpsHeading": 203, 
    "gpsLatitude": 49.13953361258261, 
    "gpsLongitude": 9.220871323613425, 
    "outsideTemperature": 29.0, 
    "speed": 4.522, 
    "yawRate": 0.012670429726157072
}