{
    "gpsHeading": 268, 
    "gpsLatitude": 49.13998581625891, 
    "gpsLongitude": 9.208328308426243, 
    "outsideTemperature": 28.0, 
    "speed": 4.68825, 
    "yawRate": -0.0316754393567849
}