{
    "gpsHeading": 203, 
    "gpsLatitude": 49.13767609901999, 
    "gpsLongitude": 9.215336669127941, 
    "outsideTemperature": 28.5, 
    "speed": 8.87775, 
    "yawRate": -0.0024543619516080887
}