{
    "gpsHeading": 84, 
    "gpsLatitude": 49.13906003505323, 
    "gpsLongitude": 9.22335161258194, 
    "outsideTemperature": 29.0, 
    "speed": 9.260125, 
    "yawRate": -0.005239653411707634
}