{
    "gpsHeading": 58, 
    "gpsLatitude": 49.14254833169757, 
    "gpsLongitude": 9.208789145462777, 
    "outsideTemperature": 28.5, 
    "speed": 7.680750000000001, 
    "yawRate": -0.019207259927149563
}