{
    "gpsHeading": 185, 
    "gpsLatitude": 49.14449335232931, 
    "gpsLongitude": 9.222884153841866, 
    "outsideTemperature": 26.5, 
    "speed": 12.768, 
    "yawRate": 0.017283772857919568
}