{
    "gpsHeading": 197, 
    "gpsLatitude": 49.14144024409783, 
    "gpsLongitude": 9.205099683142237, 
    "outsideTemperature": 26.5, 
    "speed": 5.511187500000001, 
    "yawRate": 0.0521003647389417
}