{
    "gpsHeading": 0, 
    "gpsLatitude": 49.14135416195222, 
    "gpsLongitude": 9.205102197713188, 
    "outsideTemperature": 28.0, 
    "speed": 5.7688749999999995, 
    "yawRate": -0.32750874756981857
}