{
    "gpsHeading": 95, 
    "gpsLatitude": 49.1387624774905, 
    "gpsLongitude": 9.228868832708828, 
    "outsideTemperature": 26.5, 
    "speed": 9.1188125, 
    "yawRate": -0.05812312974713445
}