{
    "gpsHeading": 81, 
    "gpsLatitude": 49.14269585319345, 
    "gpsLongitude": 9.209334974997539, 
    "outsideTemperature": 28.0, 
    "speed": 7.8553125, 
    "yawRate": -0.023919648907533855
}