{
    "gpsHeading": 0, 
    "gpsLatitude": 49.14591081597525, 
    "gpsLongitude": 9.227923605487776, 
    "outsideTemperature": 29.0, 
    "speed": 11.961687500000002, 
    "yawRate": -0.0011748493392510057
}