{
    "gpsHeading": 262, 
    "gpsLatitude": 49.13998254731666, 
    "gpsLongitude": 9.208999112137324, 
    "outsideTemperature": 28.0, 
    "speed": 9.060625, 
    "yawRate": 0.03429800636860016
}