{
    "gpsHeading": 97, 
    "gpsLatitude": 49.14251832448419, 
    "gpsLongitude": 9.213972430567177, 
    "outsideTemperature": 27.0, 
    "speed": 6.483750000000001, 
    "yawRate": -0.004915159480338972
}