{
    "gpsHeading": 303, 
    "gpsLatitude": 49.14324025780465, 
    "gpsLongitude": 9.221998857228524, 
    "outsideTemperature": 26.5, 
    "speed": 4.131312500000001, 
    "yawRate": -0.011821357776416474
}