{
    "gpsHeading": 189, 
    "gpsLatitude": 49.14517278940068, 
    "gpsLongitude": 9.223089929564825, 
    "outsideTemperature": 27.0, 
    "speed": 13.0589375, 
    "yawRate": 0.0024484742159676183
}