{
    "gpsHeading": 337, 
    "gpsLatitude": 49.14126497850244, 
    "gpsLongitude": 9.21123749938021, 
    "outsideTemperature": 28.0, 
    "speed": 5.095562500000001, 
    "yawRate": -0.03599297825033508
}