{
    "gpsHeading": 181, 
    "gpsLatitude": 49.146234189799735, 
    "gpsLongitude": 9.218557163965835, 
    "outsideTemperature": 27.5, 
    "speed": 6.6084375, 
    "yawRate": 0.4731637734788308
}