{
    "gpsHeading": 96, 
    "gpsLatitude": 49.14627693750593, 
    "gpsLongitude": 9.22073553678198, 
    "outsideTemperature": 31.5, 
    "speed": 5.7273125, 
    "yawRate": -0.005414973866012016
}