{
    "gpsHeading": 98, 
    "gpsLatitude": 49.142417490189004, 
    "gpsLongitude": 9.215529704358048, 
    "outsideTemperature": 28.5, 
    "speed": 8.3873125, 
    "yawRate": 0.0005209749344837217
}