{
    "gpsHeading": 3, 
    "gpsLatitude": 49.13985304691261, 
    "gpsLongitude": 9.229579701917105, 
    "outsideTemperature": 26.5, 
    "speed": 11.487875, 
    "yawRate": -0.004017922935311742
}