{
    "gpsHeading": 265, 
    "gpsLatitude": 49.139008905443866, 
    "gpsLongitude": 9.218377204504675, 
    "outsideTemperature": 27.0, 
    "speed": 8.3873125, 
    "yawRate": -0.005694029636501726
}