{
    "gpsHeading": 248, 
    "gpsLatitude": 49.13976947933796, 
    "gpsLongitude": 9.215354103486538, 
    "outsideTemperature": 28.0, 
    "speed": 6.4754375, 
    "yawRate": 0.07370640610806009
}