{
    "gpsHeading": 1, 
    "gpsLatitude": 49.13758197024733, 
    "gpsLongitude": 9.221239456800884, 
    "outsideTemperature": 27.0, 
    "speed": 9.01075, 
    "yawRate": 0.054966970439004746
}