{
    "gpsHeading": 264, 
    "gpsLatitude": 49.14148642838431, 
    "gpsLongitude": 9.225997444138162, 
    "outsideTemperature": 32.5, 
    "speed": 9.2850625, 
    "yawRate": -0.0006892146762815896
}