{
    "gpsHeading": 287, 
    "gpsLatitude": 49.14023165747903, 
    "gpsLongitude": 9.212981102878683, 
    "outsideTemperature": 29.0, 
    "speed": 5.943437500000001, 
    "yawRate": -0.002877506698878352
}