{
    "gpsHeading": 94, 
    "gpsLatitude": 49.13912004947995, 
    "gpsLongitude": 9.222180241613222, 
    "outsideTemperature": 30.0, 
    "speed": 8.34575, 
    "yawRate": -0.0026216595337155884
}