{
    "gpsHeading": 0, 
    "gpsLatitude": 49.14587024756388, 
    "gpsLongitude": 9.228732207687067, 
    "outsideTemperature": 28.0, 
    "speed": 11.438, 
    "yawRate": -0.005189106618838214
}