{
    "gpsHeading": 334, 
    "gpsLatitude": 49.14222663425371, 
    "gpsLongitude": 9.216922776665752, 
    "outsideTemperature": 34.0, 
    "speed": 3.4829375000000002, 
    "yawRate": 0.006280561466065626
}