{
    "gpsHeading": 135, 
    "gpsLatitude": 49.1394261565839, 
    "gpsLongitude": 9.215083284194964, 
    "outsideTemperature": 28.5, 
    "speed": 2.09475, 
    "yawRate": -0.003262613904888976
}