{
    "gpsHeading": 207, 
    "gpsLatitude": 49.14843913324896, 
    "gpsLongitude": 9.219279097286297, 
    "outsideTemperature": 28.0, 
    "speed": 12.984125, 
    "yawRate": 0.0829081527329051
}