{
    "gpsHeading": 232, 
    "gpsLatitude": 49.13881360709988, 
    "gpsLongitude": 9.220598325027028, 
    "outsideTemperature": 27.5, 
    "speed": 9.958375, 
    "yawRate": -0.07028325718146966
}