{
    "gpsHeading": 277, 
    "gpsLatitude": 49.14299357839421, 
    "gpsLongitude": 9.225113823905453, 
    "outsideTemperature": 26.5, 
    "speed": 7.5145, 
    "yawRate": -0.007807100496829267
}