{
    "gpsHeading": 9, 
    "gpsLatitude": 49.14304638438421, 
    "gpsLongitude": 9.22191386473033, 
    "outsideTemperature": 28.0, 
    "speed": 4.8877500000000005, 
    "yawRate": 0.03268453814943838
}