{
    "gpsHeading": 194, 
    "gpsLatitude": 49.14099080644958, 
    "gpsLongitude": 9.221809174759686, 
    "outsideTemperature": 28.5, 
    "speed": 6.2260625, 
    "yawRate": -0.018272445472040193
}