{
    "gpsHeading": 72, 
    "gpsLatitude": 49.14625137270124, 
    "gpsLongitude": 9.221310535339812, 
    "outsideTemperature": 33.0, 
    "speed": 7.988312500000001, 
    "yawRate": -0.0031499146887086398
}