{
    "gpsHeading": 94, 
    "gpsLatitude": 49.13877781637332, 
    "gpsLongitude": 9.22856943112741, 
    "outsideTemperature": 26.5, 
    "speed": 10.67325, 
    "yawRate": -0.01990041912845932
}