{
    "gpsHeading": 94, 
    "gpsLatitude": 49.146205523690874, 
    "gpsLongitude": 9.222109665988517, 
    "outsideTemperature": 31.5, 
    "speed": 8.645000000000001, 
    "yawRate": 0.03315293375277253
}