{
    "gpsHeading": 127, 
    "gpsLatitude": 49.13732581928632, 
    "gpsLongitude": 9.215374722968372, 
    "outsideTemperature": 28.0, 
    "speed": 6.101375000000001, 
    "yawRate": 0.1151808296328079
}