{
    "gpsHeading": 184, 
    "gpsLatitude": 49.14642169297375, 
    "gpsLongitude": 9.218622458991572, 
    "outsideTemperature": 27.5, 
    "speed": 8.827875, 
    "yawRate": -0.05584552280064157
}