{
    "gpsHeading": 206, 
    "gpsLatitude": 49.13901443749996, 
    "gpsLongitude": 9.220828324450155, 
    "outsideTemperature": 28.0, 
    "speed": 9.343250000000001, 
    "yawRate": -0.2887984795311567
}