{
    "gpsHeading": 190, 
    "gpsLatitude": 49.1420817111478, 
    "gpsLongitude": 9.222174709557128, 
    "outsideTemperature": 30.5, 
    "speed": 6.6749375, 
    "yawRate": -0.015479918668848878
}