{
    "gpsHeading": 248, 
    "gpsLatitude": 49.14167032733998, 
    "gpsLongitude": 9.20573276828905, 
    "outsideTemperature": 27.0, 
    "speed": 7.331625000000001, 
    "yawRate": 0.030458282014212225
}