{
    "gpsHeading": 286, 
    "gpsLatitude": 49.1452747133433, 
    "gpsLongitude": 9.22022189375543, 
    "outsideTemperature": 32.0, 
    "speed": 4.9459375, 
    "yawRate": -0.06824499759409167
}