{
    "gpsHeading": 92, 
    "gpsLatitude": 49.13904586963687, 
    "gpsLongitude": 9.223606925352644, 
    "outsideTemperature": 29.0, 
    "speed": 9.609250000000001, 
    "yawRate": 0.0015671306710698983
}