{
    "gpsHeading": 196, 
    "gpsLatitude": 49.1535433770064, 
    "gpsLongitude": 9.223016336454947, 
    "outsideTemperature": 33.5, 
    "speed": 11.321625000000001, 
    "yawRate": 0.009429791223945414
}