{
    "gpsHeading": 267, 
    "gpsLatitude": 49.14144552469682, 
    "gpsLongitude": 9.226910233393907, 
    "outsideTemperature": 34.5, 
    "speed": 11.4961875, 
    "yawRate": -0.005401603656665882
}