{
    "gpsHeading": 2, 
    "gpsLatitude": 49.139309983405894, 
    "gpsLongitude": 9.229511389406223, 
    "outsideTemperature": 26.5, 
    "speed": 12.2609375, 
    "yawRate": 0.0013925977458706272
}