{
    "gpsHeading": 277, 
    "gpsLatitude": 49.14306608185668, 
    "gpsLongitude": 9.224139427661365, 
    "outsideTemperature": 28.5, 
    "speed": 9.7671875, 
    "yawRate": -0.001561879302278938
}