{
    "gpsHeading": 223, 
    "gpsLatitude": 49.13869416497964, 
    "gpsLongitude": 9.219984099162351, 
    "outsideTemperature": 27.5, 
    "speed": 8.3208125, 
    "yawRate": -0.004123233309707292
}