{
    "gpsHeading": 7, 
    "gpsLatitude": 49.13902139447959, 
    "gpsLongitude": 9.22947660450803, 
    "outsideTemperature": 27.0, 
    "speed": 11.205250000000001, 
    "yawRate": -0.0043669887857102855
}