{
    "gpsHeading": 329, 
    "gpsLatitude": 49.146080046600346, 
    "gpsLongitude": 9.224959680706062, 
    "outsideTemperature": 31.5, 
    "speed": 0.0, 
    "yawRate": 0.0002613207430334787
}