{
    "gpsHeading": 1, 
    "gpsLatitude": 49.14175280526722, 
    "gpsLongitude": 9.216930823292797, 
    "outsideTemperature": 27.5, 
    "speed": 6.1263125, 
    "yawRate": -0.056751438264569166
}