{
    "gpsHeading": 90, 
    "gpsLatitude": 49.14248194702441, 
    "gpsLongitude": 9.214246937896144, 
    "outsideTemperature": 27.0, 
    "speed": 5.88525, 
    "yawRate": 0.08584196162336542
}