{
    "gpsHeading": 8, 
    "gpsLatitude": 49.143857752611574, 
    "gpsLongitude": 9.222946934296655, 
    "outsideTemperature": 31.5, 
    "speed": 5.910187500000001, 
    "yawRate": -0.01267662550702709
}