{
    "gpsHeading": 198, 
    "gpsLatitude": 49.146980598277466, 
    "gpsLongitude": 9.218848602739241, 
    "outsideTemperature": 27.5, 
    "speed": 10.141250000000001, 
    "yawRate": -0.020764404835556294
}