{
    "gpsHeading": 66, 
    "gpsLatitude": 49.14014054619152, 
    "gpsLongitude": 9.22014000256141, 
    "outsideTemperature": 28.0, 
    "speed": 4.6217500000000005, 
    "yawRate": -0.010000429906054476
}