{
    "gpsHeading": 241, 
    "gpsLatitude": 49.14182388380615, 
    "gpsLongitude": 9.206213554255166, 
    "outsideTemperature": 27.0, 
    "speed": 8.029875, 
    "yawRate": -0.02312332602201267
}