{
    "gpsHeading": 191, 
    "gpsLatitude": 49.14246115990454, 
    "gpsLongitude": 9.222255846379863, 
    "outsideTemperature": 26.5, 
    "speed": 7.5061875, 
    "yawRate": -0.008547100071596392
}