{
    "gpsHeading": 96, 
    "gpsLatitude": 49.146281379914605, 
    "gpsLongitude": 9.22066244658629, 
    "outsideTemperature": 27.5, 
    "speed": 12.2775625, 
    "yawRate": -0.013608554902379229
}