{
    "gpsHeading": 174, 
    "gpsLatitude": 49.1392130886052, 
    "gpsLongitude": 9.220909125996762, 
    "outsideTemperature": 33.5, 
    "speed": 5.669125, 
    "yawRate": 0.31747172528203865
}