{
    "gpsHeading": 335, 
    "gpsLatitude": 49.14024247013411, 
    "gpsLongitude": 9.220089711142347, 
    "outsideTemperature": 28.0, 
    "speed": 4.7464375, 
    "yawRate": 0.05667114752012767
}