{
    "gpsHeading": 60, 
    "gpsLatitude": 49.142628881787076, 
    "gpsLongitude": 9.208995256461865, 
    "outsideTemperature": 27.0, 
    "speed": 8.6366875, 
    "yawRate": -0.014863536216706363
}