{
    "gpsHeading": 260, 
    "gpsLatitude": 49.141408895779946, 
    "gpsLongitude": 9.227696372092696, 
    "outsideTemperature": 37.0, 
    "speed": 11.4296875, 
    "yawRate": -0.0019109451526774805
}