{
    "gpsHeading": 234, 
    "gpsLatitude": 49.138796675655456, 
    "gpsLongitude": 9.220563623947864, 
    "outsideTemperature": 28.0, 
    "speed": 9.14375, 
    "yawRate": -0.05177072188915101
}