{
    "gpsHeading": 208, 
    "gpsLatitude": 49.14003920898212, 
    "gpsLongitude": 9.22104969051298, 
    "outsideTemperature": 28.0, 
    "speed": 7.5145, 
    "yawRate": 0.07161201100566686
}