{
    "gpsHeading": 112, 
    "gpsLatitude": 49.144795603757814, 
    "gpsLongitude": 9.219503313196235, 
    "outsideTemperature": 31.0, 
    "speed": 5.361562500000001, 
    "yawRate": 0.025479183238002332
}