{
    "gpsHeading": 88, 
    "gpsLatitude": 49.138963056433475, 
    "gpsLongitude": 9.225001087307763, 
    "outsideTemperature": 28.0, 
    "speed": 10.07475, 
    "yawRate": 0.0040105916238626724
}