{
    "gpsHeading": 195, 
    "gpsLatitude": 49.15431635611719, 
    "gpsLongitude": 9.22346862395025, 
    "outsideTemperature": 31.5, 
    "speed": 11.3299375, 
    "yawRate": -0.043064699599843555
}