{
    "gpsHeading": 265, 
    "gpsLatitude": 49.14139640674422, 
    "gpsLongitude": 9.227973896906839, 
    "outsideTemperature": 37.5, 
    "speed": 10.27425, 
    "yawRate": -0.015699046243432806
}