{
    "gpsHeading": 188, 
    "gpsLatitude": 49.14297195308402, 
    "gpsLongitude": 9.222406050084762, 
    "outsideTemperature": 28.0, 
    "speed": 9.2850625, 
    "yawRate": 0.0013442102319080784
}