{
    "gpsHeading": 308, 
    "gpsLatitude": 49.14137779891917, 
    "gpsLongitude": 9.211004733929038, 
    "outsideTemperature": 28.0, 
    "speed": 5.702375000000001, 
    "yawRate": -0.01539809307680222
}