{
    "gpsHeading": 322, 
    "gpsLatitude": 49.13884168647551, 
    "gpsLongitude": 9.219166947421828, 
    "outsideTemperature": 27.0, 
    "speed": 7.539437500000001, 
    "yawRate": 0.1922142623184724
}