{
    "gpsHeading": 86, 
    "gpsLatitude": 49.142711108257224, 
    "gpsLongitude": 9.209899663814438, 
    "outsideTemperature": 28.0, 
    "speed": 8.229375000000001, 
    "yawRate": 0.006274547151967852
}