{
    "gpsHeading": 189, 
    "gpsLatitude": 49.143831936349784, 
    "gpsLongitude": 9.226851643890738, 
    "outsideTemperature": 27.0, 
    "speed": 8.470437500000001, 
    "yawRate": -0.008854298048025885
}