{
    "gpsHeading": 354, 
    "gpsLatitude": 49.14345885783948, 
    "gpsLongitude": 9.222819110273223, 
    "outsideTemperature": 32.5, 
    "speed": 8.029875, 
    "yawRate": -0.0037754463218563203
}