{
    "gpsHeading": 0, 
    "gpsLatitude": 49.141088874716736, 
    "gpsLongitude": 9.20810300286889, 
    "outsideTemperature": 26.5, 
    "speed": 9.783812500000002, 
    "yawRate": -0.00916069200605807
}