{
    "gpsHeading": 356, 
    "gpsLatitude": 49.14096415199747, 
    "gpsLongitude": 9.22970828031179, 
    "outsideTemperature": 29.0, 
    "speed": 0.0, 
    "yawRate": 0.00136077147825465
}