{
    "gpsHeading": 284, 
    "gpsLatitude": 49.14582473382964, 
    "gpsLongitude": 9.219088576627142, 
    "outsideTemperature": 31.0, 
    "speed": 4.671625000000001, 
    "yawRate": 0.019021465005623343
}