{
    "gpsHeading": 280, 
    "gpsLatitude": 49.140486634973605, 
    "gpsLongitude": 9.211504714453419, 
    "outsideTemperature": 27.5, 
    "speed": 3.3665625, 
    "yawRate": 0.017937695636289344
}