{
    "gpsHeading": 229, 
    "gpsLatitude": 49.143015287523454, 
    "gpsLongitude": 9.221288826210564, 
    "outsideTemperature": 28.0, 
    "speed": 4.322500000000001, 
    "yawRate": 0.20233054144328383
}