{
    "gpsHeading": 176, 
    "gpsLatitude": 49.14074337266786, 
    "gpsLongitude": 9.217084379758967, 
    "outsideTemperature": 26.5, 
    "speed": 0.8894375, 
    "yawRate": -0.018005128870296223
}