{
    "gpsHeading": 68, 
    "gpsLatitude": 49.14472527959016, 
    "gpsLongitude": 9.220323063326742, 
    "outsideTemperature": 32.0, 
    "speed": 1.8869375, 
    "yawRate": 0.3200907609746401
}