{
    "gpsHeading": 351, 
    "gpsLatitude": 49.14218665257556, 
    "gpsLongitude": 9.208188582100306, 
    "outsideTemperature": 27.0, 
    "speed": 4.4804375, 
    "yawRate": 0.20080241700885573
}