{
    "gpsHeading": 317, 
    "gpsLatitude": 49.13933253072544, 
    "gpsLongitude": 9.21553993027995, 
    "outsideTemperature": 26.5, 
    "speed": 7.21525, 
    "yawRate": 0.022580304245806013
}