{
    "gpsHeading": 276, 
    "gpsLatitude": 49.139108650091636, 
    "gpsLongitude": 9.21699720796595, 
    "outsideTemperature": 26.5, 
    "speed": 6.741437500000001, 
    "yawRate": -0.005880607782880029
}