{
    "gpsHeading": 320, 
    "gpsLatitude": 49.13921635754744, 
    "gpsLongitude": 9.215684685747757, 
    "outsideTemperature": 26.0, 
    "speed": 7.265125, 
    "yawRate": 0.00371870310308882
}