{
    "gpsHeading": 272, 
    "gpsLatitude": 49.141076385681, 
    "gpsLongitude": 9.208572221808632, 
    "outsideTemperature": 27.0, 
    "speed": 8.1878125, 
    "yawRate": 0.0641889208141379
}