{
    "gpsHeading": 250, 
    "gpsLatitude": 49.139977266717665, 
    "gpsLongitude": 9.210314148926436, 
    "outsideTemperature": 28.5, 
    "speed": 7.6308750000000005, 
    "yawRate": -0.019283601667625723
}