{
    "gpsHeading": 0, 
    "gpsLatitude": 49.14036668993918, 
    "gpsLongitude": 9.208093028404116, 
    "outsideTemperature": 27.0, 
    "speed": 9.8170625, 
    "yawRate": 0.018939108951050398
}