{
    "gpsHeading": 272, 
    "gpsLatitude": 49.142307771076446, 
    "gpsLongitude": 9.216292457546988, 
    "outsideTemperature": 31.5, 
    "speed": 6.550250000000001, 
    "yawRate": 0.01762520160402818
}