{
    "gpsHeading": 232, 
    "gpsLatitude": 49.14891111821674, 
    "gpsLongitude": 9.21980833065278, 
    "outsideTemperature": 28.0, 
    "speed": 12.925937500000002, 
    "yawRate": 0.11414954634360341
}