{
    "gpsHeading": 235, 
    "gpsLatitude": 49.149253854237564, 
    "gpsLongitude": 9.22054333974219, 
    "outsideTemperature": 28.5, 
    "speed": 12.9093125, 
    "yawRate": -0.020066273134758218
}