{
    "gpsHeading": 61, 
    "gpsLatitude": 49.14218749076588, 
    "gpsLongitude": 9.208183050044212, 
    "outsideTemperature": 29.0, 
    "speed": 6.2260625, 
    "yawRate": 0.044497257770642985
}