{
    "gpsHeading": 261, 
    "gpsLatitude": 49.14038697414485, 
    "gpsLongitude": 9.212383054087129, 
    "outsideTemperature": 28.0, 
    "speed": 3.9816875, 
    "yawRate": 0.0171937796990557
}