{
    "gpsHeading": 95, 
    "gpsLatitude": 49.14315057144069, 
    "gpsLongitude": 9.219033842799398, 
    "outsideTemperature": 27.0, 
    "speed": 3.142125, 
    "yawRate": 0.1286281420308659
}