{
    "gpsHeading": 275, 
    "gpsLatitude": 49.14384191081456, 
    "gpsLongitude": 9.229461349444255, 
    "outsideTemperature": 27.5, 
    "speed": 7.7389375000000005, 
    "yawRate": 0.0021412762395381247
}