{
    "gpsHeading": 198, 
    "gpsLatitude": 49.15410446160493, 
    "gpsLongitude": 9.223361922322843, 
    "outsideTemperature": 34.0, 
    "speed": 0.016625, 
    "yawRate": -0.00045547039473011765
}