{
    "gpsHeading": 90, 
    "gpsLatitude": 49.142492508222425, 
    "gpsLongitude": 9.214877173195879, 
    "outsideTemperature": 28.5, 
    "speed": 10.241000000000001, 
    "yawRate": 0.0013936395604810699
}