{
    "gpsHeading": 270, 
    "gpsLatitude": 49.14242360897832, 
    "gpsLongitude": 9.215484106804794, 
    "outsideTemperature": 30.0, 
    "speed": 6.41725, 
    "yawRate": -0.0057622103726950044
}