{
    "gpsHeading": 86, 
    "gpsLatitude": 49.14628364302847, 
    "gpsLongitude": 9.220395818246304, 
    "outsideTemperature": 32.0, 
    "speed": 8.3873125, 
    "yawRate": -0.006636704342407907
}