{
    "gpsHeading": 84, 
    "gpsLatitude": 49.14609111071253, 
    "gpsLongitude": 9.224721383198796, 
    "outsideTemperature": 29.0, 
    "speed": 5.9933125, 
    "yawRate": 0.009940054701248612
}