{
    "gpsHeading": 223, 
    "gpsLatitude": 49.14108501904126, 
    "gpsLongitude": 9.205545265115036, 
    "outsideTemperature": 29.0, 
    "speed": 4.638375, 
    "yawRate": -0.07495960480624386
}