{
    "gpsHeading": 234, 
    "gpsLatitude": 49.140456711579276, 
    "gpsLongitude": 9.212115252280698, 
    "outsideTemperature": 28.0, 
    "speed": 1.6043125, 
    "yawRate": 0.008118067588685659
}