{
    "gpsHeading": 90, 
    "gpsLatitude": 49.13887278333629, 
    "gpsLongitude": 9.226724155143431, 
    "outsideTemperature": 27.5, 
    "speed": 10.573500000000001, 
    "yawRate": 0.006977651352252269
}