{
    "gpsHeading": 28, 
    "gpsLatitude": 49.139356670606574, 
    "gpsLongitude": 9.22088917706718, 
    "outsideTemperature": 28.5, 
    "speed": 0.0, 
    "yawRate": 0.00036040618316495864
}