{
    "gpsHeading": 199, 
    "gpsLatitude": 49.155710266615195, 
    "gpsLongitude": 9.224176056578225, 
    "outsideTemperature": 35.5, 
    "speed": 10.157875, 
    "yawRate": -0.018630090071923743
}