{
    "gpsHeading": 101, 
    "gpsLatitude": 49.13890253909256, 
    "gpsLongitude": 9.226141948148905, 
    "outsideTemperature": 28.0, 
    "speed": 10.3158125, 
    "yawRate": -0.0036688570849122077
}