{
    "gpsHeading": 302, 
    "gpsLatitude": 49.14011724450068, 
    "gpsLongitude": 9.220806950597034, 
    "outsideTemperature": 29.5, 
    "speed": 0.0, 
    "yawRate": 0.0002774698889404202
}