{
    "gpsHeading": 357, 
    "gpsLatitude": 49.14206000201859, 
    "gpsLongitude": 9.208250775821869, 
    "outsideTemperature": 26.5, 
    "speed": 4.738125, 
    "yawRate": -0.02940651132919239
}