{
    "gpsHeading": 268, 
    "gpsLatitude": 49.13869885884541, 
    "gpsLongitude": 9.219760553804669, 
    "outsideTemperature": 27.5, 
    "speed": 6.450500000000001, 
    "yawRate": -0.28215418315239843
}