{
    "gpsHeading": 35, 
    "gpsLatitude": 49.14244171388917, 
    "gpsLongitude": 9.20853911329107, 
    "outsideTemperature": 28.5, 
    "speed": 7.381500000000001, 
    "yawRate": 0.0017366910967828303
}