{
    "gpsHeading": 79, 
    "gpsLatitude": 49.142706079115314, 
    "gpsLongitude": 9.210686640703546, 
    "outsideTemperature": 28.0, 
    "speed": 8.129625, 
    "yawRate": 0.053747502806212294
}