{
    "gpsHeading": 89, 
    "gpsLatitude": 49.145990863150566, 
    "gpsLongitude": 9.226433303103247, 
    "outsideTemperature": 30.0, 
    "speed": 11.8120625, 
    "yawRate": 0.011216988349908167
}