{
    "gpsHeading": 319, 
    "gpsLatitude": 49.14158474810856, 
    "gpsLongitude": 9.225352456688846, 
    "outsideTemperature": 31.0, 
    "speed": 5.0290625, 
    "yawRate": -0.36476489664229284
}