{
    "gpsHeading": 2, 
    "gpsLatitude": 49.140966079835216, 
    "gpsLongitude": 9.229708615587915, 
    "outsideTemperature": 32.0, 
    "speed": 0.0, 
    "yawRate": 0.0009134905164252158
}