{
    "gpsHeading": 187, 
    "gpsLatitude": 49.13804616004518, 
    "gpsLongitude": 9.215566668551068, 
    "outsideTemperature": 29.0, 
    "speed": 8.462125, 
    "yawRate": -0.07872525026375908
}