{
    "gpsHeading": 266, 
    "gpsLatitude": 49.14146002538933, 
    "gpsLongitude": 9.226594151825177, 
    "outsideTemperature": 33.5, 
    "speed": 10.955875, 
    "yawRate": 0.004372240154502238
}