{
    "gpsHeading": 106, 
    "gpsLatitude": 49.14574946433913, 
    "gpsLongitude": 9.22985999275926, 
    "outsideTemperature": 28.0, 
    "speed": 5.852, 
    "yawRate": -0.22806765209851002
}