{
    "gpsHeading": 274, 
    "gpsLatitude": 49.1431141939809, 
    "gpsLongitude": 9.2234608287803, 
    "outsideTemperature": 26.5, 
    "speed": 8.113000000000001, 
    "yawRate": -0.006061771244835562
}