{
    "gpsHeading": 314, 
    "gpsLatitude": 49.14011615485326, 
    "gpsLongitude": 9.22080778878735, 
    "outsideTemperature": 35.5, 
    "speed": 1.7040625, 
    "yawRate": 0.011857753749313688
}