{
    "gpsHeading": 194, 
    "gpsLatitude": 49.14075502351327, 
    "gpsLongitude": 9.221705490617389, 
    "outsideTemperature": 27.0, 
    "speed": 3.8154375000000003, 
    "yawRate": -0.4723381487593447
}