{
    "gpsHeading": 164, 
    "gpsLatitude": 49.145482500723, 
    "gpsLongitude": 9.230098541723622, 
    "outsideTemperature": 27.5, 
    "speed": 10.847812500000002, 
    "yawRate": -0.014613884579607791
}