{
    "gpsHeading": 60, 
    "gpsLatitude": 49.13982086040442, 
    "gpsLongitude": 9.21553356003354, 
    "outsideTemperature": 26.5, 
    "speed": 5.220250000000001, 
    "yawRate": -0.0833732265714269
}