{
    "gpsHeading": 354, 
    "gpsLatitude": 49.14100614533238, 
    "gpsLongitude": 9.21137940500097, 
    "outsideTemperature": 28.0, 
    "speed": 1.16375, 
    "yawRate": -0.0035298541632408616
}