{
    "gpsHeading": 308, 
    "gpsLatitude": 49.141200856943136, 
    "gpsLongitude": 9.205102197713188, 
    "outsideTemperature": 28.0, 
    "speed": 5.985, 
    "yawRate": -0.11440404590131488
}