{
    "gpsHeading": 323, 
    "gpsLatitude": 49.14326666079967, 
    "gpsLongitude": 9.221773300214078, 
    "outsideTemperature": 26.5, 
    "speed": 4.1479375, 
    "yawRate": -0.0020475139652483543
}