{
    "gpsHeading": 30, 
    "gpsLatitude": 49.14233643718531, 
    "gpsLongitude": 9.226131638408004, 
    "outsideTemperature": 29.5, 
    "speed": 8.9525625, 
    "yawRate": 0.04713280682836239
}