{
    "gpsHeading": 186, 
    "gpsLatitude": 49.14310530916354, 
    "gpsLongitude": 9.226688867331081, 
    "outsideTemperature": 26.5, 
    "speed": 4.538625, 
    "yawRate": -0.004490974918040136
}