{
    "gpsHeading": 188, 
    "gpsLatitude": 49.14264304720343, 
    "gpsLongitude": 9.222305802522799, 
    "outsideTemperature": 26.5, 
    "speed": 10.07475, 
    "yawRate": 0.0024484742159676183
}