{
    "gpsHeading": 75, 
    "gpsLatitude": 49.139093897942054, 
    "gpsLongitude": 9.22274191294498, 
    "outsideTemperature": 29.5, 
    "speed": 8.628375, 
    "yawRate": -0.0019235278329185032
}