{
    "gpsHeading": 2, 
    "gpsLatitude": 49.14082501240478, 
    "gpsLongitude": 9.229691935600604, 
    "outsideTemperature": 26.0, 
    "speed": 4.837875, 
    "yawRate": -0.009079377766094578
}