{
    "gpsHeading": 184, 
    "gpsLatitude": 49.14348802686251, 
    "gpsLongitude": 9.22677469801959, 
    "outsideTemperature": 26.5, 
    "speed": 8.1545625, 
    "yawRate": 0.01470764685389657
}