{
    "gpsHeading": 195, 
    "gpsLatitude": 49.13969722733259, 
    "gpsLongitude": 9.220886913953324, 
    "outsideTemperature": 29.5, 
    "speed": 6.1928125000000005, 
    "yawRate": 0.05298753544722544
}