{
    "gpsHeading": 69, 
    "gpsLatitude": 49.14314587757491, 
    "gpsLongitude": 9.223013318969805, 
    "outsideTemperature": 32.0, 
    "speed": 0.0, 
    "yawRate": 8.66489383458428e-05
}