{
    "gpsHeading": 241, 
    "gpsLatitude": 49.14197836228166, 
    "gpsLongitude": 9.20669693861127, 
    "outsideTemperature": 27.0, 
    "speed": 7.439687500000001, 
    "yawRate": 0.017717378474653517
}