{
    "gpsHeading": 89, 
    "gpsLatitude": 49.13643641554041, 
    "gpsLongitude": 9.21699134063373, 
    "outsideTemperature": 27.0, 
    "speed": 8.827875, 
    "yawRate": 0.003479757505172095
}