{
    "gpsHeading": 4, 
    "gpsLatitude": 49.141356676523166, 
    "gpsLongitude": 9.208148600422144, 
    "outsideTemperature": 26.5, 
    "speed": 9.2850625, 
    "yawRate": -0.0007373273600505372
}