{
    "gpsHeading": 19, 
    "gpsLatitude": 49.140229142908076, 
    "gpsLongitude": 9.22044719931278, 
    "outsideTemperature": 28.0, 
    "speed": 3.0340625, 
    "yawRate": 0.010245389417078851
}