{
    "gpsHeading": 275, 
    "gpsLatitude": 49.14386387140088, 
    "gpsLongitude": 9.229142753304574, 
    "outsideTemperature": 27.5, 
    "speed": 8.14625, 
    "yawRate": 0.00022141406234415639
}