{
    "gpsHeading": 135, 
    "gpsLatitude": 49.14322030887511, 
    "gpsLongitude": 9.222213266311751, 
    "outsideTemperature": 28.5, 
    "speed": 3.8154375000000003, 
    "yawRate": -0.020373471111188705
}