{
    "gpsHeading": 0, 
    "gpsLatitude": 49.14112810202358, 
    "gpsLongitude": 9.229727223412958, 
    "outsideTemperature": 33.5, 
    "speed": 5.7273125, 
    "yawRate": 0.13372980946145158
}