{
    "gpsHeading": 68, 
    "gpsLatitude": 49.146259167871186, 
    "gpsLongitude": 9.219101903853185, 
    "outsideTemperature": 35.0, 
    "speed": 10.4654375, 
    "yawRate": 0.0038352711695572982
}