{
    "gpsHeading": 6, 
    "gpsLatitude": 49.13935608387336, 
    "gpsLongitude": 9.22088917706718, 
    "outsideTemperature": 34.5, 
    "speed": 0.0, 
    "yawRate": 0.00014181036747894357
}