{
    "gpsHeading": 283, 
    "gpsLatitude": 49.143936710139485, 
    "gpsLongitude": 9.228046903283495, 
    "outsideTemperature": 27.5, 
    "speed": 10.00825, 
    "yawRate": -0.0010003164140517345
}