{
    "gpsHeading": 263, 
    "gpsLatitude": 49.13917193346062, 
    "gpsLongitude": 9.217706652250685, 
    "outsideTemperature": 26.5, 
    "speed": 6.65, 
    "yawRate": 0.02989864188300332
}