{
    "gpsHeading": 80, 
    "gpsLatitude": 49.14628364302847, 
    "gpsLongitude": 9.219836326209373, 
    "outsideTemperature": 33.5, 
    "speed": 10.3490625, 
    "yawRate": -0.001749782436824343
}