{
    "gpsHeading": 286, 
    "gpsLatitude": 49.14003635913504, 
    "gpsLongitude": 9.213712172473603, 
    "outsideTemperature": 29.5, 
    "speed": 5.635875, 
    "yawRate": 0.013528588269868028
}