{
    "gpsHeading": 80, 
    "gpsLatitude": 49.13910445914004, 
    "gpsLongitude": 9.222522474719883, 
    "outsideTemperature": 29.5, 
    "speed": 7.963375, 
    "yawRate": 0.012039106183036096
}