{
    "gpsHeading": 293, 
    "gpsLatitude": 49.139665292281485, 
    "gpsLongitude": 9.215149668868118, 
    "outsideTemperature": 26.5, 
    "speed": 2.69325, 
    "yawRate": -0.004821365010504377
}