{
    "gpsHeading": 334, 
    "gpsLatitude": 49.141276377890755, 
    "gpsLongitude": 9.22973744933486, 
    "outsideTemperature": 32.5, 
    "speed": 6.2759375, 
    "yawRate": 0.33828239779518404
}