{
    "gpsHeading": 268, 
    "gpsLatitude": 49.14150277309552, 
    "gpsLongitude": 9.22563886632035, 
    "outsideTemperature": 32.0, 
    "speed": 5.062312500000001, 
    "yawRate": -0.044671511826537634
}