{
    "gpsHeading": 272, 
    "gpsLatitude": 49.141430018175946, 
    "gpsLongitude": 9.227227739886176, 
    "outsideTemperature": 35.5, 
    "speed": 11.579312500000002, 
    "yawRate": -0.00034014882588304703
}