{
    "gpsHeading": 54, 
    "gpsLatitude": 49.14160721160906, 
    "gpsLongitude": 9.20553529065026, 
    "outsideTemperature": 27.5, 
    "speed": 8.162875000000001, 
    "yawRate": -0.022599727246414854
}