{
    "gpsHeading": 334, 
    "gpsLatitude": 49.13894109584717, 
    "gpsLongitude": 9.219089666274554, 
    "outsideTemperature": 27.0, 
    "speed": 8.212750000000002, 
    "yawRate": 0.17006062603932418
}