{
    "gpsHeading": 309, 
    "gpsLatitude": 49.14108476758416, 
    "gpsLongitude": 9.205846929810312, 
    "outsideTemperature": 28.5, 
    "speed": 1.7539375000000001, 
    "yawRate": 0.4913997374659073
}