{
    "gpsHeading": 189, 
    "gpsLatitude": 49.14426720858167, 
    "gpsLongitude": 9.222821121929982, 
    "outsideTemperature": 26.5, 
    "speed": 12.551875, 
    "yawRate": -0.005929106193604347
}