{
    "gpsHeading": 243, 
    "gpsLatitude": 49.142201991458364, 
    "gpsLongitude": 9.207701342068745, 
    "outsideTemperature": 27.0, 
    "speed": 5.436375, 
    "yawRate": 0.0102124626910789
}