{
    "gpsHeading": 319, 
    "gpsLatitude": 49.139473346698786, 
    "gpsLongitude": 9.215363323580027, 
    "outsideTemperature": 26.5, 
    "speed": 5.270125000000001, 
    "yawRate": 0.08000163663641884
}