{
    "gpsHeading": 285, 
    "gpsLatitude": 49.140761393759675, 
    "gpsLongitude": 9.221175838155778, 
    "outsideTemperature": 27.0, 
    "speed": 4.2310625, 
    "yawRate": 0.020542832003845775
}