{
    "gpsHeading": 93, 
    "gpsLatitude": 49.146063366613035, 
    "gpsLongitude": 9.22534332041439, 
    "outsideTemperature": 31.5, 
    "speed": 10.723125000000001, 
    "yawRate": 0.011740587125506973
}