{
    "gpsHeading": 240, 
    "gpsLatitude": 49.142131918747836, 
    "gpsLongitude": 9.2094441073769, 
    "outsideTemperature": 27.0, 
    "speed": 5.311687500000001, 
    "yawRate": 0.32127591963289864
}