{
    "gpsHeading": 95, 
    "gpsLatitude": 49.14614693418769, 
    "gpsLongitude": 9.223008038370807, 
    "outsideTemperature": 27.0, 
    "speed": 6.4089374999999995, 
    "yawRate": -0.35796201632085495
}