{
    "gpsHeading": 256, 
    "gpsLatitude": 49.13891276501444, 
    "gpsLongitude": 9.216330008473197, 
    "outsideTemperature": 26.5, 
    "speed": 4.804625000000001, 
    "yawRate": -0.02140199290445003
}