{
    "gpsHeading": 74, 
    "gpsLatitude": 49.14610611431923, 
    "gpsLongitude": 9.22439968575494, 
    "outsideTemperature": 29.0, 
    "speed": 8.354062500000001, 
    "yawRate": 0.00226060599247373
}