{
    "gpsHeading": 2, 
    "gpsLatitude": 49.141523644034415, 
    "gpsLongitude": 9.208176344521673, 
    "outsideTemperature": 27.0, 
    "speed": 7.888562500000001, 
    "yawRate": 0.021602887065477017
}