{
    "gpsHeading": 94, 
    "gpsLatitude": 49.145816687202576, 
    "gpsLongitude": 9.229589173467687, 
    "outsideTemperature": 28.0, 
    "speed": 7.414750000000001, 
    "yawRate": -0.15266942841235637
}