{
    "gpsHeading": 264, 
    "gpsLatitude": 49.139015527147365, 
    "gpsLongitude": 9.218648610529469, 
    "outsideTemperature": 27.0, 
    "speed": 7.3233125, 
    "yawRate": -0.0002955541764983879
}