{
    "gpsHeading": 184, 
    "gpsLatitude": 49.14415556163137, 
    "gpsLongitude": 9.22279111471663, 
    "outsideTemperature": 26.5, 
    "speed": 12.4770625, 
    "yawRate": 0.012571383877535272
}