{
    "gpsHeading": 348, 
    "gpsLatitude": 49.144419423943326, 
    "gpsLongitude": 9.21912663046754, 
    "outsideTemperature": 31.0, 
    "speed": 2.4438750000000002, 
    "yawRate": -0.019375778538251058
}