{
    "gpsHeading": 95, 
    "gpsLatitude": 49.14221246883735, 
    "gpsLongitude": 9.216894110556874, 
    "outsideTemperature": 28.0, 
    "speed": 4.7796875, 
    "yawRate": 0.3345769937661935
}