{
    "gpsHeading": 273, 
    "gpsLatitude": 49.1431300357779, 
    "gpsLongitude": 9.223239714174568, 
    "outsideTemperature": 26.5, 
    "speed": 7.664125, 
    "yawRate": 0.003013940865535473
}