{
    "gpsHeading": 95, 
    "gpsLatitude": 49.14620971464247, 
    "gpsLongitude": 9.222037749259272, 
    "outsideTemperature": 27.0, 
    "speed": 11.753875, 
    "yawRate": 0.002273941290768347
}