{
    "gpsHeading": 350, 
    "gpsLatitude": 49.14621558197468, 
    "gpsLongitude": 9.218673588600952, 
    "outsideTemperature": 35.5, 
    "speed": 4.5968125, 
    "yawRate": -0.24382694968843385
}