{
    "gpsHeading": 318, 
    "gpsLatitude": 49.143920030152145, 
    "gpsLongitude": 9.228307161377073, 
    "outsideTemperature": 27.5, 
    "speed": 9.326625000000002, 
    "yawRate": 0.008598994471917113
}