{
    "gpsHeading": 90, 
    "gpsLatitude": 49.13878611445746, 
    "gpsLongitude": 9.228409420595797, 
    "outsideTemperature": 27.0, 
    "speed": 11.654125, 
    "yawRate": -0.0010508632069211547
}