{
    "gpsHeading": 319, 
    "gpsLatitude": 49.139368321452004, 
    "gpsLongitude": 9.2154941650886, 
    "outsideTemperature": 26.0, 
    "speed": 6.4754375, 
    "yawRate": -0.0013427517276950077
}