{
    "gpsHeading": 233, 
    "gpsLatitude": 49.14904832997171, 
    "gpsLongitude": 9.220102451635167, 
    "outsideTemperature": 28.0, 
    "speed": 13.000750000000002, 
    "yawRate": 0.04311464578743553
}