{
    "gpsHeading": 245, 
    "gpsLatitude": 49.142062768046635, 
    "gpsLongitude": 9.206961387656463, 
    "outsideTemperature": 27.0, 
    "speed": 6.916, 
    "yawRate": -0.002179374998081267
}