{
    "gpsHeading": 182, 
    "gpsLatitude": 49.13841135956652, 
    "gpsLongitude": 9.215660797323716, 
    "outsideTemperature": 29.5, 
    "speed": 8.512, 
    "yawRate": -0.004548757054001328
}