{
    "gpsHeading": 318, 
    "gpsLatitude": 49.143211088781605, 
    "gpsLongitude": 9.2223108316647, 
    "outsideTemperature": 26.0, 
    "speed": 5.2618125000000004, 
    "yawRate": 0.04629810631499344
}