{
    "gpsHeading": 98, 
    "gpsLatitude": 49.13634781882385, 
    "gpsLongitude": 9.217873871219025, 
    "outsideTemperature": 26.5, 
    "speed": 9.692375, 
    "yawRate": -0.019558588621152548
}