{
    "gpsHeading": 188, 
    "gpsLatitude": 49.14339917868886, 
    "gpsLongitude": 9.222537729783653, 
    "outsideTemperature": 26.5, 
    "speed": 12.46875, 
    "yawRate": 0.0001795461883751081
}