{
    "gpsHeading": 280, 
    "gpsLatitude": 49.14072610594731, 
    "gpsLongitude": 9.221353031588892, 
    "outsideTemperature": 27.0, 
    "speed": 4.6217500000000005, 
    "yawRate": 0.022637227106239013
}