{
    "gpsHeading": 91, 
    "gpsLatitude": 49.13899943389326, 
    "gpsLongitude": 9.224419969960616, 
    "outsideTemperature": 28.5, 
    "speed": 10.4654375, 
    "yawRate": 0.005755920875856378
}