{
    "gpsHeading": 273, 
    "gpsLatitude": 49.14294253260389, 
    "gpsLongitude": 9.225764427229894, 
    "outsideTemperature": 29.0, 
    "speed": 9.044, 
    "yawRate": 0.0007070487253135729
}