{
    "gpsHeading": 190, 
    "gpsLatitude": 49.14305250317353, 
    "gpsLongitude": 9.221542714057732, 
    "outsideTemperature": 28.0, 
    "speed": 2.4438750000000002, 
    "yawRate": -0.35844374722248473
}