{
    "gpsHeading": 221, 
    "gpsLatitude": 49.139603098559924, 
    "gpsLongitude": 9.21502746071981, 
    "outsideTemperature": 28.0, 
    "speed": 2.8595, 
    "yawRate": 0.3503410925491561
}