{
    "gpsHeading": 0, 
    "gpsLatitude": 49.13868863292355, 
    "gpsLongitude": 9.220098009226486, 
    "outsideTemperature": 27.5, 
    "speed": 8.3706875, 
    "yawRate": 0.09622115345878593
}