{
    "gpsHeading": 317, 
    "gpsLatitude": 49.140347746837996, 
    "gpsLongitude": 9.219899106664162, 
    "outsideTemperature": 27.5, 
    "speed": 4.9958125, 
    "yawRate": 0.053529554866537814
}