{
    "gpsHeading": 286, 
    "gpsLatitude": 49.141386432279454, 
    "gpsLongitude": 9.228201046482853, 
    "outsideTemperature": 38.0, 
    "speed": 8.61175, 
    "yawRate": -0.09807858693756326
}