{
    "gpsHeading": 270, 
    "gpsLatitude": 49.142904730220565, 
    "gpsLongitude": 9.226263569563958, 
    "outsideTemperature": 27.0, 
    "speed": 9.484562500000001, 
    "yawRate": 0.018372838283085235
}