{
    "gpsHeading": 255, 
    "gpsLatitude": 49.13906254962417, 
    "gpsLongitude": 9.216108055677148, 
    "outsideTemperature": 26.5, 
    "speed": 5.6441875, 
    "yawRate": -0.23207527884134196
}