{
    "gpsHeading": 175, 
    "gpsLatitude": 49.14196889073107, 
    "gpsLongitude": 9.211383595952556, 
    "outsideTemperature": 27.0, 
    "speed": 7.439687500000001, 
    "yawRate": 0.0019112240219821015
}