{
    "gpsHeading": 288, 
    "gpsLatitude": 49.140099474865956, 
    "gpsLongitude": 9.213490806410743, 
    "outsideTemperature": 29.5, 
    "speed": 6.4255625, 
    "yawRate": 0.0044528761594969934
}