{
    "gpsHeading": 175, 
    "gpsLatitude": 49.14588248514251, 
    "gpsLongitude": 9.223251365019976, 
    "outsideTemperature": 27.0, 
    "speed": 10.440500000000002, 
    "yawRate": -0.004009244016410379
}