{
    "gpsHeading": 182, 
    "gpsLatitude": 49.14151886634961, 
    "gpsLongitude": 9.216962506886787, 
    "outsideTemperature": 26.5, 
    "speed": 5.586, 
    "yawRate": 0.021613845149975063
}