{
    "gpsHeading": 189, 
    "gpsLatitude": 49.142849996392826, 
    "gpsLongitude": 9.222365816949539, 
    "outsideTemperature": 26.5, 
    "speed": 11.3631875, 
    "yawRate": -0.004707375717208456
}