{
    "gpsHeading": 56, 
    "gpsLatitude": 49.13987500749893, 
    "gpsLongitude": 9.21581552725633, 
    "outsideTemperature": 26.5, 
    "speed": 5.103875, 
    "yawRate": 0.0017988409258948516
}