{
    "gpsHeading": 188, 
    "gpsLatitude": 49.14263835333765, 
    "gpsLongitude": 9.222304712875385, 
    "outsideTemperature": 27.5, 
    "speed": 9.758875, 
    "yawRate": -0.0040663104492742914
}