{
    "gpsHeading": 180, 
    "gpsLatitude": 49.1503880933752, 
    "gpsLongitude": 9.2215718830808, 
    "outsideTemperature": 29.0, 
    "speed": 10.457125, 
    "yawRate": -0.03490157177671016
}