{
    "gpsHeading": 192, 
    "gpsLatitude": 49.14132943533786, 
    "gpsLongitude": 9.221956947712666, 
    "outsideTemperature": 27.0, 
    "speed": 8.661624999999999, 
    "yawRate": -0.06637456474547068
}