{
    "gpsHeading": 188, 
    "gpsLatitude": 49.14762776502162, 
    "gpsLongitude": 9.218996878606413, 
    "outsideTemperature": 28.0, 
    "speed": 11.753875, 
    "yawRate": 0.012222318027135737
}