{
    "gpsHeading": 207, 
    "gpsLatitude": 49.13984416209524, 
    "gpsLongitude": 9.22093251150661, 
    "outsideTemperature": 28.0, 
    "speed": 8.0548125, 
    "yawRate": 0.11768870325831612
}