{
    "gpsHeading": 202, 
    "gpsLatitude": 49.15301833459152, 
    "gpsLongitude": 9.222614424197706, 
    "outsideTemperature": 32.0, 
    "speed": 12.236, 
    "yawRate": 0.004019270542763045
}