{
    "gpsHeading": 170, 
    "gpsLatitude": 49.13711392477405, 
    "gpsLongitude": 9.216773830246328, 
    "outsideTemperature": 27.5, 
    "speed": 7.2900625, 
    "yawRate": 0.010984673288747703
}