{
    "gpsHeading": 134, 
    "gpsLatitude": 49.14104302570636, 
    "gpsLongitude": 9.211432462448048, 
    "outsideTemperature": 27.0, 
    "speed": 1.36325, 
    "yawRate": 0.12844759479156886
}