{
    "gpsHeading": 193, 
    "gpsLatitude": 49.140205254484016, 
    "gpsLongitude": 9.219220507783094, 
    "outsideTemperature": 28.0, 
    "speed": 5.7273125, 
    "yawRate": 0.05440221949253516
}