{
    "gpsHeading": 94, 
    "gpsLatitude": 49.142698032488276, 
    "gpsLongitude": 9.211781065801118, 
    "outsideTemperature": 27.0, 
    "speed": 9.7339375, 
    "yawRate": 0.0018916246024395524
}