{
    "gpsHeading": 199, 
    "gpsLatitude": 49.143645271366076, 
    "gpsLongitude": 9.226809985831942, 
    "outsideTemperature": 27.0, 
    "speed": 8.786312500000001, 
    "yawRate": 0.006853665219922417
}