{
    "gpsHeading": 189, 
    "gpsLatitude": 49.14038831524937, 
    "gpsLongitude": 9.21925386775775, 
    "outsideTemperature": 28.0, 
    "speed": 4.9126875000000005, 
    "yawRate": 0.05614754874452887
}