{
    "gpsHeading": 257, 
    "gpsLatitude": 49.13869885884541, 
    "gpsLongitude": 9.219788046447103, 
    "outsideTemperature": 27.5, 
    "speed": 5.062312500000001, 
    "yawRate": -0.19804135842745232
}