{
    "gpsHeading": 156, 
    "gpsLatitude": 49.139984475154385, 
    "gpsLongitude": 9.220896888418098, 
    "outsideTemperature": 36.0, 
    "speed": 4.8461875, 
    "yawRate": -0.026539489794561708
}