{
    "gpsHeading": 240, 
    "gpsLatitude": 49.14212579995851, 
    "gpsLongitude": 9.20715945202847, 
    "outsideTemperature": 27.0, 
    "speed": 4.8794375, 
    "yawRate": -0.05000139650272525
}