{
    "gpsHeading": 64, 
    "gpsLatitude": 49.14268219069126, 
    "gpsLongitude": 9.209215281420217, 
    "outsideTemperature": 27.0, 
    "speed": 8.894375, 
    "yawRate": -0.13284779365152088
}