{
    "gpsHeading": 0, 
    "gpsLatitude": 49.14209998369673, 
    "gpsLongitude": 9.207077728472518, 
    "outsideTemperature": 27.5, 
    "speed": 5.735625000000001, 
    "yawRate": -0.008637093230460257
}