{
    "gpsHeading": 172, 
    "gpsLatitude": 49.14117001153947, 
    "gpsLongitude": 9.209426924475364, 
    "outsideTemperature": 27.0, 
    "speed": 3.7156875000000005, 
    "yawRate": -0.49449097274923737
}