{
    "gpsHeading": 97, 
    "gpsLatitude": 49.13604363955764, 
    "gpsLongitude": 9.220736123515202, 
    "outsideTemperature": 26.5, 
    "speed": 4.08975, 
    "yawRate": 0.039433540096254716
}