{
    "gpsHeading": 79, 
    "gpsLatitude": 49.1461466827306, 
    "gpsLongitude": 9.223184393613604, 
    "outsideTemperature": 30.0, 
    "speed": 9.526125, 
    "yawRate": -0.0012300525115146715
}