{
    "gpsHeading": 33, 
    "gpsLatitude": 49.14287941687298, 
    "gpsLongitude": 9.221396617485416, 
    "outsideTemperature": 28.0, 
    "speed": 5.1121875, 
    "yawRate": 0.013311383452301408
}