{
    "gpsHeading": 201, 
    "gpsLatitude": 49.15533718810488, 
    "gpsLongitude": 9.22398159642458, 
    "outsideTemperature": 34.5, 
    "speed": 11.820375000000002, 
    "yawRate": 0.009993309660782539
}