{
    "gpsHeading": 356, 
    "gpsLatitude": 49.14167552411995, 
    "gpsLongitude": 9.208201322593125, 
    "outsideTemperature": 26.5, 
    "speed": 6.849500000000001, 
    "yawRate": 0.05820901712092215
}