{
    "gpsHeading": 0, 
    "gpsLatitude": 49.14144225575458, 
    "gpsLongitude": 9.20816251438144, 
    "outsideTemperature": 26.5, 
    "speed": 8.911000000000001, 
    "yawRate": 0.0013112835059071347
}