{
    "gpsHeading": 0, 
    "gpsLatitude": 49.14071554474931, 
    "gpsLongitude": 9.208101661764383, 
    "outsideTemperature": 27.0, 
    "speed": 10.282562500000001, 
    "yawRate": 0.00392927738389918
}