{
    "gpsHeading": 77, 
    "gpsLatitude": 49.14297446765499, 
    "gpsLongitude": 9.220094153551027, 
    "outsideTemperature": 28.0, 
    "speed": 2.4438750000000002, 
    "yawRate": -0.007682072549888973
}