{
    "gpsHeading": 180, 
    "gpsLatitude": 49.14528552599839, 
    "gpsLongitude": 9.230082197012436, 
    "outsideTemperature": 28.0, 
    "speed": 11.80375, 
    "yawRate": 0.0009195457631422338
}