{
    "gpsHeading": 356, 
    "gpsLatitude": 49.14123941369775, 
    "gpsLongitude": 9.21700550605009, 
    "outsideTemperature": 28.5, 
    "speed": 6.8744375, 
    "yawRate": 0.0013680258268407462
}