{
    "gpsHeading": 190, 
    "gpsLatitude": 49.140971695710356, 
    "gpsLongitude": 9.221800541399418, 
    "outsideTemperature": 27.0, 
    "speed": 6.9575625, 
    "yawRate": 0.027349616086623306
}