{
    "gpsHeading": 291, 
    "gpsLatitude": 49.14190636173339, 
    "gpsLongitude": 9.209913829230798, 
    "outsideTemperature": 27.5, 
    "speed": 6.65, 
    "yawRate": 0.008687450600719042
}