{
    "gpsHeading": 101, 
    "gpsLatitude": 49.13874336675127, 
    "gpsLongitude": 9.229241911219127, 
    "outsideTemperature": 26.5, 
    "speed": 7.21525, 
    "yawRate": 0.31816985698283673
}