{
    "gpsHeading": 20, 
    "gpsLatitude": 49.13973444298269, 
    "gpsLongitude": 9.21528302494761, 
    "outsideTemperature": 26.0, 
    "speed": 5.2451875, 
    "yawRate": -0.10920409950094287
}