{
    "gpsHeading": 331, 
    "gpsLatitude": 49.14073750533564, 
    "gpsLongitude": 9.21708303865446, 
    "outsideTemperature": 28.0, 
    "speed": 3.2917500000000004, 
    "yawRate": 0.6087426055208573
}