{
    "gpsHeading": 265, 
    "gpsLatitude": 49.142489155461135, 
    "gpsLongitude": 9.214929140995574, 
    "outsideTemperature": 29.5, 
    "speed": 5.935125, 
    "yawRate": -0.005413144522296462
}