{
    "gpsHeading": 351, 
    "gpsLatitude": 49.1460455969783, 
    "gpsLongitude": 9.21862329718189, 
    "outsideTemperature": 30.5, 
    "speed": 2.9675625, 
    "yawRate": -0.11851048005152742
}