{
    "gpsHeading": 113, 
    "gpsLatitude": 49.13623332202648, 
    "gpsLongitude": 9.219012217489215, 
    "outsideTemperature": 26.5, 
    "speed": 8.786312500000001, 
    "yawRate": 0.004526955056368714
}