{
    "gpsHeading": 193, 
    "gpsLatitude": 49.15182081208491, 
    "gpsLongitude": 9.221849659352005, 
    "outsideTemperature": 30.0, 
    "speed": 10.108, 
    "yawRate": 0.024614155716295907
}