{
    "gpsHeading": 159, 
    "gpsLatitude": 49.143179153730514, 
    "gpsLongitude": 9.222596906020078, 
    "outsideTemperature": 28.0, 
    "speed": 7.2401875, 
    "yawRate": -0.11646551427770718
}