{
    "gpsHeading": 96, 
    "gpsLatitude": 49.14222780772015, 
    "gpsLongitude": 9.216807190220951, 
    "outsideTemperature": 27.0, 
    "speed": 3.807125, 
    "yawRate": -0.32483401137089385
}