{
    "gpsHeading": 33, 
    "gpsLatitude": 49.142595270355336, 
    "gpsLongitude": 9.217009697001675, 
    "outsideTemperature": 28.0, 
    "speed": 7.1570625, 
    "yawRate": -0.05393329772773852
}