{
    "gpsHeading": 356, 
    "gpsLatitude": 49.13944057345736, 
    "gpsLongitude": 9.221108280016182, 
    "outsideTemperature": 26.0, 
    "speed": 8.7198125, 
    "yawRate": -0.021129384947946982
}