{
    "gpsHeading": 101, 
    "gpsLatitude": 49.14235169224907, 
    "gpsLongitude": 9.216015519466103, 
    "outsideTemperature": 27.0, 
    "speed": 2.5103750000000002, 
    "yawRate": 0.003113355078835443
}