{
    "gpsHeading": 185, 
    "gpsLatitude": 49.14228748687075, 
    "gpsLongitude": 9.22221854691075, 
    "outsideTemperature": 27.5, 
    "speed": 9.7671875, 
    "yawRate": 0.005009401661095751
}