{
    "gpsHeading": 193, 
    "gpsLatitude": 49.1385597192527, 
    "gpsLongitude": 9.215687451775802, 
    "outsideTemperature": 29.5, 
    "speed": 8.1711875, 
    "yawRate": 0.017267858595927423
}