{
    "gpsHeading": 111, 
    "gpsLatitude": 49.14625497691961, 
    "gpsLongitude": 9.22116854590002, 
    "outsideTemperature": 27.5, 
    "speed": 12.485375000000001, 
    "yawRate": -0.01483028537877512
}