{
    "gpsHeading": 3, 
    "gpsLatitude": 49.13974777020873, 
    "gpsLongitude": 9.229566626148124, 
    "outsideTemperature": 26.5, 
    "speed": 11.67075, 
    "yawRate": 0.011166441557038748
}