{
    "gpsHeading": 188, 
    "gpsLatitude": 49.15069026098467, 
    "gpsLongitude": 9.221636088459126, 
    "outsideTemperature": 29.5, 
    "speed": 11.1470625, 
    "yawRate": 0.01553844360592487
}