{
    "gpsHeading": 350, 
    "gpsLatitude": 49.1380855549901, 
    "gpsLongitude": 9.221201654417547, 
    "outsideTemperature": 26.5, 
    "speed": 10.365687500000002, 
    "yawRate": -0.01222820576277621
}