{
    "gpsHeading": 131, 
    "gpsLatitude": 49.14474749163359, 
    "gpsLongitude": 9.220040006456541, 
    "outsideTemperature": 30.0, 
    "speed": 1.5211875000000001, 
    "yawRate": -2.623841114092213e-06
}