{
    "gpsHeading": 260, 
    "gpsLatitude": 49.14260331698238, 
    "gpsLongitude": 9.21427493345277, 
    "outsideTemperature": 29.0, 
    "speed": 4.4139375, 
    "yawRate": 0.3825735481960368
}