{
    "gpsHeading": 312, 
    "gpsLatitude": 49.141712823589074, 
    "gpsLongitude": 9.210313310736119, 
    "outsideTemperature": 27.5, 
    "speed": 6.159562500000001, 
    "yawRate": 0.040976041762613984
}