{
    "gpsHeading": 73, 
    "gpsLatitude": 49.13736387312674, 
    "gpsLongitude": 9.216318022351663, 
    "outsideTemperature": 27.5, 
    "speed": 7.2900625, 
    "yawRate": -0.019209522770753013
}