{
    "gpsHeading": 279, 
    "gpsLatitude": 49.15410446160493, 
    "gpsLongitude": 9.223361922322843, 
    "outsideTemperature": 35.5, 
    "speed": 0.0, 
    "yawRate": 0.000533226345731426
}