{
    "gpsHeading": 91, 
    "gpsLatitude": 49.14270054705923, 
    "gpsLongitude": 9.211219981202582, 
    "outsideTemperature": 27.0, 
    "speed": 10.1745, 
    "yawRate": -0.03894907989422763
}