{
    "gpsHeading": 170, 
    "gpsLatitude": 49.1411708497298, 
    "gpsLongitude": 9.205099683142237, 
    "outsideTemperature": 27.0, 
    "speed": 0.9309999999999999, 
    "yawRate": 0.17008462217375622
}