{
    "gpsHeading": 187, 
    "gpsLatitude": 49.143606714611465, 
    "gpsLongitude": 9.222611071436438, 
    "outsideTemperature": 26.5, 
    "speed": 11.928437500000001, 
    "yawRate": -0.006452704969203154
}