{
    "gpsHeading": 87, 
    "gpsLatitude": 49.14626059279473, 
    "gpsLongitude": 9.219140209150677, 
    "outsideTemperature": 28.0, 
    "speed": 10.2991875, 
    "yawRate": 0.00803352782235025
}