{
    "gpsHeading": 100, 
    "gpsLatitude": 49.14254858315466, 
    "gpsLongitude": 9.213724410052233, 
    "outsideTemperature": 27.0, 
    "speed": 9.218562499999999, 
    "yawRate": 0.0004953612008433981
}