{
    "gpsHeading": 88, 
    "gpsLatitude": 49.146243577531294, 
    "gpsLongitude": 9.221509940816329, 
    "outsideTemperature": 27.5, 
    "speed": 12.884375, 
    "yawRate": -0.007150836670000238
}