{
    "gpsHeading": 342, 
    "gpsLatitude": 49.14025973685467, 
    "gpsLongitude": 9.208096045889256, 
    "outsideTemperature": 27.5, 
    "speed": 8.9691875, 
    "yawRate": 0.0021839481319044832
}