{
    "gpsHeading": 284, 
    "gpsLatitude": 49.14536389679307, 
    "gpsLongitude": 9.219384709266324, 
    "outsideTemperature": 31.0, 
    "speed": 3.2169375000000002, 
    "yawRate": -0.5318044469237778
}