{
    "gpsHeading": 96, 
    "gpsLatitude": 49.14619001717001, 
    "gpsLongitude": 9.222369169710808, 
    "outsideTemperature": 27.0, 
    "speed": 10.482062500000001, 
    "yawRate": 0.024788688641495176
}