{
    "gpsHeading": 274, 
    "gpsLatitude": 49.1438869216346, 
    "gpsLongitude": 9.228812757776577, 
    "outsideTemperature": 27.5, 
    "speed": 6.733125, 
    "yawRate": -0.020548004036387974
}