{
    "gpsHeading": 38, 
    "gpsLatitude": 49.13987358257538, 
    "gpsLongitude": 9.219244144750071, 
    "outsideTemperature": 28.5, 
    "speed": 5.852, 
    "yawRate": 0.08634174480403056
}