{
    "gpsHeading": 270, 
    "gpsLatitude": 49.14142306119633, 
    "gpsLongitude": 9.227384732932647, 
    "outsideTemperature": 36.0, 
    "speed": 11.379812500000002, 
    "yawRate": -0.01622264501903062
}