{
    "gpsHeading": 202, 
    "gpsLatitude": 49.14970806957061, 
    "gpsLongitude": 9.221485214201973, 
    "outsideTemperature": 29.0, 
    "speed": 10.739749999999999, 
    "yawRate": -0.14258838662475778
}