{
    "gpsHeading": 276, 
    "gpsLatitude": 49.14297279127433, 
    "gpsLongitude": 9.225374165818062, 
    "outsideTemperature": 26.5, 
    "speed": 7.572687500000001, 
    "yawRate": 0.003013940865535473
}