{
    "gpsHeading": 215, 
    "gpsLatitude": 49.14035193778958, 
    "gpsLongitude": 9.221376668555836, 
    "outsideTemperature": 28.0, 
    "speed": 8.4205625, 
    "yawRate": -0.015130852818450335
}