{
    "gpsHeading": 268, 
    "gpsLatitude": 49.14235026732554, 
    "gpsLongitude": 9.216023314636052, 
    "outsideTemperature": 31.0, 
    "speed": 7.165375, 
    "yawRate": 0.0029644358872764954
}