{
    "gpsHeading": 283, 
    "gpsLatitude": 49.14245504111523, 
    "gpsLongitude": 9.215261399637425, 
    "outsideTemperature": 29.5, 
    "speed": 7.0573125, 
    "yawRate": -0.0017479530931087891
}