{
    "gpsHeading": 263, 
    "gpsLatitude": 49.13889750995066, 
    "gpsLongitude": 9.216066062342225, 
    "outsideTemperature": 26.5, 
    "speed": 5.88525, 
    "yawRate": -0.20466156436385155
}