{
    "gpsHeading": 57, 
    "gpsLatitude": 49.14342080399906, 
    "gpsLongitude": 9.217535829063952, 
    "outsideTemperature": 28.0, 
    "speed": 5.6441875, 
    "yawRate": -0.2827459626641905
}