{
    "gpsHeading": 196, 
    "gpsLatitude": 49.140423100147544, 
    "gpsLongitude": 9.211344452464711, 
    "outsideTemperature": 29.5, 
    "speed": 4.472125, 
    "yawRate": -0.009509757856457605
}