{
    "gpsHeading": 136, 
    "gpsLatitude": 49.14241195813291, 
    "gpsLongitude": 9.214371660615402, 
    "outsideTemperature": 29.0, 
    "speed": 6.068125, 
    "yawRate": 0.41870186371231866
}