{
    "gpsHeading": 189, 
    "gpsLatitude": 49.14570252568135, 
    "gpsLongitude": 9.223213897912768, 
    "outsideTemperature": 27.0, 
    "speed": 11.33825, 
    "yawRate": 0.022868826464301207
}