{
    "gpsHeading": 110, 
    "gpsLatitude": 49.14284421287963, 
    "gpsLongitude": 9.221656624121897, 
    "outsideTemperature": 28.0, 
    "speed": 3.1670625, 
    "yawRate": 0.0412366514842106
}