{
    "gpsHeading": 356, 
    "gpsLatitude": 49.13864504702703, 
    "gpsLongitude": 9.221154967216881, 
    "outsideTemperature": 26.5, 
    "speed": 9.858625, 
    "yawRate": -0.020431253247148905
}