{
    "gpsHeading": 171, 
    "gpsLatitude": 49.14253559120474, 
    "gpsLongitude": 9.21138720017092, 
    "outsideTemperature": 27.5, 
    "speed": 6.1429375, 
    "yawRate": -0.0504486535378469
}