{
    "gpsHeading": 82, 
    "gpsLatitude": 49.14271278463785, 
    "gpsLongitude": 9.209603866451415, 
    "outsideTemperature": 28.0, 
    "speed": 8.495375000000001, 
    "yawRate": -0.005244625911194966
}