{
    "gpsHeading": 263, 
    "gpsLatitude": 49.13993250735471, 
    "gpsLongitude": 9.215867495056026, 
    "outsideTemperature": 28.5, 
    "speed": 6.28425, 
    "yawRate": -0.0006446200268969305
}