{
    "gpsHeading": 83, 
    "gpsLatitude": 49.14625388727219, 
    "gpsLongitude": 9.218751121205322, 
    "outsideTemperature": 28.0, 
    "speed": 7.921812500000001, 
    "yawRate": 0.156561047167065
}