{
    "gpsHeading": 262, 
    "gpsLatitude": 49.13914913468397, 
    "gpsLongitude": 9.217493332814872, 
    "outsideTemperature": 26.5, 
    "speed": 7.140437500000001, 
    "yawRate": -0.013734589416854182
}