{
    "gpsHeading": 276, 
    "gpsLatitude": 49.14302970439691, 
    "gpsLongitude": 9.22465524998274, 
    "outsideTemperature": 29.0, 
    "speed": 9.14375, 
    "yawRate": 0.01641501199326287
}