{
    "gpsHeading": 78, 
    "gpsLatitude": 49.146267801231474, 
    "gpsLongitude": 9.219354702052936, 
    "outsideTemperature": 28.0, 
    "speed": 10.523625000000001, 
    "yawRate": 0.002797540066367153
}