{
    "gpsHeading": 77, 
    "gpsLatitude": 49.142698367764396, 
    "gpsLongitude": 9.212324716041055, 
    "outsideTemperature": 27.0, 
    "speed": 9.459624999999999, 
    "yawRate": 0.015156126917596073
}