{
    "gpsHeading": 257, 
    "gpsLatitude": 49.13898862123817, 
    "gpsLongitude": 9.217758871507446, 
    "outsideTemperature": 27.0, 
    "speed": 10.0996875, 
    "yawRate": 0.005476077576261557
}