{
    "gpsHeading": 103, 
    "gpsLatitude": 49.14626059279473, 
    "gpsLongitude": 9.220999147636856, 
    "outsideTemperature": 27.5, 
    "speed": 12.2110625, 
    "yawRate": 0.005415533944358206
}