{
    "gpsHeading": 93, 
    "gpsLatitude": 49.138929445001764, 
    "gpsLongitude": 9.225577175512974, 
    "outsideTemperature": 28.0, 
    "speed": 10.540250000000002, 
    "yawRate": -3.6656557245349185e-06
}