{
    "gpsHeading": 97, 
    "gpsLatitude": 49.13628143415072, 
    "gpsLongitude": 9.218534449008239, 
    "outsideTemperature": 26.5, 
    "speed": 8.87775, 
    "yawRate": -0.0012326314752121978
}