{
    "gpsHeading": 265, 
    "gpsLatitude": 49.139008653986764, 
    "gpsLongitude": 9.218889422607687, 
    "outsideTemperature": 27.0, 
    "speed": 9.201937500000001, 
    "yawRate": 0.03497214193496519
}