{
    "gpsHeading": 167, 
    "gpsLatitude": 49.14033609599259, 
    "gpsLongitude": 9.213764140273266, 
    "outsideTemperature": 28.0, 
    "speed": 5.35325, 
    "yawRate": -0.08433859853057687
}