{
    "gpsHeading": 98, 
    "gpsLatitude": 49.13615252047987, 
    "gpsLongitude": 9.21976499621335, 
    "outsideTemperature": 26.5, 
    "speed": 10.124625000000002, 
    "yawRate": -0.018336858144756656
}