{
    "gpsHeading": 188, 
    "gpsLatitude": 49.14539390400645, 
    "gpsLongitude": 9.223145250125759, 
    "outsideTemperature": 27.0, 
    "speed": 12.485375000000001, 
    "yawRate": -0.001042184288020783
}