{
    "gpsHeading": 92, 
    "gpsLatitude": 49.13913136504925, 
    "gpsLongitude": 9.22193775315437, 
    "outsideTemperature": 30.5, 
    "speed": 8.94425, 
    "yawRate": -0.0188532215772627
}