{
    "gpsHeading": 2, 
    "gpsLatitude": 49.14232109830248, 
    "gpsLongitude": 9.208338282891015, 
    "outsideTemperature": 27.5, 
    "speed": 6.0099375, 
    "yawRate": -0.12761180589553778
}