{
    "gpsHeading": 186, 
    "gpsLatitude": 49.150017780892924, 
    "gpsLongitude": 9.22153885838227, 
    "outsideTemperature": 29.0, 
    "speed": 9.642500000000002, 
    "yawRate": -0.08202546158055607
}