{
    "gpsHeading": 266, 
    "gpsLatitude": 49.13998087093602, 
    "gpsLongitude": 9.20947830554184, 
    "outsideTemperature": 28.0, 
    "speed": 5.6608125000000005, 
    "yawRate": -0.07024721582585858
}