{
    "gpsHeading": 89, 
    "gpsLatitude": 49.14270976715271, 
    "gpsLongitude": 9.210179451742437, 
    "outsideTemperature": 28.0, 
    "speed": 9.060625, 
    "yawRate": -0.003150230808801726
}