{
    "gpsHeading": 342, 
    "gpsLatitude": 49.14084747590528, 
    "gpsLongitude": 9.217069711428415, 
    "outsideTemperature": 28.5, 
    "speed": 6.167875, 
    "yawRate": -0.017132464244298873
}