{
    "gpsHeading": 354, 
    "gpsLatitude": 49.138462824452, 
    "gpsLongitude": 9.221168881176148, 
    "outsideTemperature": 26.5, 
    "speed": 10.0165625, 
    "yawRate": 0.0214566488007139
}