{
    "gpsHeading": 350, 
    "gpsLatitude": 49.13791221723243, 
    "gpsLongitude": 9.221216909481319, 
    "outsideTemperature": 26.5, 
    "speed": 9.584312500000001, 
    "yawRate": -0.03771001284189263
}