{
    "gpsHeading": 93, 
    "gpsLatitude": 49.13881972588919, 
    "gpsLongitude": 9.227756386519438, 
    "outsideTemperature": 27.0, 
    "speed": 11.753875, 
    "yawRate": -0.0015744619825199604
}