{
    "gpsHeading": 264, 
    "gpsLatitude": 49.13894721463648, 
    "gpsLongitude": 9.21695638809747, 
    "outsideTemperature": 26.5, 
    "speed": 7.0074375, 
    "yawRate": 0.001461820296675341
}