{
    "gpsHeading": 181, 
    "gpsLatitude": 49.14507338002904, 
    "gpsLongitude": 9.230056632207763, 
    "outsideTemperature": 28.0, 
    "speed": 11.961687500000002, 
    "yawRate": -0.001349382264450277
}