{
    "gpsHeading": 223, 
    "gpsLatitude": 49.14870609686507, 
    "gpsLongitude": 9.219483867180877, 
    "outsideTemperature": 28.0, 
    "speed": 13.1919375, 
    "yawRate": 0.08604974538649494
}