{
    "gpsHeading": 93, 
    "gpsLatitude": 49.146073592534904, 
    "gpsLongitude": 9.22511164461063, 
    "outsideTemperature": 32.0, 
    "speed": 8.6366875, 
    "yawRate": 0.0012686116135407761
}