{
    "gpsHeading": 85, 
    "gpsLatitude": 49.14270809077208, 
    "gpsLongitude": 9.210433004313476, 
    "outsideTemperature": 28.0, 
    "speed": 9.21025, 
    "yawRate": -0.043292803604670825
}