{
    "gpsHeading": 0, 
    "gpsLatitude": 49.140903886113655, 
    "gpsLongitude": 9.208103338145017, 
    "outsideTemperature": 27.0, 
    "speed": 10.2326875, 
    "yawRate": 0.014226719970665113
}