{
    "gpsHeading": 90, 
    "gpsLatitude": 49.14611944154527, 
    "gpsLongitude": 9.224144121527141, 
    "outsideTemperature": 29.0, 
    "speed": 9.567687500000002, 
    "yawRate": 0.020062964362815273
}