{
    "gpsHeading": 162, 
    "gpsLatitude": 49.13979613379004, 
    "gpsLongitude": 9.220912730215126, 
    "outsideTemperature": 30.0, 
    "speed": 5.270125000000001, 
    "yawRate": 0.4898434472213983
}