{
    "gpsHeading": 6, 
    "gpsLatitude": 49.14329004630951, 
    "gpsLongitude": 9.222766639559367, 
    "outsideTemperature": 33.5, 
    "speed": 6.7580625, 
    "yawRate": -0.04199815694053145
}