{
    "gpsHeading": 266, 
    "gpsLatitude": 49.14134108618327, 
    "gpsLongitude": 9.229093551532957, 
    "outsideTemperature": 31.0, 
    "speed": 7.148750000000001, 
    "yawRate": -0.0015332075681066715
}