{
    "gpsHeading": 278, 
    "gpsLatitude": 49.14390276343161, 
    "gpsLongitude": 9.228581920163133, 
    "outsideTemperature": 27.5, 
    "speed": 5.868625, 
    "yawRate": -0.0022220468904476254
}