{
    "gpsHeading": 0, 
    "gpsLatitude": 49.14383503765396, 
    "gpsLongitude": 9.21906661604083, 
    "outsideTemperature": 32.0, 
    "speed": 5.2784375, 
    "yawRate": -0.015361521258663854
}