{
    "gpsHeading": 142, 
    "gpsLatitude": 49.136464997830245, 
    "gpsLongitude": 9.216702500250305, 
    "outsideTemperature": 27.0, 
    "speed": 6.3923125, 
    "yawRate": 0.09441141153407577
}