{
    "gpsHeading": 208, 
    "gpsLatitude": 49.14068335824112, 
    "gpsLongitude": 9.221674142299525, 
    "outsideTemperature": 28.5, 
    "speed": 8.61175, 
    "yawRate": -0.06644353282708271
}