{
    "gpsHeading": 85, 
    "gpsLatitude": 49.138888038400076, 
    "gpsLongitude": 9.226427435771027, 
    "outsideTemperature": 27.5, 
    "speed": 10.7646875, 
    "yawRate": -0.0033197912345136653
}