{
    "gpsHeading": 115, 
    "gpsLatitude": 49.143206981649044, 
    "gpsLongitude": 9.218676103171903, 
    "outsideTemperature": 27.5, 
    "speed": 5.453, 
    "yawRate": -0.06667420126729624
}