{
    "gpsHeading": 263, 
    "gpsLatitude": 49.13997642852735, 
    "gpsLongitude": 9.210521601030031, 
    "outsideTemperature": 28.5, 
    "speed": 4.8628125, 
    "yawRate": 0.0061982054114916914
}