{
    "gpsHeading": 99, 
    "gpsLatitude": 49.142395278145585, 
    "gpsLongitude": 9.215688038509024, 
    "outsideTemperature": 26.5, 
    "speed": 4.7796875, 
    "yawRate": 0.0029388221536361717
}