{
    "gpsHeading": 280, 
    "gpsLatitude": 49.13889474392261, 
    "gpsLongitude": 9.21587109927439, 
    "outsideTemperature": 26.5, 
    "speed": 7.032375, 
    "yawRate": -0.025416250184037238
}