{
    "gpsHeading": 271, 
    "gpsLatitude": 49.14135441340932, 
    "gpsLongitude": 9.228848297046058, 
    "outsideTemperature": 30.5, 
    "speed": 6.400625000000001, 
    "yawRate": 0.0030046484870783494
}