{
    "gpsHeading": 89, 
    "gpsLatitude": 49.14265444659176, 
    "gpsLongitude": 9.212948581094343, 
    "outsideTemperature": 27.0, 
    "speed": 8.994125, 
    "yawRate": 0.0020661575276388236
}