{
    "gpsHeading": 8, 
    "gpsLatitude": 49.1406825200508, 
    "gpsLongitude": 9.220486678076718, 
    "outsideTemperature": 28.5, 
    "speed": 2.6600000000000006, 
    "yawRate": 0.023684424657435633
}