{
    "gpsHeading": 216, 
    "gpsLatitude": 49.14022553868971, 
    "gpsLongitude": 9.221243563933438, 
    "outsideTemperature": 28.0, 
    "speed": 8.403937500000001, 
    "yawRate": 0.04752646732814559
}