{
    "gpsHeading": 53, 
    "gpsLatitude": 49.14238915935627, 
    "gpsLongitude": 9.208422185741796, 
    "outsideTemperature": 29.0, 
    "speed": 6.8744375, 
    "yawRate": -0.07017087408538242
}