{
    "gpsHeading": 185, 
    "gpsLatitude": 49.1505906001559, 
    "gpsLongitude": 9.221612786768276, 
    "outsideTemperature": 29.5, 
    "speed": 11.354875, 
    "yawRate": -0.004881908642407727
}