{
    "gpsHeading": 186, 
    "gpsLatitude": 49.139697478789685, 
    "gpsLongitude": 9.220887165410419, 
    "outsideTemperature": 28.0, 
    "speed": 9.542750000000002, 
    "yawRate": 0.0916832974036009
}