{
    "gpsHeading": 284, 
    "gpsLatitude": 49.14050976902637, 
    "gpsLongitude": 9.21934749361621, 
    "outsideTemperature": 27.5, 
    "speed": 2.89275, 
    "yawRate": 0.6116858496543153
}