{
    "gpsHeading": 8, 
    "gpsLatitude": 49.144201410641735, 
    "gpsLongitude": 9.219097461444502, 
    "outsideTemperature": 31.0, 
    "speed": 3.973375, 
    "yawRate": 0.0076768248676607875
}