{
    "gpsHeading": 17, 
    "gpsLatitude": 49.143072200645996, 
    "gpsLongitude": 9.217305494364732, 
    "outsideTemperature": 28.0, 
    "speed": 7.2401875, 
    "yawRate": 0.009596687044854757
}