{
    "gpsHeading": 355, 
    "gpsLatitude": 49.13918668561019, 
    "gpsLongitude": 9.221133593363762, 
    "outsideTemperature": 26.5, 
    "speed": 9.4513125, 
    "yawRate": 0.006621350158761954
}