{
    "gpsHeading": 258, 
    "gpsLatitude": 49.138974204364715, 
    "gpsLongitude": 9.21748050850302, 
    "outsideTemperature": 27.0, 
    "speed": 10.058125, 
    "yawRate": -0.003599634534108486
}