{
    "gpsHeading": 90, 
    "gpsLatitude": 49.14271169499044, 
    "gpsLongitude": 9.209838895016444, 
    "outsideTemperature": 27.0, 
    "speed": 8.6366875, 
    "yawRate": -0.008405817984327374
}