{
    "gpsHeading": 231, 
    "gpsLatitude": 49.13900052354067, 
    "gpsLongitude": 9.218024410200051, 
    "outsideTemperature": 27.0, 
    "speed": 9.559375, 
    "yawRate": 0.006523275127458176
}