{
    "gpsHeading": 87, 
    "gpsLatitude": 49.14270834222918, 
    "gpsLongitude": 9.210420515277749, 
    "outsideTemperature": 27.0, 
    "speed": 8.994125, 
    "yawRate": 0.0018916246024395524
}