{
    "gpsHeading": 277, 
    "gpsLatitude": 49.143088042443, 
    "gpsLongitude": 9.219438856360814, 
    "outsideTemperature": 33.0, 
    "speed": 4.28925, 
    "yawRate": -0.09494853514960398
}