{
    "gpsHeading": 94, 
    "gpsLatitude": 49.136181689502926, 
    "gpsLongitude": 9.219500798625283, 
    "outsideTemperature": 26.5, 
    "speed": 9.80875, 
    "yawRate": 0.004876020906768249
}