{
    "gpsHeading": 0, 
    "gpsLatitude": 49.14220333256288, 
    "gpsLongitude": 9.207652727030316, 
    "outsideTemperature": 29.5, 
    "speed": 5.569375, 
    "yawRate": -0.020603523328744728
}