{
    "gpsHeading": 328, 
    "gpsLatitude": 49.1387556043299, 
    "gpsLongitude": 9.219217741755047, 
    "outsideTemperature": 27.0, 
    "speed": 7.5061875, 
    "yawRate": 0.26378480687141814
}