{
    "gpsHeading": 116, 
    "gpsLatitude": 49.14240525261036, 
    "gpsLongitude": 9.215492740165061, 
    "outsideTemperature": 26.5, 
    "speed": 5.9933125, 
    "yawRate": -0.0014245009763495782
}