{
    "gpsHeading": 261, 
    "gpsLatitude": 49.143047474031626, 
    "gpsLongitude": 9.224404714896842, 
    "outsideTemperature": 28.5, 
    "speed": 9.750562500000001, 
    "yawRate": -0.009590393861452362
}