{
    "gpsHeading": 13, 
    "gpsLatitude": 49.14076332159741, 
    "gpsLongitude": 9.211388289818334, 
    "outsideTemperature": 27.5, 
    "speed": 6.0598125000000005, 
    "yawRate": 0.0022297323683400506
}