{
    "gpsHeading": 110, 
    "gpsLatitude": 49.14602615096294, 
    "gpsLongitude": 9.223213897912768, 
    "outsideTemperature": 27.0, 
    "speed": 8.379, 
    "yawRate": -0.23648710038205203
}