{
    "gpsHeading": 94, 
    "gpsLatitude": 49.14583638467505, 
    "gpsLongitude": 9.229340230943395, 
    "outsideTemperature": 28.0, 
    "speed": 9.87525, 
    "yawRate": -0.015137483355205605
}