{
    "gpsHeading": 84, 
    "gpsLatitude": 49.146272746554345, 
    "gpsLongitude": 9.21949719440692, 
    "outsideTemperature": 28.0, 
    "speed": 12.0115625, 
    "yawRate": -0.010641495173989633
}