{
    "gpsHeading": 291, 
    "gpsLatitude": 49.14045998052152, 
    "gpsLongitude": 9.212102511787878, 
    "outsideTemperature": 27.5, 
    "speed": 7.040687500000001, 
    "yawRate": 0.12178478612995
}