{
    "gpsHeading": 318, 
    "gpsLatitude": 49.142116412226954, 
    "gpsLongitude": 9.21692411777026, 
    "outsideTemperature": 31.5, 
    "speed": 0.0, 
    "yawRate": 0.00011826160028949144
}