{
    "gpsHeading": 269, 
    "gpsLatitude": 49.143098855098096, 
    "gpsLongitude": 9.219738844675454, 
    "outsideTemperature": 33.5, 
    "speed": 3.8902500000000004, 
    "yawRate": 0.022512123509612736
}