{
    "gpsHeading": 77, 
    "gpsLatitude": 49.14115199044764, 
    "gpsLongitude": 9.212709110120633, 
    "outsideTemperature": 29.5, 
    "speed": 5.48625, 
    "yawRate": 0.01846129441188716
}