{
    "gpsHeading": 335, 
    "gpsLatitude": 49.138711096424046, 
    "gpsLongitude": 9.219291670141054, 
    "outsideTemperature": 27.0, 
    "speed": 6.034875, 
    "yawRate": 0.17336470639693427
}