{
    "gpsHeading": 354, 
    "gpsLatitude": 49.13900613941582, 
    "gpsLongitude": 9.221138287229536, 
    "outsideTemperature": 26.5, 
    "speed": 9.94175, 
    "yawRate": -0.0033270265776054373
}