{
    "gpsHeading": 77, 
    "gpsLatitude": 49.146191358274514, 
    "gpsLongitude": 9.222346370934149, 
    "outsideTemperature": 31.0, 
    "speed": 9.01075, 
    "yawRate": -0.007862303669092933
}