{
    "gpsHeading": 34, 
    "gpsLatitude": 49.146256988576376, 
    "gpsLongitude": 9.22108271521151, 
    "outsideTemperature": 33.0, 
    "speed": 4.5968125, 
    "yawRate": -0.027584524216628444
}