{
    "gpsHeading": 276, 
    "gpsLatitude": 49.14317554951216, 
    "gpsLongitude": 9.222648622362646, 
    "outsideTemperature": 26.5, 
    "speed": 6.2759375, 
    "yawRate": 0.006504599369523875
}