{
    "gpsHeading": 275, 
    "gpsLatitude": 49.14303858921427, 
    "gpsLongitude": 9.22453077872061, 
    "outsideTemperature": 26.5, 
    "speed": 7.182, 
    "yawRate": 0.00022141406234415639
}