{
    "gpsHeading": 276, 
    "gpsLatitude": 49.1453013677954, 
    "gpsLongitude": 9.219950487730635, 
    "outsideTemperature": 31.5, 
    "speed": 5.037375, 
    "yawRate": -0.008903803026284863
}