{
    "gpsHeading": 251, 
    "gpsLatitude": 49.139008905443866, 
    "gpsLongitude": 9.218366894763774, 
    "outsideTemperature": 26.5, 
    "speed": 4.455500000000001, 
    "yawRate": -0.2313771471405439
}