{
    "gpsHeading": 8, 
    "gpsLatitude": 49.14142029516828, 
    "gpsLongitude": 9.216978264864784, 
    "outsideTemperature": 28.0, 
    "speed": 5.9517500000000005, 
    "yawRate": 0.03400568283913424
}