{
    "gpsHeading": 93, 
    "gpsLatitude": 49.1420397178129, 
    "gpsLongitude": 9.216925794150894, 
    "outsideTemperature": 27.0, 
    "speed": 6.5751875, 
    "yawRate": -0.0199249910474892
}