{
    "gpsHeading": 358, 
    "gpsLatitude": 49.14053893804942, 
    "gpsLongitude": 9.208099398650527, 
    "outsideTemperature": 27.0, 
    "speed": 9.709000000000001, 
    "yawRate": -0.007415362754064365
}