{
    "gpsHeading": 0, 
    "gpsLatitude": 49.14617166080205, 
    "gpsLongitude": 9.222714168845481, 
    "outsideTemperature": 30.5, 
    "speed": 8.379, 
    "yawRate": 0.0013879413664763815
}