{
    "gpsHeading": 197, 
    "gpsLatitude": 49.15452112601176, 
    "gpsLongitude": 9.22356996115966, 
    "outsideTemperature": 32.0, 
    "speed": 11.778812499999999, 
    "yawRate": 0.0014411963260113005
}