{
    "gpsHeading": 274, 
    "gpsLatitude": 49.14308024727304, 
    "gpsLongitude": 9.223941363289322, 
    "outsideTemperature": 26.5, 
    "speed": 8.3706875, 
    "yawRate": -0.0010003164140517345
}