{
    "gpsHeading": 265, 
    "gpsLatitude": 49.139978104907975, 
    "gpsLongitude": 9.210097476729386, 
    "outsideTemperature": 28.5, 
    "speed": 8.395625, 
    "yawRate": -0.008462560305260986
}