{
    "gpsHeading": 325, 
    "gpsLatitude": 49.14285142131636, 
    "gpsLongitude": 9.226619381353755, 
    "outsideTemperature": 29.0, 
    "speed": 3.5078750000000003, 
    "yawRate": 0.4483840018618521
}