{
    "gpsHeading": 283, 
    "gpsLatitude": 49.14038697414485, 
    "gpsLongitude": 9.219629125562905, 
    "outsideTemperature": 27.5, 
    "speed": 5.2784375, 
    "yawRate": 0.019670167377848425
}