{
    "gpsHeading": 188, 
    "gpsLatitude": 49.1421883289562, 
    "gpsLongitude": 9.21138468559997, 
    "outsideTemperature": 27.5, 
    "speed": 6.949250000000001, 
    "yawRate": 0.002260289872380644
}