{
    "gpsHeading": 188, 
    "gpsLatitude": 49.14306893170377, 
    "gpsLongitude": 9.222429435594643, 
    "outsideTemperature": 26.5, 
    "speed": 12.0365, 
    "yawRate": -0.0015657830636185968
}