{
    "gpsHeading": 33, 
    "gpsLatitude": 51.42961372872722, 
    "gpsLongitude": 6.765108558160496, 
    "outsideTemperature": 17.0, 
    "speed": 9.40975, 
    "yawRate": 0.002849872126255706
}