{
    "gpsHeading": 207, 
    "gpsLatitude": 51.436436430273595, 
    "gpsLongitude": 6.779466339204145, 
    "outsideTemperature": 17.5, 
    "speed": 9.825375000000001, 
    "yawRate": 0.001498253492910636
}