{
    "gpsHeading": 297, 
    "gpsLatitude": 51.434449248668884, 
    "gpsLongitude": 6.770392174645894, 
    "outsideTemperature": 20.0, 
    "speed": 5.095562500000001, 
    "yawRate": -0.051127873779922166
}