{
    "gpsHeading": 0, 
    "gpsLatitude": 51.434603391868265, 
    "gpsLongitude": 6.7614479295869, 
    "outsideTemperature": 16.5, 
    "speed": 9.584312500000001, 
    "yawRate": -0.006411027562785145
}