{
    "gpsHeading": 98, 
    "gpsLatitude": 51.431631169002415, 
    "gpsLongitude": 6.774536606670783, 
    "outsideTemperature": 18.5, 
    "speed": 8.3125, 
    "yawRate": 0.2066142870163274
}