{
    "gpsHeading": 32, 
    "gpsLatitude": 51.43257564185217, 
    "gpsLongitude": 6.790405225761698, 
    "outsideTemperature": 18.0, 
    "speed": 6.766375, 
    "yawRate": -0.02330550961200676
}