{
    "gpsHeading": 260, 
    "gpsLatitude": 51.43145783124474, 
    "gpsLongitude": 6.763642982390357, 
    "outsideTemperature": 19.0, 
    "speed": 2.7181875, 
    "yawRate": 0.008479973696300411
}