{
    "gpsHeading": 275, 
    "gpsLatitude": 51.43529984420308, 
    "gpsLongitude": 6.765603006628818, 
    "outsideTemperature": 20.0, 
    "speed": 6.367375, 
    "yawRate": 0.008213320787883633
}