{
    "gpsHeading": 99, 
    "gpsLatitude": 51.43046868285108, 
    "gpsLongitude": 6.770713788270718, 
    "outsideTemperature": 17.5, 
    "speed": 10.4155625, 
    "yawRate": -0.007548578588344545
}