{
    "gpsHeading": 176, 
    "gpsLatitude": 51.428769503439426, 
    "gpsLongitude": 6.756028526270058, 
    "outsideTemperature": 17.0, 
    "speed": 14.081375000000001, 
    "yawRate": 0.004019801926109597
}