{
    "gpsHeading": 345, 
    "gpsLatitude": 51.426081510910244, 
    "gpsLongitude": 6.765185168755518, 
    "outsideTemperature": 18.0, 
    "speed": 8.8195625, 
    "yawRate": 0.03339313403615596
}