{
    "gpsHeading": 89, 
    "gpsLatitude": 51.43752867607635, 
    "gpsLongitude": 6.7748282130822535, 
    "outsideTemperature": 18.0, 
    "speed": 14.796250000000002, 
    "yawRate": -0.005832129365465702
}