{
    "gpsHeading": 73, 
    "gpsLatitude": 51.43569396129037, 
    "gpsLongitude": 6.758542678127421, 
    "outsideTemperature": 18.5, 
    "speed": 9.268437500000001, 
    "yawRate": -0.034176418178287565
}