{
    "gpsHeading": 197, 
    "gpsLatitude": 51.427069821113605, 
    "gpsLongitude": 6.755533491068548, 
    "outsideTemperature": 17.0, 
    "speed": 10.0165625, 
    "yawRate": -0.024429064881397414
}