{
    "gpsHeading": 28, 
    "gpsLatitude": 51.43761006435618, 
    "gpsLongitude": 6.76786268390576, 
    "outsideTemperature": 19.5, 
    "speed": 6.949250000000001, 
    "yawRate": -0.0541777496457075
}