{
    "gpsHeading": 0, 
    "gpsLatitude": 51.43113395450606, 
    "gpsLongitude": 6.799358774733245, 
    "outsideTemperature": 18.5, 
    "speed": 11.928437500000001, 
    "yawRate": 0.0009187206484661597
}