{
    "gpsHeading": 80, 
    "gpsLatitude": 51.41895865341117, 
    "gpsLongitude": 6.758794386679762, 
    "outsideTemperature": 17.5, 
    "speed": 10.9143125, 
    "yawRate": -0.009891031413303003
}