{
    "gpsHeading": 0, 
    "gpsLatitude": 51.43787451340133, 
    "gpsLongitude": 6.755850159370501, 
    "outsideTemperature": 16.0, 
    "speed": 14.231, 
    "yawRate": -0.028227643212713895
}