{
    "gpsHeading": 124, 
    "gpsLatitude": 51.42889925530057, 
    "gpsLongitude": 6.784462121134499, 
    "outsideTemperature": 17.0, 
    "speed": 7.8553125, 
    "yawRate": 0.007512180777322644
}