{
    "gpsHeading": 38, 
    "gpsLatitude": 51.430222003440626, 
    "gpsLongitude": 6.788018227375513, 
    "outsideTemperature": 18.5, 
    "speed": 12.6100625, 
    "yawRate": -0.0032342232140727045
}