{
    "gpsHeading": 314, 
    "gpsLatitude": 51.431589510943645, 
    "gpsLongitude": 6.762621312212348, 
    "outsideTemperature": 20.5, 
    "speed": 8.129625, 
    "yawRate": 0.006825557920287598
}