{
    "gpsHeading": 220, 
    "gpsLatitude": 51.430905380006486, 
    "gpsLongitude": 6.757275502005418, 
    "outsideTemperature": 24.5, 
    "speed": 1.0556875000000001, 
    "yawRate": -0.15883595307963366
}