{
    "gpsHeading": 37, 
    "gpsLatitude": 51.43187617203222, 
    "gpsLongitude": 6.774981266634232, 
    "outsideTemperature": 18.5, 
    "speed": 9.87525, 
    "yawRate": 0.1083522501290484
}