{
    "gpsHeading": 15, 
    "gpsLatitude": 51.43162538548922, 
    "gpsLongitude": 6.764471282062132, 
    "outsideTemperature": 20.0, 
    "speed": 8.7364375, 
    "yawRate": 0.012319698050687354
}