{
    "gpsHeading": 0, 
    "gpsLatitude": 51.41942812380798, 
    "gpsLongitude": 6.761903821300599, 
    "outsideTemperature": 17.0, 
    "speed": 10.108, 
    "yawRate": 0.0019772075002583572
}