{
    "gpsHeading": 344, 
    "gpsLatitude": 51.43556094048699, 
    "gpsLongitude": 6.762596334140897, 
    "outsideTemperature": 20.0, 
    "speed": 8.5203125, 
    "yawRate": -0.11634097204648354
}