{
    "gpsHeading": 224, 
    "gpsLatitude": 51.43080504862548, 
    "gpsLongitude": 6.757084646070102, 
    "outsideTemperature": 27.5, 
    "speed": 4.9958125, 
    "yawRate": -0.05302597409982672
}