{
    "gpsHeading": 0, 
    "gpsLatitude": 51.4347547690396, 
    "gpsLongitude": 6.761018273230129, 
    "outsideTemperature": 16.5, 
    "speed": 11.9949375, 
    "yawRate": -0.016184871373953264
}