{
    "gpsHeading": 96, 
    "gpsLatitude": 51.41879143444282, 
    "gpsLongitude": 6.752196571595536, 
    "outsideTemperature": 17.5, 
    "speed": 9.6175625, 
    "yawRate": 0.015609491635965943
}