{
    "gpsHeading": 126, 
    "gpsLatitude": 51.42866146070752, 
    "gpsLongitude": 6.800158240658076, 
    "outsideTemperature": 17.5, 
    "speed": 10.282562500000001, 
    "yawRate": 0.0007441877232668885
}