{
    "gpsHeading": 130, 
    "gpsLatitude": 51.42843531695985, 
    "gpsLongitude": 6.800614886743028, 
    "outsideTemperature": 17.5, 
    "speed": 8.985812500000002, 
    "yawRate": 0.0005696547980676174
}