{
    "gpsHeading": 294, 
    "gpsLatitude": 51.43381205638951, 
    "gpsLongitude": 6.7721954572949805, 
    "outsideTemperature": 20.0, 
    "speed": 7.21525, 
    "yawRate": 0.001581069630305374
}