{
    "gpsHeading": 130, 
    "gpsLatitude": 51.42872398970519, 
    "gpsLongitude": 6.784866296505597, 
    "outsideTemperature": 17.0, 
    "speed": 8.711500000000001, 
    "yawRate": -0.03367758956974208
}