{
    "gpsHeading": 100, 
    "gpsLatitude": 51.41859093931886, 
    "gpsLongitude": 6.754230775677097, 
    "outsideTemperature": 17.0, 
    "speed": 11.280062500000001, 
    "yawRate": 0.025557868372333335
}