{
    "gpsHeading": 295, 
    "gpsLatitude": 51.43518928690019, 
    "gpsLongitude": 6.766490482536985, 
    "outsideTemperature": 19.0, 
    "speed": 7.248500000000001, 
    "yawRate": 0.03544045711899476
}