{
    "gpsHeading": 25, 
    "gpsLatitude": 51.430854501854206, 
    "gpsLongitude": 6.7728021394467675, 
    "outsideTemperature": 20.0, 
    "speed": 11.0140625, 
    "yawRate": 0.04237880440366333
}