{
    "gpsHeading": 93, 
    "gpsLatitude": 51.43213366409775, 
    "gpsLongitude": 6.781047417600022, 
    "outsideTemperature": 19.0, 
    "speed": 10.540250000000002, 
    "yawRate": -0.006101387388232419
}