{
    "gpsHeading": 25, 
    "gpsLatitude": 51.43229342317226, 
    "gpsLongitude": 6.76476439721614, 
    "outsideTemperature": 19.0, 
    "speed": 7.315, 
    "yawRate": 0.006560111519106443
}