{
    "gpsHeading": 336, 
    "gpsLatitude": 51.43137594005073, 
    "gpsLongitude": 6.75640604718907, 
    "outsideTemperature": 24.0, 
    "speed": 12.801250000000001, 
    "yawRate": 0.004744424141184654
}