{
    "gpsHeading": 244, 
    "gpsLatitude": 51.43550872123019, 
    "gpsLongitude": 6.770021023973325, 
    "outsideTemperature": 19.0, 
    "speed": 6.7081875, 
    "yawRate": 0.017289032898253676
}