{
    "gpsHeading": 87, 
    "gpsLatitude": 51.437696984692096, 
    "gpsLongitude": 6.779319069165354, 
    "outsideTemperature": 17.5, 
    "speed": 11.9118125, 
    "yawRate": 0.041291760438380204
}