{
    "gpsHeading": 0, 
    "gpsLatitude": 51.4193381021679, 
    "gpsLongitude": 6.761344664539794, 
    "outsideTemperature": 17.0, 
    "speed": 13.657437500000002, 
    "yawRate": 0.019430500020201358
}