{
    "gpsHeading": 296, 
    "gpsLatitude": 51.422420882336624, 
    "gpsLongitude": 6.753634319447146, 
    "outsideTemperature": 17.0, 
    "speed": 6.849500000000001, 
    "yawRate": -0.007777920340758233
}