{
    "gpsHeading": 333, 
    "gpsLatitude": 51.427335611263274, 
    "gpsLongitude": 6.768244898690548, 
    "outsideTemperature": 18.5, 
    "speed": 6.932625000000001, 
    "yawRate": 0.0027488639984213884
}