{
    "gpsHeading": 113, 
    "gpsLatitude": 51.426999832222094, 
    "gpsLongitude": 6.768226039408378, 
    "outsideTemperature": 19.0, 
    "speed": 4.5885, 
    "yawRate": 0.04393863434548711
}