{
    "gpsHeading": 35, 
    "gpsLatitude": 51.42902565440046, 
    "gpsLongitude": 6.786603529757659, 
    "outsideTemperature": 19.5, 
    "speed": 11.022375000000002, 
    "yawRate": -0.0032342232140727045
}