{
    "gpsHeading": 127, 
    "gpsLatitude": 51.429099498967425, 
    "gpsLongitude": 6.78401209675302, 
    "outsideTemperature": 17.5, 
    "speed": 8.1545625, 
    "yawRate": -0.008195782490625659
}