{
    "gpsHeading": 184, 
    "gpsLatitude": 51.4233606613206, 
    "gpsLongitude": 6.754625479497611, 
    "outsideTemperature": 17.0, 
    "speed": 10.8311875, 
    "yawRate": -0.009174183742353396
}