{
    "gpsHeading": 53, 
    "gpsLatitude": 51.43573620608237, 
    "gpsLongitude": 6.758230787510276, 
    "outsideTemperature": 18.5, 
    "speed": 4.3973125, 
    "yawRate": -0.3132545655721763
}