{
    "gpsHeading": 60, 
    "gpsLatitude": 51.436987540407365, 
    "gpsLongitude": 6.765965188664992, 
    "outsideTemperature": 18.5, 
    "speed": 12.13625, 
    "yawRate": -0.01127215107642699
}