{
    "gpsHeading": 184, 
    "gpsLatitude": 51.42812786875138, 
    "gpsLongitude": 6.755936576792233, 
    "outsideTemperature": 17.0, 
    "speed": 14.488687500000001, 
    "yawRate": -0.03367930991696772
}