{
    "gpsHeading": 89, 
    "gpsLatitude": 51.41872421157936, 
    "gpsLongitude": 6.752738545454839, 
    "outsideTemperature": 17.5, 
    "speed": 8.985812500000002, 
    "yawRate": 0.018925617214755074
}