{
    "gpsHeading": 13, 
    "gpsLatitude": 51.43140427088347, 
    "gpsLongitude": 6.773124926538037, 
    "outsideTemperature": 19.5, 
    "speed": 10.756375, 
    "yawRate": -0.02708529982570914
}