{
    "gpsHeading": 76, 
    "gpsLatitude": 51.43312172284403, 
    "gpsLongitude": 6.791803830125464, 
    "outsideTemperature": 22.5, 
    "speed": 13.840312500000001, 
    "yawRate": -0.01498028658391397
}