{
    "gpsHeading": 0, 
    "gpsLatitude": 51.43217423250911, 
    "gpsLongitude": 6.77828490995162, 
    "outsideTemperature": 20.0, 
    "speed": 7.140437500000001, 
    "yawRate": -0.017446027526194972
}