{
    "gpsHeading": 112, 
    "gpsLatitude": 51.42832341855245, 
    "gpsLongitude": 6.785786042740974, 
    "outsideTemperature": 21.5, 
    "speed": 3.6408750000000003, 
    "yawRate": 0.546020892388534
}