{
    "gpsHeading": 0, 
    "gpsLatitude": 51.42006397498284, 
    "gpsLongitude": 6.764844612029526, 
    "outsideTemperature": 17.0, 
    "speed": 13.4911875, 
    "yawRate": -0.0036078461061232834
}