{
    "gpsHeading": 0, 
    "gpsLatitude": 51.43102649850737, 
    "gpsLongitude": 6.799342430022027, 
    "outsideTemperature": 18.5, 
    "speed": 11.8785625, 
    "yawRate": -0.0015247403043256221
}