{
    "gpsHeading": 187, 
    "gpsLatitude": 51.42762788822701, 
    "gpsLongitude": 6.7558173861291, 
    "outsideTemperature": 17.0, 
    "speed": 11.546062500000001, 
    "yawRate": 0.009255789682092695
}