{
    "gpsHeading": 164, 
    "gpsLatitude": 51.426173963302254, 
    "gpsLongitude": 6.755113557719488, 
    "outsideTemperature": 17.0, 
    "speed": 10.290875, 
    "yawRate": -0.02530172950739476
}