{
    "gpsHeading": 141, 
    "gpsLatitude": 51.43294067373544, 
    "gpsLongitude": 6.776025484131773, 
    "outsideTemperature": 21.0, 
    "speed": 12.950875, 
    "yawRate": 0.016789952159601017
}