{
    "gpsHeading": 78, 
    "gpsLatitude": 51.43758927723629, 
    "gpsLongitude": 6.777188221740192, 
    "outsideTemperature": 18.0, 
    "speed": 12.93425, 
    "yawRate": 0.0072578400244915475
}