{
    "gpsHeading": 89, 
    "gpsLatitude": 51.43328232010885, 
    "gpsLongitude": 6.7949571020999215, 
    "outsideTemperature": 21.5, 
    "speed": 12.5269375, 
    "yawRate": -0.003095536631120056
}