{
    "gpsHeading": 225, 
    "gpsLatitude": 51.43419259479366, 
    "gpsLongitude": 6.77705603912711, 
    "outsideTemperature": 20.0, 
    "speed": 11.97, 
    "yawRate": 0.028810831441579643
}