{
    "gpsHeading": 125, 
    "gpsLatitude": 51.42876615067816, 
    "gpsLongitude": 6.76466188654032, 
    "outsideTemperature": 19.0, 
    "speed": 3.5743750000000003, 
    "yawRate": -0.029518557871184983
}