{
    "gpsHeading": 10, 
    "gpsLatitude": 51.423541710429184, 
    "gpsLongitude": 6.766292418164942, 
    "outsideTemperature": 17.5, 
    "speed": 12.360687500000001, 
    "yawRate": -0.008669300936906118
}