{
    "gpsHeading": 278, 
    "gpsLatitude": 51.43417566334925, 
    "gpsLongitude": 6.7711079891770405, 
    "outsideTemperature": 19.5, 
    "speed": 2.6516875000000004, 
    "yawRate": 0.19915234095606002
}