{
    "gpsHeading": 291, 
    "gpsLatitude": 51.43531644037135, 
    "gpsLongitude": 6.766203486172259, 
    "outsideTemperature": 19.0, 
    "speed": 6.4920625, 
    "yawRate": 0.08884753223002037
}