{
    "gpsHeading": 186, 
    "gpsLatitude": 51.4277445643192, 
    "gpsLongitude": 6.7558554399694986, 
    "outsideTemperature": 17.0, 
    "speed": 12.950875, 
    "yawRate": -0.06771323033085637
}