{
    "gpsHeading": 0, 
    "gpsLatitude": 51.43328340975627, 
    "gpsLongitude": 6.761577932905124, 
    "outsideTemperature": 23.0, 
    "speed": 13.690687500000001, 
    "yawRate": -0.004852022394984399
}