{
    "gpsHeading": 35, 
    "gpsLatitude": 51.42977675674397, 
    "gpsLongitude": 6.7874874014474615, 
    "outsideTemperature": 19.0, 
    "speed": 11.9949375, 
    "yawRate": -0.0020124927376768136
}