{
    "gpsHeading": 86, 
    "gpsLatitude": 51.433236722555584, 
    "gpsLongitude": 6.795486335466371, 
    "outsideTemperature": 20.5, 
    "speed": 10.282562500000001, 
    "yawRate": -0.028926409560636017
}