{
    "gpsHeading": 14, 
    "gpsLatitude": 51.43284176727798, 
    "gpsLongitude": 6.775423495845728, 
    "outsideTemperature": 20.5, 
    "speed": 0.0, 
    "yawRate": -7.00453894244028e-06
}