{
    "gpsHeading": 67, 
    "gpsLatitude": 51.43757259724899, 
    "gpsLongitude": 6.772707423940897, 
    "outsideTemperature": 18.0, 
    "speed": 12.8345, 
    "yawRate": 0.015809953359263777
}