{
    "gpsHeading": 171, 
    "gpsLatitude": 51.42862122757227, 
    "gpsLongitude": 6.764637662840154, 
    "outsideTemperature": 20.0, 
    "speed": 3.8819375000000003, 
    "yawRate": -0.09095414754138402
}