{
    "gpsHeading": 85, 
    "gpsLatitude": 51.41864843917465, 
    "gpsLongitude": 6.755434668430123, 
    "outsideTemperature": 17.0, 
    "speed": 10.540250000000002, 
    "yawRate": 0.009500839253985496
}