{
    "gpsHeading": 0, 
    "gpsLatitude": 51.42781731923874, 
    "gpsLongitude": 6.764654342827465, 
    "outsideTemperature": 17.5, 
    "speed": 11.438, 
    "yawRate": -0.05090626883516845
}