{
    "gpsHeading": 74, 
    "gpsLatitude": 51.43764199940726, 
    "gpsLongitude": 6.778367387878861, 
    "outsideTemperature": 18.0, 
    "speed": 13.499500000000001, 
    "yawRate": -0.019445697531020767
}