{
    "gpsHeading": 14, 
    "gpsLatitude": 51.42998622050432, 
    "gpsLongitude": 6.76055299378491, 
    "outsideTemperature": 21.0, 
    "speed": 4.68825, 
    "yawRate": 0.47418346425437025
}