{
    "gpsHeading": 123, 
    "gpsLatitude": 51.43495316868775, 
    "gpsLongitude": 6.760440173368155, 
    "outsideTemperature": 16.5, 
    "speed": 13.2750625, 
    "yawRate": 0.042632724418254726
}