{
    "gpsHeading": 51, 
    "gpsLatitude": 51.42963594077064, 
    "gpsLongitude": 6.762140190970102, 
    "outsideTemperature": 22.0, 
    "speed": 4.8461875, 
    "yawRate": -0.011541666575643175
}