{
    "gpsHeading": 91, 
    "gpsLatitude": 51.427253971526355, 
    "gpsLongitude": 6.766214382646382, 
    "outsideTemperature": 19.0, 
    "speed": 9.9085, 
    "yawRate": -0.0012653932811658188
}