{
    "gpsHeading": 351, 
    "gpsLatitude": 51.43170065497973, 
    "gpsLongitude": 6.756204630055758, 
    "outsideTemperature": 23.0, 
    "speed": 13.53275, 
    "yawRate": 0.13669131559195377
}