{
    "gpsHeading": 141, 
    "gpsLatitude": 51.44042705437523, 
    "gpsLongitude": 6.752727146066525, 
    "outsideTemperature": 15.5, 
    "speed": 12.4770625, 
    "yawRate": -0.00030237518080569015
}