{
    "gpsHeading": 17, 
    "gpsLatitude": 51.4317372838966, 
    "gpsLongitude": 6.7733996015050995, 
    "outsideTemperature": 19.0, 
    "speed": 9.1188125, 
    "yawRate": -0.3745803538977747
}