{
    "gpsHeading": 52, 
    "gpsLatitude": 51.43356504170295, 
    "gpsLongitude": 6.7617501810153975, 
    "outsideTemperature": 18.0, 
    "speed": 0.0, 
    "yawRate": 0.0001516579762179354
}