{
    "gpsHeading": 0, 
    "gpsLatitude": 51.43134844740832, 
    "gpsLongitude": 6.799386602651775, 
    "outsideTemperature": 18.5, 
    "speed": 11.903500000000001, 
    "yawRate": -0.0076333926863060685
}