{
    "gpsHeading": 123, 
    "gpsLatitude": 51.42901425501214, 
    "gpsLongitude": 6.763927128908005, 
    "outsideTemperature": 19.0, 
    "speed": 2.0698125000000003, 
    "yawRate": 0.07921545452806023
}