{
    "gpsHeading": 80, 
    "gpsLatitude": 51.43771643070745, 
    "gpsLongitude": 6.779656273130079, 
    "outsideTemperature": 17.5, 
    "speed": 9.9168125, 
    "yawRate": 0.01703168383565967
}