{
    "gpsHeading": 3, 
    "gpsLatitude": 51.430749811883565, 
    "gpsLongitude": 6.7654415711736675, 
    "outsideTemperature": 17.0, 
    "speed": 5.7688749999999995, 
    "yawRate": -0.06731236380391484
}