{
    "gpsHeading": 242, 
    "gpsLatitude": 51.43206174736851, 
    "gpsLongitude": 6.760073800380395, 
    "outsideTemperature": 21.5, 
    "speed": 7.5061875, 
    "yawRate": -0.03413829754522101
}