{
    "gpsHeading": 328, 
    "gpsLatitude": 51.42321674404309, 
    "gpsLongitude": 6.766434659061829, 
    "outsideTemperature": 17.5, 
    "speed": 12.576812499999999, 
    "yawRate": 0.0012790757994612725
}