{
    "gpsHeading": 82, 
    "gpsLatitude": 51.43759900024397, 
    "gpsLongitude": 6.7775607135173015, 
    "outsideTemperature": 18.0, 
    "speed": 13.699000000000002, 
    "yawRate": -0.00024707575908406105
}