{
    "gpsHeading": 57, 
    "gpsLatitude": 51.43607567316094, 
    "gpsLongitude": 6.763171332698695, 
    "outsideTemperature": 19.5, 
    "speed": 9.642500000000002, 
    "yawRate": -0.040070083734332546
}