{
    "gpsHeading": 29, 
    "gpsLatitude": 51.42857705494253, 
    "gpsLongitude": 6.7860799122663, 
    "outsideTemperature": 20.5, 
    "speed": 10.0830625, 
    "yawRate": 0.005666955971099059
}