{
    "gpsHeading": 202, 
    "gpsLatitude": 51.42226925370819, 
    "gpsLongitude": 6.7513793360359795, 
    "outsideTemperature": 17.5, 
    "speed": 5.3283125, 
    "yawRate": -0.02889640428988891
}