{
    "gpsHeading": 137, 
    "gpsLatitude": 51.42946176482265, 
    "gpsLongitude": 6.7832038298298585, 
    "outsideTemperature": 17.5, 
    "speed": 10.7065, 
    "yawRate": 0.012573635608106473
}