{
    "gpsHeading": 200, 
    "gpsLatitude": 51.423021194242025, 
    "gpsLongitude": 6.754491285227768, 
    "outsideTemperature": 17.0, 
    "speed": 6.41725, 
    "yawRate": 0.01962374891555216
}