{
    "gpsHeading": 88, 
    "gpsLatitude": 51.43757536327703, 
    "gpsLongitude": 6.776826291161113, 
    "outsideTemperature": 18.0, 
    "speed": 12.285875, 
    "yawRate": 0.048447610371557266
}