{
    "gpsHeading": 80, 
    "gpsLatitude": 51.43761811098322, 
    "gpsLongitude": 6.77795910537521, 
    "outsideTemperature": 18.0, 
    "speed": 13.931750000000001, 
    "yawRate": 0.010399432678081407
}