{
    "gpsHeading": 186, 
    "gpsLatitude": 51.43006978807898, 
    "gpsLongitude": 6.799192980688413, 
    "outsideTemperature": 18.0, 
    "speed": 11.4629375, 
    "yawRate": -0.08128628712046503
}