{
    "gpsHeading": 135, 
    "gpsLatitude": 51.44085981203616, 
    "gpsLongitude": 6.752208557717105, 
    "outsideTemperature": 16.0, 
    "speed": 11.8785625, 
    "yawRate": -0.044808271106659546
}