{
    "gpsHeading": 0, 
    "gpsLatitude": 51.42026036297424, 
    "gpsLongitude": 6.7657523721434005, 
    "outsideTemperature": 17.0, 
    "speed": 12.352375, 
    "yawRate": 0.0026753392010564346
}