{
    "gpsHeading": 168, 
    "gpsLatitude": 51.43499952061232, 
    "gpsLongitude": 6.769096583872138, 
    "outsideTemperature": 18.0, 
    "speed": 3.9983125, 
    "yawRate": -0.042401227519950666
}