{
    "gpsHeading": 79, 
    "gpsLatitude": 51.41863511194862, 
    "gpsLongitude": 6.755174326517515, 
    "outsideTemperature": 17.0, 
    "speed": 8.7530625, 
    "yawRate": -0.0014947350335785148
}