{
    "gpsHeading": 189, 
    "gpsLatitude": 51.429869209136, 
    "gpsLongitude": 6.799105725076363, 
    "outsideTemperature": 18.0, 
    "speed": 10.814562500000001, 
    "yawRate": -0.03835118752140559
}