{
    "gpsHeading": 106, 
    "gpsLatitude": 51.432053114008234, 
    "gpsLongitude": 6.7787024125487605, 
    "outsideTemperature": 20.0, 
    "speed": 10.1994375, 
    "yawRate": 0.11048660664498694
}