{
    "gpsHeading": 239, 
    "gpsLatitude": 51.43230507401767, 
    "gpsLongitude": 6.764771605652868, 
    "outsideTemperature": 20.0, 
    "speed": 7.2318750000000005, 
    "yawRate": 0.013890494377482781
}