{
    "gpsHeading": 188, 
    "gpsLatitude": 51.42799400975768, 
    "gpsLongitude": 6.76449072807749, 
    "outsideTemperature": 19.5, 
    "speed": 3.9816875, 
    "yawRate": 0.01969972703505416
}