{
    "gpsHeading": 0, 
    "gpsLatitude": 51.43038369035286, 
    "gpsLongitude": 6.771263808757066, 
    "outsideTemperature": 17.5, 
    "speed": 8.329125, 
    "yawRate": -0.032506786891863156
}