{
    "gpsHeading": 128, 
    "gpsLatitude": 51.43540143286956, 
    "gpsLongitude": 6.759298558155728, 
    "outsideTemperature": 18.0, 
    "speed": 12.236, 
    "yawRate": -0.01113807205196292
}