{
    "gpsHeading": 355, 
    "gpsLatitude": 51.43499365328008, 
    "gpsLongitude": 6.7701890811319805, 
    "outsideTemperature": 19.5, 
    "speed": 7.265125, 
    "yawRate": -0.002433187649281834
}