{
    "gpsHeading": 38, 
    "gpsLatitude": 51.43215621141729, 
    "gpsLongitude": 6.76469465978172, 
    "outsideTemperature": 19.0, 
    "speed": 8.013250000000001, 
    "yawRate": 0.020871811385459585
}