{
    "gpsHeading": 348, 
    "gpsLatitude": 51.4276081069355, 
    "gpsLongitude": 6.7646560192081, 
    "outsideTemperature": 17.5, 
    "speed": 11.662437500000001, 
    "yawRate": -0.06120371142193538
}