{
    "gpsHeading": 346, 
    "gpsLatitude": 51.427651189917825, 
    "gpsLongitude": 6.768018252028691, 
    "outsideTemperature": 18.5, 
    "speed": 7.464625, 
    "yawRate": -0.043676894104627426
}