{
    "gpsHeading": 120, 
    "gpsLatitude": 51.43074704585552, 
    "gpsLongitude": 6.782481309776173, 
    "outsideTemperature": 18.0, 
    "speed": 4.5303125, 
    "yawRate": -0.1541053079573494
}