{
    "gpsHeading": 142, 
    "gpsLatitude": 51.4326567786749, 
    "gpsLongitude": 6.79957854823447, 
    "outsideTemperature": 20.0, 
    "speed": 12.1778125, 
    "yawRate": 0.0003951218728683462
}