{
    "gpsHeading": 181, 
    "gpsLatitude": 51.428899506757666, 
    "gpsLongitude": 6.756048810475766, 
    "outsideTemperature": 17.0, 
    "speed": 14.3723125, 
    "yawRate": 5.54464652239e-06
}