{
    "gpsHeading": 6, 
    "gpsLatitude": 51.428166509325024, 
    "gpsLongitude": 6.767923285065723, 
    "outsideTemperature": 18.5, 
    "speed": 11.5959375, 
    "yawRate": -0.05065821111260423
}