{
    "gpsHeading": 153, 
    "gpsLatitude": 51.41926065338255, 
    "gpsLongitude": 6.75190211533702, 
    "outsideTemperature": 16.5, 
    "speed": 5.6275625, 
    "yawRate": -0.1824853784653875
}