{
    "gpsHeading": 82, 
    "gpsLatitude": 51.42995260907259, 
    "gpsLongitude": 6.760815431173311, 
    "outsideTemperature": 21.0, 
    "speed": 5.2784375, 
    "yawRate": -0.02602789936719658
}