{
    "gpsHeading": 171, 
    "gpsLatitude": 51.4377017623769, 
    "gpsLongitude": 6.769423561914993, 
    "outsideTemperature": 18.5, 
    "speed": 1.69575, 
    "yawRate": -0.002865069637075114
}