{
    "gpsHeading": 81, 
    "gpsLatitude": 51.433209229913174, 
    "gpsLongitude": 6.792779316016999, 
    "outsideTemperature": 21.0, 
    "speed": 10.6649375, 
    "yawRate": -0.019692675564299256
}