{
    "gpsHeading": 158, 
    "gpsLatitude": 51.4250584158087, 
    "gpsLongitude": 6.754973831393553, 
    "outsideTemperature": 17.0, 
    "speed": 7.4563125, 
    "yawRate": -0.03908983059815009
}