{
    "gpsHeading": 335, 
    "gpsLatitude": 51.431808949168754, 
    "gpsLongitude": 6.756116871529519, 
    "outsideTemperature": 22.5, 
    "speed": 13.848625, 
    "yawRate": 0.0614676248309994
}