{
    "gpsHeading": 248, 
    "gpsLatitude": 51.43188203936444, 
    "gpsLongitude": 6.759460747982163, 
    "outsideTemperature": 21.0, 
    "speed": 9.8669375, 
    "yawRate": -0.04216681210439543
}