{
    "gpsHeading": 342, 
    "gpsLatitude": 51.42441954714871, 
    "gpsLongitude": 6.765902156753109, 
    "outsideTemperature": 17.5, 
    "speed": 11.9949375, 
    "yawRate": -0.0030842473305244776
}