{
    "gpsHeading": 101, 
    "gpsLatitude": 51.42703143199707, 
    "gpsLongitude": 6.7679832156734, 
    "outsideTemperature": 19.0, 
    "speed": 6.001625000000001, 
    "yawRate": -0.06270098295136486
}