{
    "gpsHeading": 212, 
    "gpsLatitude": 51.43277094019614, 
    "gpsLongitude": 6.7611385535407065, 
    "outsideTemperature": 22.0, 
    "speed": 10.906, 
    "yawRate": -0.06419321696279119
}