{
    "gpsHeading": 19, 
    "gpsLatitude": 51.42922539515313, 
    "gpsLongitude": 6.768414380772742, 
    "outsideTemperature": 18.0, 
    "speed": 10.440500000000002, 
    "yawRate": 0.009032049305601107
}