{
    "gpsHeading": 284, 
    "gpsLatitude": 51.43483783370007, 
    "gpsLongitude": 6.768411614744696, 
    "outsideTemperature": 20.0, 
    "speed": 10.847812500000002, 
    "yawRate": -0.009065438806860095
}