{
    "gpsHeading": 0, 
    "gpsLatitude": 51.42802510661847, 
    "gpsLongitude": 6.764666831863191, 
    "outsideTemperature": 17.5, 
    "speed": 11.579312500000002, 
    "yawRate": -0.028391521484441632
}