{
    "gpsHeading": 120, 
    "gpsLatitude": 51.44179732790627, 
    "gpsLongitude": 6.750309637552798, 
    "outsideTemperature": 16.0, 
    "speed": 11.554375, 
    "yawRate": -0.007981823889580571
}