{
    "gpsHeading": 45, 
    "gpsLatitude": 51.43371423957947, 
    "gpsLongitude": 6.754789345704681, 
    "outsideTemperature": 20.0, 
    "speed": 10.2991875, 
    "yawRate": 0.00753695094437597
}