{
    "gpsHeading": 285, 
    "gpsLatitude": 51.434890639690074, 
    "gpsLongitude": 6.768112380801339, 
    "outsideTemperature": 20.0, 
    "speed": 10.3158125, 
    "yawRate": 0.005246261059493047
}