{
    "gpsHeading": 179, 
    "gpsLatitude": 51.42469732341993, 
    "gpsLongitude": 6.75490493214945, 
    "outsideTemperature": 16.5, 
    "speed": 7.830375000000001, 
    "yawRate": -0.006975772361454414
}