{
    "gpsHeading": 195, 
    "gpsLatitude": 51.43027095375518, 
    "gpsLongitude": 6.7717851631345685, 
    "outsideTemperature": 21.5, 
    "speed": 2.8428750000000003, 
    "yawRate": 0.01323180589535923
}