{
    "gpsHeading": 209, 
    "gpsLatitude": 51.436280107779396, 
    "gpsLongitude": 6.779332396391397, 
    "outsideTemperature": 17.5, 
    "speed": 9.684062500000001, 
    "yawRate": -7.254283388478944e-05
}