{
    "gpsHeading": 11, 
    "gpsLatitude": 51.43223868934454, 
    "gpsLongitude": 6.775129039587179, 
    "outsideTemperature": 18.0, 
    "speed": 10.507000000000001, 
    "yawRate": -0.007188546352974357
}