{
    "gpsHeading": 41, 
    "gpsLatitude": 51.42960450863373, 
    "gpsLongitude": 6.787283218286103, 
    "outsideTemperature": 19.0, 
    "speed": 11.928437500000001, 
    "yawRate": -0.0013143610368787366
}