{
    "gpsHeading": 299, 
    "gpsLatitude": 51.43367811357678, 
    "gpsLongitude": 6.772743549943598, 
    "outsideTemperature": 20.0, 
    "speed": 8.7198125, 
    "yawRate": -0.03629257513797121
}