{
    "gpsHeading": 83, 
    "gpsLatitude": 51.432082869764514, 
    "gpsLongitude": 6.780458002168768, 
    "outsideTemperature": 19.0, 
    "speed": 10.1163125, 
    "yawRate": -0.0015635313330473978
}