{
    "gpsHeading": 325, 
    "gpsLatitude": 51.43199955364695, 
    "gpsLongitude": 6.755870192119081, 
    "outsideTemperature": 22.0, 
    "speed": 13.316625, 
    "yawRate": 0.03633488360228152
}