{
    "gpsHeading": 0, 
    "gpsLatitude": 51.43171699969093, 
    "gpsLongitude": 6.789574327699972, 
    "outsideTemperature": 18.0, 
    "speed": 9.659125, 
    "yawRate": -0.008121145119656269
}