{
    "gpsHeading": 217, 
    "gpsLatitude": 51.43457698887327, 
    "gpsLongitude": 6.77776850089699, 
    "outsideTemperature": 20.5, 
    "speed": 9.725625, 
    "yawRate": -0.0448420629925803
}