{
    "gpsHeading": 74, 
    "gpsLatitude": 51.41867702146449, 
    "gpsLongitude": 6.755905228474372, 
    "outsideTemperature": 17.0, 
    "speed": 10.856125, 
    "yawRate": 0.0035667197972053125
}