{
    "gpsHeading": 187, 
    "gpsLatitude": 51.43413869915625, 
    "gpsLongitude": 6.762146561216546, 
    "outsideTemperature": 17.5, 
    "speed": 11.720625000000002, 
    "yawRate": 0.0680558584300949
}