{
    "gpsHeading": 102, 
    "gpsLatitude": 51.42728900788163, 
    "gpsLongitude": 6.765923782063325, 
    "outsideTemperature": 19.5, 
    "speed": 10.1828125, 
    "yawRate": 0.0020507322976233114
}