{
    "gpsHeading": 206, 
    "gpsLatitude": 51.43724452955872, 
    "gpsLongitude": 6.780148793760636, 
    "outsideTemperature": 17.5, 
    "speed": 9.1105, 
    "yawRate": 0.0037671815205031467
}