{
    "gpsHeading": 113, 
    "gpsLatitude": 51.441421734825006, 
    "gpsLongitude": 6.751322674370541, 
    "outsideTemperature": 16.0, 
    "speed": 10.1329375, 
    "yawRate": -0.01007621899197381
}