{
    "gpsHeading": 102, 
    "gpsLatitude": 51.41875589517336, 
    "gpsLongitude": 6.752469318724871, 
    "outsideTemperature": 17.5, 
    "speed": 9.40975, 
    "yawRate": -0.006207124013962807
}