{
    "gpsHeading": 262, 
    "gpsLatitude": 51.43059256738, 
    "gpsLongitude": 6.782269331444865, 
    "outsideTemperature": 17.5, 
    "speed": 5.7938125000000005, 
    "yawRate": 0.03648464636042846
}