{
    "gpsHeading": 0, 
    "gpsLatitude": 51.43167173741379, 
    "gpsLongitude": 6.799429601815044, 
    "outsideTemperature": 19.0, 
    "speed": 11.8785625, 
    "yawRate": 0.001442319424064966
}