{
    "gpsHeading": 357, 
    "gpsLatitude": 51.433424225729595, 
    "gpsLongitude": 6.754189955808619, 
    "outsideTemperature": 20.5, 
    "speed": 6.4920625, 
    "yawRate": -0.09247041519489774
}