{
    "gpsHeading": 142, 
    "gpsLatitude": 51.43966731867145, 
    "gpsLongitude": 6.753647730492253, 
    "outsideTemperature": 16.0, 
    "speed": 13.33325, 
    "yawRate": 0.0016174869963882779
}