{
    "gpsHeading": 49, 
    "gpsLatitude": 51.43740755757546, 
    "gpsLongitude": 6.767322721703217, 
    "outsideTemperature": 18.0, 
    "speed": 7.182, 
    "yawRate": -0.007606959647238325
}