{
    "gpsHeading": 321, 
    "gpsLatitude": 51.43284956244793, 
    "gpsLongitude": 6.754684320457908, 
    "outsideTemperature": 20.5, 
    "speed": 7.680750000000001, 
    "yawRate": -0.002236892866792149
}