{
    "gpsHeading": 223, 
    "gpsLatitude": 51.42013924447336, 
    "gpsLongitude": 6.752222136400242, 
    "outsideTemperature": 16.5, 
    "speed": 3.873625, 
    "yawRate": -0.11843179491719642
}