{
    "gpsHeading": 130, 
    "gpsLatitude": 51.428561716059725, 
    "gpsLongitude": 6.78523962647299, 
    "outsideTemperature": 17.0, 
    "speed": 3.7988125, 
    "yawRate": -0.025300009160170115
}