{
    "gpsHeading": 80, 
    "gpsLatitude": 51.437555330528426, 
    "gpsLongitude": 6.773269598186844, 
    "outsideTemperature": 18.0, 
    "speed": 15.1536875, 
    "yawRate": -0.006006662290664973
}