{
    "gpsHeading": 293, 
    "gpsLatitude": 51.43407482905406, 
    "gpsLongitude": 6.771383250877326, 
    "outsideTemperature": 19.5, 
    "speed": 4.7796875, 
    "yawRate": -0.047637215275933766
}