{
    "gpsHeading": 141, 
    "gpsLatitude": 51.43938032230674, 
    "gpsLongitude": 6.753998010225924, 
    "outsideTemperature": 16.0, 
    "speed": 13.4911875, 
    "yawRate": 0.0009193552955902009
}