{
    "gpsHeading": 193, 
    "gpsLatitude": 51.43063565036232, 
    "gpsLongitude": 6.760865219678182, 
    "outsideTemperature": 22.0, 
    "speed": 3.7821875, 
    "yawRate": -0.0642506099858717
}