{
    "gpsHeading": 132, 
    "gpsLatitude": 51.42890059640508, 
    "gpsLongitude": 6.79967326374034, 
    "outsideTemperature": 18.0, 
    "speed": 10.7646875, 
    "yawRate": -0.005189931733513295
}