{
    "gpsHeading": 100, 
    "gpsLatitude": 51.431663439329625, 
    "gpsLongitude": 6.774046013877954, 
    "outsideTemperature": 18.5, 
    "speed": 9.027375000000001, 
    "yawRate": 0.02300564970652735
}