{
    "gpsHeading": 96, 
    "gpsLatitude": 51.431474008317885, 
    "gpsLongitude": 6.764425181594656, 
    "outsideTemperature": 20.5, 
    "speed": 6.6084375, 
    "yawRate": -0.08698953638778828
}