{
    "gpsHeading": 74, 
    "gpsLatitude": 51.43173761917272, 
    "gpsLongitude": 6.7748532749727355, 
    "outsideTemperature": 18.5, 
    "speed": 8.669937500000001, 
    "yawRate": 0.21726079545349286
}