{
    "gpsHeading": 122, 
    "gpsLatitude": 51.43323756074591, 
    "gpsLongitude": 6.79674848244647, 
    "outsideTemperature": 21.5, 
    "speed": 10.2326875, 
    "yawRate": -0.0318934692890266
}