{
    "gpsHeading": 107, 
    "gpsLatitude": 51.42983844755134, 
    "gpsLongitude": 6.761550440262721, 
    "outsideTemperature": 20.5, 
    "speed": 1.9700625, 
    "yawRate": -0.10247332060454684
}