{
    "gpsHeading": 198, 
    "gpsLatitude": 51.422116451613306, 
    "gpsLongitude": 6.75124078317652, 
    "outsideTemperature": 17.5, 
    "speed": 3.0756250000000005, 
    "yawRate": 0.027128664699127766
}