{
    "gpsHeading": 219, 
    "gpsLatitude": 51.43108592620088, 
    "gpsLongitude": 6.757531066233217, 
    "outsideTemperature": 19.5, 
    "speed": 9.975, 
    "yawRate": 0.01717438246341137
}