{
    "gpsHeading": 343, 
    "gpsLatitude": 51.42493344163237, 
    "gpsLongitude": 6.765672995520332, 
    "outsideTemperature": 17.5, 
    "speed": 10.989125000000001, 
    "yawRate": -0.0036078461061232834
}