{
    "gpsHeading": 203, 
    "gpsLatitude": 51.43520730799202, 
    "gpsLongitude": 6.764562980082863, 
    "outsideTemperature": 19.0, 
    "speed": 11.2468125, 
    "yawRate": -0.005225714452472158
}