{
    "gpsHeading": 4, 
    "gpsLatitude": 51.42073561688426, 
    "gpsLongitude": 6.767532688377764, 
    "outsideTemperature": 18.5, 
    "speed": 8.096375, 
    "yawRate": 0.1819206533808707
}