{
    "gpsHeading": 204, 
    "gpsLatitude": 51.435469829199455, 
    "gpsLongitude": 6.77863410003788, 
    "outsideTemperature": 17.5, 
    "speed": 8.162875000000001, 
    "yawRate": 0.0041162473709016895
}