{
    "gpsHeading": 175, 
    "gpsLatitude": 51.435155340192324, 
    "gpsLongitude": 6.76908686086446, 
    "outsideTemperature": 18.5, 
    "speed": 4.571875, 
    "yawRate": 0.19653434707806897
}