{
    "gpsHeading": 122, 
    "gpsLatitude": 51.435644005147445, 
    "gpsLongitude": 6.758671843255327, 
    "outsideTemperature": 16.5, 
    "speed": 11.8453125, 
    "yawRate": 0.009995067405961235
}