{
    "gpsHeading": 116, 
    "gpsLatitude": 51.434823165369515, 
    "gpsLongitude": 6.760824399809705, 
    "outsideTemperature": 18.0, 
    "speed": 11.579312500000002, 
    "yawRate": -0.005902084295979822
}