{
    "gpsHeading": 308, 
    "gpsLatitude": 51.435118962732574, 
    "gpsLongitude": 6.762442693855696, 
    "outsideTemperature": 18.0, 
    "speed": 3.5161875, 
    "yawRate": 0.7073699634356069
}