{
    "gpsHeading": 86, 
    "gpsLatitude": 51.43751425920288, 
    "gpsLongitude": 6.77546548918065, 
    "outsideTemperature": 18.0, 
    "speed": 13.8070625, 
    "yawRate": 0.06241024438751186
}