{
    "gpsHeading": 126, 
    "gpsLatitude": 51.42885592086116, 
    "gpsLongitude": 6.764396599304841, 
    "outsideTemperature": 19.5, 
    "speed": 5.3698749999999995, 
    "yawRate": -0.0005460922880791629
}