{
    "gpsHeading": 0, 
    "gpsLatitude": 51.43683063117992, 
    "gpsLongitude": 6.757080455118516, 
    "outsideTemperature": 16.5, 
    "speed": 13.158687500000001, 
    "yawRate": 0.00406094794918006
}