{
    "gpsHeading": 322, 
    "gpsLatitude": 51.43571315584863, 
    "gpsLongitude": 6.762621312212348, 
    "outsideTemperature": 19.5, 
    "speed": 7.281750000000001, 
    "yawRate": -0.10150567340453258
}