{
    "gpsHeading": 340, 
    "gpsLatitude": 51.42098648724629, 
    "gpsLongitude": 6.767421292884548, 
    "outsideTemperature": 18.5, 
    "speed": 12.601750000000001, 
    "yawRate": -0.008145702161308305
}