{
    "gpsHeading": 304, 
    "gpsLatitude": 51.42784204585312, 
    "gpsLongitude": 6.767895457147161, 
    "outsideTemperature": 18.5, 
    "speed": 7.98, 
    "yawRate": -0.14420785901949895
}