{
    "gpsHeading": 79, 
    "gpsLatitude": 51.43765339879558, 
    "gpsLongitude": 6.778565200793777, 
    "outsideTemperature": 18.0, 
    "speed": 13.183625000000001, 
    "yawRate": -0.022587290184610625
}