{
    "gpsHeading": 0, 
    "gpsLatitude": 51.43167198887088, 
    "gpsLongitude": 6.761970708887908, 
    "outsideTemperature": 20.5, 
    "speed": 6.741437500000001, 
    "yawRate": -0.03715673922996844
}