{
    "gpsHeading": 346, 
    "gpsLatitude": 51.427414484972154, 
    "gpsLongitude": 6.764682170745995, 
    "outsideTemperature": 17.5, 
    "speed": 10.955875, 
    "yawRate": -0.04759014325637932
}