{
    "gpsHeading": 69, 
    "gpsLatitude": 51.43624532288122, 
    "gpsLongitude": 6.763686568286881, 
    "outsideTemperature": 19.5, 
    "speed": 11.2468125, 
    "yawRate": -0.004639899918848729
}