{
    "gpsHeading": 119, 
    "gpsLatitude": 51.43467011181754, 
    "gpsLongitude": 6.761258498575124, 
    "outsideTemperature": 17.5, 
    "speed": 10.5319375, 
    "yawRate": 0.01399466917675496
}