{
    "gpsHeading": 282, 
    "gpsLatitude": 51.43372865645293, 
    "gpsLongitude": 6.772505168617301, 
    "outsideTemperature": 20.0, 
    "speed": 7.838687500000001, 
    "yawRate": -0.03768883853956637
}