{
    "gpsHeading": 192, 
    "gpsLatitude": 51.43117728894548, 
    "gpsLongitude": 6.761179876323375, 
    "outsideTemperature": 24.5, 
    "speed": 6.234375, 
    "yawRate": -0.001942355689675317
}