{
    "gpsHeading": 106, 
    "gpsLatitude": 51.431625888403396, 
    "gpsLongitude": 6.774296297506756, 
    "outsideTemperature": 18.5, 
    "speed": 8.254312500000001, 
    "yawRate": 0.1654245166692617
}