{
    "gpsHeading": 211, 
    "gpsLatitude": 51.436806742755884, 
    "gpsLongitude": 6.779780995849304, 
    "outsideTemperature": 17.5, 
    "speed": 8.844500000000002, 
    "yawRate": 0.0028945168945057986
}