{
    "gpsHeading": 173, 
    "gpsLatitude": 51.424282586850815, 
    "gpsLongitude": 6.754830752306349, 
    "outsideTemperature": 18.0, 
    "speed": 7.597625, 
    "yawRate": 0.0164821562619623
}