{
    "gpsHeading": 132, 
    "gpsLatitude": 51.441022588595814, 
    "gpsLongitude": 6.752013762287298, 
    "outsideTemperature": 16.0, 
    "speed": 11.088875, 
    "yawRate": -0.04707719913425305
}