{
    "gpsHeading": 141, 
    "gpsLatitude": 51.439283678963115, 
    "gpsLongitude": 6.754118206717437, 
    "outsideTemperature": 16.0, 
    "speed": 13.665750000000001, 
    "yawRate": 0.0016174869963882779
}