{
    "gpsHeading": 16, 
    "gpsLatitude": 51.43481537019956, 
    "gpsLongitude": 6.770111297070516, 
    "outsideTemperature": 19.5, 
    "speed": 6.350750000000001, 
    "yawRate": 0.0014065367051061027
}