{
    "gpsHeading": 229, 
    "gpsLatitude": 51.43411699002703, 
    "gpsLongitude": 6.776931316407885, 
    "outsideTemperature": 19.5, 
    "speed": 12.2276875, 
    "yawRate": 0.03614121429995598
}