{
    "gpsHeading": 38, 
    "gpsLatitude": 51.43382421014912, 
    "gpsLongitude": 6.755032420896755, 
    "outsideTemperature": 20.0, 
    "speed": 10.640000000000002, 
    "yawRate": -0.00991634157556703
}