{
    "gpsHeading": 13, 
    "gpsLatitude": 51.42846591090644, 
    "gpsLongitude": 6.768059658630357, 
    "outsideTemperature": 18.0, 
    "speed": 11.687375000000001, 
    "yawRate": 0.004843259100814628
}