{
    "gpsHeading": 167, 
    "gpsLatitude": 51.4318845539354, 
    "gpsLongitude": 6.782214932893282, 
    "outsideTemperature": 18.5, 
    "speed": 8.8195625, 
    "yawRate": -0.004356058136237722
}