{
    "gpsHeading": 31, 
    "gpsLatitude": 51.43209200603897, 
    "gpsLongitude": 6.789937934659687, 
    "outsideTemperature": 18.0, 
    "speed": 9.484562500000001, 
    "yawRate": 0.01561533270746645
}