{
    "gpsHeading": 0, 
    "gpsLatitude": 51.419383699721166, 
    "gpsLongitude": 6.761632666732867, 
    "outsideTemperature": 17.0, 
    "speed": 12.901000000000002, 
    "yawRate": 0.015939841516212958
}