{
    "gpsHeading": 168, 
    "gpsLatitude": 51.43017288548802, 
    "gpsLongitude": 6.756006062769559, 
    "outsideTemperature": 18.0, 
    "speed": 14.463750000000001, 
    "yawRate": 0.00960485553249124
}