{
    "gpsHeading": 0, 
    "gpsLatitude": 51.43792622974394, 
    "gpsLongitude": 6.755790228762792, 
    "outsideTemperature": 16.0, 
    "speed": 14.1229375, 
    "yawRate": 0.021165174618724518
}