{
    "gpsHeading": 13, 
    "gpsLatitude": 51.43259450113432, 
    "gpsLongitude": 6.775241860003934, 
    "outsideTemperature": 18.0, 
    "speed": 8.927625, 
    "yawRate": -0.07857251275954179
}