{
    "gpsHeading": 34, 
    "gpsLatitude": 51.42943561328475, 
    "gpsLongitude": 6.787083226076332, 
    "outsideTemperature": 19.0, 
    "speed": 11.537749999999999, 
    "yawRate": -0.0018379598124765504
}