{
    "gpsHeading": 84, 
    "gpsLatitude": 51.42721977336141, 
    "gpsLongitude": 6.766494924945666, 
    "outsideTemperature": 19.0, 
    "speed": 9.201937500000001, 
    "yawRate": -0.0014399262063650902
}