{
    "gpsHeading": 88, 
    "gpsLatitude": 51.43323479471786, 
    "gpsLongitude": 6.797209654759167, 
    "outsideTemperature": 21.0, 
    "speed": 12.8095625, 
    "yawRate": -0.005713530509112101
}