{
    "gpsHeading": 119, 
    "gpsLatitude": 51.43431455148485, 
    "gpsLongitude": 6.762307158481379, 
    "outsideTemperature": 17.5, 
    "speed": 11.296687499999999, 
    "yawRate": 0.018488507673457208
}