{
    "gpsHeading": 38, 
    "gpsLatitude": 51.43031370146137, 
    "gpsLongitude": 6.788127946488095, 
    "outsideTemperature": 18.5, 
    "speed": 12.119625000000001, 
    "yawRate": -0.0030596902888724415
}