{
    "gpsHeading": 347, 
    "gpsLatitude": 51.42587699247277, 
    "gpsLongitude": 6.7652724243676, 
    "outsideTemperature": 17.5, 
    "speed": 7.639187500000001, 
    "yawRate": 0.011401985461027934
}