{
    "gpsHeading": 111, 
    "gpsLatitude": 51.43042342057392, 
    "gpsLongitude": 6.771007993072172, 
    "outsideTemperature": 17.5, 
    "speed": 9.542750000000002, 
    "yawRate": -0.03774277464784625
}