{
    "gpsHeading": 208, 
    "gpsLatitude": 51.43612370146615, 
    "gpsLongitude": 6.779198285940587, 
    "outsideTemperature": 17.5, 
    "speed": 9.600937499999999, 
    "yawRate": -7.254283388478944e-05
}