{
    "gpsHeading": 220, 
    "gpsLatitude": 51.433468146902236, 
    "gpsLongitude": 6.761692429702514, 
    "outsideTemperature": 19.0, 
    "speed": 7.7223125, 
    "yawRate": -0.03567722144290074
}