{
    "gpsHeading": 194, 
    "gpsLatitude": 51.429681705961976, 
    "gpsLongitude": 6.799002962943448, 
    "outsideTemperature": 18.0, 
    "speed": 9.725625, 
    "yawRate": -0.010076853639097851
}