{
    "gpsHeading": 266, 
    "gpsLatitude": 51.435177887511884, 
    "gpsLongitude": 6.763629068431093, 
    "outsideTemperature": 18.5, 
    "speed": 9.393125, 
    "yawRate": -0.009414504657258637
}