{
    "gpsHeading": 90, 
    "gpsLatitude": 51.43743781624592, 
    "gpsLongitude": 6.780218279737962, 
    "outsideTemperature": 17.5, 
    "speed": 7.522812500000001, 
    "yawRate": -0.13359023061144834
}