{
    "gpsHeading": 38, 
    "gpsLatitude": 51.43088232977275, 
    "gpsLongitude": 6.765477445719242, 
    "outsideTemperature": 19.0, 
    "speed": 0.0, 
    "yawRate": 0.0008830678878208595
}