{
    "gpsHeading": 111, 
    "gpsLatitude": 51.41881146719141, 
    "gpsLongitude": 6.757567443692981, 
    "outsideTemperature": 18.0, 
    "speed": 11.7455625, 
    "yawRate": 0.02292115852419075
}