{
    "gpsHeading": 337, 
    "gpsLatitude": 51.4212053387382, 
    "gpsLongitude": 6.7673276670260885, 
    "outsideTemperature": 18.5, 
    "speed": 11.97, 
    "yawRate": -0.012683558216493328
}