{
    "gpsHeading": 269, 
    "gpsLatitude": 51.43434095447986, 
    "gpsLongitude": 6.7706738065925895, 
    "outsideTemperature": 20.0, 
    "speed": 5.893562500000001, 
    "yawRate": 0.000359339153909483
}