{
    "gpsHeading": 0, 
    "gpsLatitude": 51.431514492910225, 
    "gpsLongitude": 6.782299087201158, 
    "outsideTemperature": 18.0, 
    "speed": 8.0215625, 
    "yawRate": -0.0006908667070500492
}