{
    "gpsHeading": 254, 
    "gpsLatitude": 51.431849266123024, 
    "gpsLongitude": 6.759326553712321, 
    "outsideTemperature": 20.5, 
    "speed": 10.789625000000001, 
    "yawRate": -0.0028969039345236756
}