{
    "gpsHeading": 255, 
    "gpsLatitude": 51.431524802651126, 
    "gpsLongitude": 6.763149875026576, 
    "outsideTemperature": 21.0, 
    "speed": 6.641687500000001, 
    "yawRate": -0.029477290521193567
}