{
    "gpsHeading": 333, 
    "gpsLatitude": 51.42152561125851, 
    "gpsLongitude": 6.767192969842056, 
    "outsideTemperature": 18.0, 
    "speed": 13.017375, 
    "yawRate": -0.002386115629727393
}