{
    "gpsHeading": 189, 
    "gpsLatitude": 51.427248104194135, 
    "gpsLongitude": 6.755637175210813, 
    "outsideTemperature": 17.0, 
    "speed": 10.7314375, 
    "yawRate": -0.0012161858298735011
}