{
    "gpsHeading": 174, 
    "gpsLatitude": 51.434657874238894, 
    "gpsLongitude": 6.762426265325479, 
    "outsideTemperature": 17.5, 
    "speed": 9.67575, 
    "yawRate": -0.12375582636407784
}