{
    "gpsHeading": 239, 
    "gpsLatitude": 51.43161339936767, 
    "gpsLongitude": 6.758412171894974, 
    "outsideTemperature": 20.5, 
    "speed": 12.3274375, 
    "yawRate": 0.08646395376758458
}