{
    "gpsHeading": 187, 
    "gpsLatitude": 51.41959115182474, 
    "gpsLongitude": 6.752024072028199, 
    "outsideTemperature": 16.5, 
    "speed": 7.040687500000001, 
    "yawRate": -0.014235638573137224
}