{
    "gpsHeading": 206, 
    "gpsLatitude": 51.43267479976674, 
    "gpsLongitude": 6.76105632707056, 
    "outsideTemperature": 18.0, 
    "speed": 10.989125000000001, 
    "yawRate": -0.060635429746418355
}