{
    "gpsHeading": 58, 
    "gpsLatitude": 51.437139252854834, 
    "gpsLongitude": 6.7666171330939395, 
    "outsideTemperature": 18.5, 
    "speed": 12.385625000000001, 
    "yawRate": 0.023983499813857556
}