{
    "gpsHeading": 111, 
    "gpsLatitude": 51.428332051912726, 
    "gpsLongitude": 6.8008215844753375, 
    "outsideTemperature": 17.5, 
    "speed": 7.697375, 
    "yawRate": 0.1065111403941215
}