{
    "gpsHeading": 341, 
    "gpsLatitude": 51.425715892293745, 
    "gpsLongitude": 6.765341323611669, 
    "outsideTemperature": 17.5, 
    "speed": 5.652500000000001, 
    "yawRate": -0.015476085019684643
}