{
    "gpsHeading": 200, 
    "gpsLatitude": 51.433033377584565, 
    "gpsLongitude": 6.761363775279025, 
    "outsideTemperature": 18.5, 
    "speed": 11.105500000000001, 
    "yawRate": -0.013686072867771727
}