{
    "gpsHeading": 183, 
    "gpsLatitude": 51.421942024208235, 
    "gpsLongitude": 6.751081862292323, 
    "outsideTemperature": 17.5, 
    "speed": 2.2859375, 
    "yawRate": -0.013886572722737689
}