{
    "gpsHeading": 235, 
    "gpsLatitude": 51.43075316464484, 
    "gpsLongitude": 6.756863531464372, 
    "outsideTemperature": 18.0, 
    "speed": 9.8004375, 
    "yawRate": 0.03473759676120912
}