{
    "gpsHeading": 30, 
    "gpsLatitude": 51.43126948988042, 
    "gpsLongitude": 6.789153220884436, 
    "outsideTemperature": 18.0, 
    "speed": 9.509500000000001, 
    "yawRate": 0.018233326585457503
}