{
    "gpsHeading": 0, 
    "gpsLatitude": 51.43516422500971, 
    "gpsLongitude": 6.759913538391689, 
    "outsideTemperature": 16.0, 
    "speed": 12.127937500000002, 
    "yawRate": 0.015231055161944333
}