{
    "gpsHeading": 211, 
    "gpsLatitude": 51.43709759479605, 
    "gpsLongitude": 6.7800271723455845, 
    "outsideTemperature": 17.5, 
    "speed": 9.201937500000001, 
    "yawRate": -0.010544518345849995
}