{
    "gpsHeading": 81, 
    "gpsLatitude": 51.42718842504354, 
    "gpsLongitude": 6.7667551830392405, 
    "outsideTemperature": 19.0, 
    "speed": 6.8744375, 
    "yawRate": -0.01330816511992645
}