{
    "gpsHeading": 212, 
    "gpsLatitude": 51.43695032475726, 
    "gpsLongitude": 6.7799027010834205, 
    "outsideTemperature": 17.5, 
    "speed": 8.9775, 
    "yawRate": 0.024013000843636473
}