{
    "gpsHeading": 19, 
    "gpsLatitude": 51.429758987109246, 
    "gpsLongitude": 6.768667933343781, 
    "outsideTemperature": 17.5, 
    "speed": 10.573500000000001, 
    "yawRate": 0.005541390801612705
}