{
    "gpsHeading": 292, 
    "gpsLatitude": 51.43091761758512, 
    "gpsLongitude": 6.782440741364823, 
    "outsideTemperature": 18.0, 
    "speed": 5.3449375, 
    "yawRate": -0.015351632423802726
}