{
    "gpsHeading": 62, 
    "gpsLatitude": 51.432436753716566, 
    "gpsLongitude": 6.799549043935304, 
    "outsideTemperature": 19.5, 
    "speed": 12.2609375, 
    "yawRate": -0.001350207379126351
}