{
    "gpsHeading": 184, 
    "gpsLatitude": 51.42799727869993, 
    "gpsLongitude": 6.755911598720782, 
    "outsideTemperature": 17.0, 
    "speed": 14.031500000000001, 
    "yawRate": -0.08464292407520056
}