{
    "gpsHeading": 122, 
    "gpsLatitude": 51.42948422832316, 
    "gpsLongitude": 6.763036300238569, 
    "outsideTemperature": 20.5, 
    "speed": 1.5045625, 
    "yawRate": 0.014987338054669869
}