{
    "gpsHeading": 94, 
    "gpsLatitude": 51.42740090628902, 
    "gpsLongitude": 6.76499355844895, 
    "outsideTemperature": 20.0, 
    "speed": 8.6200625, 
    "yawRate": -0.01540256022231969
}