{
    "gpsHeading": 327, 
    "gpsLatitude": 51.43216618588207, 
    "gpsLongitude": 6.76130744888968, 
    "outsideTemperature": 23.5, 
    "speed": 3.7073750000000003, 
    "yawRate": 0.0339295432825563
}