{
    "gpsHeading": 147, 
    "gpsLatitude": 51.42924534408268, 
    "gpsLongitude": 6.783692997699148, 
    "outsideTemperature": 17.5, 
    "speed": 9.268437500000001, 
    "yawRate": -0.014304434872606107
}