{
    "gpsHeading": 151, 
    "gpsLatitude": 51.4317742480896, 
    "gpsLongitude": 6.761241818587813, 
    "outsideTemperature": 27.0, 
    "speed": 4.970875, 
    "yawRate": -0.1386016361208287
}