{
    "gpsHeading": 80, 
    "gpsLatitude": 51.432014221977504, 
    "gpsLongitude": 6.779667672518391, 
    "outsideTemperature": 19.5, 
    "speed": 11.8120625, 
    "yawRate": 0.0123991026829072
}