{
    "gpsHeading": 209, 
    "gpsLatitude": 51.433066150825965, 
    "gpsLongitude": 6.76139185465465, 
    "outsideTemperature": 22.5, 
    "speed": 13.000750000000002, 
    "yawRate": 0.020804317609331296
}