{
    "gpsHeading": 289, 
    "gpsLatitude": 51.43356814300712, 
    "gpsLongitude": 6.773388537392914, 
    "outsideTemperature": 20.0, 
    "speed": 9.160375, 
    "yawRate": -0.012207031460449953
}