{
    "gpsHeading": 28, 
    "gpsLatitude": 51.437555917261655, 
    "gpsLongitude": 6.767721616475317, 
    "outsideTemperature": 19.5, 
    "speed": 2.8511875000000004, 
    "yawRate": -0.007926524467858942
}