{
    "gpsHeading": 62, 
    "gpsLatitude": 51.43719817763414, 
    "gpsLongitude": 6.766771863026552, 
    "outsideTemperature": 18.5, 
    "speed": 11.7954375, 
    "yawRate": 0.014907787703487512
}