{
    "gpsHeading": 0, 
    "gpsLatitude": 51.43751761196415, 
    "gpsLongitude": 6.775667157771024, 
    "outsideTemperature": 18.0, 
    "speed": 13.26675, 
    "yawRate": 0.03204151540281089
}