{
    "gpsHeading": 257, 
    "gpsLatitude": 51.43139538606611, 
    "gpsLongitude": 6.757982431719203, 
    "outsideTemperature": 20.0, 
    "speed": 11.93675, 
    "yawRate": 0.029740753077769817
}