{
    "gpsHeading": 88, 
    "gpsLatitude": 51.433287852164945, 
    "gpsLongitude": 6.794037439683543, 
    "outsideTemperature": 22.5, 
    "speed": 12.152875, 
    "yawRate": 0.007027373030446607
}