{
    "gpsHeading": 142, 
    "gpsLatitude": 51.440198731332735, 
    "gpsLongitude": 6.75300576052808, 
    "outsideTemperature": 15.5, 
    "speed": 12.984125, 
    "yawRate": 0.01069319910675832
}