{
    "gpsHeading": 14, 
    "gpsLatitude": 51.43204422919088, 
    "gpsLongitude": 6.775069611893692, 
    "outsideTemperature": 18.0, 
    "speed": 11.055625000000001, 
    "yawRate": 0.015500733922951742
}