{
    "gpsHeading": 347, 
    "gpsLatitude": 51.42420312640872, 
    "gpsLongitude": 6.765999889744156, 
    "outsideTemperature": 17.5, 
    "speed": 12.269250000000001, 
    "yawRate": -0.002386115629727393
}