{
    "gpsHeading": 173, 
    "gpsLatitude": 51.434379762691556, 
    "gpsLongitude": 6.762041284512645, 
    "outsideTemperature": 22.5, 
    "speed": 0.0, 
    "yawRate": -0.00042520456256021064
}