{
    "gpsHeading": 180, 
    "gpsLatitude": 51.42759980885136, 
    "gpsLongitude": 6.764459379759597, 
    "outsideTemperature": 19.0, 
    "speed": 1.6874375000000001, 
    "yawRate": -0.00997087024884874
}