{
    "gpsHeading": 315, 
    "gpsLatitude": 51.43216593442497, 
    "gpsLongitude": 6.755587135248879, 
    "outsideTemperature": 22.0, 
    "speed": 12.892687500000001, 
    "yawRate": -0.01759579028434191
}