{
    "gpsHeading": 295, 
    "gpsLatitude": 51.43243734044979, 
    "gpsLongitude": 6.760923557724257, 
    "outsideTemperature": 22.0, 
    "speed": 5.9185, 
    "yawRate": 0.17093788956410924
}