{
    "gpsHeading": 91, 
    "gpsLatitude": 51.43760671159491, 
    "gpsLongitude": 6.777757436784803, 
    "outsideTemperature": 18.0, 
    "speed": 14.006562500000001, 
    "yawRate": 0.002196385193707721
}