{
    "gpsHeading": 10, 
    "gpsLatitude": 51.43178288144987, 
    "gpsLongitude": 6.764519394186337, 
    "outsideTemperature": 19.5, 
    "speed": 8.94425, 
    "yawRate": -0.019445294335608786
}