{
    "gpsHeading": 124, 
    "gpsLatitude": 51.435040089023694, 
    "gpsLongitude": 6.760217130924694, 
    "outsideTemperature": 18.0, 
    "speed": 12.236, 
    "yawRate": 0.0387783445550743
}