{
    "gpsHeading": 20, 
    "gpsLatitude": 51.43104368140887, 
    "gpsLongitude": 6.772918815538981, 
    "outsideTemperature": 19.5, 
    "speed": 10.457125, 
    "yawRate": 0.006774087662980242
}