{
    "gpsHeading": 0, 
    "gpsLatitude": 51.41966759478169, 
    "gpsLongitude": 6.763056584444244, 
    "outsideTemperature": 17.0, 
    "speed": 12.086375, 
    "yawRate": 0.005293333079047488
}