{
    "gpsHeading": 320, 
    "gpsLatitude": 51.42250009132164, 
    "gpsLongitude": 6.753048843510382, 
    "outsideTemperature": 17.0, 
    "speed": 4.305875, 
    "yawRate": -0.0248821470103017
}