{
    "gpsHeading": 75, 
    "gpsLatitude": 51.418888664519656, 
    "gpsLongitude": 6.758211844409108, 
    "outsideTemperature": 18.0, 
    "speed": 10.024875000000002, 
    "yawRate": -0.01931580937407159
}