{
    "gpsHeading": 0, 
    "gpsLatitude": 51.41958394338802, 
    "gpsLongitude": 6.762684595581326, 
    "outsideTemperature": 17.0, 
    "speed": 11.0306875, 
    "yawRate": -0.005876774133715795
}