{
    "gpsHeading": 73, 
    "gpsLatitude": 51.43323839893622, 
    "gpsLongitude": 6.795121555040214, 
    "outsideTemperature": 21.0, 
    "speed": 11.6956875, 
    "yawRate": -0.04777596548217417
}