{
    "gpsHeading": 247, 
    "gpsLatitude": 51.435439486709974, 
    "gpsLongitude": 6.769481816142069, 
    "outsideTemperature": 18.5, 
    "speed": 5.5195, 
    "yawRate": 0.2434837039567156
}