{
    "gpsHeading": 273, 
    "gpsLatitude": 51.43353922544116, 
    "gpsLongitude": 6.774535768480466, 
    "outsideTemperature": 20.5, 
    "speed": 9.534437500000001, 
    "yawRate": 0.018510763374649568
}