{
    "gpsHeading": 3, 
    "gpsLatitude": 51.43300144253346, 
    "gpsLongitude": 6.790768497445285, 
    "outsideTemperature": 24.5, 
    "speed": 5.8270625, 
    "yawRate": -0.31063906187174833
}