{
    "gpsHeading": 337, 
    "gpsLatitude": 51.422211753852416, 
    "gpsLongitude": 6.766888287661671, 
    "outsideTemperature": 18.0, 
    "speed": 13.499500000000001, 
    "yawRate": -0.004305977806920369
}