{
    "gpsHeading": 12, 
    "gpsLatitude": 51.42836566334446, 
    "gpsLongitude": 6.768014061077104, 
    "outsideTemperature": 18.5, 
    "speed": 11.288375, 
    "yawRate": -0.04838928308501172
}