{
    "gpsHeading": 185, 
    "gpsLatitude": 51.42928398465631, 
    "gpsLongitude": 6.798853513609832, 
    "outsideTemperature": 18.0, 
    "speed": 5.469625, 
    "yawRate": 0.2313021819117136
}