{
    "gpsHeading": 109, 
    "gpsLatitude": 51.43323454326077, 
    "gpsLongitude": 6.795919344584411, 
    "outsideTemperature": 20.5, 
    "speed": 6.68325, 
    "yawRate": 0.031811048408765946
}