{
    "gpsHeading": 189, 
    "gpsLatitude": 51.428428695256336, 
    "gpsLongitude": 6.7645868685069015, 
    "outsideTemperature": 20.0, 
    "speed": 3.591, 
    "yawRate": -0.0005460922880791629
}