{
    "gpsHeading": 90, 
    "gpsLatitude": 51.43756144931775, 
    "gpsLongitude": 6.773071617633865, 
    "outsideTemperature": 18.0, 
    "speed": 14.106312500000001, 
    "yawRate": 0.017904348461657015
}