{
    "gpsHeading": 83, 
    "gpsLatitude": 51.43200123002759, 
    "gpsLongitude": 6.782183836032483, 
    "outsideTemperature": 18.5, 
    "speed": 7.780500000000001, 
    "yawRate": 0.00803577955292145
}