{
    "gpsHeading": 124, 
    "gpsLatitude": 51.43444505771729, 
    "gpsLongitude": 6.76187129951626, 
    "outsideTemperature": 17.5, 
    "speed": 4.8960625, 
    "yawRate": 0.0330187580234924
}