{
    "gpsHeading": 177, 
    "gpsLatitude": 51.424859764703456, 
    "gpsLongitude": 6.75493460408671, 
    "outsideTemperature": 17.0, 
    "speed": 9.201937500000001, 
    "yawRate": 0.04852569785196444
}