{
    "gpsHeading": 37, 
    "gpsLatitude": 51.429186503122395, 
    "gpsLongitude": 6.78679187112199, 
    "outsideTemperature": 19.5, 
    "speed": 11.305000000000001, 
    "yawRate": -0.001663426887277279
}