{
    "gpsHeading": 8, 
    "gpsLatitude": 51.43040422601565, 
    "gpsLongitude": 6.765346855667763, 
    "outsideTemperature": 17.0, 
    "speed": 10.2160625, 
    "yawRate": 0.019255967095002085
}