{
    "gpsHeading": 357, 
    "gpsLatitude": 51.42438677390729, 
    "gpsLongitude": 6.754849108674327, 
    "outsideTemperature": 17.5, 
    "speed": 0.0, 
    "yawRate": 0.0006366519242753095
}