{
    "gpsHeading": 344, 
    "gpsLatitude": 51.424091730915535, 
    "gpsLongitude": 6.766050181163184, 
    "outsideTemperature": 17.5, 
    "speed": 12.7098125, 
    "yawRate": 0.003897069677452326
}