{
    "gpsHeading": 98, 
    "gpsLatitude": 51.433289528545586, 
    "gpsLongitude": 6.7937668718490665, 
    "outsideTemperature": 23.0, 
    "speed": 9.9168125, 
    "yawRate": -0.008506057312302426
}