{
    "gpsHeading": 125, 
    "gpsLatitude": 51.42901559611664, 
    "gpsLongitude": 6.784196330984798, 
    "outsideTemperature": 17.5, 
    "speed": 7.4563125, 
    "yawRate": 0.003672456422935701
}