{
    "gpsHeading": 78, 
    "gpsLatitude": 51.437675610838994, 
    "gpsLongitude": 6.7789499301495155, 
    "outsideTemperature": 17.5, 
    "speed": 12.8760625, 
    "yawRate": -0.007926524467858942
}