{
    "gpsHeading": 76, 
    "gpsLatitude": 51.41879344609958, 
    "gpsLongitude": 6.75741849727359, 
    "outsideTemperature": 18.5, 
    "speed": 10.7148125, 
    "yawRate": -0.00011718760213488204
}