{
    "gpsHeading": 195, 
    "gpsLatitude": 51.435200351012405, 
    "gpsLongitude": 6.778380463647809, 
    "outsideTemperature": 17.5, 
    "speed": 8.096375, 
    "yawRate": -0.0033886684126739203
}