{
    "gpsHeading": 165, 
    "gpsLatitude": 51.43214506348607, 
    "gpsLongitude": 6.760994384806089, 
    "outsideTemperature": 24.0, 
    "speed": 0.4904375, 
    "yawRate": 0.0008644485671337925
}