{
    "gpsHeading": 214, 
    "gpsLatitude": 51.4339651099415, 
    "gpsLongitude": 6.7766715612285005, 
    "outsideTemperature": 19.5, 
    "speed": 11.5959375, 
    "yawRate": 0.037013878925952336
}