{
    "gpsHeading": 0, 
    "gpsLatitude": 51.41991343600181, 
    "gpsLongitude": 6.764142376181516, 
    "outsideTemperature": 17.0, 
    "speed": 12.8428125, 
    "yawRate": 0.0021517404254586207
}