{
    "gpsHeading": 3, 
    "gpsLatitude": 51.435143689346916, 
    "gpsLongitude": 6.762773779031104, 
    "outsideTemperature": 19.5, 
    "speed": 0.0, 
    "yawRate": 0.0008986742429106117
}