{
    "gpsHeading": 262, 
    "gpsLatitude": 51.43073204224882, 
    "gpsLongitude": 6.756764373549784, 
    "outsideTemperature": 26.5, 
    "speed": 4.9875, 
    "yawRate": -0.3322786544189147
}