{
    "gpsHeading": 241, 
    "gpsLatitude": 51.433880620357485, 
    "gpsLongitude": 6.761938522379729, 
    "outsideTemperature": 25.0, 
    "speed": 7.21525, 
    "yawRate": 0.026912969991311743
}