{
    "gpsHeading": 59, 
    "gpsLatitude": 51.43731032749863, 
    "gpsLongitude": 6.767066822199291, 
    "outsideTemperature": 18.0, 
    "speed": 10.041500000000001, 
    "yawRate": 0.020841907160268687
}