{
    "gpsHeading": 239, 
    "gpsLatitude": 51.431581715773675, 
    "gpsLongitude": 6.758339668432507, 
    "outsideTemperature": 20.0, 
    "speed": 12.452125, 
    "yawRate": 0.08925648057077588
}