{
    "gpsHeading": 142, 
    "gpsLatitude": 51.439962026387064, 
    "gpsLongitude": 6.753290745236013, 
    "outsideTemperature": 15.5, 
    "speed": 13.4745625, 
    "yawRate": -0.0029203690587967434
}