{
    "gpsHeading": 93, 
    "gpsLatitude": 51.437658930851676, 
    "gpsLongitude": 6.771047136560015, 
    "outsideTemperature": 18.0, 
    "speed": 9.80875, 
    "yawRate": -0.002166937936278029
}