{
    "gpsHeading": 244, 
    "gpsLatitude": 51.430626178811735, 
    "gpsLongitude": 6.756364389130275, 
    "outsideTemperature": 18.0, 
    "speed": 9.2351875, 
    "yawRate": 0.30875428932431404
}