{
    "gpsHeading": 81, 
    "gpsLatitude": 51.43323588436527, 
    "gpsLongitude": 6.797046040009193, 
    "outsideTemperature": 21.5, 
    "speed": 11.5045, 
    "yawRate": -0.0441107740529865
}