{
    "gpsHeading": 0, 
    "gpsLatitude": 51.435223987979334, 
    "gpsLongitude": 6.759758808459076, 
    "outsideTemperature": 16.0, 
    "speed": 12.585125000000001, 
    "yawRate": -0.006760093413184679
}