{
    "gpsHeading": 47, 
    "gpsLatitude": 51.43446534192297, 
    "gpsLongitude": 6.756465726339684, 
    "outsideTemperature": 19.0, 
    "speed": 8.279250000000001, 
    "yawRate": 0.04471246401185448
}