{
    "gpsHeading": 232, 
    "gpsLatitude": 51.42266060476743, 
    "gpsLongitude": 6.751906306288607, 
    "outsideTemperature": 17.5, 
    "speed": 2.0199375, 
    "yawRate": 0.05802099245942756
}