{
    "gpsHeading": 73, 
    "gpsLatitude": 51.419209775230286, 
    "gpsLongitude": 6.760316037382152, 
    "outsideTemperature": 17.0, 
    "speed": 14.621687500000002, 
    "yawRate": -0.007447570460510228
}