{
    "gpsHeading": 85, 
    "gpsLatitude": 51.41862061125611, 
    "gpsLongitude": 6.754890431456962, 
    "outsideTemperature": 17.0, 
    "speed": 6.01825, 
    "yawRate": 0.008977240478387681
}