{
    "gpsHeading": 138, 
    "gpsLatitude": 51.43658705307366, 
    "gpsLongitude": 6.757365188369386, 
    "outsideTemperature": 16.5, 
    "speed": 12.959187500000002, 
    "yawRate": -0.002571303208398201
}