{
    "gpsHeading": 181, 
    "gpsLatitude": 51.42407035706243, 
    "gpsLongitude": 6.75479269846595, 
    "outsideTemperature": 17.5, 
    "speed": 9.850312500000001, 
    "yawRate": -0.01912256047872079
}