{
    "gpsHeading": 316, 
    "gpsLatitude": 51.435403109250196, 
    "gpsLongitude": 6.762593232836723, 
    "outsideTemperature": 20.5, 
    "speed": 8.428875, 
    "yawRate": -0.07183507612062869
}