{
    "gpsHeading": 239, 
    "gpsLatitude": 51.431883380468946, 
    "gpsLongitude": 6.75946544184794, 
    "outsideTemperature": 18.0, 
    "speed": 8.212750000000002, 
    "yawRate": 0.003243620876572469
}