{
    "gpsHeading": 124, 
    "gpsLatitude": 51.42972789024846, 
    "gpsLongitude": 6.782598488782577, 
    "outsideTemperature": 17.5, 
    "speed": 2.2028125000000003, 
    "yawRate": -0.1015708974723211
}