{
    "gpsHeading": 229, 
    "gpsLatitude": 51.43235754473156, 
    "gpsLongitude": 6.76071685999198, 
    "outsideTemperature": 18.0, 
    "speed": 9.783812500000002, 
    "yawRate": -0.07756512349076354
}