{
    "gpsHeading": 106, 
    "gpsLatitude": 51.432198120933165, 
    "gpsLongitude": 6.7817560236944425, 
    "outsideTemperature": 18.5, 
    "speed": 6.982500000000001, 
    "yawRate": 0.005068719824530863
}