{
    "gpsHeading": 137, 
    "gpsLatitude": 51.43846032461424, 
    "gpsLongitude": 6.7551454927705725, 
    "outsideTemperature": 16.0, 
    "speed": 13.358187500000001, 
    "yawRate": -0.07343167083936682
}