{
    "gpsHeading": 135, 
    "gpsLatitude": 51.44077423280474, 
    "gpsLongitude": 6.752310984573894, 
    "outsideTemperature": 15.5, 
    "speed": 12.003250000000001, 
    "yawRate": 0.008947869854764616
}