{
    "gpsHeading": 193, 
    "gpsLatitude": 51.422426749668844, 
    "gpsLongitude": 6.751522163666089, 
    "outsideTemperature": 17.0, 
    "speed": 4.3973125, 
    "yawRate": 0.004788450273601204
}