{
    "gpsHeading": 142, 
    "gpsLatitude": 51.43899282692295, 
    "gpsLongitude": 6.754481059305899, 
    "outsideTemperature": 16.0, 
    "speed": 13.449625000000001, 
    "yawRate": 0.005980810126374029
}