{
    "gpsHeading": 352, 
    "gpsLatitude": 51.4279898188061, 
    "gpsLongitude": 6.767849105222622, 
    "outsideTemperature": 18.5, 
    "speed": 10.141250000000001, 
    "yawRate": -0.08137600594770376
}