{
    "gpsHeading": 62, 
    "gpsLatitude": 51.43513589417697, 
    "gpsLongitude": 6.757579932728739, 
    "outsideTemperature": 19.0, 
    "speed": 8.096375, 
    "yawRate": 0.05867509802780908
}