{
    "gpsHeading": 350, 
    "gpsLatitude": 51.424732024499065, 
    "gpsLongitude": 6.765761340779794, 
    "outsideTemperature": 17.5, 
    "speed": 11.454625, 
    "yawRate": -0.011112761889698893
}