{
    "gpsHeading": 76, 
    "gpsLatitude": 51.43317955797592, 
    "gpsLongitude": 6.7923971012322095, 
    "outsideTemperature": 21.5, 
    "speed": 13.250125, 
    "yawRate": 0.009279790018806564
}