{
    "gpsHeading": 311, 
    "gpsLatitude": 51.43202872266999, 
    "gpsLongitude": 6.761417670916417, 
    "outsideTemperature": 24.0, 
    "speed": 2.3358125000000003, 
    "yawRate": -0.007260227064509426
}