{
    "gpsHeading": 92, 
    "gpsLatitude": 51.42823566002622, 
    "gpsLongitude": 6.801394068462186, 
    "outsideTemperature": 17.5, 
    "speed": 6.6250625, 
    "yawRate": 0.1754516458478962
}