{
    "gpsHeading": 262, 
    "gpsLatitude": 51.43224288029612, 
    "gpsLongitude": 6.76050127744231, 
    "outsideTemperature": 18.0, 
    "speed": 9.401437500000002, 
    "yawRate": -0.07529619546317103
}