{
    "gpsHeading": 0, 
    "gpsLatitude": 51.419490066072456, 
    "gpsLongitude": 6.762256028871999, 
    "outsideTemperature": 17.0, 
    "speed": 8.545250000000001, 
    "yawRate": 0.006515063555444371
}