{
    "gpsHeading": 195, 
    "gpsLatitude": 51.42945589749043, 
    "gpsLongitude": 6.798879329871634, 
    "outsideTemperature": 18.0, 
    "speed": 5.203625000000001, 
    "yawRate": 0.00632924132964853
}