{
    "gpsHeading": 44, 
    "gpsLatitude": 51.43429678185012, 
    "gpsLongitude": 6.762257956709729, 
    "outsideTemperature": 23.0, 
    "speed": 4.239375, 
    "yawRate": -0.4413612166668146
}