{
    "gpsHeading": 77, 
    "gpsLatitude": 51.4332850861369, 
    "gpsLongitude": 6.793589091682732, 
    "outsideTemperature": 23.5, 
    "speed": 5.9517500000000005, 
    "yawRate": -0.0032700695563203193
}