{
    "gpsHeading": 82, 
    "gpsLatitude": 51.43756622700257, 
    "gpsLongitude": 6.7762551482787385, 
    "outsideTemperature": 18.0, 
    "speed": 13.26675, 
    "yawRate": -0.021016493857816194
}