{
    "gpsHeading": 247, 
    "gpsLatitude": 51.43132732501232, 
    "gpsLongitude": 6.764622407776349, 
    "outsideTemperature": 20.0, 
    "speed": 2.9343125, 
    "yawRate": -0.022935952839597186
}