{
    "gpsHeading": 143, 
    "gpsLatitude": 51.437293396054216, 
    "gpsLongitude": 6.75651048570262, 
    "outsideTemperature": 16.5, 
    "speed": 14.580125, 
    "yawRate": 0.008598804004366073
}