{
    "gpsHeading": 81, 
    "gpsLatitude": 51.433227334824025, 
    "gpsLongitude": 6.7930887758821905, 
    "outsideTemperature": 20.5, 
    "speed": 6.4255625, 
    "yawRate": -0.025452262095880168
}