{
    "gpsHeading": 73, 
    "gpsLatitude": 51.41892370087493, 
    "gpsLongitude": 6.7585037860966715, 
    "outsideTemperature": 18.0, 
    "speed": 10.2493125, 
    "yawRate": -0.01303262406689187
}