{
    "gpsHeading": 15, 
    "gpsLatitude": 51.42853983929243, 
    "gpsLongitude": 6.764802702513668, 
    "outsideTemperature": 17.0, 
    "speed": 10.7065, 
    "yawRate": 0.0007554770238624663
}