{
    "gpsHeading": 33, 
    "gpsLatitude": 51.43602982415058, 
    "gpsLongitude": 6.763027666878302, 
    "outsideTemperature": 19.5, 
    "speed": 7.1570625, 
    "yawRate": -0.037103024005942946
}