{
    "gpsHeading": 304, 
    "gpsLatitude": 51.431726219784416, 
    "gpsLongitude": 6.761641551550229, 
    "outsideTemperature": 20.0, 
    "speed": 3.6408750000000003, 
    "yawRate": -0.10941337026253223
}