{
    "gpsHeading": 354, 
    "gpsLatitude": 51.43464312208933, 
    "gpsLongitude": 6.762599100168943, 
    "outsideTemperature": 17.0, 
    "speed": 5.303375000000001, 
    "yawRate": 0.024306767272314376
}