{
    "gpsHeading": 165, 
    "gpsLatitude": 51.430814268718976, 
    "gpsLongitude": 6.757108785951269, 
    "outsideTemperature": 18.0, 
    "speed": 9.0689375, 
    "yawRate": -0.034726507468164344
}