{
    "gpsHeading": 142, 
    "gpsLatitude": 51.43580594351678, 
    "gpsLongitude": 6.7582668296939135, 
    "outsideTemperature": 16.5, 
    "speed": 10.955875, 
    "yawRate": 0.09132741054889507
}