{
    "gpsHeading": 65, 
    "gpsLatitude": 51.42963091162873, 
    "gpsLongitude": 6.7627623796427905, 
    "outsideTemperature": 21.0, 
    "speed": 5.187, 
    "yawRate": -0.041910395560344156
}