{
    "gpsHeading": 235, 
    "gpsLatitude": 51.43215034408508, 
    "gpsLongitude": 6.760310505326059, 
    "outsideTemperature": 21.5, 
    "speed": 9.567687500000002, 
    "yawRate": -0.08178578612466572
}