{
    "gpsHeading": 142, 
    "gpsLatitude": 51.43957117824203, 
    "gpsLongitude": 6.753764071308308, 
    "outsideTemperature": 16.0, 
    "speed": 13.258437500000001, 
    "yawRate": 0.00947146863036243
}