{
    "gpsHeading": 186, 
    "gpsLatitude": 51.42263059755406, 
    "gpsLongitude": 6.754345440112518, 
    "outsideTemperature": 17.0, 
    "speed": 5.6608125000000005, 
    "yawRate": 0.03253918538031014
}