{
    "gpsHeading": 59, 
    "gpsLatitude": 51.42018257891277, 
    "gpsLongitude": 6.765393542868461, 
    "outsideTemperature": 17.0, 
    "speed": 12.901000000000002, 
    "yawRate": -0.0015134510037300443
}