{
    "gpsHeading": 154, 
    "gpsLatitude": 51.42971338955598, 
    "gpsLongitude": 6.761709947880141, 
    "outsideTemperature": 20.5, 
    "speed": 4.1146875000000005, 
    "yawRate": -0.007352876370856695
}