{
    "gpsHeading": 20, 
    "gpsLatitude": 51.436157061440774, 
    "gpsLongitude": 6.763397141170237, 
    "outsideTemperature": 19.5, 
    "speed": 11.454625, 
    "yawRate": -0.05298552019909052
}