{
    "gpsHeading": 253, 
    "gpsLatitude": 51.435162548629066, 
    "gpsLongitude": 6.763235202800897, 
    "outsideTemperature": 18.5, 
    "speed": 7.4230625, 
    "yawRate": -0.02564606670080575
}