{
    "gpsHeading": 108, 
    "gpsLatitude": 51.420922030410885, 
    "gpsLongitude": 6.750697719669805, 
    "outsideTemperature": 17.0, 
    "speed": 5.910187500000001, 
    "yawRate": -0.28179461290386315
}