{
    "gpsHeading": 336, 
    "gpsLatitude": 51.431223389412935, 
    "gpsLongitude": 6.765452383828759, 
    "outsideTemperature": 19.0, 
    "speed": 2.3191875, 
    "yawRate": 0.16765400147818066
}