{
    "gpsHeading": 126, 
    "gpsLatitude": 51.42956285057495, 
    "gpsLongitude": 6.78297181874997, 
    "outsideTemperature": 17.5, 
    "speed": 9.8669375, 
    "yawRate": -0.005054189837035799
}