{
    "gpsHeading": 185, 
    "gpsLatitude": 51.42444838089561, 
    "gpsLongitude": 6.754860172786513, 
    "outsideTemperature": 16.5, 
    "speed": 3.1338125, 
    "yawRate": 0.009430322607291966
}