{
    "gpsHeading": 0, 
    "gpsLatitude": 51.43004397181719, 
    "gpsLongitude": 6.756018216529157, 
    "outsideTemperature": 17.5, 
    "speed": 14.380625000000002, 
    "yawRate": 0.0012272751229182811
}