{
    "gpsHeading": 0, 
    "gpsLatitude": 51.43708066335162, 
    "gpsLongitude": 6.756763535359469, 
    "outsideTemperature": 16.0, 
    "speed": 14.1229375, 
    "yawRate": 0.036175006185875734
}