{
    "gpsHeading": 57, 
    "gpsLatitude": 51.436812023354875, 
    "gpsLongitude": 6.765521283072862, 
    "outsideTemperature": 18.5, 
    "speed": 12.510312500000001, 
    "yawRate": -0.03500862890354971
}