{
    "gpsHeading": 170, 
    "gpsLatitude": 51.43480615010607, 
    "gpsLongitude": 6.762426265325479, 
    "outsideTemperature": 18.0, 
    "speed": 8.34575, 
    "yawRate": -0.09303803152897833
}