{
    "gpsHeading": 119, 
    "gpsLatitude": 51.44199203951703, 
    "gpsLongitude": 6.7497943181456135, 
    "outsideTemperature": 16.5, 
    "speed": 10.0996875, 
    "yawRate": 0.01174039665795494
}