{
    "gpsHeading": 131, 
    "gpsLatitude": 51.437611154003584, 
    "gpsLongitude": 6.756149393313857, 
    "outsideTemperature": 16.5, 
    "speed": 14.4305, 
    "yawRate": 0.00947146863036243
}