{
    "gpsHeading": 69, 
    "gpsLatitude": 51.43631841307689, 
    "gpsLongitude": 6.763991334286333, 
    "outsideTemperature": 19.0, 
    "speed": 10.374, 
    "yawRate": 0.01682764988068148
}