{
    "gpsHeading": 228, 
    "gpsLatitude": 51.43358172169026, 
    "gpsLongitude": 6.7617601554801725, 
    "outsideTemperature": 24.0, 
    "speed": 11.163687500000002, 
    "yawRate": -0.009215345524970149
}