{
    "gpsHeading": 208, 
    "gpsLatitude": 51.43534116698572, 
    "gpsLongitude": 6.778513232994111, 
    "outsideTemperature": 17.5, 
    "speed": 9.218562499999999, 
    "yawRate": 0.05787238833232684
}