{
    "gpsHeading": 0, 
    "gpsLatitude": 51.43225511787475, 
    "gpsLongitude": 6.778001601624289, 
    "outsideTemperature": 19.0, 
    "speed": 2.809625, 
    "yawRate": 0.002478252293247876
}