{
    "gpsHeading": 90, 
    "gpsLatitude": 51.43323563290817, 
    "gpsLongitude": 6.796249340112408, 
    "outsideTemperature": 22.0, 
    "speed": 4.738125, 
    "yawRate": 0.02186267167239756
}