{
    "gpsHeading": 164, 
    "gpsLatitude": 51.42964314920737, 
    "gpsLongitude": 6.782788003613352, 
    "outsideTemperature": 17.5, 
    "speed": 7.54775, 
    "yawRate": -0.0020871301086452113
}