{
    "gpsHeading": 86, 
    "gpsLatitude": 51.435935611558904, 
    "gpsLongitude": 6.762826585021118, 
    "outsideTemperature": 19.5, 
    "speed": 1.5128750000000002, 
    "yawRate": -0.028725443596369988
}