{
    "gpsHeading": 61, 
    "gpsLatitude": 51.43704646518669, 
    "gpsLongitude": 6.766288227213355, 
    "outsideTemperature": 18.5, 
    "speed": 12.510312500000001, 
    "yawRate": 0.023634433963459014
}