{
    "gpsHeading": 61, 
    "gpsLatitude": 51.43768533384669, 
    "gpsLongitude": 6.768127384408017, 
    "outsideTemperature": 19.5, 
    "speed": 7.963375, 
    "yawRate": -0.10095257359915485
}