{
    "gpsHeading": 257, 
    "gpsLatitude": 51.431251720245676, 
    "gpsLongitude": 6.765225150433678, 
    "outsideTemperature": 19.0, 
    "speed": 6.7165, 
    "yawRate": -0.07145610604503926
}