{
    "gpsHeading": 179, 
    "gpsLatitude": 51.42818427895976, 
    "gpsLongitude": 6.764527943727573, 
    "outsideTemperature": 19.5, 
    "speed": 3.6575, 
    "yawRate": 0.0032936320663077816
}