{
    "gpsHeading": 73, 
    "gpsLatitude": 51.43654229371071, 
    "gpsLongitude": 6.764789878201815, 
    "outsideTemperature": 19.0, 
    "speed": 11.0140625, 
    "yawRate": 0.031837481447832695
}