{
    "gpsHeading": 13, 
    "gpsLatitude": 51.429865353460535, 
    "gpsLongitude": 6.765181815994248, 
    "outsideTemperature": 17.0, 
    "speed": 9.484562500000001, 
    "yawRate": -0.0002917205273341532
}