{
    "gpsHeading": 182, 
    "gpsLatitude": 51.42520702695199, 
    "gpsLongitude": 6.755003251873685, 
    "outsideTemperature": 17.0, 
    "speed": 6.0431875, 
    "yawRate": -0.006801239436255142
}