{
    "gpsHeading": 207, 
    "gpsLatitude": 51.432598692085904, 
    "gpsLongitude": 6.7609854999887276, 
    "outsideTemperature": 21.5, 
    "speed": 8.354062500000001, 
    "yawRate": 0.01242673719975933
}