{
    "gpsHeading": 3, 
    "gpsLatitude": 51.434011713323144, 
    "gpsLongitude": 6.762041033055549, 
    "outsideTemperature": 24.5, 
    "speed": 0.0, 
    "yawRate": 0.00014767545417389717
}