{
    "gpsHeading": 336, 
    "gpsLatitude": 51.42332587642242, 
    "gpsLongitude": 6.766385708747274, 
    "outsideTemperature": 17.5, 
    "speed": 12.236, 
    "yawRate": 0.0023262733506578923
}