{
    "gpsHeading": 80, 
    "gpsLatitude": 51.43754510460656, 
    "gpsLongitude": 6.773930427433153, 
    "outsideTemperature": 18.0, 
    "speed": 15.644125, 
    "yawRate": -0.027997810865792994
}