{
    "gpsHeading": 186, 
    "gpsLatitude": 51.42544063059348, 
    "gpsLongitude": 6.755049352341162, 
    "outsideTemperature": 17.0, 
    "speed": 8.8361875, 
    "yawRate": 0.0022744726741149007
}