{
    "gpsHeading": 0, 
    "gpsLatitude": 51.43156478432926, 
    "gpsLongitude": 6.799414346751272, 
    "outsideTemperature": 18.5, 
    "speed": 11.8951875, 
    "yawRate": -0.013916577993484796
}