{
    "gpsHeading": 0, 
    "gpsLatitude": 51.43688033586575, 
    "gpsLongitude": 6.757020440691807, 
    "outsideTemperature": 16.0, 
    "speed": 13.4911875, 
    "yawRate": -0.007981823889580571
}