{
    "gpsHeading": 205, 
    "gpsLatitude": 51.432962299045634, 
    "gpsLongitude": 6.761302671204871, 
    "outsideTemperature": 22.0, 
    "speed": 11.778812499999999, 
    "yawRate": -0.0017104297413945391
}