{
    "gpsHeading": 70, 
    "gpsLatitude": 51.420719523630154, 
    "gpsLongitude": 6.751857691250178, 
    "outsideTemperature": 16.5, 
    "speed": 6.741437500000001, 
    "yawRate": -0.01283937517154107
}