{
    "gpsHeading": 92, 
    "gpsLatitude": 51.43760956144198, 
    "gpsLongitude": 6.771910472587015, 
    "outsideTemperature": 18.0, 
    "speed": 10.8976875, 
    "yawRate": 0.01493728873326643
}