{
    "gpsHeading": 96, 
    "gpsLatitude": 51.437700924186586, 
    "gpsLongitude": 6.769907449185285, 
    "outsideTemperature": 18.5, 
    "speed": 7.847, 
    "yawRate": -0.01316251222384204
}