{
    "gpsHeading": 256, 
    "gpsLatitude": 51.43515123305978, 
    "gpsLongitude": 6.762951559197472, 
    "outsideTemperature": 18.0, 
    "speed": 4.7796875, 
    "yawRate": 0.04573789970576069
}