{
    "gpsHeading": 241, 
    "gpsLatitude": 51.43168590283015, 
    "gpsLongitude": 6.758660779143141, 
    "outsideTemperature": 18.5, 
    "speed": 10.9309375, 
    "yawRate": 0.07121497812789056
}