{
    "gpsHeading": 62, 
    "gpsLatitude": 51.43437205134064, 
    "gpsLongitude": 6.756278558441764, 
    "outsideTemperature": 19.5, 
    "speed": 8.1878125, 
    "yawRate": -0.013232467154356161
}