{
    "gpsHeading": 62, 
    "gpsLatitude": 51.43535122526953, 
    "gpsLongitude": 6.757902971277104, 
    "outsideTemperature": 18.5, 
    "speed": 8.379, 
    "yawRate": 0.05239191272062936
}