{
    "gpsHeading": 288, 
    "gpsLatitude": 51.422381738848806, 
    "gpsLongitude": 6.7539249200302365, 
    "outsideTemperature": 17.0, 
    "speed": 3.9484375, 
    "yawRate": -0.020867889730715485
}