{
    "gpsHeading": 115, 
    "gpsLatitude": 51.44125812007503, 
    "gpsLongitude": 6.75164353362408, 
    "outsideTemperature": 16.0, 
    "speed": 7.896875, 
    "yawRate": -0.1060693278516603
}