{
    "gpsHeading": 45, 
    "gpsLatitude": 51.43498728303367, 
    "gpsLongitude": 6.757356890285246, 
    "outsideTemperature": 19.0, 
    "speed": 7.48125, 
    "yawRate": -0.08060217628133637
}