{
    "gpsHeading": 305, 
    "gpsLatitude": 51.43335147081004, 
    "gpsLongitude": 6.775523827226724, 
    "outsideTemperature": 21.0, 
    "speed": 9.742250000000002, 
    "yawRate": 0.08989472978121699
}