{
    "gpsHeading": 119, 
    "gpsLatitude": 51.434771449026925, 
    "gpsLongitude": 6.760970999296241, 
    "outsideTemperature": 17.5, 
    "speed": 11.321625000000001, 
    "yawRate": -0.0017132940911943353
}