{
    "gpsHeading": 22, 
    "gpsLatitude": 51.430034835542735, 
    "gpsLongitude": 6.76523353233685, 
    "outsideTemperature": 17.0, 
    "speed": 10.066437500000001, 
    "yawRate": -0.022457402027661447
}