{
    "gpsHeading": 253, 
    "gpsLatitude": 51.431740888114966, 
    "gpsLongitude": 6.758887425804998, 
    "outsideTemperature": 18.5, 
    "speed": 8.3208125, 
    "yawRate": 0.05742687703713522
}