{
    "gpsHeading": 340, 
    "gpsLatitude": 51.421417317069476, 
    "gpsLongitude": 6.767238483576311, 
    "outsideTemperature": 18.5, 
    "speed": 12.460437500000001, 
    "yawRate": -0.0016879839289293155
}