{
    "gpsHeading": 238, 
    "gpsLatitude": 51.43447900442515, 
    "gpsLongitude": 6.777537411826452, 
    "outsideTemperature": 20.5, 
    "speed": 11.180312500000001, 
    "yawRate": -0.03716261428380541
}