{
    "gpsHeading": 32, 
    "gpsLatitude": 51.43194255670535, 
    "gpsLongitude": 6.7897935144679735, 
    "outsideTemperature": 18.0, 
    "speed": 9.7671875, 
    "yawRate": -0.019465785257619814
}