{
    "gpsHeading": 103, 
    "gpsLatitude": 51.42737316218951, 
    "gpsLongitude": 6.765226575357217, 
    "outsideTemperature": 19.5, 
    "speed": 9.883562500000002, 
    "yawRate": 0.006588588352808332
}