{
    "gpsHeading": 246, 
    "gpsLatitude": 51.43170258281745, 
    "gpsLongitude": 6.758728840196928, 
    "outsideTemperature": 20.5, 
    "speed": 11.961687500000002, 
    "yawRate": 0.026599160424179955
}