{
    "gpsHeading": 67, 
    "gpsLatitude": 51.437700337453364, 
    "gpsLongitude": 6.768473808466229, 
    "outsideTemperature": 19.5, 
    "speed": 8.14625, 
    "yawRate": -0.0197947633814203
}