{
    "gpsHeading": 91, 
    "gpsLatitude": 51.43198505295446, 
    "gpsLongitude": 6.779317728060847, 
    "outsideTemperature": 19.5, 
    "speed": 12.236, 
    "yawRate": 0.06737697412072725
}