{
    "gpsHeading": 87, 
    "gpsLatitude": 51.43757150760157, 
    "gpsLongitude": 6.776636608692241, 
    "outsideTemperature": 18.0, 
    "speed": 12.9758125, 
    "yawRate": 0.017555282611258473
}