{
    "gpsHeading": 77, 
    "gpsLatitude": 51.41885010776504, 
    "gpsLongitude": 6.757891320431695, 
    "outsideTemperature": 18.0, 
    "speed": 10.9974375, 
    "yawRate": -0.014777953318886566
}