{
    "gpsHeading": 0, 
    "gpsLatitude": 51.42732370896078, 
    "gpsLongitude": 6.765636869517631, 
    "outsideTemperature": 19.5, 
    "speed": 9.9999375, 
    "yawRate": -0.00248712375756171
}