{
    "gpsHeading": 178, 
    "gpsLatitude": 51.42940342677657, 
    "gpsLongitude": 6.756079655879437, 
    "outsideTemperature": 17.0, 
    "speed": 13.748875, 
    "yawRate": -0.03926436352334936
}