{
    "gpsHeading": 80, 
    "gpsLatitude": 51.43328282302305, 
    "gpsLongitude": 6.793499321499699, 
    "outsideTemperature": 20.5, 
    "speed": 0.9309999999999999, 
    "yawRate": 0.0021239400856294956
}