{
    "gpsHeading": 65, 
    "gpsLatitude": 51.43063732674295, 
    "gpsLongitude": 6.769094320758282, 
    "outsideTemperature": 17.5, 
    "speed": 5.0789375, 
    "yawRate": -0.0939423765620632
}