{
    "gpsHeading": 340, 
    "gpsLatitude": 51.42244594422712, 
    "gpsLongitude": 6.766782424224549, 
    "outsideTemperature": 18.0, 
    "speed": 13.5078125, 
    "yawRate": -0.008145702161308305
}