{
    "gpsHeading": 183, 
    "gpsLatitude": 51.430278413649, 
    "gpsLongitude": 6.799228519957893, 
    "outsideTemperature": 18.0, 
    "speed": 11.546062500000001, 
    "yawRate": -0.009029656087901232
}