{
    "gpsHeading": 213, 
    "gpsLatitude": 51.43666508859222, 
    "gpsLongitude": 6.779661302271981, 
    "outsideTemperature": 17.5, 
    "speed": 9.6674375, 
    "yawRate": 0.004988911996899038
}