{
    "gpsHeading": 91, 
    "gpsLatitude": 51.43769094972182, 
    "gpsLongitude": 6.7705143827942, 
    "outsideTemperature": 18.0, 
    "speed": 9.1853125, 
    "yawRate": -0.004784931814269082
}