{
    "gpsHeading": 203, 
    "gpsLatitude": 51.42133726989416, 
    "gpsLongitude": 6.750526896483103, 
    "outsideTemperature": 17.5, 
    "speed": 7.298375000000001, 
    "yawRate": 0.01962374891555216
}