{
    "gpsHeading": 341, 
    "gpsLatitude": 51.42691894685645, 
    "gpsLongitude": 6.76487210467196, 
    "outsideTemperature": 17.5, 
    "speed": 11.1470625, 
    "yawRate": -0.005876774133715795
}