{
    "gpsHeading": 89, 
    "gpsLatitude": 51.063372085370716, 
    "gpsLongitude": 13.74816706021597, 
    "outsideTemperature": 23.5, 
    "speed": 6.334125, 
    "yawRate": -0.011346330942022554
}