{
    "gpsHeading": 35, 
    "gpsLatitude": 51.051623423147404, 
    "gpsLongitude": 13.733321536226603, 
    "outsideTemperature": 20.0, 
    "speed": 6.367375, 
    "yawRate": -0.15905341169472526
}