{
    "gpsHeading": 20, 
    "gpsLatitude": 51.048689840855204, 
    "gpsLongitude": 13.745144294473992, 
    "outsideTemperature": 21.5, 
    "speed": 9.9168125, 
    "yawRate": -0.015793796132371998
}