{
    "gpsHeading": 278, 
    "gpsLatitude": 51.04990479772042, 
    "gpsLongitude": 13.74167762313985, 
    "outsideTemperature": 21.0, 
    "speed": 2.75975, 
    "yawRate": -0.0014427236196018166
}