{
    "gpsHeading": 280, 
    "gpsLatitude": 51.050893443199904, 
    "gpsLongitude": 13.73398513150099, 
    "outsideTemperature": 21.5, 
    "speed": 4.422250000000001, 
    "yawRate": -0.0005775156136431031
}