{
    "gpsHeading": 97, 
    "gpsLatitude": 51.05717148867799, 
    "gpsLongitude": 13.745956752348741, 
    "outsideTemperature": 24.0, 
    "speed": 7.572687500000001, 
    "yawRate": 0.002826134798167053
}