{
    "gpsHeading": 25, 
    "gpsLatitude": 51.05297064644474, 
    "gpsLongitude": 13.735809285088942, 
    "outsideTemperature": 18.5, 
    "speed": 6.866125, 
    "yawRate": 0.011290723299918256
}