{
    "gpsHeading": 20, 
    "gpsLatitude": 51.056864794840806, 
    "gpsLongitude": 13.74059987802959, 
    "outsideTemperature": 17.0, 
    "speed": 8.744750000000002, 
    "yawRate": -0.009478694798813875
}