{
    "gpsHeading": 60, 
    "gpsLatitude": 51.06024680895288, 
    "gpsLongitude": 13.752040086216065, 
    "outsideTemperature": 18.5, 
    "speed": 6.5419375, 
    "yawRate": -0.06073914877346097
}