{
    "gpsHeading": 211, 
    "gpsLatitude": 51.06984651884019, 
    "gpsLongitude": 13.754599835626681, 
    "outsideTemperature": 17.0, 
    "speed": 4.5469375, 
    "yawRate": 0.0016042598233329654
}