{
    "gpsHeading": 27, 
    "gpsLatitude": 51.0665743076597, 
    "gpsLongitude": 13.753946550093227, 
    "outsideTemperature": 17.0, 
    "speed": 6.8411875, 
    "yawRate": 0.014820639371211065
}