{
    "gpsHeading": 28, 
    "gpsLatitude": 51.069147300477326, 
    "gpsLongitude": 13.748696209763422, 
    "outsideTemperature": 16.0, 
    "speed": 10.1329375, 
    "yawRate": -0.0019998970213654715
}