{
    "gpsHeading": 22, 
    "gpsLatitude": 51.0555278812844, 
    "gpsLongitude": 13.739714329959153, 
    "outsideTemperature": 17.0, 
    "speed": 5.120500000000001, 
    "yawRate": -0.01314388622800254
}