{
    "gpsHeading": 19, 
    "gpsLatitude": 51.05916847710944, 
    "gpsLongitude": 13.749577902158398, 
    "outsideTemperature": 18.5, 
    "speed": 4.9459375, 
    "yawRate": 0.33635855485427807
}