{
    "gpsHeading": 27, 
    "gpsLatitude": 51.068923755119656, 
    "gpsLongitude": 13.755521258242693, 
    "outsideTemperature": 16.5, 
    "speed": 5.9268125000000005, 
    "yawRate": -0.0061233116527203355
}