{
    "gpsHeading": 92, 
    "gpsLatitude": 51.05732538042029, 
    "gpsLongitude": 13.743013698505925, 
    "outsideTemperature": 18.5, 
    "speed": 9.002437500000001, 
    "yawRate": 0.0513426698849565
}