{
    "gpsHeading": 356, 
    "gpsLatitude": 51.05994598244795, 
    "gpsLongitude": 13.746192619104084, 
    "outsideTemperature": 17.5, 
    "speed": 10.648312500000001, 
    "yawRate": 0.001071329145243672
}