{
    "gpsHeading": 351, 
    "gpsLatitude": 51.05007788402098, 
    "gpsLongitude": 13.740272313253515, 
    "outsideTemperature": 20.5, 
    "speed": 1.1554375000000001, 
    "yawRate": 0.002634869639110294
}