{
    "gpsHeading": 280, 
    "gpsLatitude": 51.06627842647762, 
    "gpsLongitude": 13.749543703993458, 
    "outsideTemperature": 17.0, 
    "speed": 4.8628125, 
    "yawRate": -0.02733722122411083
}