{
    "gpsHeading": 27, 
    "gpsLatitude": 51.052104041475474, 
    "gpsLongitude": 13.734704885526629, 
    "outsideTemperature": 19.0, 
    "speed": 7.996625, 
    "yawRate": 0.004134873366741189
}