{
    "gpsHeading": 280, 
    "gpsLatitude": 51.05035540883512, 
    "gpsLongitude": 13.738140376180938, 
    "outsideTemperature": 21.0, 
    "speed": 4.081437500000001, 
    "yawRate": -0.003366016730013336
}