{
    "gpsHeading": 42, 
    "gpsLatitude": 51.05239313331599, 
    "gpsLongitude": 13.735075114189849, 
    "outsideTemperature": 19.0, 
    "speed": 6.3175, 
    "yawRate": 0.0015168794887501363
}