{
    "gpsHeading": 282, 
    "gpsLatitude": 51.072177358475095, 
    "gpsLongitude": 13.745771260831487, 
    "outsideTemperature": 17.5, 
    "speed": 8.6865625, 
    "yawRate": -0.007506435501295791
}