{
    "gpsHeading": 34, 
    "gpsLatitude": 51.06625093383521, 
    "gpsLongitude": 13.753787042475805, 
    "outsideTemperature": 17.0, 
    "speed": 4.613437500000001, 
    "yawRate": 0.03471739284394585
}