{
    "gpsHeading": 96, 
    "gpsLatitude": 51.05721121889904, 
    "gpsLongitude": 13.74511068304224, 
    "outsideTemperature": 18.0, 
    "speed": 6.251, 
    "yawRate": 0.0009026545023214667
}