{
    "gpsHeading": 287, 
    "gpsLatitude": 51.04942124572624, 
    "gpsLongitude": 13.745188970017896, 
    "outsideTemperature": 24.0, 
    "speed": 4.671625000000001, 
    "yawRate": 0.02374934459524163
}