{
    "gpsHeading": 28, 
    "gpsLatitude": 51.068993744011166, 
    "gpsLongitude": 13.748563440417117, 
    "outsideTemperature": 16.0, 
    "speed": 9.542750000000002, 
    "yawRate": -0.008632148178943732
}