{
    "gpsHeading": 351, 
    "gpsLatitude": 51.0628178739328, 
    "gpsLongitude": 13.751836238330833, 
    "outsideTemperature": 18.0, 
    "speed": 4.854500000000001, 
    "yawRate": 0.051821619513490305
}