{
    "gpsHeading": 278, 
    "gpsLatitude": 51.05064374630433, 
    "gpsLongitude": 13.735891511559087, 
    "outsideTemperature": 19.0, 
    "speed": 5.8769375, 
    "yawRate": 0.040790813345441976
}