{
    "gpsHeading": 278, 
    "gpsLatitude": 51.0504987393794, 
    "gpsLongitude": 13.737049555301766, 
    "outsideTemperature": 20.0, 
    "speed": 6.101375000000001, 
    "yawRate": -0.0073802740096005435
}