{
    "gpsHeading": 317, 
    "gpsLatitude": 51.066526782268696, 
    "gpsLongitude": 13.747233735297453, 
    "outsideTemperature": 16.5, 
    "speed": 3.4330625, 
    "yawRate": -0.1898273745847802
}