{
    "gpsHeading": 150, 
    "gpsLatitude": 51.06088291158484, 
    "gpsLongitude": 13.750594040280314, 
    "outsideTemperature": 19.0, 
    "speed": 7.315, 
    "yawRate": 0.01081935055830474
}