{
    "gpsHeading": 44, 
    "gpsLatitude": 51.06015846369342, 
    "gpsLongitude": 13.751764573058685, 
    "outsideTemperature": 18.5, 
    "speed": 7.0739375, 
    "yawRate": 0.0019181713731339684
}