{
    "gpsHeading": 48, 
    "gpsLatitude": 51.04631843280893, 
    "gpsLongitude": 13.74226871495174, 
    "outsideTemperature": 28.0, 
    "speed": 10.457125, 
    "yawRate": 0.0044520231907623185
}