{
    "gpsHeading": 149, 
    "gpsLatitude": 51.05845626679665, 
    "gpsLongitude": 13.74867265661551, 
    "outsideTemperature": 18.5, 
    "speed": 9.093875, 
    "yawRate": -0.011136499217787546
}