{
    "gpsHeading": 44, 
    "gpsLatitude": 51.05311263588451, 
    "gpsLongitude": 13.736001482128765, 
    "outsideTemperature": 18.5, 
    "speed": 7.040687500000001, 
    "yawRate": 0.008672729421926212
}