{
    "gpsHeading": 55, 
    "gpsLatitude": 51.05763375063808, 
    "gpsLongitude": 13.74139817048798, 
    "outsideTemperature": 20.0, 
    "speed": 10.2991875, 
    "yawRate": -0.053900684010299314
}