{
    "gpsHeading": 312, 
    "gpsLatitude": 51.050743993866284, 
    "gpsLongitude": 13.735130937665005, 
    "outsideTemperature": 21.5, 
    "speed": 0.0, 
    "yawRate": -9.322005938837202e-05
}