{
    "gpsHeading": 287, 
    "gpsLatitude": 51.07201625829607, 
    "gpsLongitude": 13.7469120378536, 
    "outsideTemperature": 17.5, 
    "speed": 9.534437500000001, 
    "yawRate": -0.011171626930484457
}