{
    "gpsHeading": 226, 
    "gpsLatitude": 51.05940819954022, 
    "gpsLongitude": 13.748421786253484, 
    "outsideTemperature": 18.0, 
    "speed": 7.0988750000000005, 
    "yawRate": -0.01183463091858463
}