{
    "gpsHeading": 354, 
    "gpsLatitude": 51.05812040393642, 
    "gpsLongitude": 13.746334860000974, 
    "outsideTemperature": 19.0, 
    "speed": 11.080562500000001, 
    "yawRate": -0.0036410598351406206
}