{
    "gpsHeading": 0, 
    "gpsLatitude": 51.06921812755916, 
    "gpsLongitude": 13.75398091589623, 
    "outsideTemperature": 17.0, 
    "speed": 5.810437500000001, 
    "yawRate": -0.008867715688633232
}