{
    "gpsHeading": 277, 
    "gpsLatitude": 51.04972902921084, 
    "gpsLongitude": 13.743195669623843, 
    "outsideTemperature": 21.0, 
    "speed": 2.9675625, 
    "yawRate": 0.006296052075298629
}