{
    "gpsHeading": 230, 
    "gpsLatitude": 51.06641790134644, 
    "gpsLongitude": 13.753871196783681, 
    "outsideTemperature": 17.0, 
    "speed": 5.536125, 
    "yawRate": -0.14697138228866022
}