{
    "gpsHeading": 269, 
    "gpsLatitude": 51.05960148622744, 
    "gpsLongitude": 13.748790925269292, 
    "outsideTemperature": 18.5, 
    "speed": 5.3781875, 
    "yawRate": 0.1229047873353748
}