{
    "gpsHeading": 20, 
    "gpsLatitude": 51.0678414837817, 
    "gpsLongitude": 13.747566748310591, 
    "outsideTemperature": 16.5, 
    "speed": 7.3233125, 
    "yawRate": -0.020325854167304827
}