{
    "gpsHeading": 163, 
    "gpsLatitude": 51.062951816745525, 
    "gpsLongitude": 13.748861249436933, 
    "outsideTemperature": 21.5, 
    "speed": 6.1845, 
    "yawRate": 0.1076851240439886
}