{
    "gpsHeading": 26, 
    "gpsLatitude": 51.06878126276567, 
    "gpsLongitude": 13.748375099052785, 
    "outsideTemperature": 16.0, 
    "speed": 8.894375, 
    "yawRate": 0.0025379590338205416
}