{
    "gpsHeading": 340, 
    "gpsLatitude": 51.066462576890366, 
    "gpsLongitude": 13.747832370822197, 
    "outsideTemperature": 17.0, 
    "speed": 5.270125000000001, 
    "yawRate": -0.05177183075203063
}