{
    "gpsHeading": 22, 
    "gpsLatitude": 51.05494014223376, 
    "gpsLongitude": 13.739316273377371, 
    "outsideTemperature": 17.0, 
    "speed": 8.9525625, 
    "yawRate": -0.01314388622800254
}