{
    "gpsHeading": 280, 
    "gpsLatitude": 51.06619485890297, 
    "gpsLongitude": 13.750326825207074, 
    "outsideTemperature": 16.5, 
    "speed": 2.543625, 
    "yawRate": 0.027609665678048196
}