{
    "gpsHeading": 12, 
    "gpsLatitude": 51.06202595172082, 
    "gpsLongitude": 13.746070913869968, 
    "outsideTemperature": 16.5, 
    "speed": 8.063125000000001, 
    "yawRate": -0.15548470475864454
}