{
    "gpsHeading": 341, 
    "gpsLatitude": 51.05770013531124, 
    "gpsLongitude": 13.746428150583306, 
    "outsideTemperature": 20.5, 
    "speed": 1.7539375000000001, 
    "yawRate": -0.0041646586107384346
}