{
    "gpsHeading": 73, 
    "gpsLatitude": 51.051623423147404, 
    "gpsLongitude": 13.733768710761003, 
    "outsideTemperature": 19.5, 
    "speed": 6.691562500000001, 
    "yawRate": 0.054225822898977684
}