{
    "gpsHeading": 22, 
    "gpsLatitude": 51.04904816721593, 
    "gpsLongitude": 13.745446797359586, 
    "outsideTemperature": 21.0, 
    "speed": 6.6998750000000005, 
    "yawRate": 0.018414657206715927
}