{
    "gpsHeading": 17, 
    "gpsLatitude": 51.06325507400239, 
    "gpsLongitude": 13.747312357549236, 
    "outsideTemperature": 19.0, 
    "speed": 2.6683125, 
    "yawRate": -0.08706779808046768
}