{
    "gpsHeading": 312, 
    "gpsLatitude": 51.05961841767187, 
    "gpsLongitude": 13.748983709042335, 
    "outsideTemperature": 18.5, 
    "speed": 1.6375625000000003, 
    "yawRate": 0.1218575897841782
}