{
    "gpsHeading": 354, 
    "gpsLatitude": 51.05832291071712, 
    "gpsLongitude": 13.746312061224314, 
    "outsideTemperature": 19.0, 
    "speed": 10.723125000000001, 
    "yawRate": -0.00137213180754811
}