{
    "gpsHeading": 356, 
    "gpsLatitude": 51.0620995448307, 
    "gpsLongitude": 13.752052072337598, 
    "outsideTemperature": 19.0, 
    "speed": 6.6583125, 
    "yawRate": 0.0022542687568516294
}