{
    "gpsHeading": 219, 
    "gpsLatitude": 51.0594967962568, 
    "gpsLongitude": 13.748590933059553, 
    "outsideTemperature": 18.0, 
    "speed": 7.165375, 
    "yawRate": 0.008236655479349422
}