{
    "gpsHeading": 30, 
    "gpsLatitude": 51.05400455420138, 
    "gpsLongitude": 13.738642033085986, 
    "outsideTemperature": 18.0, 
    "speed": 7.1238125000000005, 
    "yawRate": 0.03345640480024555
}