{
    "gpsHeading": 55, 
    "gpsLatitude": 51.05367229555951, 
    "gpsLongitude": 13.736768426269258, 
    "outsideTemperature": 17.5, 
    "speed": 6.483750000000001, 
    "yawRate": -0.04822500419308781
}