{
    "gpsHeading": 82, 
    "gpsLatitude": 51.057383131733154, 
    "gpsLongitude": 13.742477591978874, 
    "outsideTemperature": 19.0, 
    "speed": 9.842, 
    "yawRate": 0.019577677498660358
}