{
    "gpsHeading": 113, 
    "gpsLatitude": 51.06788708133497, 
    "gpsLongitude": 13.754802090950275, 
    "outsideTemperature": 17.0, 
    "speed": 8.7696875, 
    "yawRate": -0.032826849208233644
}