{
    "gpsHeading": 296, 
    "gpsLatitude": 51.0699801263768, 
    "gpsLongitude": 13.755191514171791, 
    "outsideTemperature": 17.0, 
    "speed": 5.9268125000000005, 
    "yawRate": -0.003980793783048676
}