{
    "gpsHeading": 282, 
    "gpsLatitude": 51.07198289832143, 
    "gpsLongitude": 13.747137594868043, 
    "outsideTemperature": 17.5, 
    "speed": 7.963375, 
    "yawRate": 0.0031400729358686853
}