{
    "gpsHeading": 353, 
    "gpsLatitude": 51.05737625857255, 
    "gpsLongitude": 13.740990139441424, 
    "outsideTemperature": 20.0, 
    "speed": 2.0033125000000003, 
    "yawRate": 0.005615043482706751
}