{
    "gpsHeading": 333, 
    "gpsLatitude": 51.066406501958134, 
    "gpsLongitude": 13.748354563390016, 
    "outsideTemperature": 17.0, 
    "speed": 4.9791875, 
    "yawRate": 0.014376147898552703
}