{
    "gpsHeading": 281, 
    "gpsLatitude": 51.05019430865609, 
    "gpsLongitude": 13.739366480977402, 
    "outsideTemperature": 21.0, 
    "speed": 4.0980625, 
    "yawRate": -0.0034710547969683224
}