{
    "gpsHeading": 151, 
    "gpsLatitude": 51.061010651789225, 
    "gpsLongitude": 13.750486249005464, 
    "outsideTemperature": 19.0, 
    "speed": 7.98, 
    "yawRate": -0.015709654072008302
}