{
    "gpsHeading": 297, 
    "gpsLatitude": 51.071504794564326, 
    "gpsLongitude": 13.749905969848665, 
    "outsideTemperature": 21.0, 
    "speed": 7.4230625, 
    "yawRate": -0.02234173414324774
}