{
    "gpsHeading": 283, 
    "gpsLatitude": 51.07160344956471, 
    "gpsLongitude": 13.749329043453136, 
    "outsideTemperature": 20.0, 
    "speed": 5.9933125, 
    "yawRate": 0.001918342459472794
}