{
    "gpsHeading": 55, 
    "gpsLatitude": 51.071797909718356, 
    "gpsLongitude": 13.748253477637736, 
    "outsideTemperature": 18.0, 
    "speed": 4.1479375, 
    "yawRate": 0.00471086926266411
}