{
    "gpsHeading": 271, 
    "gpsLatitude": 51.05006681990879, 
    "gpsLongitude": 13.740357892484928, 
    "outsideTemperature": 20.0, 
    "speed": 1.6458750000000002, 
    "yawRate": 0.0006475627425714357
}