{
    "gpsHeading": 22, 
    "gpsLatitude": 51.05647570689542, 
    "gpsLongitude": 13.740373985739017, 
    "outsideTemperature": 17.0, 
    "speed": 8.8694375, 
    "yawRate": 0.006578334319532971
}