{
    "gpsHeading": 15, 
    "gpsLatitude": 51.06712902201181, 
    "gpsLongitude": 13.74716626097689, 
    "outsideTemperature": 17.5, 
    "speed": 3.857, 
    "yawRate": -0.004250804214817799
}