{
    "gpsHeading": 358, 
    "gpsLatitude": 51.04668153685447, 
    "gpsLongitude": 13.740788219393922, 
    "outsideTemperature": 32.5, 
    "speed": 0.0, 
    "yawRate": -0.0007775464615806121
}