{
    "gpsHeading": 29, 
    "gpsLatitude": 51.047688203425786, 
    "gpsLongitude": 13.74428791542659, 
    "outsideTemperature": 22.5, 
    "speed": 9.4180625, 
    "yawRate": 0.0068954841435541
}