{
    "gpsHeading": 345, 
    "gpsLatitude": 51.07137789255026, 
    "gpsLongitude": 13.750566212361752, 
    "outsideTemperature": 22.0, 
    "speed": 5.6774375, 
    "yawRate": 0.20542373324200863
}