{
    "gpsHeading": 219, 
    "gpsLatitude": 51.05915707772111, 
    "gpsLongitude": 13.747942341391873, 
    "outsideTemperature": 18.5, 
    "speed": 2.3856875000000004, 
    "yawRate": 0.2696869774280959
}