{
    "gpsHeading": 48, 
    "gpsLatitude": 51.04664675195629, 
    "gpsLongitude": 13.743023421513604, 
    "outsideTemperature": 26.0, 
    "speed": 10.922625000000002, 
    "yawRate": 0.04319833258503526
}