{
    "gpsHeading": 139, 
    "gpsLatitude": 51.05888265421115, 
    "gpsLongitude": 13.748167311673065, 
    "outsideTemperature": 18.5, 
    "speed": 7.4230625, 
    "yawRate": 0.0063167933021554545
}