{
    "gpsHeading": 77, 
    "gpsLatitude": 51.05728841622729, 
    "gpsLongitude": 13.743393733995887, 
    "outsideTemperature": 18.5, 
    "speed": 8.3873125, 
    "yawRate": -0.008173057608048576
}