{
    "gpsHeading": 271, 
    "gpsLatitude": 51.050687583657925, 
    "gpsLongitude": 13.735557325079506, 
    "outsideTemperature": 19.0, 
    "speed": 5.536125, 
    "yawRate": -0.057122157691438497
}