{
    "gpsHeading": 151, 
    "gpsLatitude": 51.05780373563447, 
    "gpsLongitude": 13.74908538152784, 
    "outsideTemperature": 20.5, 
    "speed": 6.882750000000001, 
    "yawRate": 0.0070149250029535315
}