{
    "gpsHeading": 18, 
    "gpsLatitude": 51.0630987515082, 
    "gpsLongitude": 13.74717900146971, 
    "outsideTemperature": 19.0, 
    "speed": 5.3948125000000005, 
    "yawRate": -0.05757173372176406
}