{
    "gpsHeading": 147, 
    "gpsLatitude": 51.06330737707821, 
    "gpsLongitude": 13.747389806334574, 
    "outsideTemperature": 23.0, 
    "speed": 0.0, 
    "yawRate": 0.00015565761226920107
}