{
    "gpsHeading": 21, 
    "gpsLatitude": 51.05479035762403, 
    "gpsLongitude": 13.73921175104479, 
    "outsideTemperature": 17.5, 
    "speed": 8.9193125, 
    "yawRate": 0.010418058673920908
}