{
    "gpsHeading": 30, 
    "gpsLatitude": 51.06859929164776, 
    "gpsLongitude": 13.755295114495025, 
    "outsideTemperature": 17.0, 
    "speed": 7.863625000000001, 
    "yawRate": -0.007345042129116227
}