{
    "gpsHeading": 223, 
    "gpsLatitude": 51.049846208217225, 
    "gpsLongitude": 13.742191769080591, 
    "outsideTemperature": 22.5, 
    "speed": 0.814625, 
    "yawRate": 0.0010007373331909573
}