{
    "gpsHeading": 22, 
    "gpsLatitude": 51.05617203054341, 
    "gpsLongitude": 13.74016871293028, 
    "outsideTemperature": 17.5, 
    "speed": 9.268437500000001, 
    "yawRate": -0.029899047047147465
}