{
    "gpsHeading": 25, 
    "gpsLatitude": 51.06675535676828, 
    "gpsLongitude": 13.754033721886243, 
    "outsideTemperature": 17.0, 
    "speed": 6.9908125000000005, 
    "yawRate": 0.034542859918746574
}