{
    "gpsHeading": 341, 
    "gpsLatitude": 51.05774564904547, 
    "gpsLongitude": 13.746414320443073, 
    "outsideTemperature": 19.5, 
    "speed": 10.1329375, 
    "yawRate": -0.04640162650900077
}