{
    "gpsHeading": 21, 
    "gpsLatitude": 51.069629595186015, 
    "gpsLongitude": 13.7560059837033, 
    "outsideTemperature": 17.5, 
    "speed": 2.6600000000000006, 
    "yawRate": 0.06600690922192261
}