{
    "gpsHeading": 357, 
    "gpsLatitude": 51.06161817213136, 
    "gpsLongitude": 13.746060101214876, 
    "outsideTemperature": 17.0, 
    "speed": 8.1379375, 
    "yawRate": -0.016381963374699327
}