{
    "gpsHeading": 21, 
    "gpsLatitude": 51.07043375497663, 
    "gpsLongitude": 13.749827347596883, 
    "outsideTemperature": 16.0, 
    "speed": 5.802125, 
    "yawRate": 0.006901282163806291
}