{
    "gpsHeading": 15, 
    "gpsLatitude": 51.06732314688935, 
    "gpsLongitude": 13.747256198797954, 
    "outsideTemperature": 17.0, 
    "speed": 1.9285, 
    "yawRate": -0.0044253371400170705
}