{
    "gpsHeading": 266, 
    "gpsLatitude": 51.05011015434821, 
    "gpsLongitude": 13.740019012139571, 
    "outsideTemperature": 20.0, 
    "speed": 2.6184375, 
    "yawRate": -0.0027756510420720755
}