{
    "gpsHeading": 21, 
    "gpsLatitude": 51.06947209922535, 
    "gpsLongitude": 13.74897264493015, 
    "outsideTemperature": 16.0, 
    "speed": 10.2160625, 
    "yawRate": -0.0023489628717640143
}