{
    "gpsHeading": 280, 
    "gpsLatitude": 51.07205456359358, 
    "gpsLongitude": 13.74665010337939, 
    "outsideTemperature": 17.5, 
    "speed": 10.656625, 
    "yawRate": 0.0001730132074790891
}