{
    "gpsHeading": 23, 
    "gpsLatitude": 51.0544465319558, 
    "gpsLongitude": 13.738972615347205, 
    "outsideTemperature": 17.5, 
    "speed": 8.262625000000002, 
    "yawRate": -0.003544575342033691
}