{
    "gpsHeading": 252, 
    "gpsLatitude": 51.05757926826745, 
    "gpsLongitude": 13.748684558918011, 
    "outsideTemperature": 18.5, 
    "speed": 11.280062500000001, 
    "yawRate": 0.013298110310133249
}