{
    "gpsHeading": 291, 
    "gpsLatitude": 51.05030344103542, 
    "gpsLongitude": 13.738533152163724, 
    "outsideTemperature": 20.5, 
    "speed": 2.7514375, 
    "yawRate": -0.00015492921817919156
}