{
    "gpsHeading": 45, 
    "gpsLatitude": 51.0675656353482, 
    "gpsLongitude": 13.754579802878068, 
    "outsideTemperature": 17.0, 
    "speed": 7.248500000000001, 
    "yawRate": 0.008711986989230619
}