{
    "gpsHeading": 14, 
    "gpsLatitude": 51.04668153685447, 
    "gpsLongitude": 13.740788219393922, 
    "outsideTemperature": 32.0, 
    "speed": 0.0, 
    "yawRate": 0.0006202354428122368
}