{
    "gpsHeading": 350, 
    "gpsLatitude": 51.057967601841554, 
    "gpsLongitude": 13.746353216368918, 
    "outsideTemperature": 19.0, 
    "speed": 11.255125, 
    "yawRate": -0.01446210119750536
}