{
    "gpsHeading": 33, 
    "gpsLatitude": 51.069319800044674, 
    "gpsLongitude": 13.755793167181709, 
    "outsideTemperature": 16.5, 
    "speed": 1.064, 
    "yawRate": -0.0031562519243297483
}