{
    "gpsHeading": 308, 
    "gpsLatitude": 51.0661651031467, 
    "gpsLongitude": 13.75060904388699, 
    "outsideTemperature": 16.5, 
    "speed": 4.422250000000001, 
    "yawRate": -0.0579114676696731
}