{
    "gpsHeading": 279, 
    "gpsLatitude": 51.05053704467691, 
    "gpsLongitude": 13.736715368822184, 
    "outsideTemperature": 19.5, 
    "speed": 6.209437500000001, 
    "yawRate": -0.005285878907207304
}