{
    "gpsHeading": 282, 
    "gpsLatitude": 51.07165457917407, 
    "gpsLongitude": 13.749035676842, 
    "outsideTemperature": 19.5, 
    "speed": 4.28925, 
    "yawRate": -0.0006996514185182592
}