{
    "gpsHeading": 157, 
    "gpsLatitude": 51.057933152219505, 
    "gpsLongitude": 13.749002316867376, 
    "outsideTemperature": 18.0, 
    "speed": 6.766375, 
    "yawRate": 0.08712553766949147
}