{
    "gpsHeading": 21, 
    "gpsLatitude": 51.04755786483142, 
    "gpsLongitude": 13.744176268476314, 
    "outsideTemperature": 22.5, 
    "speed": 8.0880625, 
    "yawRate": -0.002180227966816934
}