{
    "gpsHeading": 205, 
    "gpsLatitude": 51.06862619755693, 
    "gpsLongitude": 13.753370713345076, 
    "outsideTemperature": 16.5, 
    "speed": 5.5610625, 
    "yawRate": 0.008934642681709303
}