{
    "gpsHeading": 22, 
    "gpsLatitude": 51.05529729512806, 
    "gpsLongitude": 13.73956010294073, 
    "outsideTemperature": 17.0, 
    "speed": 7.2318750000000005, 
    "yawRate": -0.004068174117631505
}