{
    "gpsHeading": 357, 
    "gpsLatitude": 51.061087932936495, 
    "gpsLongitude": 13.746097065407898, 
    "outsideTemperature": 17.0, 
    "speed": 10.20775, 
    "yawRate": 0.0021185266964402916
}