{
    "gpsHeading": 93, 
    "gpsLatitude": 51.057221528639936, 
    "gpsLongitude": 13.744893759388093, 
    "outsideTemperature": 18.0, 
    "speed": 7.5560625, 
    "yawRate": -0.012536380738034326
}