{
    "gpsHeading": 345, 
    "gpsLatitude": 51.05822098677452, 
    "gpsLongitude": 13.748819842835266, 
    "outsideTemperature": 20.0, 
    "speed": 7.439687500000001, 
    "yawRate": -0.013929026020977871
}