{
    "gpsHeading": 309, 
    "gpsLatitude": 51.05750651334789, 
    "gpsLongitude": 13.746502078969312, 
    "outsideTemperature": 21.5, 
    "speed": 5.635875, 
    "yawRate": -0.2476380892639441
}