{
    "gpsHeading": 20, 
    "gpsLatitude": 51.04917431485871, 
    "gpsLongitude": 13.74554704492155, 
    "outsideTemperature": 21.0, 
    "speed": 5.0290625, 
    "yawRate": 0.23291562227681575
}