{
    "gpsHeading": 280, 
    "gpsLatitude": 51.05039874327452, 
    "gpsLongitude": 13.737815661251942, 
    "outsideTemperature": 20.5, 
    "speed": 2.8595, 
    "yawRate": -4.9891151224205725e-05
}