{
    "gpsHeading": 149, 
    "gpsLatitude": 51.04626487244765, 
    "gpsLongitude": 13.74121485826555, 
    "outsideTemperature": 35.0, 
    "speed": 8.3374375, 
    "yawRate": 0.019287321832713276
}