{
    "gpsHeading": 56, 
    "gpsLatitude": 51.04655706559232, 
    "gpsLongitude": 13.742825943874816, 
    "outsideTemperature": 26.5, 
    "speed": 11.1470625, 
    "yawRate": 0.03761327897865362
}