{
    "gpsHeading": 37, 
    "gpsLatitude": 51.062436497338325, 
    "gpsLongitude": 13.746729312364392, 
    "outsideTemperature": 16.5, 
    "speed": 8.3125, 
    "yawRate": 0.09549364167813575
}