{
    "gpsHeading": 290, 
    "gpsLatitude": 51.05026371081436, 
    "gpsLongitude": 13.738830709726445, 
    "outsideTemperature": 20.5, 
    "speed": 4.704875, 
    "yawRate": -0.005914515749760104
}