{
    "gpsHeading": 356, 
    "gpsLatitude": 51.058934538191814, 
    "gpsLongitude": 13.746256824482415, 
    "outsideTemperature": 18.0, 
    "speed": 10.0498125, 
    "yawRate": 0.0015949279208424781
}