{
    "gpsHeading": 272, 
    "gpsLatitude": 51.049606234329325, 
    "gpsLongitude": 13.744086498293312, 
    "outsideTemperature": 22.5, 
    "speed": 7.54775, 
    "yawRate": -0.0013833966334762511
}