{
    "gpsHeading": 223, 
    "gpsLatitude": 51.06646986914615, 
    "gpsLongitude": 13.751176750189032, 
    "outsideTemperature": 17.0, 
    "speed": 5.8769375, 
    "yawRate": -0.03487312154334846
}