{
    "gpsHeading": 60, 
    "gpsLatitude": 51.05869070862846, 
    "gpsLongitude": 13.748753206705018, 
    "outsideTemperature": 19.0, 
    "speed": 6.6250625, 
    "yawRate": -0.045170419631676194
}