{
    "gpsHeading": 41, 
    "gpsLatitude": 51.06873206099404, 
    "gpsLongitude": 13.755387650706103, 
    "outsideTemperature": 17.0, 
    "speed": 7.680750000000001, 
    "yawRate": 0.007664789438033999
}