{
    "gpsHeading": 136, 
    "gpsLatitude": 51.04658925210052, 
    "gpsLongitude": 13.740932639585635, 
    "outsideTemperature": 38.0, 
    "speed": 7.938437500000001, 
    "yawRate": -0.059252494507030226
}