{
    "gpsHeading": 27, 
    "gpsLatitude": 51.06994400037411, 
    "gpsLongitude": 13.749373467539977, 
    "outsideTemperature": 16.0, 
    "speed": 9.268437500000001, 
    "yawRate": -0.008632148178943732
}