{
    "gpsHeading": 335, 
    "gpsLatitude": 51.0573737440016, 
    "gpsLongitude": 13.740988211603694, 
    "outsideTemperature": 18.5, 
    "speed": 0.0, 
    "yawRate": -0.0008271155535510765
}