{
    "gpsHeading": 34, 
    "gpsLatitude": 51.0707895667664, 
    "gpsLongitude": 13.750155080011021, 
    "outsideTemperature": 16.0, 
    "speed": 1.878625, 
    "yawRate": -0.0039197591985584476
}