{
    "gpsHeading": 105, 
    "gpsLatitude": 51.05389986423071, 
    "gpsLongitude": 13.738008445024986, 
    "outsideTemperature": 17.5, 
    "speed": 5.7855, 
    "yawRate": 0.18530004972374947
}