{
    "gpsHeading": 279, 
    "gpsLatitude": 51.04987370085964, 
    "gpsLongitude": 13.741950957002375, 
    "outsideTemperature": 22.0, 
    "speed": 2.3856875000000004, 
    "yawRate": -0.01278736375756437
}