{
    "gpsHeading": 68, 
    "gpsLatitude": 51.0538670909893, 
    "gpsLongitude": 13.7383339981443, 
    "outsideTemperature": 17.5, 
    "speed": 6.3258125000000005, 
    "yawRate": 0.1711628827825956
}