{
    "gpsHeading": 152, 
    "gpsLatitude": 51.06249567357474, 
    "gpsLongitude": 13.749223180016045, 
    "outsideTemperature": 21.0, 
    "speed": 9.01075, 
    "yawRate": 0.0031399018495298597
}