{
    "gpsHeading": 21, 
    "gpsLatitude": 51.0546506312981, 
    "gpsLongitude": 13.739114604786998, 
    "outsideTemperature": 17.5, 
    "speed": 8.3873125, 
    "yawRate": -0.020648802011577157
}