{
    "gpsHeading": 21, 
    "gpsLatitude": 51.05583315019803, 
    "gpsLongitude": 13.739923709900479, 
    "outsideTemperature": 17.5, 
    "speed": 7.398125000000001, 
    "yawRate": -0.0012756473144411803
}