{
    "gpsHeading": 33, 
    "gpsLatitude": 51.06330620361177, 
    "gpsLongitude": 13.751896504214669, 
    "outsideTemperature": 18.5, 
    "speed": 7.8220625, 
    "yawRate": -0.030208855330241598
}