{
    "gpsHeading": 284, 
    "gpsLatitude": 51.04975987461452, 
    "gpsLongitude": 13.74293398660673, 
    "outsideTemperature": 21.0, 
    "speed": 3.541125, 
    "yawRate": -0.006270318539059815
}