{
    "gpsHeading": 80, 
    "gpsLatitude": 51.06341122885854, 
    "gpsLongitude": 13.747892636706034, 
    "outsideTemperature": 24.5, 
    "speed": 6.467125, 
    "yawRate": -0.058470220745868454
}