{
    "gpsHeading": 283, 
    "gpsLatitude": 51.07169732688026, 
    "gpsLongitude": 13.748792098735734, 
    "outsideTemperature": 19.0, 
    "speed": 4.738125, 
    "yawRate": -0.01728027931246391
}