{
    "gpsHeading": 249, 
    "gpsLatitude": 51.04979373750335, 
    "gpsLongitude": 13.742646235870753, 
    "outsideTemperature": 23.0, 
    "speed": 0.0, 
    "yawRate": 0.00015829508748014566
}