{
    "gpsHeading": 355, 
    "gpsLatitude": 51.05875147742647, 
    "gpsLongitude": 13.746272331003281, 
    "outsideTemperature": 18.5, 
    "speed": 10.058125, 
    "yawRate": -0.00678265248873048
}