{
    "gpsHeading": 0, 
    "gpsLatitude": 51.05729679813045, 
    "gpsLongitude": 13.747365414996313, 
    "outsideTemperature": 21.0, 
    "speed": 10.166187500000001, 
    "yawRate": -0.0015371883318186967
}