{
    "gpsHeading": 21, 
    "gpsLatitude": 51.055952340861175, 
    "gpsLongitude": 13.740010378779303, 
    "outsideTemperature": 17.5, 
    "speed": 9.052312500000001, 
    "yawRate": 0.00832366357152767
}