{
    "gpsHeading": 255, 
    "gpsLatitude": 51.05084792946567, 
    "gpsLongitude": 13.734335411234662, 
    "outsideTemperature": 21.0, 
    "speed": 2.5768750000000002, 
    "yawRate": -0.00228060106512441
}