{
    "gpsHeading": 281, 
    "gpsLatitude": 51.04997596007836, 
    "gpsLongitude": 13.741079825805391, 
    "outsideTemperature": 20.5, 
    "speed": 2.7514375, 
    "yawRate": -0.0026644540959977077
}