{
    "gpsHeading": 350, 
    "gpsLatitude": 51.05032431197432, 
    "gpsLongitude": 13.738376494393382, 
    "outsideTemperature": 21.5, 
    "speed": 1.197, 
    "yawRate": -4.9891151224205725e-05
}