{
    "gpsHeading": 25, 
    "gpsLatitude": 51.06815681097914, 
    "gpsLongitude": 13.747819043596154, 
    "outsideTemperature": 16.5, 
    "speed": 8.645000000000001, 
    "yawRate": 0.011090072368591778
}