{
    "gpsHeading": 32, 
    "gpsLatitude": 51.067106809968394, 
    "gpsLongitude": 13.754268415175146, 
    "outsideTemperature": 17.0, 
    "speed": 7.0988750000000005, 
    "yawRate": 0.0046977297096444035
}