{
    "gpsHeading": 315, 
    "gpsLatitude": 51.06655125742598, 
    "gpsLongitude": 13.747002059493692, 
    "outsideTemperature": 17.0, 
    "speed": 4.55525, 
    "yawRate": -0.30885882957079136
}