{
    "gpsHeading": 36, 
    "gpsLatitude": 51.05268733811742, 
    "gpsLongitude": 13.735452886565955, 
    "outsideTemperature": 19.0, 
    "speed": 6.7580625, 
    "yawRate": 0.007101933095131777
}