{
    "gpsHeading": 28, 
    "gpsLatitude": 51.06864203935394, 
    "gpsLongitude": 13.748249873419372, 
    "outsideTemperature": 16.0, 
    "speed": 8.894375, 
    "yawRate": 0.002363426108620278
}