{
    "gpsHeading": 278, 
    "gpsLatitude": 51.05014569361768, 
    "gpsLongitude": 13.739742912248968, 
    "outsideTemperature": 20.0, 
    "speed": 2.078125, 
    "yawRate": 0.007521791544693858
}