{
    "gpsHeading": 255, 
    "gpsLatitude": 51.06952507285343, 
    "gpsLongitude": 13.754287358276311, 
    "outsideTemperature": 17.0, 
    "speed": 4.389, 
    "yawRate": 0.01504329506368876
}