{
    "gpsHeading": 279, 
    "gpsLatitude": 51.06630985861453, 
    "gpsLongitude": 13.749253187229401, 
    "outsideTemperature": 17.0, 
    "speed": 5.7855, 
    "yawRate": 0.002682441910190617
}