{
    "gpsHeading": 213, 
    "gpsLatitude": 51.068146501238225, 
    "gpsLongitude": 13.752880120552248, 
    "outsideTemperature": 16.5, 
    "speed": 4.455500000000001, 
    "yawRate": 0.011378103634501084
}