{
    "gpsHeading": 185, 
    "gpsLatitude": 51.0676928726384, 
    "gpsLongitude": 13.75241651748763, 
    "outsideTemperature": 17.0, 
    "speed": 5.75225, 
    "yawRate": -0.031033397188960525
}