{
    "gpsHeading": 251, 
    "gpsLatitude": 51.05745404263402, 
    "gpsLongitude": 13.748074021090732, 
    "outsideTemperature": 18.0, 
    "speed": 10.67325, 
    "yawRate": -0.007994906564197686
}