{
    "gpsHeading": 28, 
    "gpsLatitude": 51.05880813909194, 
    "gpsLongitude": 13.748974824224973, 
    "outsideTemperature": 19.0, 
    "speed": 7.7389375000000005, 
    "yawRate": 0.003175200648565596
}