{
    "gpsHeading": 22, 
    "gpsLatitude": 51.055156227697616, 
    "gpsLongitude": 13.739463711054224, 
    "outsideTemperature": 17.0, 
    "speed": 8.503687500000002, 
    "yawRate": -0.004068174117631505
}