{
    "gpsHeading": 9, 
    "gpsLatitude": 51.062901190050354, 
    "gpsLongitude": 13.747066516329115, 
    "outsideTemperature": 17.0, 
    "speed": 4.4638125, 
    "yawRate": 0.20195872604978843
}