{
    "gpsHeading": 8, 
    "gpsLatitude": 51.0606465419153, 
    "gpsLongitude": 13.75246706036379, 
    "outsideTemperature": 22.5, 
    "speed": 7.298375000000001, 
    "yawRate": 0.016042369847606958
}