{
    "gpsHeading": 77, 
    "gpsLatitude": 51.06338423913033, 
    "gpsLongitude": 13.747677305613458, 
    "outsideTemperature": 25.0, 
    "speed": 2.5851875000000004, 
    "yawRate": -0.011520863867221825
}