{
    "gpsHeading": 91, 
    "gpsLatitude": 51.0572370351608, 
    "gpsLongitude": 13.744558734718165, 
    "outsideTemperature": 18.0, 
    "speed": 7.938437500000001, 
    "yawRate": -0.006253195430854608
}