{
    "gpsHeading": 344, 
    "gpsLatitude": 51.05855399978767, 
    "gpsLongitude": 13.748603757371407, 
    "outsideTemperature": 19.5, 
    "speed": 4.5136875000000005, 
    "yawRate": -0.17310305380285812
}