{
    "gpsHeading": 67, 
    "gpsLatitude": 51.05174680476214, 
    "gpsLongitude": 13.734052941097683, 
    "outsideTemperature": 19.5, 
    "speed": 7.090562500000001, 
    "yawRate": 0.07621697147410571
}