{
    "gpsHeading": 44, 
    "gpsLatitude": 51.0469062556786, 
    "gpsLongitude": 13.7435070573268, 
    "outsideTemperature": 24.5, 
    "speed": 10.723125000000001, 
    "yawRate": 0.049656050817414255
}