{
    "gpsHeading": 350, 
    "gpsLatitude": 51.05974984591364, 
    "gpsLongitude": 13.746197648245989, 
    "outsideTemperature": 17.5, 
    "speed": 10.781312500000002, 
    "yawRate": -0.00137213180754811
}