{
    "gpsHeading": 215, 
    "gpsLatitude": 51.06830542212243, 
    "gpsLongitude": 13.753042897111904, 
    "outsideTemperature": 16.5, 
    "speed": 3.99, 
    "yawRate": -0.0006646682042595455
}