{
    "gpsHeading": 66, 
    "gpsLatitude": 51.05382425946408, 
    "gpsLongitude": 13.736987613037295, 
    "outsideTemperature": 17.5, 
    "speed": 5.8769375, 
    "yawRate": -0.004766305818429582
}