{
    "gpsHeading": 334, 
    "gpsLatitude": 51.06298928385272, 
    "gpsLongitude": 13.751813439554208, 
    "outsideTemperature": 18.5, 
    "speed": 4.663312500000001, 
    "yawRate": -0.06424277574413025
}