{
    "gpsHeading": 90, 
    "gpsLatitude": 51.05714785171103, 
    "gpsLongitude": 13.74661900651859, 
    "outsideTemperature": 22.5, 
    "speed": 8.2709375, 
    "yawRate": 0.09847017780745501
}