{
    "gpsHeading": 124, 
    "gpsLatitude": 51.04668153685447, 
    "gpsLongitude": 13.740788219393922, 
    "outsideTemperature": 32.0, 
    "speed": 0.0, 
    "yawRate": -0.00016742693627732914
}