{
    "gpsHeading": 101, 
    "gpsLatitude": 51.053953424591995, 
    "gpsLongitude": 13.737449539721275, 
    "outsideTemperature": 17.0, 
    "speed": 6.8578125, 
    "yawRate": -0.08225892460697647
}