{
    "gpsHeading": 321, 
    "gpsLatitude": 51.05077819203124, 
    "gpsLongitude": 13.734868165000478, 
    "outsideTemperature": 21.5, 
    "speed": 1.5128750000000002, 
    "yawRate": 0.00208272206486134
}