{
    "gpsHeading": 274, 
    "gpsLatitude": 51.04968896371366, 
    "gpsLongitude": 13.743490125882394, 
    "outsideTemperature": 21.5, 
    "speed": 5.702375000000001, 
    "yawRate": 0.0008855313941162593
}