{
    "gpsHeading": 300, 
    "gpsLatitude": 51.07142902215962, 
    "gpsLongitude": 13.750312324514587, 
    "outsideTemperature": 21.5, 
    "speed": 7.431375000000001, 
    "yawRate": -0.005586573324102815
}