{
    "gpsHeading": 68, 
    "gpsLatitude": 51.05162677590869, 
    "gpsLongitude": 13.733656225620408, 
    "outsideTemperature": 19.5, 
    "speed": 6.799625000000001, 
    "yawRate": -0.013842017928799626
}