{
    "gpsHeading": 2, 
    "gpsLatitude": 51.06014262189643, 
    "gpsLongitude": 13.746178705144821, 
    "outsideTemperature": 17.5, 
    "speed": 10.224375, 
    "yawRate": 0.0008967962200444007
}