{
    "gpsHeading": 27, 
    "gpsLatitude": 51.06727981244994, 
    "gpsLongitude": 13.754385426543454, 
    "outsideTemperature": 17.0, 
    "speed": 6.5086875, 
    "yawRate": -0.0038543836251278252
}