{
    "gpsHeading": 102, 
    "gpsLatitude": 51.06331902792362, 
    "gpsLongitude": 13.748508203675218, 
    "outsideTemperature": 23.0, 
    "speed": 5.070625000000001, 
    "yawRate": -0.18273766348786272
}