{
    "gpsHeading": 26, 
    "gpsLatitude": 51.064697850995906, 
    "gpsLongitude": 13.752839803597992, 
    "outsideTemperature": 18.0, 
    "speed": 6.9658750000000005, 
    "yawRate": 0.025641680733575804
}