{
    "gpsHeading": 151, 
    "gpsLatitude": 51.06033565712656, 
    "gpsLongitude": 13.751046243956583, 
    "outsideTemperature": 18.5, 
    "speed": 4.904375, 
    "yawRate": -0.0034923493080484015
}