{
    "gpsHeading": 293, 
    "gpsLatitude": 51.06990678472401, 
    "gpsLongitude": 13.755433751173548, 
    "outsideTemperature": 17.5, 
    "speed": 6.0930625, 
    "yawRate": -0.003980793783048676
}