{
    "gpsHeading": 36, 
    "gpsLatitude": 51.0535439686219, 
    "gpsLongitude": 13.736583772942323, 
    "outsideTemperature": 18.0, 
    "speed": 6.350750000000001, 
    "yawRate": -0.07894279902818734
}