{
    "gpsHeading": 29, 
    "gpsLatitude": 51.067390705028956, 
    "gpsLongitude": 13.754460109300746, 
    "outsideTemperature": 17.0, 
    "speed": 6.999125000000001, 
    "yawRate": -0.02270393954666599
}