{
    "gpsHeading": 283, 
    "gpsLatitude": 51.07193595966365, 
    "gpsLongitude": 13.747427860174973, 
    "outsideTemperature": 18.0, 
    "speed": 6.749750000000001, 
    "yawRate": -0.00401577699730739
}