{
    "gpsHeading": 38, 
    "gpsLatitude": 51.06811121342587, 
    "gpsLongitude": 13.754955647416445, 
    "outsideTemperature": 17.0, 
    "speed": 8.545250000000001, 
    "yawRate": 0.0073157235876354565
}