{
    "gpsHeading": 0, 
    "gpsLatitude": 51.067827653641444, 
    "gpsLongitude": 13.75255398069971, 
    "outsideTemperature": 17.0, 
    "speed": 4.389, 
    "yawRate": -0.009042248613832503
}