{
    "gpsHeading": 263, 
    "gpsLatitude": 51.057412300756205, 
    "gpsLongitude": 13.746866775576438, 
    "outsideTemperature": 18.0, 
    "speed": 0.5901875000000001, 
    "yawRate": -0.017419684524967262
}