{
    "gpsHeading": 280, 
    "gpsLatitude": 51.050605943921006, 
    "gpsLongitude": 13.736167359992596, 
    "outsideTemperature": 19.0, 
    "speed": 6.733125, 
    "yawRate": 0.02124312572310574
}