{
    "gpsHeading": 187, 
    "gpsLatitude": 51.06613735904718, 
    "gpsLongitude": 13.750846503203942, 
    "outsideTemperature": 17.0, 
    "speed": 2.4106250000000005, 
    "yawRate": -0.01305650589341971
}