{
    "gpsHeading": 0, 
    "gpsLatitude": 51.057602653777295, 
    "gpsLongitude": 13.748791763459609, 
    "outsideTemperature": 19.5, 
    "speed": 6.4754375, 
    "yawRate": -0.003282517583813394
}