{
    "gpsHeading": 210, 
    "gpsLatitude": 51.06660674562498, 
    "gpsLongitude": 13.75131371048692, 
    "outsideTemperature": 17.0, 
    "speed": 5.843687500000001, 
    "yawRate": 0.020104749894472588
}