{
    "gpsHeading": 25, 
    "gpsLatitude": 51.0654956405401, 
    "gpsLongitude": 13.753355961195494, 
    "outsideTemperature": 17.0, 
    "speed": 7.132125, 
    "yawRate": -0.015722622538689186
}