{
    "gpsHeading": 338, 
    "gpsLatitude": 51.05802568843055, 
    "gpsLongitude": 13.748932076518768, 
    "outsideTemperature": 20.0, 
    "speed": 7.830375000000001, 
    "yawRate": 0.004920529900560293
}