{
    "gpsHeading": 275, 
    "gpsLatitude": 51.07229487275761, 
    "gpsLongitude": 13.745112862337066, 
    "outsideTemperature": 17.5, 
    "speed": 3.0756250000000005, 
    "yawRate": 0.04345717865693706
}