{
    "gpsHeading": 85, 
    "gpsLatitude": 51.06333176841645, 
    "gpsLongitude": 13.747430374745926, 
    "outsideTemperature": 25.0, 
    "speed": 0.03325, 
    "yawRate": 0.00017625744250233293
}