{
    "gpsHeading": 284, 
    "gpsLatitude": 51.049824582907036, 
    "gpsLongitude": 13.742384049939412, 
    "outsideTemperature": 22.5, 
    "speed": 1.6458750000000002, 
    "yawRate": 0.006436353735861584
}