{
    "gpsHeading": 22, 
    "gpsLatitude": 51.06802563419445, 
    "gpsLongitude": 13.747702618961068, 
    "outsideTemperature": 16.5, 
    "speed": 8.462125, 
    "yawRate": -0.03324129063206281
}