{
    "gpsHeading": 322, 
    "gpsLatitude": 51.05928540465871, 
    "gpsLongitude": 13.749423758959008, 
    "outsideTemperature": 18.5, 
    "speed": 8.5535625, 
    "yawRate": 0.0017789372469704337
}