{
    "gpsHeading": 29, 
    "gpsLatitude": 51.047334822387924, 
    "gpsLongitude": 13.743997063386406, 
    "outsideTemperature": 23.0, 
    "speed": 7.7056875, 
    "yawRate": 0.010560675572741773
}