{
    "gpsHeading": 28, 
    "gpsLatitude": 51.069309825579886, 
    "gpsLongitude": 13.74883459498485, 
    "outsideTemperature": 16.0, 
    "speed": 10.1495625, 
    "yawRate": -0.0002545677693707748
}