{
    "gpsHeading": 243, 
    "gpsLatitude": 51.057340384026965, 
    "gpsLongitude": 13.74751846854829, 
    "outsideTemperature": 18.0, 
    "speed": 9.201937500000001, 
    "yawRate": -0.0055514456114059045
}