{
    "gpsHeading": 276, 
    "gpsLatitude": 51.050927054631636, 
    "gpsLongitude": 13.733702912821073, 
    "outsideTemperature": 21.0, 
    "speed": 3.9816875, 
    "yawRate": -0.028677316570751572
}