{
    "gpsHeading": 29, 
    "gpsLatitude": 51.06912098130136, 
    "gpsLongitude": 13.755656793617042, 
    "outsideTemperature": 16.5, 
    "speed": 5.311687500000001, 
    "yawRate": -0.0026326531487319343
}