{
    "gpsHeading": 58, 
    "gpsLatitude": 51.04614098791872, 
    "gpsLongitude": 13.741810979219343, 
    "outsideTemperature": 30.0, 
    "speed": 10.739749999999999, 
    "yawRate": -0.006892616947201227
}